2025-12-16 16:11:07,346 - INFO - Using device: cuda
2025-12-16 16:11:07,347 - INFO - Hyperparameters: {
  "batch_size": 8,
  "learning_rate": 0.001,
  "num_epochs": 200,
  "hidden_dim": 512,
  "num_blocks": 4,
  "dropout": 0.3,
  "feature_type": "all",
  "normalize_target": true,
  "target_min": 0.0,
  "target_max": 1.0,
  "loss_alpha": 0.1,
  "loss_beta": 0.9,
  "loss_temperature": 0.5
}
2025-12-16 16:11:07,347 - INFO - Starting TI treatment response REGRESSION pipeline
2025-12-16 16:11:07,347 - INFO - Parsing Excel data with diff features...
2025-12-16 16:11:07,857 - INFO - Parsing patient data from Excel...
2025-12-16 16:11:08,865 - INFO - Improvement rate statistics:
2025-12-16 16:11:08,865 - INFO -   Min: -0.6429
2025-12-16 16:11:08,865 - INFO -   Max: 0.4348
2025-12-16 16:11:08,865 - INFO -   Mean: 0.1567
2025-12-16 16:11:08,865 - INFO -   Std: 0.2832
2025-12-16 16:11:08,865 - INFO - Found 24 valid patient samples with complete data
2025-12-16 16:11:08,865 - INFO - Preparing features and labels for regression...
2025-12-16 16:11:09,670 - INFO - Normalized target values to [0, 1], original range: [0.0, 1.0]
2025-12-16 16:11:09,670 - INFO - Final dataset: 24 samples, 365 features
2025-12-16 16:11:09,671 - INFO - Target range: [0.0000, 0.4348], Mean: 0.2158, Std: 0.1530
2025-12-16 16:11:09,671 - INFO - 
============================================================
2025-12-16 16:11:09,671 - INFO - Starting Regression Cross-Validation: TI_Treatment_Regression_all
2025-12-16 16:11:09,671 - INFO - Total samples: 24 | Target range: [0.0000, 0.4348]
2025-12-16 16:11:09,671 - INFO - 
--- Fold 1/5 ---
2025-12-16 16:11:09,671 - INFO - Train size: 19, Test size: 5
2025-12-16 16:11:09,671 - INFO - Train target - Mean: 0.2033, Std: 0.1505
2025-12-16 16:11:09,671 - INFO - Test target  - Mean: 0.2635, Std: 0.1527
2025-12-16 16:11:10,468 - INFO - Training fold 1 with early stopping (patience=50)...
2025-12-16 16:11:10,663 - INFO - Epoch 1/200 | Train Loss: 1.243347 | Val Loss: 0.351317 | Best: inf (ep 1)
2025-12-16 16:11:10,758 - INFO - Epoch 10/200 | Train Loss: 0.302390 | Val Loss: 0.742446 | Best: inf (ep 1)
2025-12-16 16:11:10,864 - INFO - Epoch 20/200 | Train Loss: 0.263799 | Val Loss: 0.706178 | Best: inf (ep 1)
2025-12-16 16:11:10,970 - INFO - Epoch 30/200 | Train Loss: 0.290796 | Val Loss: 0.780635 | Best: inf (ep 1)
2025-12-16 16:11:11,075 - INFO - Epoch 40/200 | Train Loss: 0.248860 | Val Loss: 0.801008 | Best: inf (ep 1)
2025-12-16 16:11:11,182 - INFO - Epoch 50/200 | Train Loss: 0.257012 | Val Loss: 0.720887 | Best: inf (ep 1)
2025-12-16 16:11:11,336 - INFO - Epoch 60/200 | Train Loss: 0.223626 | Val Loss: 0.805127 | Best: 0.691896 (ep 53)
2025-12-16 16:11:11,454 - INFO - Epoch 70/200 | Train Loss: 0.246127 | Val Loss: 0.683809 | Best: 0.670672 (ep 67)
2025-12-16 16:11:11,600 - INFO - Epoch 80/200 | Train Loss: 0.227649 | Val Loss: 0.776733 | Best: 0.507373 (ep 73)
2025-12-16 16:11:11,706 - INFO - Epoch 90/200 | Train Loss: 0.199625 | Val Loss: 0.722900 | Best: 0.507373 (ep 73)
2025-12-16 16:11:11,811 - INFO - Epoch 100/200 | Train Loss: 0.197039 | Val Loss: 0.629058 | Best: 0.507373 (ep 73)
2025-12-16 16:11:11,930 - INFO - Epoch 110/200 | Train Loss: 0.204986 | Val Loss: 0.496779 | Best: 0.496779 (ep 110)
2025-12-16 16:11:12,061 - INFO - Epoch 120/200 | Train Loss: 0.198382 | Val Loss: 0.572910 | Best: 0.413520 (ep 112)
2025-12-16 16:11:12,167 - INFO - Epoch 130/200 | Train Loss: 0.185224 | Val Loss: 0.617681 | Best: 0.413520 (ep 112)
2025-12-16 16:11:12,274 - INFO - Epoch 140/200 | Train Loss: 0.191059 | Val Loss: 0.714886 | Best: 0.413520 (ep 112)
2025-12-16 16:11:12,379 - INFO - Epoch 150/200 | Train Loss: 0.189672 | Val Loss: 0.668800 | Best: 0.413520 (ep 112)
2025-12-16 16:11:12,484 - INFO - Epoch 160/200 | Train Loss: 0.208203 | Val Loss: 0.602286 | Best: 0.413520 (ep 112)
2025-12-16 16:11:12,505 - INFO - Early stopping at epoch 162! Best val loss: 0.413520 at epoch 112
2025-12-16 16:11:12,516 - INFO - Loaded best model from epoch 112
2025-12-16 16:11:12,525 - INFO - Fold 1 Results - MSE: 0.0202, MAE: 0.1148, R²: 0.1327, Pearson r: 0.6848 (p=2.0208e-01), Spearman r: 0.1000 (p=8.7289e-01)
2025-12-16 16:11:12,525 - INFO - 
--- Fold 2/5 ---
2025-12-16 16:11:12,525 - INFO - Train size: 19, Test size: 5
2025-12-16 16:11:12,525 - INFO - Train target - Mean: 0.1987, Std: 0.1477
2025-12-16 16:11:12,525 - INFO - Test target  - Mean: 0.2809, Std: 0.1551
2025-12-16 16:11:12,541 - INFO - Training fold 2 with early stopping (patience=50)...
2025-12-16 16:11:12,552 - INFO - Epoch 1/200 | Train Loss: 0.909317 | Val Loss: 1.267731 | Best: inf (ep 1)
2025-12-16 16:11:12,647 - INFO - Epoch 10/200 | Train Loss: 0.365784 | Val Loss: 1.543619 | Best: inf (ep 1)
2025-12-16 16:11:12,752 - INFO - Epoch 20/200 | Train Loss: 0.245923 | Val Loss: 0.823298 | Best: inf (ep 1)
2025-12-16 16:11:12,858 - INFO - Epoch 30/200 | Train Loss: 0.419804 | Val Loss: 1.303656 | Best: inf (ep 1)
2025-12-16 16:11:12,963 - INFO - Epoch 40/200 | Train Loss: 0.268713 | Val Loss: 1.556259 | Best: inf (ep 1)
2025-12-16 16:11:13,067 - INFO - Epoch 50/200 | Train Loss: 0.265129 | Val Loss: 1.489764 | Best: inf (ep 1)
2025-12-16 16:11:13,183 - INFO - Epoch 60/200 | Train Loss: 0.235807 | Val Loss: 1.596725 | Best: 1.388168 (ep 51)
2025-12-16 16:11:13,288 - INFO - Epoch 70/200 | Train Loss: 0.265380 | Val Loss: 1.413652 | Best: 1.388168 (ep 51)
2025-12-16 16:11:13,486 - INFO - Epoch 80/200 | Train Loss: 0.259801 | Val Loss: 1.432294 | Best: 1.301068 (ep 76)
2025-12-16 16:11:13,665 - INFO - Epoch 90/200 | Train Loss: 0.240429 | Val Loss: 1.574998 | Best: 1.063345 (ep 87)
2025-12-16 16:11:13,770 - INFO - Epoch 100/200 | Train Loss: 0.216207 | Val Loss: 1.435242 | Best: 1.063345 (ep 87)
2025-12-16 16:11:13,875 - INFO - Epoch 110/200 | Train Loss: 0.213526 | Val Loss: 1.163838 | Best: 1.063345 (ep 87)
2025-12-16 16:11:13,979 - INFO - Epoch 120/200 | Train Loss: 0.208233 | Val Loss: 1.308050 | Best: 1.063345 (ep 87)
2025-12-16 16:11:14,084 - INFO - Epoch 130/200 | Train Loss: 0.203513 | Val Loss: 1.347733 | Best: 1.063345 (ep 87)
2025-12-16 16:11:14,157 - INFO - Early stopping at epoch 137! Best val loss: 1.063345 at epoch 87
2025-12-16 16:11:14,168 - INFO - Loaded best model from epoch 87
2025-12-16 16:11:14,178 - INFO - Fold 2 Results - MSE: 0.0773, MAE: 0.2505, R²: -2.2123, Pearson r: -0.2208 (p=7.2115e-01), Spearman r: -0.1000 (p=8.7289e-01)
2025-12-16 16:11:14,179 - INFO - 
--- Fold 3/5 ---
2025-12-16 16:11:14,179 - INFO - Train size: 19, Test size: 5
2025-12-16 16:11:14,179 - INFO - Train target - Mean: 0.2370, Std: 0.1538
2025-12-16 16:11:14,179 - INFO - Test target  - Mean: 0.1354, Std: 0.1196
2025-12-16 16:11:14,194 - INFO - Training fold 3 with early stopping (patience=50)...
2025-12-16 16:11:14,206 - INFO - Epoch 1/200 | Train Loss: 0.921913 | Val Loss: 0.755267 | Best: inf (ep 1)
2025-12-16 16:11:14,300 - INFO - Epoch 10/200 | Train Loss: 0.403282 | Val Loss: 0.809125 | Best: inf (ep 1)
2025-12-16 16:11:14,405 - INFO - Epoch 20/200 | Train Loss: 0.319793 | Val Loss: 0.879779 | Best: inf (ep 1)
2025-12-16 16:11:14,510 - INFO - Epoch 30/200 | Train Loss: 0.211837 | Val Loss: 0.827086 | Best: inf (ep 1)
2025-12-16 16:11:14,615 - INFO - Epoch 40/200 | Train Loss: 0.200928 | Val Loss: 0.831287 | Best: inf (ep 1)
2025-12-16 16:11:14,720 - INFO - Epoch 50/200 | Train Loss: 0.199622 | Val Loss: 0.988987 | Best: inf (ep 1)
2025-12-16 16:11:14,838 - INFO - Epoch 60/200 | Train Loss: 0.216242 | Val Loss: 0.850302 | Best: 0.643882 (ep 51)
2025-12-16 16:11:14,996 - INFO - Epoch 70/200 | Train Loss: 0.317038 | Val Loss: 0.565784 | Best: 0.556895 (ep 66)
2025-12-16 16:11:15,158 - INFO - Epoch 80/200 | Train Loss: 0.292137 | Val Loss: 0.618447 | Best: 0.546885 (ep 72)
2025-12-16 16:11:15,262 - INFO - Epoch 90/200 | Train Loss: 0.482222 | Val Loss: 1.154566 | Best: 0.546885 (ep 72)
2025-12-16 16:11:15,367 - INFO - Epoch 100/200 | Train Loss: 0.675974 | Val Loss: 1.064712 | Best: 0.546885 (ep 72)
2025-12-16 16:11:15,471 - INFO - Epoch 110/200 | Train Loss: 0.334000 | Val Loss: 1.096824 | Best: 0.546885 (ep 72)
2025-12-16 16:11:15,577 - INFO - Epoch 120/200 | Train Loss: 0.344682 | Val Loss: 0.857237 | Best: 0.546885 (ep 72)
2025-12-16 16:11:15,598 - INFO - Early stopping at epoch 122! Best val loss: 0.546885 at epoch 72
2025-12-16 16:11:15,608 - INFO - Loaded best model from epoch 72
2025-12-16 16:11:15,615 - INFO - Fold 3 Results - MSE: 0.5606, MAE: 0.6640, R²: -38.2236, Pearson r: 0.5666 (p=3.1926e-01), Spearman r: 0.2895 (p=6.3664e-01)
2025-12-16 16:11:15,615 - INFO - 
--- Fold 4/5 ---
2025-12-16 16:11:15,615 - INFO - Train size: 19, Test size: 5
2025-12-16 16:11:15,615 - INFO - Train target - Mean: 0.1995, Std: 0.1538
2025-12-16 16:11:15,615 - INFO - Test target  - Mean: 0.2778, Std: 0.1326
2025-12-16 16:11:15,631 - INFO - Training fold 4 with early stopping (patience=50)...
2025-12-16 16:11:15,643 - INFO - Epoch 1/200 | Train Loss: 0.942487 | Val Loss: 0.430392 | Best: inf (ep 1)
2025-12-16 16:11:15,737 - INFO - Epoch 10/200 | Train Loss: 0.237210 | Val Loss: 0.566080 | Best: inf (ep 1)
2025-12-16 16:11:15,843 - INFO - Epoch 20/200 | Train Loss: 0.271587 | Val Loss: 0.842073 | Best: inf (ep 1)
2025-12-16 16:11:15,948 - INFO - Epoch 30/200 | Train Loss: 0.253076 | Val Loss: 0.771999 | Best: inf (ep 1)
2025-12-16 16:11:16,053 - INFO - Epoch 40/200 | Train Loss: 0.241923 | Val Loss: 0.855317 | Best: inf (ep 1)
2025-12-16 16:11:16,158 - INFO - Epoch 50/200 | Train Loss: 0.228453 | Val Loss: 0.864838 | Best: inf (ep 1)
2025-12-16 16:11:16,292 - INFO - Epoch 60/200 | Train Loss: 0.210747 | Val Loss: 0.862954 | Best: 0.860710 (ep 52)
2025-12-16 16:11:16,464 - INFO - Epoch 70/200 | Train Loss: 0.232124 | Val Loss: 0.860868 | Best: 0.856121 (ep 66)
2025-12-16 16:11:16,569 - INFO - Epoch 80/200 | Train Loss: 0.261507 | Val Loss: 0.857206 | Best: 0.856121 (ep 66)
2025-12-16 16:11:16,748 - INFO - Epoch 90/200 | Train Loss: 0.238729 | Val Loss: 0.838195 | Best: 0.838195 (ep 90)
2025-12-16 16:11:16,922 - INFO - Epoch 100/200 | Train Loss: 0.211773 | Val Loss: 0.750959 | Best: 0.731129 (ep 99)
2025-12-16 16:11:17,114 - INFO - Epoch 110/200 | Train Loss: 0.216249 | Val Loss: 0.651549 | Best: 0.651549 (ep 110)
2025-12-16 16:11:17,233 - INFO - Epoch 120/200 | Train Loss: 0.220606 | Val Loss: 0.747737 | Best: 0.642139 (ep 112)
2025-12-16 16:11:17,338 - INFO - Epoch 130/200 | Train Loss: 0.201026 | Val Loss: 0.729005 | Best: 0.642139 (ep 112)
2025-12-16 16:11:17,443 - INFO - Epoch 140/200 | Train Loss: 0.217762 | Val Loss: 0.712475 | Best: 0.642139 (ep 112)
2025-12-16 16:11:17,655 - INFO - Epoch 150/200 | Train Loss: 0.219608 | Val Loss: 0.379078 | Best: 0.330201 (ep 149)
2025-12-16 16:11:17,760 - INFO - Epoch 160/200 | Train Loss: 0.208865 | Val Loss: 0.413704 | Best: 0.330201 (ep 149)
2025-12-16 16:11:17,865 - INFO - Epoch 170/200 | Train Loss: 0.220576 | Val Loss: 0.632491 | Best: 0.330201 (ep 149)
2025-12-16 16:11:18,013 - INFO - Epoch 180/200 | Train Loss: 0.204195 | Val Loss: 0.333586 | Best: 0.292784 (ep 175)
2025-12-16 16:11:18,119 - INFO - Epoch 190/200 | Train Loss: 0.202393 | Val Loss: 0.503407 | Best: 0.292784 (ep 175)
2025-12-16 16:11:18,225 - INFO - Epoch 200/200 | Train Loss: 0.203224 | Val Loss: 0.459491 | Best: 0.292784 (ep 175)
2025-12-16 16:11:18,235 - INFO - Loaded best model from epoch 175
2025-12-16 16:11:18,241 - INFO - Fold 4 Results - MSE: 0.0062, MAE: 0.0679, R²: 0.6484, Pearson r: 0.8461 (p=7.0789e-02), Spearman r: 0.6669 (p=2.1889e-01)
2025-12-16 16:11:18,241 - INFO - 
--- Fold 5/5 ---
2025-12-16 16:11:18,241 - INFO - Train size: 20, Test size: 4
2025-12-16 16:11:18,241 - INFO - Train target - Mean: 0.2394, Std: 0.1532
2025-12-16 16:11:18,241 - INFO - Test target  - Mean: 0.0979, Std: 0.0796
2025-12-16 16:11:18,258 - INFO - Training fold 5 with early stopping (patience=50)...
2025-12-16 16:11:18,270 - INFO - Epoch 1/200 | Train Loss: 0.934362 | Val Loss: 1.251052 | Best: inf (ep 1)
2025-12-16 16:11:18,364 - INFO - Epoch 10/200 | Train Loss: 0.277795 | Val Loss: 1.059695 | Best: inf (ep 1)
2025-12-16 16:11:18,469 - INFO - Epoch 20/200 | Train Loss: 0.216377 | Val Loss: 1.066123 | Best: inf (ep 1)
2025-12-16 16:11:18,574 - INFO - Epoch 30/200 | Train Loss: 0.263058 | Val Loss: 1.130542 | Best: inf (ep 1)
2025-12-16 16:11:18,680 - INFO - Epoch 40/200 | Train Loss: 0.195717 | Val Loss: 1.062424 | Best: inf (ep 1)
2025-12-16 16:11:18,785 - INFO - Epoch 50/200 | Train Loss: 0.201226 | Val Loss: 1.092062 | Best: inf (ep 1)
2025-12-16 16:11:18,918 - INFO - Epoch 60/200 | Train Loss: 0.196476 | Val Loss: 1.054405 | Best: 1.054405 (ep 60)
2025-12-16 16:11:19,023 - INFO - Epoch 70/200 | Train Loss: 0.174297 | Val Loss: 1.130129 | Best: 1.054405 (ep 60)
2025-12-16 16:11:19,128 - INFO - Epoch 80/200 | Train Loss: 0.172651 | Val Loss: 1.082257 | Best: 1.054405 (ep 60)
2025-12-16 16:11:19,319 - INFO - Epoch 90/200 | Train Loss: 0.175048 | Val Loss: 1.001568 | Best: 1.001568 (ep 90)
2025-12-16 16:11:19,438 - INFO - Epoch 100/200 | Train Loss: 0.182780 | Val Loss: 1.183932 | Best: 0.986961 (ep 91)
2025-12-16 16:11:19,543 - INFO - Epoch 110/200 | Train Loss: 0.228993 | Val Loss: 1.178723 | Best: 0.986961 (ep 91)
2025-12-16 16:11:19,648 - INFO - Epoch 120/200 | Train Loss: 0.198764 | Val Loss: 1.083648 | Best: 0.986961 (ep 91)
2025-12-16 16:11:19,753 - INFO - Epoch 130/200 | Train Loss: 0.177485 | Val Loss: 1.136631 | Best: 0.986961 (ep 91)
2025-12-16 16:11:19,858 - INFO - Epoch 140/200 | Train Loss: 0.185662 | Val Loss: 1.041779 | Best: 0.986961 (ep 91)
2025-12-16 16:11:19,869 - INFO - Early stopping at epoch 141! Best val loss: 0.986961 at epoch 91
2025-12-16 16:11:19,879 - INFO - Loaded best model from epoch 91
2025-12-16 16:11:19,885 - INFO - Fold 5 Results - MSE: 0.1229, MAE: 0.2997, R²: -18.3782, Pearson r: -0.1129 (p=8.8709e-01), Spearman r: -0.2000 (p=8.0000e-01)
2025-12-16 16:11:19,887 - INFO - Combined results saved to TI_Treatment_Regression_all_all_folds_combined.csv
2025-12-16 16:11:19,889 - INFO - 
============================================================
2025-12-16 16:11:19,889 - INFO - FINAL CROSS-VALIDATION RESULTS FOR: TI_Treatment_Regression_all
2025-12-16 16:11:19,889 - INFO - ----------------------------------------
2025-12-16 16:11:19,889 - INFO - MSE         : 0.1575 ± 0.2059
2025-12-16 16:11:19,889 - INFO - RMSE        : 0.3197 ± 0.2351
2025-12-16 16:11:19,889 - INFO - MAE         : 0.2794 ± 0.2102
2025-12-16 16:11:19,889 - INFO - R2          : -11.6066 ± 15.0371
2025-12-16 16:11:19,889 - INFO - PEARSON_R   : 0.3528 ± 0.4348
2025-12-16 16:11:19,889 - INFO - PEARSON_P   : 0.4401 ± 0.3119
2025-12-16 16:11:19,889 - INFO - SPEARMAN_R  : 0.1513 ± 0.3079
2025-12-16 16:11:19,889 - INFO - SPEARMAN_P  : 0.6803 ± 0.2463
2025-12-16 16:11:19,890 - INFO - ============================================================

2025-12-16 16:11:19,890 - INFO - Results saved to final_results_TI_Treatment_Regression_all.json
2025-12-16 16:11:19,890 - INFO - Total execution time: 12.54 seconds
2025-12-16 16:33:35,130 - INFO - Using device: cuda
2025-12-16 16:33:35,130 - INFO - Hyperparameters: {
  "batch_size": 8,
  "learning_rate": 0.001,
  "num_epochs": 200,
  "hidden_dim": 512,
  "num_blocks": 4,
  "dropout": 0.3,
  "feature_type": "all",
  "normalize_target": true,
  "target_min": 0.0,
  "target_max": 1.0,
  "loss_alpha": 0.5,
  "loss_beta": 0.5,
  "loss_temperature": 0.5
}
2025-12-16 16:33:35,131 - INFO - Starting TI treatment response REGRESSION pipeline
2025-12-16 16:33:35,131 - INFO - Parsing Excel data with diff features...
2025-12-16 16:33:35,260 - INFO - Parsing patient data from Excel...
2025-12-16 16:33:35,285 - INFO - Improvement rate statistics:
2025-12-16 16:33:35,285 - INFO -   Min: -0.6429
2025-12-16 16:33:35,285 - INFO -   Max: 0.4348
2025-12-16 16:33:35,285 - INFO -   Mean: 0.1567
2025-12-16 16:33:35,285 - INFO -   Std: 0.2832
2025-12-16 16:33:35,285 - INFO - Found 24 valid patient samples with complete data
2025-12-16 16:33:35,285 - INFO - Preparing features and labels for regression...
2025-12-16 16:33:35,301 - INFO - Normalized target values to [0, 1], original range: [0.0, 1.0]
2025-12-16 16:33:35,301 - INFO - Final dataset: 24 samples, 365 features
2025-12-16 16:33:35,301 - INFO - Target range: [0.0000, 0.4348], Mean: 0.2158, Std: 0.1530
2025-12-16 16:33:35,301 - INFO - 
============================================================
2025-12-16 16:33:35,301 - INFO - Starting Regression Cross-Validation: TI_Treatment_Regression_all
2025-12-16 16:33:35,301 - INFO - Total samples: 24 | Target range: [0.0000, 0.4348]
2025-12-16 16:33:35,302 - INFO - 
--- Fold 1/5 ---
2025-12-16 16:33:35,302 - INFO - Train size: 19, Test size: 5
2025-12-16 16:33:35,302 - INFO - Train target - Mean: 0.2033, Std: 0.1505
2025-12-16 16:33:35,302 - INFO - Test target  - Mean: 0.2635, Std: 0.1527
2025-12-16 16:33:36,098 - INFO - Training fold 1 with early stopping (patience=50)...
2025-12-16 16:33:36,295 - INFO - Epoch 1/200 | Train Loss: 0.712234 | Val Loss: 0.199749 | Best: inf (ep 1)
2025-12-16 16:33:36,390 - INFO - Epoch 10/200 | Train Loss: 0.188714 | Val Loss: 0.244635 | Best: inf (ep 1)
2025-12-16 16:33:36,494 - INFO - Epoch 20/200 | Train Loss: 0.152360 | Val Loss: 0.188301 | Best: inf (ep 1)
2025-12-16 16:33:36,599 - INFO - Epoch 30/200 | Train Loss: 0.138054 | Val Loss: 0.343777 | Best: inf (ep 1)
2025-12-16 16:33:36,703 - INFO - Epoch 40/200 | Train Loss: 0.145481 | Val Loss: 0.258801 | Best: inf (ep 1)
2025-12-16 16:33:36,807 - INFO - Epoch 50/200 | Train Loss: 0.179268 | Val Loss: 0.263199 | Best: inf (ep 1)
2025-12-16 16:33:36,961 - INFO - Epoch 60/200 | Train Loss: 0.337835 | Val Loss: 0.503122 | Best: 0.173949 (ep 56)
2025-12-16 16:33:37,066 - INFO - Epoch 70/200 | Train Loss: 0.188830 | Val Loss: 0.302457 | Best: 0.173949 (ep 56)
2025-12-16 16:33:37,170 - INFO - Epoch 80/200 | Train Loss: 0.163728 | Val Loss: 0.440010 | Best: 0.173949 (ep 56)
2025-12-16 16:33:37,274 - INFO - Epoch 90/200 | Train Loss: 0.157530 | Val Loss: 0.439404 | Best: 0.173949 (ep 56)
2025-12-16 16:33:37,378 - INFO - Epoch 100/200 | Train Loss: 0.332656 | Val Loss: 0.493579 | Best: 0.173949 (ep 56)
2025-12-16 16:33:37,441 - INFO - Early stopping at epoch 106! Best val loss: 0.173949 at epoch 56
2025-12-16 16:33:37,453 - INFO - Loaded best model from epoch 56
2025-12-16 16:33:37,462 - INFO - Fold 1 Results - MSE: 0.0187, MAE: 0.1106, R²: 0.1998, Pearson r: 0.8414 (p=7.3995e-02), Spearman r: 0.5000 (p=3.9100e-01)
2025-12-16 16:33:37,462 - INFO - 
--- Fold 2/5 ---
2025-12-16 16:33:37,462 - INFO - Train size: 19, Test size: 5
2025-12-16 16:33:37,462 - INFO - Train target - Mean: 0.1987, Std: 0.1477
2025-12-16 16:33:37,462 - INFO - Test target  - Mean: 0.2809, Std: 0.1551
2025-12-16 16:33:37,478 - INFO - Training fold 2 with early stopping (patience=50)...
2025-12-16 16:33:37,489 - INFO - Epoch 1/200 | Train Loss: 0.776070 | Val Loss: 0.281964 | Best: inf (ep 1)
2025-12-16 16:33:37,583 - INFO - Epoch 10/200 | Train Loss: 0.203960 | Val Loss: 0.898453 | Best: inf (ep 1)
2025-12-16 16:33:37,686 - INFO - Epoch 20/200 | Train Loss: 0.194054 | Val Loss: 0.763943 | Best: inf (ep 1)
2025-12-16 16:33:37,791 - INFO - Epoch 30/200 | Train Loss: 0.144503 | Val Loss: 0.678633 | Best: inf (ep 1)
2025-12-16 16:33:37,895 - INFO - Epoch 40/200 | Train Loss: 0.135337 | Val Loss: 0.663911 | Best: inf (ep 1)
2025-12-16 16:33:38,001 - INFO - Epoch 50/200 | Train Loss: 0.129604 | Val Loss: 0.765772 | Best: inf (ep 1)
2025-12-16 16:33:38,144 - INFO - Epoch 60/200 | Train Loss: 0.118298 | Val Loss: 0.887449 | Best: 0.721316 (ep 53)
2025-12-16 16:33:38,248 - INFO - Epoch 70/200 | Train Loss: 0.117066 | Val Loss: 0.823098 | Best: 0.721316 (ep 53)
2025-12-16 16:33:38,394 - INFO - Epoch 80/200 | Train Loss: 0.138369 | Val Loss: 0.535274 | Best: 0.535274 (ep 80)
2025-12-16 16:33:38,525 - INFO - Epoch 90/200 | Train Loss: 0.130693 | Val Loss: 0.796323 | Best: 0.469826 (ep 87)
2025-12-16 16:33:38,628 - INFO - Epoch 100/200 | Train Loss: 0.116774 | Val Loss: 0.503506 | Best: 0.469826 (ep 87)
2025-12-16 16:33:38,760 - INFO - Epoch 110/200 | Train Loss: 0.120363 | Val Loss: 0.613630 | Best: 0.389770 (ep 106)
2025-12-16 16:33:38,889 - INFO - Epoch 120/200 | Train Loss: 0.100738 | Val Loss: 0.673101 | Best: 0.365956 (ep 113)
2025-12-16 16:33:38,993 - INFO - Epoch 130/200 | Train Loss: 0.106083 | Val Loss: 0.655535 | Best: 0.365956 (ep 113)
2025-12-16 16:33:39,096 - INFO - Epoch 140/200 | Train Loss: 0.106922 | Val Loss: 0.736472 | Best: 0.365956 (ep 113)
2025-12-16 16:33:39,202 - INFO - Epoch 150/200 | Train Loss: 0.117753 | Val Loss: 0.611678 | Best: 0.365956 (ep 113)
2025-12-16 16:33:39,305 - INFO - Epoch 160/200 | Train Loss: 0.123304 | Val Loss: 0.516250 | Best: 0.365956 (ep 113)
2025-12-16 16:33:39,336 - INFO - Early stopping at epoch 163! Best val loss: 0.365956 at epoch 113
2025-12-16 16:33:39,348 - INFO - Loaded best model from epoch 113
2025-12-16 16:33:39,357 - INFO - Fold 2 Results - MSE: 0.0244, MAE: 0.1033, R²: -0.0120, Pearson r: 0.3606 (p=5.5107e-01), Spearman r: 0.5000 (p=3.9100e-01)
2025-12-16 16:33:39,357 - INFO - 
--- Fold 3/5 ---
2025-12-16 16:33:39,357 - INFO - Train size: 19, Test size: 5
2025-12-16 16:33:39,357 - INFO - Train target - Mean: 0.2370, Std: 0.1538
2025-12-16 16:33:39,357 - INFO - Test target  - Mean: 0.1354, Std: 0.1196
2025-12-16 16:33:39,372 - INFO - Training fold 3 with early stopping (patience=50)...
2025-12-16 16:33:39,384 - INFO - Epoch 1/200 | Train Loss: 0.523585 | Val Loss: 0.720082 | Best: inf (ep 1)
2025-12-16 16:33:39,477 - INFO - Epoch 10/200 | Train Loss: 0.211766 | Val Loss: 0.604992 | Best: inf (ep 1)
2025-12-16 16:33:39,581 - INFO - Epoch 20/200 | Train Loss: 0.170457 | Val Loss: 0.671086 | Best: inf (ep 1)
2025-12-16 16:33:39,684 - INFO - Epoch 30/200 | Train Loss: 0.179810 | Val Loss: 0.622811 | Best: inf (ep 1)
2025-12-16 16:33:39,787 - INFO - Epoch 40/200 | Train Loss: 0.175023 | Val Loss: 0.634944 | Best: inf (ep 1)
2025-12-16 16:33:39,892 - INFO - Epoch 50/200 | Train Loss: 0.195904 | Val Loss: 0.458984 | Best: inf (ep 1)
2025-12-16 16:33:40,047 - INFO - Epoch 60/200 | Train Loss: 0.168407 | Val Loss: 0.590208 | Best: 0.516311 (ep 58)
2025-12-16 16:33:40,150 - INFO - Epoch 70/200 | Train Loss: 0.174580 | Val Loss: 0.640730 | Best: 0.516311 (ep 58)
2025-12-16 16:33:40,254 - INFO - Epoch 80/200 | Train Loss: 0.282828 | Val Loss: 0.590434 | Best: 0.516311 (ep 58)
2025-12-16 16:33:40,357 - INFO - Epoch 90/200 | Train Loss: 0.172881 | Val Loss: 0.590554 | Best: 0.516311 (ep 58)
2025-12-16 16:33:40,462 - INFO - Epoch 100/200 | Train Loss: 0.187632 | Val Loss: 0.516311 | Best: 0.516311 (ep 58)
2025-12-16 16:33:40,546 - INFO - Early stopping at epoch 108! Best val loss: 0.516311 at epoch 58
2025-12-16 16:33:40,558 - INFO - Loaded best model from epoch 58
2025-12-16 16:33:40,588 - INFO - Fold 3 Results - MSE: 0.0326, MAE: 0.1354, R²: -1.2822, Pearson r: -0.3023 (p=6.2110e-01), Spearman r: -0.1539 (p=8.0483e-01)
2025-12-16 16:33:40,588 - INFO - 
--- Fold 4/5 ---
2025-12-16 16:33:40,588 - INFO - Train size: 19, Test size: 5
2025-12-16 16:33:40,588 - INFO - Train target - Mean: 0.1995, Std: 0.1538
2025-12-16 16:33:40,589 - INFO - Test target  - Mean: 0.2778, Std: 0.1326
2025-12-16 16:33:40,604 - INFO - Training fold 4 with early stopping (patience=50)...
2025-12-16 16:33:40,616 - INFO - Epoch 1/200 | Train Loss: 0.690896 | Val Loss: 0.347065 | Best: inf (ep 1)
2025-12-16 16:33:40,709 - INFO - Epoch 10/200 | Train Loss: 0.186384 | Val Loss: 0.669751 | Best: inf (ep 1)
2025-12-16 16:33:40,813 - INFO - Epoch 20/200 | Train Loss: 0.184851 | Val Loss: 0.469698 | Best: inf (ep 1)
2025-12-16 16:33:40,916 - INFO - Epoch 30/200 | Train Loss: 0.202434 | Val Loss: 0.718647 | Best: inf (ep 1)
2025-12-16 16:33:41,020 - INFO - Epoch 40/200 | Train Loss: 0.178958 | Val Loss: 0.561796 | Best: inf (ep 1)
2025-12-16 16:33:41,124 - INFO - Epoch 50/200 | Train Loss: 0.138516 | Val Loss: 0.666792 | Best: inf (ep 1)
2025-12-16 16:33:41,311 - INFO - Epoch 60/200 | Train Loss: 0.117898 | Val Loss: 0.579511 | Best: 0.579511 (ep 60)
2025-12-16 16:33:41,455 - INFO - Epoch 70/200 | Train Loss: 0.114671 | Val Loss: 0.569650 | Best: 0.569295 (ep 66)
2025-12-16 16:33:41,586 - INFO - Epoch 80/200 | Train Loss: 0.167597 | Val Loss: 0.603589 | Best: 0.557159 (ep 72)
2025-12-16 16:33:41,855 - INFO - Epoch 90/200 | Train Loss: 0.125810 | Val Loss: 0.459404 | Best: 0.459404 (ep 90)
2025-12-16 16:33:41,959 - INFO - Epoch 100/200 | Train Loss: 0.116484 | Val Loss: 0.491897 | Best: 0.459404 (ep 90)
2025-12-16 16:33:42,102 - INFO - Epoch 110/200 | Train Loss: 0.121057 | Val Loss: 0.451446 | Best: 0.432073 (ep 109)
2025-12-16 16:33:42,221 - INFO - Epoch 120/200 | Train Loss: 0.111297 | Val Loss: 0.478295 | Best: 0.431178 (ep 116)
2025-12-16 16:33:42,379 - INFO - Epoch 130/200 | Train Loss: 0.118377 | Val Loss: 0.369549 | Best: 0.362914 (ep 129)
2025-12-16 16:33:42,482 - INFO - Epoch 140/200 | Train Loss: 0.118624 | Val Loss: 0.471237 | Best: 0.362914 (ep 129)
2025-12-16 16:33:42,602 - INFO - Epoch 150/200 | Train Loss: 0.126569 | Val Loss: 0.356927 | Best: 0.356927 (ep 150)
2025-12-16 16:33:42,707 - INFO - Epoch 160/200 | Train Loss: 0.117226 | Val Loss: 0.431177 | Best: 0.356927 (ep 150)
2025-12-16 16:33:42,852 - INFO - Epoch 170/200 | Train Loss: 0.127730 | Val Loss: 0.297096 | Best: 0.297096 (ep 170)
2025-12-16 16:33:42,956 - INFO - Epoch 180/200 | Train Loss: 0.196428 | Val Loss: 0.547380 | Best: 0.297096 (ep 170)
2025-12-16 16:33:43,060 - INFO - Epoch 190/200 | Train Loss: 0.355038 | Val Loss: 0.547380 | Best: 0.297096 (ep 170)
2025-12-16 16:33:43,164 - INFO - Epoch 200/200 | Train Loss: 0.328985 | Val Loss: 0.547380 | Best: 0.297096 (ep 170)
2025-12-16 16:33:43,174 - INFO - Loaded best model from epoch 170
2025-12-16 16:33:43,182 - INFO - Fold 4 Results - MSE: 0.0501, MAE: 0.1957, R²: -1.8480, Pearson r: 0.5687 (p=3.1706e-01), Spearman r: 0.5643 (p=3.2172e-01)
2025-12-16 16:33:43,182 - INFO - 
--- Fold 5/5 ---
2025-12-16 16:33:43,182 - INFO - Train size: 20, Test size: 4
2025-12-16 16:33:43,182 - INFO - Train target - Mean: 0.2394, Std: 0.1532
2025-12-16 16:33:43,182 - INFO - Test target  - Mean: 0.0979, Std: 0.0796
2025-12-16 16:33:43,198 - INFO - Training fold 5 with early stopping (patience=50)...
2025-12-16 16:33:43,210 - INFO - Epoch 1/200 | Train Loss: 0.427212 | Val Loss: 0.715153 | Best: inf (ep 1)
2025-12-16 16:33:43,303 - INFO - Epoch 10/200 | Train Loss: 0.171330 | Val Loss: 0.761118 | Best: inf (ep 1)
2025-12-16 16:33:43,407 - INFO - Epoch 20/200 | Train Loss: 0.160771 | Val Loss: 0.835271 | Best: inf (ep 1)
2025-12-16 16:33:43,510 - INFO - Epoch 30/200 | Train Loss: 0.158313 | Val Loss: 0.713779 | Best: inf (ep 1)
2025-12-16 16:33:43,614 - INFO - Epoch 40/200 | Train Loss: 0.093862 | Val Loss: 0.681884 | Best: inf (ep 1)
2025-12-16 16:33:43,718 - INFO - Epoch 50/200 | Train Loss: 0.104791 | Val Loss: 0.676816 | Best: inf (ep 1)
2025-12-16 16:33:43,847 - INFO - Epoch 60/200 | Train Loss: 0.097488 | Val Loss: 0.672533 | Best: 0.672533 (ep 60)
2025-12-16 16:33:43,993 - INFO - Epoch 70/200 | Train Loss: 0.095952 | Val Loss: 0.655207 | Best: 0.593670 (ep 63)
2025-12-16 16:33:44,097 - INFO - Epoch 80/200 | Train Loss: 0.100948 | Val Loss: 0.696158 | Best: 0.593670 (ep 63)
2025-12-16 16:33:44,201 - INFO - Epoch 90/200 | Train Loss: 0.097924 | Val Loss: 0.746295 | Best: 0.593670 (ep 63)
2025-12-16 16:33:44,305 - INFO - Epoch 100/200 | Train Loss: 0.098912 | Val Loss: 0.703618 | Best: 0.593670 (ep 63)
2025-12-16 16:33:44,436 - INFO - Epoch 110/200 | Train Loss: 0.092353 | Val Loss: 0.552610 | Best: 0.552610 (ep 110)
2025-12-16 16:33:44,553 - INFO - Epoch 120/200 | Train Loss: 0.091031 | Val Loss: 0.614751 | Best: 0.548996 (ep 111)
2025-12-16 16:33:44,660 - INFO - Epoch 130/200 | Train Loss: 0.090157 | Val Loss: 0.579452 | Best: 0.548996 (ep 111)
2025-12-16 16:33:44,763 - INFO - Epoch 140/200 | Train Loss: 0.099058 | Val Loss: 0.646364 | Best: 0.548996 (ep 111)
2025-12-16 16:33:44,867 - INFO - Epoch 150/200 | Train Loss: 0.092791 | Val Loss: 0.641133 | Best: 0.548996 (ep 111)
2025-12-16 16:33:44,971 - INFO - Epoch 160/200 | Train Loss: 0.095942 | Val Loss: 0.689708 | Best: 0.548996 (ep 111)
2025-12-16 16:33:44,982 - INFO - Early stopping at epoch 161! Best val loss: 0.548996 at epoch 111
2025-12-16 16:33:44,993 - INFO - Loaded best model from epoch 111
2025-12-16 16:33:45,002 - INFO - Fold 5 Results - MSE: 0.0533, MAE: 0.1803, R²: -7.3967, Pearson r: -0.0604 (p=9.3964e-01), Spearman r: -0.2000 (p=8.0000e-01)
2025-12-16 16:33:45,005 - INFO - Combined results saved to TI_Treatment_Regression_all_all_folds_combined.csv
2025-12-16 16:33:45,008 - INFO - 
============================================================
2025-12-16 16:33:45,008 - INFO - FINAL CROSS-VALIDATION RESULTS FOR: TI_Treatment_Regression_all
2025-12-16 16:33:45,008 - INFO - ----------------------------------------
2025-12-16 16:33:45,008 - INFO - MSE         : 0.0358 ± 0.0137
2025-12-16 16:33:45,008 - INFO - RMSE        : 0.1856 ± 0.0369
2025-12-16 16:33:45,008 - INFO - MAE         : 0.1450 ± 0.0369
2025-12-16 16:33:45,008 - INFO - R2          : -2.0678 ± 2.7724
2025-12-16 16:33:45,008 - INFO - PEARSON_R   : 0.2816 ± 0.4147
2025-12-16 16:33:45,008 - INFO - PEARSON_P   : 0.5006 ± 0.2917
2025-12-16 16:33:45,008 - INFO - SPEARMAN_R  : 0.2421 ± 0.3432
2025-12-16 16:33:45,008 - INFO - SPEARMAN_P  : 0.5417 ± 0.2144
2025-12-16 16:33:45,008 - INFO - ============================================================

2025-12-16 16:33:45,013 - INFO - Results saved to final_results_TI_Treatment_Regression_all.json
2025-12-16 16:33:45,013 - INFO - Total execution time: 9.88 seconds
2025-12-16 16:34:27,831 - INFO - Using device: cuda
2025-12-16 16:34:27,831 - INFO - Hyperparameters: {
  "batch_size": 8,
  "learning_rate": 0.001,
  "num_epochs": 200,
  "hidden_dim": 512,
  "num_blocks": 4,
  "dropout": 0.3,
  "feature_type": "all",
  "normalize_target": true,
  "target_min": 0.0,
  "target_max": 1.0,
  "loss_alpha": 0.7,
  "loss_beta": 0.3,
  "loss_temperature": 0.5
}
2025-12-16 16:34:27,832 - INFO - Starting TI treatment response REGRESSION pipeline
2025-12-16 16:34:27,832 - INFO - Parsing Excel data with diff features...
2025-12-16 16:34:27,953 - INFO - Parsing patient data from Excel...
2025-12-16 16:34:27,978 - INFO - Improvement rate statistics:
2025-12-16 16:34:27,978 - INFO -   Min: -0.6429
2025-12-16 16:34:27,978 - INFO -   Max: 0.4348
2025-12-16 16:34:27,978 - INFO -   Mean: 0.1567
2025-12-16 16:34:27,978 - INFO -   Std: 0.2832
2025-12-16 16:34:27,978 - INFO - Found 24 valid patient samples with complete data
2025-12-16 16:34:27,978 - INFO - Preparing features and labels for regression...
2025-12-16 16:34:27,993 - INFO - Normalized target values to [0, 1], original range: [0.0, 1.0]
2025-12-16 16:34:27,993 - INFO - Final dataset: 24 samples, 365 features
2025-12-16 16:34:27,993 - INFO - Target range: [0.0000, 0.4348], Mean: 0.2158, Std: 0.1530
2025-12-16 16:34:27,993 - INFO - 
============================================================
2025-12-16 16:34:27,994 - INFO - Starting Regression Cross-Validation: TI_Treatment_Regression_all
2025-12-16 16:34:27,994 - INFO - Total samples: 24 | Target range: [0.0000, 0.4348]
2025-12-16 16:34:27,994 - INFO - 
--- Fold 1/5 ---
2025-12-16 16:34:27,994 - INFO - Train size: 19, Test size: 5
2025-12-16 16:34:27,994 - INFO - Train target - Mean: 0.2033, Std: 0.1505
2025-12-16 16:34:27,994 - INFO - Test target  - Mean: 0.2635, Std: 0.1527
2025-12-16 16:34:28,767 - INFO - Training fold 1 with early stopping (patience=50)...
2025-12-16 16:34:28,961 - INFO - Epoch 1/200 | Train Loss: 0.444805 | Val Loss: 0.119867 | Best: inf (ep 1)
2025-12-16 16:34:29,056 - INFO - Epoch 10/200 | Train Loss: 0.124700 | Val Loss: 0.147059 | Best: inf (ep 1)
2025-12-16 16:34:29,161 - INFO - Epoch 20/200 | Train Loss: 0.132457 | Val Loss: 0.211144 | Best: inf (ep 1)
2025-12-16 16:34:29,266 - INFO - Epoch 30/200 | Train Loss: 0.084270 | Val Loss: 0.135082 | Best: inf (ep 1)
2025-12-16 16:34:29,371 - INFO - Epoch 40/200 | Train Loss: 0.089737 | Val Loss: 0.289921 | Best: inf (ep 1)
2025-12-16 16:34:29,475 - INFO - Epoch 50/200 | Train Loss: 0.082082 | Val Loss: 0.291347 | Best: inf (ep 1)
2025-12-16 16:34:29,687 - INFO - Epoch 60/200 | Train Loss: 0.072130 | Val Loss: 0.174978 | Best: 0.174978 (ep 60)
2025-12-16 16:34:29,804 - INFO - Epoch 70/200 | Train Loss: 0.113982 | Val Loss: 0.220964 | Best: 0.147249 (ep 61)
2025-12-16 16:34:29,935 - INFO - Epoch 80/200 | Train Loss: 0.073582 | Val Loss: 0.106863 | Best: 0.106863 (ep 80)
2025-12-16 16:34:30,053 - INFO - Epoch 90/200 | Train Loss: 0.074486 | Val Loss: 0.100676 | Best: 0.099281 (ep 89)
2025-12-16 16:34:30,158 - INFO - Epoch 100/200 | Train Loss: 0.129251 | Val Loss: 0.323529 | Best: 0.099281 (ep 89)
2025-12-16 16:34:30,262 - INFO - Epoch 110/200 | Train Loss: 0.163760 | Val Loss: 0.316154 | Best: 0.099281 (ep 89)
2025-12-16 16:34:30,366 - INFO - Epoch 120/200 | Train Loss: 0.334151 | Val Loss: 0.277442 | Best: 0.099281 (ep 89)
2025-12-16 16:34:30,470 - INFO - Epoch 130/200 | Train Loss: 0.140042 | Val Loss: 0.153126 | Best: 0.099281 (ep 89)
2025-12-16 16:34:30,618 - INFO - Epoch 140/200 | Train Loss: 0.084194 | Val Loss: 0.097448 | Best: 0.074550 (ep 136)
2025-12-16 16:34:30,722 - INFO - Epoch 150/200 | Train Loss: 0.086230 | Val Loss: 0.138964 | Best: 0.074550 (ep 136)
2025-12-16 16:34:30,827 - INFO - Epoch 160/200 | Train Loss: 0.076654 | Val Loss: 0.201706 | Best: 0.074550 (ep 136)
2025-12-16 16:34:30,932 - INFO - Epoch 170/200 | Train Loss: 0.068953 | Val Loss: 0.201081 | Best: 0.074550 (ep 136)
2025-12-16 16:34:31,036 - INFO - Epoch 180/200 | Train Loss: 0.065014 | Val Loss: 0.163423 | Best: 0.074550 (ep 136)
2025-12-16 16:34:31,098 - INFO - Early stopping at epoch 186! Best val loss: 0.074550 at epoch 136
2025-12-16 16:34:31,110 - INFO - Loaded best model from epoch 136
2025-12-16 16:34:31,119 - INFO - Fold 1 Results - MSE: 0.0067, MAE: 0.0634, R²: 0.7116, Pearson r: 0.9596 (p=9.6784e-03), Spearman r: 0.9000 (p=3.7386e-02)
2025-12-16 16:34:31,119 - INFO - 
--- Fold 2/5 ---
2025-12-16 16:34:31,119 - INFO - Train size: 19, Test size: 5
2025-12-16 16:34:31,119 - INFO - Train target - Mean: 0.1987, Std: 0.1477
2025-12-16 16:34:31,119 - INFO - Test target  - Mean: 0.2809, Std: 0.1551
2025-12-16 16:34:31,136 - INFO - Training fold 2 with early stopping (patience=50)...
2025-12-16 16:34:31,147 - INFO - Epoch 1/200 | Train Loss: 0.524450 | Val Loss: 0.277656 | Best: inf (ep 1)
2025-12-16 16:34:31,241 - INFO - Epoch 10/200 | Train Loss: 0.140284 | Val Loss: 0.398390 | Best: inf (ep 1)
2025-12-16 16:34:31,349 - INFO - Epoch 20/200 | Train Loss: 0.101822 | Val Loss: 0.518256 | Best: inf (ep 1)
2025-12-16 16:34:31,453 - INFO - Epoch 30/200 | Train Loss: 0.096660 | Val Loss: 0.317910 | Best: inf (ep 1)
2025-12-16 16:34:31,558 - INFO - Epoch 40/200 | Train Loss: 0.086701 | Val Loss: 0.524592 | Best: inf (ep 1)
2025-12-16 16:34:31,662 - INFO - Epoch 50/200 | Train Loss: 0.068641 | Val Loss: 0.369882 | Best: inf (ep 1)
2025-12-16 16:34:31,871 - INFO - Epoch 60/200 | Train Loss: 0.067001 | Val Loss: 0.312463 | Best: 0.298184 (ep 58)
2025-12-16 16:34:31,975 - INFO - Epoch 70/200 | Train Loss: 0.067765 | Val Loss: 0.358311 | Best: 0.298184 (ep 58)
2025-12-16 16:34:32,080 - INFO - Epoch 80/200 | Train Loss: 0.065996 | Val Loss: 0.459201 | Best: 0.298184 (ep 58)
2025-12-16 16:34:32,184 - INFO - Epoch 90/200 | Train Loss: 0.064401 | Val Loss: 0.422422 | Best: 0.298184 (ep 58)
2025-12-16 16:34:32,287 - INFO - Epoch 100/200 | Train Loss: 0.068855 | Val Loss: 0.500743 | Best: 0.298184 (ep 58)
2025-12-16 16:34:32,371 - INFO - Early stopping at epoch 108! Best val loss: 0.298184 at epoch 58
2025-12-16 16:34:32,381 - INFO - Loaded best model from epoch 58
2025-12-16 16:34:32,389 - INFO - Fold 2 Results - MSE: 0.0246, MAE: 0.1345, R²: -0.0203, Pearson r: 0.0796 (p=8.9876e-01), Spearman r: -0.1000 (p=8.7289e-01)
2025-12-16 16:34:32,389 - INFO - 
--- Fold 3/5 ---
2025-12-16 16:34:32,389 - INFO - Train size: 19, Test size: 5
2025-12-16 16:34:32,389 - INFO - Train target - Mean: 0.2370, Std: 0.1538
2025-12-16 16:34:32,390 - INFO - Test target  - Mean: 0.1354, Std: 0.1196
2025-12-16 16:34:32,406 - INFO - Training fold 3 with early stopping (patience=50)...
2025-12-16 16:34:32,417 - INFO - Epoch 1/200 | Train Loss: 0.297712 | Val Loss: 0.406584 | Best: inf (ep 1)
2025-12-16 16:34:32,511 - INFO - Epoch 10/200 | Train Loss: 0.156644 | Val Loss: 0.399302 | Best: inf (ep 1)
2025-12-16 16:34:32,615 - INFO - Epoch 20/200 | Train Loss: 0.106038 | Val Loss: 0.366994 | Best: inf (ep 1)
2025-12-16 16:34:32,719 - INFO - Epoch 30/200 | Train Loss: 0.078261 | Val Loss: 0.336649 | Best: inf (ep 1)
2025-12-16 16:34:32,823 - INFO - Epoch 40/200 | Train Loss: 0.072537 | Val Loss: 0.368053 | Best: inf (ep 1)
2025-12-16 16:34:32,927 - INFO - Epoch 50/200 | Train Loss: 0.170728 | Val Loss: 0.373905 | Best: inf (ep 1)
2025-12-16 16:34:33,056 - INFO - Epoch 60/200 | Train Loss: 0.096493 | Val Loss: 0.393903 | Best: 0.370502 (ep 52)
2025-12-16 16:34:33,214 - INFO - Epoch 70/200 | Train Loss: 0.070342 | Val Loss: 0.292709 | Best: 0.278107 (ep 66)
2025-12-16 16:34:33,317 - INFO - Epoch 80/200 | Train Loss: 0.067300 | Val Loss: 0.298355 | Best: 0.278107 (ep 66)
2025-12-16 16:34:33,421 - INFO - Epoch 90/200 | Train Loss: 0.066279 | Val Loss: 0.291559 | Best: 0.278107 (ep 66)
2025-12-16 16:34:33,580 - INFO - Epoch 100/200 | Train Loss: 0.063855 | Val Loss: 0.257713 | Best: 0.248458 (ep 95)
2025-12-16 16:34:33,699 - INFO - Epoch 110/200 | Train Loss: 0.076105 | Val Loss: 0.302627 | Best: 0.248280 (ep 104)
2025-12-16 16:34:33,804 - INFO - Epoch 120/200 | Train Loss: 0.087424 | Val Loss: 0.293691 | Best: 0.248280 (ep 104)
2025-12-16 16:34:33,909 - INFO - Epoch 130/200 | Train Loss: 0.121827 | Val Loss: 0.641587 | Best: 0.248280 (ep 104)
2025-12-16 16:34:34,013 - INFO - Epoch 140/200 | Train Loss: 0.143939 | Val Loss: 0.380464 | Best: 0.248280 (ep 104)
2025-12-16 16:34:34,119 - INFO - Epoch 150/200 | Train Loss: 0.135188 | Val Loss: 0.351200 | Best: 0.248280 (ep 104)
2025-12-16 16:34:34,278 - INFO - Epoch 160/200 | Train Loss: 0.089082 | Val Loss: 0.230946 | Best: 0.220133 (ep 159)
2025-12-16 16:34:34,382 - INFO - Epoch 170/200 | Train Loss: 0.081764 | Val Loss: 0.394732 | Best: 0.220133 (ep 159)
2025-12-16 16:34:34,487 - INFO - Epoch 180/200 | Train Loss: 0.064277 | Val Loss: 0.343744 | Best: 0.220133 (ep 159)
2025-12-16 16:34:34,592 - INFO - Epoch 190/200 | Train Loss: 0.065600 | Val Loss: 0.357724 | Best: 0.220133 (ep 159)
2025-12-16 16:34:34,697 - INFO - Epoch 200/200 | Train Loss: 0.070733 | Val Loss: 0.308062 | Best: 0.220133 (ep 159)
2025-12-16 16:34:34,708 - INFO - Loaded best model from epoch 159
2025-12-16 16:34:34,717 - INFO - Fold 3 Results - MSE: 0.0217, MAE: 0.1141, R²: -0.5180, Pearson r: 0.3937 (p=5.1195e-01), Spearman r: 0.1026 (p=8.6960e-01)
2025-12-16 16:34:34,717 - INFO - 
--- Fold 4/5 ---
2025-12-16 16:34:34,717 - INFO - Train size: 19, Test size: 5
2025-12-16 16:34:34,717 - INFO - Train target - Mean: 0.1995, Std: 0.1538
2025-12-16 16:34:34,717 - INFO - Test target  - Mean: 0.2778, Std: 0.1326
2025-12-16 16:34:34,735 - INFO - Training fold 4 with early stopping (patience=50)...
2025-12-16 16:34:34,747 - INFO - Epoch 1/200 | Train Loss: 0.234173 | Val Loss: 0.436906 | Best: inf (ep 1)
2025-12-16 16:34:34,842 - INFO - Epoch 10/200 | Train Loss: 0.155293 | Val Loss: 0.428326 | Best: inf (ep 1)
2025-12-16 16:34:34,947 - INFO - Epoch 20/200 | Train Loss: 0.095553 | Val Loss: 0.227924 | Best: inf (ep 1)
2025-12-16 16:34:35,053 - INFO - Epoch 30/200 | Train Loss: 0.079353 | Val Loss: 0.295829 | Best: inf (ep 1)
2025-12-16 16:34:35,160 - INFO - Epoch 40/200 | Train Loss: 0.074159 | Val Loss: 0.310327 | Best: inf (ep 1)
2025-12-16 16:34:35,264 - INFO - Epoch 50/200 | Train Loss: 0.077792 | Val Loss: 0.259365 | Best: inf (ep 1)
2025-12-16 16:34:35,499 - INFO - Epoch 60/200 | Train Loss: 0.066127 | Val Loss: 0.166557 | Best: 0.166557 (ep 60)
2025-12-16 16:34:35,620 - INFO - Epoch 70/200 | Train Loss: 0.073291 | Val Loss: 0.304700 | Best: 0.156409 (ep 61)
2025-12-16 16:34:35,726 - INFO - Epoch 80/200 | Train Loss: 0.074349 | Val Loss: 0.253388 | Best: 0.156409 (ep 61)
2025-12-16 16:34:35,831 - INFO - Epoch 90/200 | Train Loss: 0.067165 | Val Loss: 0.215983 | Best: 0.156409 (ep 61)
2025-12-16 16:34:35,938 - INFO - Epoch 100/200 | Train Loss: 0.105691 | Val Loss: 0.238021 | Best: 0.156409 (ep 61)
2025-12-16 16:34:36,044 - INFO - Epoch 110/200 | Train Loss: 0.077900 | Val Loss: 0.167292 | Best: 0.156409 (ep 61)
2025-12-16 16:34:36,054 - INFO - Early stopping at epoch 111! Best val loss: 0.156409 at epoch 61
2025-12-16 16:34:36,065 - INFO - Loaded best model from epoch 61
2025-12-16 16:34:36,073 - INFO - Fold 4 Results - MSE: 0.0312, MAE: 0.1560, R²: -0.7731, Pearson r: 0.6882 (p=1.9895e-01), Spearman r: 0.5643 (p=3.2172e-01)
2025-12-16 16:34:36,073 - INFO - 
--- Fold 5/5 ---
2025-12-16 16:34:36,073 - INFO - Train size: 20, Test size: 4
2025-12-16 16:34:36,073 - INFO - Train target - Mean: 0.2394, Std: 0.1532
2025-12-16 16:34:36,074 - INFO - Test target  - Mean: 0.0979, Std: 0.0796
2025-12-16 16:34:36,091 - INFO - Training fold 5 with early stopping (patience=50)...
2025-12-16 16:34:36,103 - INFO - Epoch 1/200 | Train Loss: 0.413693 | Val Loss: 0.374677 | Best: inf (ep 1)
2025-12-16 16:34:36,198 - INFO - Epoch 10/200 | Train Loss: 0.123856 | Val Loss: 0.488424 | Best: inf (ep 1)
2025-12-16 16:34:36,304 - INFO - Epoch 20/200 | Train Loss: 0.089366 | Val Loss: 0.412117 | Best: inf (ep 1)
2025-12-16 16:34:36,409 - INFO - Epoch 30/200 | Train Loss: 0.083910 | Val Loss: 0.391193 | Best: inf (ep 1)
2025-12-16 16:34:36,515 - INFO - Epoch 40/200 | Train Loss: 0.061396 | Val Loss: 0.370656 | Best: inf (ep 1)
2025-12-16 16:34:36,620 - INFO - Epoch 50/200 | Train Loss: 0.065374 | Val Loss: 0.388729 | Best: inf (ep 1)
2025-12-16 16:34:36,749 - INFO - Epoch 60/200 | Train Loss: 0.056857 | Val Loss: 0.414004 | Best: 0.398749 (ep 54)
2025-12-16 16:34:36,867 - INFO - Epoch 70/200 | Train Loss: 0.096113 | Val Loss: 0.433908 | Best: 0.398361 (ep 64)
2025-12-16 16:34:36,972 - INFO - Epoch 80/200 | Train Loss: 0.055690 | Val Loss: 0.413445 | Best: 0.398361 (ep 64)
2025-12-16 16:34:37,093 - INFO - Epoch 90/200 | Train Loss: 0.058682 | Val Loss: 0.398543 | Best: 0.389001 (ep 83)
2025-12-16 16:34:37,238 - INFO - Epoch 100/200 | Train Loss: 0.063704 | Val Loss: 0.375258 | Best: 0.375258 (ep 100)
2025-12-16 16:34:37,460 - INFO - Epoch 110/200 | Train Loss: 0.055478 | Val Loss: 0.318040 | Best: 0.318040 (ep 110)
2025-12-16 16:34:37,565 - INFO - Epoch 120/200 | Train Loss: 0.067057 | Val Loss: 0.387189 | Best: 0.318040 (ep 110)
2025-12-16 16:34:37,670 - INFO - Epoch 130/200 | Train Loss: 0.051833 | Val Loss: 0.368349 | Best: 0.318040 (ep 110)
2025-12-16 16:34:37,774 - INFO - Epoch 140/200 | Train Loss: 0.053149 | Val Loss: 0.360762 | Best: 0.318040 (ep 110)
2025-12-16 16:34:37,878 - INFO - Epoch 150/200 | Train Loss: 0.051887 | Val Loss: 0.375194 | Best: 0.318040 (ep 110)
2025-12-16 16:34:37,983 - INFO - Early stopping at epoch 160! Best val loss: 0.318040 at epoch 110
2025-12-16 16:34:37,994 - INFO - Loaded best model from epoch 110
2025-12-16 16:34:38,002 - INFO - Fold 5 Results - MSE: 0.0366, MAE: 0.1414, R²: -4.7701, Pearson r: 0.0335 (p=9.6653e-01), Spearman r: -0.2000 (p=8.0000e-01)
2025-12-16 16:34:38,007 - INFO - Combined results saved to TI_Treatment_Regression_all_all_folds_combined.csv
2025-12-16 16:34:38,010 - INFO - 
============================================================
2025-12-16 16:34:38,010 - INFO - FINAL CROSS-VALIDATION RESULTS FOR: TI_Treatment_Regression_all
2025-12-16 16:34:38,010 - INFO - ----------------------------------------
2025-12-16 16:34:38,010 - INFO - MSE         : 0.0242 ± 0.0101
2025-12-16 16:34:38,010 - INFO - RMSE        : 0.1508 ± 0.0376
2025-12-16 16:34:38,010 - INFO - MAE         : 0.1219 ± 0.0322
2025-12-16 16:34:38,010 - INFO - R2          : -1.0740 ± 1.9162
2025-12-16 16:34:38,010 - INFO - PEARSON_R   : 0.4309 ± 0.3545
2025-12-16 16:34:38,010 - INFO - PEARSON_P   : 0.5172 ± 0.3759
2025-12-16 16:34:38,010 - INFO - SPEARMAN_R  : 0.2534 ± 0.4166
2025-12-16 16:34:38,010 - INFO - SPEARMAN_P  : 0.5803 ± 0.3403
2025-12-16 16:34:38,011 - INFO - ============================================================

2025-12-16 16:34:38,014 - INFO - Results saved to final_results_TI_Treatment_Regression_all.json
2025-12-16 16:34:38,014 - INFO - Total execution time: 10.18 seconds
2026-02-04 16:30:26,928 - INFO - Using device: cuda
2026-02-04 16:30:26,930 - INFO - Hyperparameters: {
  "batch_size": 8,
  "learning_rate": 0.001,
  "num_epochs": 200,
  "hidden_dim": 512,
  "num_blocks": 4,
  "dropout": 0.3,
  "feature_type": "all",
  "normalize_target": true,
  "target_min": 0.0,
  "target_max": 1.0,
  "loss_alpha": 0.7,
  "loss_beta": 0.3,
  "loss_temperature": 0.5
}
2026-02-04 16:30:26,930 - INFO - Starting TI treatment response REGRESSION pipeline
2026-02-04 16:30:26,930 - INFO - Parsing Excel data with diff features...
2026-02-04 16:33:43,157 - INFO - Using device: cuda
2026-02-04 16:33:43,157 - INFO - Hyperparameters: {
  "batch_size": 8,
  "learning_rate": 0.001,
  "num_epochs": 200,
  "hidden_dim": 512,
  "num_blocks": 4,
  "dropout": 0.3,
  "feature_type": "all",
  "normalize_target": true,
  "target_min": 0.0,
  "target_max": 1.0,
  "loss_alpha": 0.7,
  "loss_beta": 0.3,
  "loss_temperature": 0.5
}
2026-02-04 16:33:43,157 - INFO - Starting TI treatment response REGRESSION pipeline
2026-02-04 16:33:43,157 - INFO - Parsing Excel data with diff features...
2026-02-04 16:33:43,504 - INFO - Parsing patient data from Excel...
2026-02-04 16:33:45,207 - INFO - Improvement rate statistics:
2026-02-04 16:33:45,207 - INFO -   Min: -0.6429
2026-02-04 16:33:45,207 - INFO -   Max: 0.4348
2026-02-04 16:33:45,207 - INFO -   Mean: 0.1567
2026-02-04 16:33:45,207 - INFO -   Std: 0.2832
2026-02-04 16:33:45,207 - INFO - Found 24 valid patient samples with complete data
2026-02-04 16:33:45,207 - INFO - Preparing features and labels for regression...
2026-02-04 16:33:45,996 - INFO - Normalized target values to [0, 1], original range: [0.0, 1.0]
2026-02-04 16:33:45,997 - INFO - Final dataset: 24 samples, 365 features
2026-02-04 16:33:45,997 - INFO - Target range: [0.0000, 0.4348], Mean: 0.2158, Std: 0.1530
2026-02-04 16:33:45,997 - INFO - 
============================================================
2026-02-04 16:33:45,997 - INFO - Starting Regression Cross-Validation: TI_Treatment_Regression_all
2026-02-04 16:33:45,997 - INFO - Total samples: 24 | Target range: [0.0000, 0.4348]
2026-02-04 16:33:45,997 - INFO - 
--- Fold 1/5 ---
2026-02-04 16:33:45,997 - INFO - Train size: 19, Test size: 5
2026-02-04 16:33:45,998 - INFO - Train target - Mean: 0.2033, Std: 0.1505
2026-02-04 16:33:45,998 - INFO - Test target  - Mean: 0.2635, Std: 0.1527
2026-02-04 16:33:46,706 - INFO - Training fold 1 with early stopping (patience=50)...
2026-02-04 16:33:46,955 - INFO - Epoch 1/200 | Train Loss: 0.428275 | Val Loss: 0.204623 | Best: inf (ep 1)
2026-02-04 16:33:47,052 - INFO - Epoch 10/200 | Train Loss: 0.128855 | Val Loss: 0.196895 | Best: inf (ep 1)
2026-02-04 16:33:47,159 - INFO - Epoch 20/200 | Train Loss: 0.115640 | Val Loss: 0.178144 | Best: inf (ep 1)
2026-02-04 16:33:47,266 - INFO - Epoch 30/200 | Train Loss: 0.106876 | Val Loss: 0.210677 | Best: inf (ep 1)
2026-02-04 16:33:47,375 - INFO - Epoch 40/200 | Train Loss: 0.140003 | Val Loss: 0.279241 | Best: inf (ep 1)
2026-02-04 16:33:47,482 - INFO - Epoch 50/200 | Train Loss: 0.114986 | Val Loss: 0.273111 | Best: inf (ep 1)
2026-02-04 16:33:47,657 - INFO - Epoch 60/200 | Train Loss: 0.160704 | Val Loss: 0.254386 | Best: 0.094091 (ep 56)
2026-02-04 16:33:47,777 - INFO - Epoch 70/200 | Train Loss: 0.110193 | Val Loss: 0.202158 | Best: 0.090274 (ep 63)
2026-02-04 16:33:47,885 - INFO - Epoch 80/200 | Train Loss: 0.095627 | Val Loss: 0.102884 | Best: 0.090274 (ep 63)
2026-02-04 16:33:48,005 - INFO - Epoch 90/200 | Train Loss: 0.165575 | Val Loss: 0.075612 | Best: 0.071548 (ep 88)
2026-02-04 16:33:48,113 - INFO - Epoch 100/200 | Train Loss: 0.211587 | Val Loss: 0.076388 | Best: 0.071548 (ep 88)
2026-02-04 16:33:48,223 - INFO - Epoch 110/200 | Train Loss: 0.073932 | Val Loss: 0.096686 | Best: 0.071548 (ep 88)
2026-02-04 16:33:48,330 - INFO - Epoch 120/200 | Train Loss: 0.083403 | Val Loss: 0.123752 | Best: 0.071548 (ep 88)
2026-02-04 16:33:48,438 - INFO - Epoch 130/200 | Train Loss: 0.070967 | Val Loss: 0.142567 | Best: 0.071548 (ep 88)
2026-02-04 16:33:48,524 - INFO - Early stopping at epoch 138! Best val loss: 0.071548 at epoch 88
2026-02-04 16:33:48,535 - INFO - Loaded best model from epoch 88
2026-02-04 16:33:48,545 - INFO - Fold 1 Results - MSE: 0.0097, MAE: 0.0755, R²: 0.5832, Pearson r: 0.9803 (p=3.3161e-03), Spearman r: 0.9000 (p=3.7386e-02)
2026-02-04 16:33:48,545 - INFO - 
--- Fold 2/5 ---
2026-02-04 16:33:48,545 - INFO - Train size: 19, Test size: 5
2026-02-04 16:33:48,545 - INFO - Train target - Mean: 0.1987, Std: 0.1477
2026-02-04 16:33:48,545 - INFO - Test target  - Mean: 0.2809, Std: 0.1551
2026-02-04 16:33:48,561 - INFO - Training fold 2 with early stopping (patience=50)...
2026-02-04 16:33:48,573 - INFO - Epoch 1/200 | Train Loss: 0.359600 | Val Loss: 0.395050 | Best: inf (ep 1)
2026-02-04 16:33:48,671 - INFO - Epoch 10/200 | Train Loss: 0.163235 | Val Loss: 0.322798 | Best: inf (ep 1)
2026-02-04 16:33:48,779 - INFO - Epoch 20/200 | Train Loss: 0.120014 | Val Loss: 0.326138 | Best: inf (ep 1)
2026-02-04 16:33:48,887 - INFO - Epoch 30/200 | Train Loss: 0.083799 | Val Loss: 0.370449 | Best: inf (ep 1)
2026-02-04 16:33:48,995 - INFO - Epoch 40/200 | Train Loss: 0.089380 | Val Loss: 0.404119 | Best: inf (ep 1)
2026-02-04 16:33:49,103 - INFO - Epoch 50/200 | Train Loss: 0.097358 | Val Loss: 0.225078 | Best: inf (ep 1)
2026-02-04 16:33:49,222 - INFO - Epoch 60/200 | Train Loss: 0.088769 | Val Loss: 0.239864 | Best: 0.182206 (ep 51)
2026-02-04 16:33:49,330 - INFO - Epoch 70/200 | Train Loss: 0.078881 | Val Loss: 0.233532 | Best: 0.182206 (ep 51)
2026-02-04 16:33:49,453 - INFO - Epoch 80/200 | Train Loss: 0.070157 | Val Loss: 0.220656 | Best: 0.151233 (ep 73)
2026-02-04 16:33:49,561 - INFO - Epoch 90/200 | Train Loss: 0.065013 | Val Loss: 0.208952 | Best: 0.151233 (ep 73)
2026-02-04 16:33:49,669 - INFO - Epoch 100/200 | Train Loss: 0.182110 | Val Loss: 0.212969 | Best: 0.151233 (ep 73)
2026-02-04 16:33:49,776 - INFO - Epoch 110/200 | Train Loss: 0.074311 | Val Loss: 0.243359 | Best: 0.151233 (ep 73)
2026-02-04 16:33:49,884 - INFO - Epoch 120/200 | Train Loss: 0.069410 | Val Loss: 0.196639 | Best: 0.151233 (ep 73)
2026-02-04 16:33:49,917 - INFO - Early stopping at epoch 123! Best val loss: 0.151233 at epoch 73
2026-02-04 16:33:49,928 - INFO - Loaded best model from epoch 73
2026-02-04 16:33:49,936 - INFO - Fold 2 Results - MSE: 0.0196, MAE: 0.1200, R²: 0.1846, Pearson r: 0.6830 (p=2.0375e-01), Spearman r: 0.3000 (p=6.2384e-01)
2026-02-04 16:33:49,936 - INFO - 
--- Fold 3/5 ---
2026-02-04 16:33:49,936 - INFO - Train size: 19, Test size: 5
2026-02-04 16:33:49,936 - INFO - Train target - Mean: 0.2370, Std: 0.1538
2026-02-04 16:33:49,936 - INFO - Test target  - Mean: 0.1354, Std: 0.1196
2026-02-04 16:33:49,951 - INFO - Training fold 3 with early stopping (patience=50)...
2026-02-04 16:33:49,963 - INFO - Epoch 1/200 | Train Loss: 0.306394 | Val Loss: 0.482629 | Best: inf (ep 1)
2026-02-04 16:33:50,060 - INFO - Epoch 10/200 | Train Loss: 0.164353 | Val Loss: 0.383849 | Best: inf (ep 1)
2026-02-04 16:33:50,168 - INFO - Epoch 20/200 | Train Loss: 0.108377 | Val Loss: 0.342796 | Best: inf (ep 1)
2026-02-04 16:33:50,276 - INFO - Epoch 30/200 | Train Loss: 0.128953 | Val Loss: 0.340594 | Best: inf (ep 1)
2026-02-04 16:33:50,384 - INFO - Epoch 40/200 | Train Loss: 0.100103 | Val Loss: 0.298066 | Best: inf (ep 1)
2026-02-04 16:33:50,492 - INFO - Epoch 50/200 | Train Loss: 0.095927 | Val Loss: 0.389514 | Best: inf (ep 1)
2026-02-04 16:33:50,660 - INFO - Epoch 60/200 | Train Loss: 0.072778 | Val Loss: 0.306826 | Best: 0.271908 (ep 55)
2026-02-04 16:33:50,770 - INFO - Epoch 70/200 | Train Loss: 0.118897 | Val Loss: 0.512313 | Best: 0.271908 (ep 55)
2026-02-04 16:33:50,877 - INFO - Epoch 80/200 | Train Loss: 0.068503 | Val Loss: 0.541745 | Best: 0.271908 (ep 55)
2026-02-04 16:33:50,985 - INFO - Epoch 90/200 | Train Loss: 0.073646 | Val Loss: 0.471015 | Best: 0.271908 (ep 55)
2026-02-04 16:33:51,092 - INFO - Epoch 100/200 | Train Loss: 0.077317 | Val Loss: 0.462127 | Best: 0.271908 (ep 55)
2026-02-04 16:33:51,146 - INFO - Early stopping at epoch 105! Best val loss: 0.271908 at epoch 55
2026-02-04 16:33:51,156 - INFO - Loaded best model from epoch 55
2026-02-04 16:33:51,164 - INFO - Fold 3 Results - MSE: 0.0293, MAE: 0.1593, R²: -1.0474, Pearson r: 0.2028 (p=7.4357e-01), Spearman r: 0.0513 (p=9.3471e-01)
2026-02-04 16:33:51,164 - INFO - 
--- Fold 4/5 ---
2026-02-04 16:33:51,164 - INFO - Train size: 19, Test size: 5
2026-02-04 16:33:51,164 - INFO - Train target - Mean: 0.1995, Std: 0.1538
2026-02-04 16:33:51,164 - INFO - Test target  - Mean: 0.2778, Std: 0.1326
2026-02-04 16:33:51,179 - INFO - Training fold 4 with early stopping (patience=50)...
2026-02-04 16:33:51,191 - INFO - Epoch 1/200 | Train Loss: 0.334273 | Val Loss: 0.292593 | Best: inf (ep 1)
2026-02-04 16:33:51,288 - INFO - Epoch 10/200 | Train Loss: 0.132952 | Val Loss: 0.435065 | Best: inf (ep 1)
2026-02-04 16:33:51,395 - INFO - Epoch 20/200 | Train Loss: 0.152098 | Val Loss: 0.358976 | Best: inf (ep 1)
2026-02-04 16:33:51,503 - INFO - Epoch 30/200 | Train Loss: 0.213483 | Val Loss: 0.375780 | Best: inf (ep 1)
2026-02-04 16:33:51,610 - INFO - Epoch 40/200 | Train Loss: 0.104034 | Val Loss: 0.347356 | Best: inf (ep 1)
2026-02-04 16:33:51,718 - INFO - Epoch 50/200 | Train Loss: 0.072159 | Val Loss: 0.388252 | Best: inf (ep 1)
2026-02-04 16:33:51,865 - INFO - Epoch 60/200 | Train Loss: 0.067028 | Val Loss: 0.396024 | Best: 0.385834 (ep 57)
2026-02-04 16:33:52,013 - INFO - Epoch 70/200 | Train Loss: 0.071375 | Val Loss: 0.370896 | Best: 0.370896 (ep 70)
2026-02-04 16:33:52,172 - INFO - Epoch 80/200 | Train Loss: 0.068853 | Val Loss: 0.359377 | Best: 0.359377 (ep 80)
2026-02-04 16:33:52,280 - INFO - Epoch 90/200 | Train Loss: 0.069886 | Val Loss: 0.366777 | Best: 0.359377 (ep 80)
2026-02-04 16:33:52,387 - INFO - Epoch 100/200 | Train Loss: 0.064677 | Val Loss: 0.410320 | Best: 0.359377 (ep 80)
2026-02-04 16:33:52,520 - INFO - Epoch 110/200 | Train Loss: 0.078010 | Val Loss: 0.337133 | Best: 0.337133 (ep 110)
2026-02-04 16:33:52,665 - INFO - Epoch 120/200 | Train Loss: 0.070184 | Val Loss: 0.318589 | Best: 0.271444 (ep 113)
2026-02-04 16:33:52,787 - INFO - Epoch 130/200 | Train Loss: 0.095701 | Val Loss: 0.308492 | Best: 0.261259 (ep 125)
2026-02-04 16:33:52,920 - INFO - Epoch 140/200 | Train Loss: 0.124363 | Val Loss: 0.362069 | Best: 0.215926 (ep 136)
2026-02-04 16:33:53,027 - INFO - Epoch 150/200 | Train Loss: 0.078587 | Val Loss: 0.354837 | Best: 0.215926 (ep 136)
2026-02-04 16:33:53,135 - INFO - Epoch 160/200 | Train Loss: 0.074602 | Val Loss: 0.409170 | Best: 0.215926 (ep 136)
2026-02-04 16:33:53,243 - INFO - Epoch 170/200 | Train Loss: 0.090564 | Val Loss: 0.441628 | Best: 0.215926 (ep 136)
2026-02-04 16:33:53,350 - INFO - Epoch 180/200 | Train Loss: 0.080980 | Val Loss: 0.410244 | Best: 0.215926 (ep 136)
2026-02-04 16:33:53,415 - INFO - Early stopping at epoch 186! Best val loss: 0.215926 at epoch 136
2026-02-04 16:33:53,424 - INFO - Loaded best model from epoch 136
2026-02-04 16:33:53,433 - INFO - Fold 4 Results - MSE: 0.0311, MAE: 0.1275, R²: -0.7714, Pearson r: 0.4443 (p=4.5353e-01), Spearman r: 0.1539 (p=8.0483e-01)
2026-02-04 16:33:53,433 - INFO - 
--- Fold 5/5 ---
2026-02-04 16:33:53,433 - INFO - Train size: 20, Test size: 4
2026-02-04 16:33:53,433 - INFO - Train target - Mean: 0.2394, Std: 0.1532
2026-02-04 16:33:53,433 - INFO - Test target  - Mean: 0.0979, Std: 0.0796
2026-02-04 16:33:53,449 - INFO - Training fold 5 with early stopping (patience=50)...
2026-02-04 16:33:53,461 - INFO - Epoch 1/200 | Train Loss: 0.340253 | Val Loss: 0.258731 | Best: inf (ep 1)
2026-02-04 16:33:53,559 - INFO - Epoch 10/200 | Train Loss: 0.237877 | Val Loss: 0.262966 | Best: inf (ep 1)
2026-02-04 16:33:53,667 - INFO - Epoch 20/200 | Train Loss: 0.099294 | Val Loss: 0.466366 | Best: inf (ep 1)
2026-02-04 16:33:53,773 - INFO - Epoch 30/200 | Train Loss: 0.113558 | Val Loss: 0.522459 | Best: inf (ep 1)
2026-02-04 16:33:53,880 - INFO - Epoch 40/200 | Train Loss: 0.069429 | Val Loss: 0.524942 | Best: inf (ep 1)
2026-02-04 16:33:53,986 - INFO - Epoch 50/200 | Train Loss: 0.066261 | Val Loss: 0.514076 | Best: inf (ep 1)
2026-02-04 16:33:54,176 - INFO - Epoch 60/200 | Train Loss: 0.068401 | Val Loss: 0.464665 | Best: 0.460938 (ep 59)
2026-02-04 16:33:54,283 - INFO - Epoch 70/200 | Train Loss: 0.057299 | Val Loss: 0.538827 | Best: 0.460938 (ep 59)
2026-02-04 16:33:54,413 - INFO - Epoch 80/200 | Train Loss: 0.056497 | Val Loss: 0.440050 | Best: 0.428513 (ep 78)
2026-02-04 16:33:54,519 - INFO - Epoch 90/200 | Train Loss: 0.054026 | Val Loss: 0.512569 | Best: 0.428513 (ep 78)
2026-02-04 16:33:54,625 - INFO - Epoch 100/200 | Train Loss: 0.060962 | Val Loss: 0.516507 | Best: 0.428513 (ep 78)
2026-02-04 16:33:54,731 - INFO - Epoch 110/200 | Train Loss: 0.053491 | Val Loss: 0.510586 | Best: 0.428513 (ep 78)
2026-02-04 16:33:54,838 - INFO - Epoch 120/200 | Train Loss: 0.056846 | Val Loss: 0.503221 | Best: 0.428513 (ep 78)
2026-02-04 16:33:54,981 - INFO - Epoch 130/200 | Train Loss: 0.069216 | Val Loss: 0.450920 | Best: 0.425102 (ep 126)
2026-02-04 16:33:55,113 - INFO - Epoch 140/200 | Train Loss: 0.055433 | Val Loss: 0.384623 | Best: 0.377251 (ep 139)
2026-02-04 16:33:55,245 - INFO - Epoch 150/200 | Train Loss: 0.066650 | Val Loss: 0.434311 | Best: 0.360192 (ep 144)
2026-02-04 16:33:55,351 - INFO - Epoch 160/200 | Train Loss: 0.053173 | Val Loss: 0.439955 | Best: 0.360192 (ep 144)
2026-02-04 16:33:55,457 - INFO - Epoch 170/200 | Train Loss: 0.054872 | Val Loss: 0.364759 | Best: 0.360192 (ep 144)
2026-02-04 16:33:55,564 - INFO - Epoch 180/200 | Train Loss: 0.056195 | Val Loss: 0.510002 | Best: 0.360192 (ep 144)
2026-02-04 16:33:55,670 - INFO - Epoch 190/200 | Train Loss: 0.056591 | Val Loss: 0.502625 | Best: 0.360192 (ep 144)
2026-02-04 16:33:55,713 - INFO - Early stopping at epoch 194! Best val loss: 0.360192 at epoch 144
2026-02-04 16:33:55,723 - INFO - Loaded best model from epoch 144
2026-02-04 16:33:55,730 - INFO - Fold 5 Results - MSE: 0.0302, MAE: 0.1005, R²: -3.7538, Pearson r: -0.1743 (p=8.2573e-01), Spearman r: -0.2000 (p=8.0000e-01)
2026-02-04 16:33:55,736 - INFO - Combined results saved to TI_Treatment_Regression_all_all_folds_combined.csv
2026-02-04 16:33:55,739 - INFO - 
============================================================
2026-02-04 16:33:55,739 - INFO - FINAL CROSS-VALIDATION RESULTS FOR: TI_Treatment_Regression_all
2026-02-04 16:33:55,739 - INFO - ----------------------------------------
2026-02-04 16:33:55,739 - INFO - MSE         : 0.0240 ± 0.0082
2026-02-04 16:33:55,739 - INFO - RMSE        : 0.1520 ± 0.0297
2026-02-04 16:33:55,739 - INFO - MAE         : 0.1166 ± 0.0279
2026-02-04 16:33:55,739 - INFO - R2          : -0.9609 ± 1.5192
2026-02-04 16:33:55,739 - INFO - PEARSON_R   : 0.4272 ± 0.3959
2026-02-04 16:33:55,739 - INFO - PEARSON_P   : 0.4460 ± 0.3122
2026-02-04 16:33:55,739 - INFO - SPEARMAN_R  : 0.2410 ± 0.3676
2026-02-04 16:33:55,739 - INFO - SPEARMAN_P  : 0.6402 ± 0.3172
2026-02-04 16:33:55,739 - INFO - ============================================================

2026-02-04 16:33:55,747 - INFO - Results saved to final_results_TI_Treatment_Regression_all.json
2026-02-04 16:33:55,747 - INFO - Total execution time: 12.59 seconds
2026-02-05 15:24:11,035 - INFO - Using device: cuda
2026-02-05 15:24:11,036 - INFO - Hyperparameters: {
  "batch_size": 8,
  "learning_rate": 0.001,
  "num_epochs": 200,
  "hidden_dim": 512,
  "num_blocks": 4,
  "dropout": 0.3,
  "feature_type": "all",
  "normalize_target": true,
  "target_min": 0.0,
  "target_max": 1.0,
  "loss_alpha": 0.7,
  "loss_beta": 0.3,
  "loss_temperature": 0.5
}
2026-02-05 15:24:11,036 - INFO - Starting TI treatment response REGRESSION pipeline
2026-02-05 15:24:11,037 - INFO - Parsing Excel data with diff features...
2026-02-05 15:24:11,255 - INFO - Parsing patient data from Excel...
2026-02-05 15:24:13,259 - INFO - Found 0 valid patient samples with complete data
2026-02-05 15:24:13,259 - ERROR - No valid patients found. Exiting.
2026-02-05 15:30:47,556 - INFO - Using device: cuda
2026-02-05 15:30:47,557 - INFO - Hyperparameters: {
  "batch_size": 8,
  "learning_rate": 0.001,
  "num_epochs": 200,
  "hidden_dim": 512,
  "num_blocks": 4,
  "dropout": 0.3,
  "feature_type": "all",
  "normalize_target": true,
  "target_min": 0.0,
  "target_max": 1.0,
  "loss_alpha": 0.7,
  "loss_beta": 0.3,
  "loss_temperature": 0.5
}
2026-02-05 15:30:47,557 - INFO - Starting TI treatment response REGRESSION pipeline
2026-02-05 15:30:47,557 - INFO - Parsing Excel data with diff features...
2026-02-05 15:30:47,773 - INFO - Parsing patient data from Excel...
2026-02-05 15:30:47,836 - INFO - Found 0 valid patient samples with complete data
2026-02-05 15:30:47,837 - ERROR - No valid patients found. Exiting.
2026-02-05 15:35:49,601 - INFO - Using device: cuda
2026-02-05 15:35:49,602 - INFO - Hyperparameters: {
  "batch_size": 8,
  "learning_rate": 0.001,
  "num_epochs": 200,
  "hidden_dim": 512,
  "num_blocks": 4,
  "dropout": 0.3,
  "feature_type": "all",
  "normalize_target": true,
  "target_min": 0.0,
  "target_max": 1.0,
  "loss_alpha": 0.7,
  "loss_beta": 0.3,
  "loss_temperature": 0.5
}
2026-02-05 15:35:49,602 - INFO - Starting TI treatment response REGRESSION pipeline
2026-02-05 15:35:49,602 - INFO - Parsing Excel data with diff features...
2026-02-05 15:35:49,817 - INFO - Parsing patient data from Excel...
2026-02-05 15:36:23,466 - INFO - Using device: cuda
2026-02-05 15:36:23,467 - INFO - Hyperparameters: {
  "batch_size": 8,
  "learning_rate": 0.001,
  "num_epochs": 200,
  "hidden_dim": 512,
  "num_blocks": 4,
  "dropout": 0.3,
  "feature_type": "all",
  "normalize_target": true,
  "target_min": 0.0,
  "target_max": 1.0,
  "loss_alpha": 0.7,
  "loss_beta": 0.3,
  "loss_temperature": 0.5
}
2026-02-05 15:36:23,467 - INFO - Starting TI treatment response REGRESSION pipeline
2026-02-05 15:36:23,467 - INFO - Parsing Excel data with diff features...
2026-02-05 15:36:23,586 - INFO - Parsing patient data from Excel...
2026-02-05 15:36:23,662 - INFO - Improvement rate statistics:
2026-02-05 15:36:23,663 - INFO -   Min: -0.6429
2026-02-05 15:36:23,663 - INFO -   Max: 0.4545
2026-02-05 15:36:23,663 - INFO -   Mean: 0.0739
2026-02-05 15:36:23,663 - INFO -   Std: 0.2170
2026-02-05 15:36:23,663 - INFO - Found 88 valid patient samples with complete data
2026-02-05 15:36:23,663 - INFO - Preparing features and labels for regression...
2026-02-05 15:36:29,392 - INFO - Normalized target values to [0, 1], original range: [0.0, 1.0]
2026-02-05 15:36:29,392 - INFO - Final dataset: 88 samples, 365 features
2026-02-05 15:36:29,392 - INFO - Target range: [0.0000, 0.4545], Mean: 0.1274, Std: 0.1327
2026-02-05 15:36:29,392 - INFO - 
============================================================
2026-02-05 15:36:29,392 - INFO - Starting Regression Cross-Validation: TI_Treatment_Regression_all
2026-02-05 15:36:29,392 - INFO - Total samples: 88 | Target range: [0.0000, 0.4545]
2026-02-05 15:36:29,393 - INFO - 
--- Fold 1/5 ---
2026-02-05 15:36:29,393 - INFO - Train size: 70, Test size: 18
2026-02-05 15:36:29,393 - INFO - Train target - Mean: 0.1267, Std: 0.1307
2026-02-05 15:36:29,393 - INFO - Test target  - Mean: 0.1303, Std: 0.1404
2026-02-05 15:36:30,584 - INFO - Training fold 1 with early stopping (patience=50)...
2026-02-05 15:36:31,100 - INFO - Epoch 1/200 | Train Loss: 0.263295 | Val Loss: 0.265708 | Best: inf (ep 1)
2026-02-05 15:36:31,388 - INFO - Epoch 10/200 | Train Loss: 0.192395 | Val Loss: 0.291014 | Best: inf (ep 1)
2026-02-05 15:36:31,707 - INFO - Epoch 20/200 | Train Loss: 0.185808 | Val Loss: 0.317040 | Best: inf (ep 1)
2026-02-05 15:36:32,026 - INFO - Epoch 30/200 | Train Loss: 0.120959 | Val Loss: 0.242593 | Best: inf (ep 1)
2026-02-05 15:36:32,344 - INFO - Epoch 40/200 | Train Loss: 0.094824 | Val Loss: 0.193222 | Best: inf (ep 1)
2026-02-05 15:36:32,665 - INFO - Epoch 50/200 | Train Loss: 0.065246 | Val Loss: 0.200885 | Best: inf (ep 1)
2026-02-05 15:36:33,025 - INFO - Epoch 60/200 | Train Loss: 0.058978 | Val Loss: 0.201675 | Best: 0.187558 (ep 57)
2026-02-05 15:36:33,343 - INFO - Epoch 70/200 | Train Loss: 0.051348 | Val Loss: 0.207534 | Best: 0.187558 (ep 57)
2026-02-05 15:36:33,662 - INFO - Epoch 80/200 | Train Loss: 0.057183 | Val Loss: 0.232015 | Best: 0.187558 (ep 57)
2026-02-05 15:36:33,981 - INFO - Epoch 90/200 | Train Loss: 0.065495 | Val Loss: 0.222166 | Best: 0.187558 (ep 57)
2026-02-05 15:36:34,299 - INFO - Epoch 100/200 | Train Loss: 0.066666 | Val Loss: 0.211410 | Best: 0.187558 (ep 57)
2026-02-05 15:36:34,521 - INFO - Early stopping at epoch 107! Best val loss: 0.187558 at epoch 57
2026-02-05 15:36:34,532 - INFO - Loaded best model from epoch 57
2026-02-05 15:36:34,553 - INFO - Fold 1 Results - MSE: 0.0134, MAE: 0.0937, R²: 0.3218, Pearson r: 0.7866 (p=1.0807e-04), Spearman r: 0.3997 (p=1.0035e-01)
2026-02-05 15:36:34,553 - INFO - 
--- Fold 2/5 ---
2026-02-05 15:36:34,553 - INFO - Train size: 70, Test size: 18
2026-02-05 15:36:34,553 - INFO - Train target - Mean: 0.1374, Std: 0.1373
2026-02-05 15:36:34,553 - INFO - Test target  - Mean: 0.0886, Std: 0.1046
2026-02-05 15:36:34,568 - INFO - Training fold 2 with early stopping (patience=50)...
2026-02-05 15:36:34,601 - INFO - Epoch 1/200 | Train Loss: 0.284391 | Val Loss: 0.300275 | Best: inf (ep 1)
2026-02-05 15:36:34,890 - INFO - Epoch 10/200 | Train Loss: 0.171516 | Val Loss: 0.206817 | Best: inf (ep 1)
2026-02-05 15:36:35,209 - INFO - Epoch 20/200 | Train Loss: 0.114204 | Val Loss: 0.282979 | Best: inf (ep 1)
2026-02-05 15:36:35,526 - INFO - Epoch 30/200 | Train Loss: 0.096898 | Val Loss: 0.245964 | Best: inf (ep 1)
2026-02-05 15:36:35,844 - INFO - Epoch 40/200 | Train Loss: 0.081779 | Val Loss: 0.193071 | Best: inf (ep 1)
2026-02-05 15:36:36,164 - INFO - Epoch 50/200 | Train Loss: 0.105128 | Val Loss: 0.226771 | Best: inf (ep 1)
2026-02-05 15:36:36,504 - INFO - Epoch 60/200 | Train Loss: 0.059724 | Val Loss: 0.235010 | Best: 0.210855 (ep 52)
2026-02-05 15:36:36,822 - INFO - Epoch 70/200 | Train Loss: 0.059883 | Val Loss: 0.253980 | Best: 0.210855 (ep 52)
2026-02-05 15:36:37,136 - INFO - Epoch 80/200 | Train Loss: 0.057640 | Val Loss: 0.272393 | Best: 0.210855 (ep 52)
2026-02-05 15:36:37,452 - INFO - Epoch 90/200 | Train Loss: 0.045638 | Val Loss: 0.271487 | Best: 0.210855 (ep 52)
2026-02-05 15:36:37,765 - INFO - Epoch 100/200 | Train Loss: 0.053633 | Val Loss: 0.290356 | Best: 0.210855 (ep 52)
2026-02-05 15:36:37,828 - INFO - Early stopping at epoch 102! Best val loss: 0.210855 at epoch 52
2026-02-05 15:36:37,839 - INFO - Loaded best model from epoch 52
2026-02-05 15:36:37,849 - INFO - Fold 2 Results - MSE: 0.0095, MAE: 0.0815, R²: 0.1335, Pearson r: 0.4877 (p=4.0068e-02), Spearman r: 0.3480 (p=1.5698e-01)
2026-02-05 15:36:37,849 - INFO - 
--- Fold 3/5 ---
2026-02-05 15:36:37,849 - INFO - Train size: 70, Test size: 18
2026-02-05 15:36:37,850 - INFO - Train target - Mean: 0.1249, Std: 0.1293
2026-02-05 15:36:37,850 - INFO - Test target  - Mean: 0.1372, Std: 0.1449
2026-02-05 15:36:37,868 - INFO - Training fold 3 with early stopping (patience=50)...
2026-02-05 15:36:37,901 - INFO - Epoch 1/200 | Train Loss: 0.223718 | Val Loss: 0.311962 | Best: inf (ep 1)
2026-02-05 15:36:38,183 - INFO - Epoch 10/200 | Train Loss: 0.159200 | Val Loss: 0.335928 | Best: inf (ep 1)
2026-02-05 15:36:38,497 - INFO - Epoch 20/200 | Train Loss: 0.115007 | Val Loss: 0.291045 | Best: inf (ep 1)
2026-02-05 15:36:38,811 - INFO - Epoch 30/200 | Train Loss: 0.141883 | Val Loss: 0.368536 | Best: inf (ep 1)
2026-02-05 15:36:39,125 - INFO - Epoch 40/200 | Train Loss: 0.324769 | Val Loss: 0.327866 | Best: inf (ep 1)
2026-02-05 15:36:39,439 - INFO - Epoch 50/200 | Train Loss: 0.323032 | Val Loss: 0.327866 | Best: inf (ep 1)
2026-02-05 15:36:39,764 - INFO - Epoch 60/200 | Train Loss: 0.322610 | Val Loss: 0.327866 | Best: 0.327866 (ep 51)
2026-02-05 15:36:40,077 - INFO - Epoch 70/200 | Train Loss: 0.322686 | Val Loss: 0.327866 | Best: 0.327866 (ep 51)
2026-02-05 15:36:40,391 - INFO - Epoch 80/200 | Train Loss: 0.322438 | Val Loss: 0.327866 | Best: 0.327866 (ep 51)
2026-02-05 15:36:40,705 - INFO - Epoch 90/200 | Train Loss: 0.323855 | Val Loss: 0.327866 | Best: 0.327866 (ep 51)
2026-02-05 15:36:41,019 - INFO - Epoch 100/200 | Train Loss: 0.322302 | Val Loss: 0.327866 | Best: 0.327866 (ep 51)
2026-02-05 15:36:41,051 - INFO - Early stopping at epoch 101! Best val loss: 0.327866 at epoch 51
2026-02-05 15:36:41,062 - INFO - Loaded best model from epoch 51
2026-02-05 15:36:41,071 - INFO - Fold 3 Results - MSE: 0.0398, MAE: 0.1372, R²: -0.8963, Pearson r: nan (p=nan), Spearman r: nan (p=nan)
2026-02-05 15:36:41,071 - INFO - 
--- Fold 4/5 ---
2026-02-05 15:36:41,071 - INFO - Train size: 71, Test size: 17
2026-02-05 15:36:41,071 - INFO - Train target - Mean: 0.1267, Std: 0.1313
2026-02-05 15:36:41,071 - INFO - Test target  - Mean: 0.1304, Std: 0.1387
2026-02-05 15:36:41,087 - INFO - Training fold 4 with early stopping (patience=50)...
2026-02-05 15:36:41,120 - INFO - Epoch 1/200 | Train Loss: 0.320838 | Val Loss: nan | Best: inf (ep 1)
2026-02-05 15:36:41,401 - INFO - Epoch 10/200 | Train Loss: 0.253769 | Val Loss: nan | Best: inf (ep 1)
2026-02-05 15:36:41,714 - INFO - Epoch 20/200 | Train Loss: 0.132148 | Val Loss: nan | Best: inf (ep 1)
2026-02-05 15:36:42,028 - INFO - Epoch 30/200 | Train Loss: 0.153515 | Val Loss: nan | Best: inf (ep 1)
2026-02-05 15:36:42,340 - INFO - Epoch 40/200 | Train Loss: 0.122754 | Val Loss: nan | Best: inf (ep 1)
2026-02-05 15:36:42,653 - INFO - Epoch 50/200 | Train Loss: 0.091114 | Val Loss: nan | Best: inf (ep 1)
2026-02-05 15:36:42,966 - INFO - Epoch 60/200 | Train Loss: 0.059568 | Val Loss: nan | Best: inf (ep 1)
2026-02-05 15:36:43,279 - INFO - Epoch 70/200 | Train Loss: 0.061121 | Val Loss: nan | Best: inf (ep 1)
2026-02-05 15:36:43,591 - INFO - Epoch 80/200 | Train Loss: 0.052807 | Val Loss: nan | Best: inf (ep 1)
2026-02-05 15:36:43,904 - INFO - Epoch 90/200 | Train Loss: 0.053695 | Val Loss: nan | Best: inf (ep 1)
2026-02-05 15:36:44,217 - INFO - Early stopping at epoch 100! Best val loss: inf at epoch 1
2026-02-05 15:36:44,227 - INFO - Fold 4 Results - MSE: 0.0179, MAE: 0.0957, R²: 0.0689, Pearson r: 0.6259 (p=7.1956e-03), Spearman r: 0.5386 (p=2.5692e-02)
2026-02-05 15:36:44,228 - INFO - 
--- Fold 5/5 ---
2026-02-05 15:36:44,228 - INFO - Train size: 71, Test size: 17
2026-02-05 15:36:44,228 - INFO - Train target - Mean: 0.1215, Std: 0.1345
2026-02-05 15:36:44,228 - INFO - Test target  - Mean: 0.1521, Std: 0.1223
2026-02-05 15:36:44,244 - INFO - Training fold 5 with early stopping (patience=50)...
2026-02-05 15:36:44,277 - INFO - Epoch 1/200 | Train Loss: 0.341226 | Val Loss: nan | Best: inf (ep 1)
2026-02-05 15:36:44,558 - INFO - Epoch 10/200 | Train Loss: 0.121886 | Val Loss: nan | Best: inf (ep 1)
2026-02-05 15:36:44,873 - INFO - Epoch 20/200 | Train Loss: 0.144693 | Val Loss: nan | Best: inf (ep 1)
2026-02-05 15:36:45,186 - INFO - Epoch 30/200 | Train Loss: 0.144473 | Val Loss: nan | Best: inf (ep 1)
2026-02-05 15:36:45,498 - INFO - Epoch 40/200 | Train Loss: 0.086549 | Val Loss: nan | Best: inf (ep 1)
2026-02-05 15:36:45,811 - INFO - Epoch 50/200 | Train Loss: 0.092249 | Val Loss: nan | Best: inf (ep 1)
2026-02-05 15:36:46,123 - INFO - Epoch 60/200 | Train Loss: 0.063769 | Val Loss: nan | Best: inf (ep 1)
2026-02-05 15:36:46,436 - INFO - Epoch 70/200 | Train Loss: 0.072615 | Val Loss: nan | Best: inf (ep 1)
2026-02-05 15:36:46,748 - INFO - Epoch 80/200 | Train Loss: 0.058889 | Val Loss: nan | Best: inf (ep 1)
2026-02-05 15:36:47,061 - INFO - Epoch 90/200 | Train Loss: 0.071079 | Val Loss: nan | Best: inf (ep 1)
2026-02-05 15:36:47,374 - INFO - Early stopping at epoch 100! Best val loss: inf at epoch 1
2026-02-05 15:36:47,384 - INFO - Fold 5 Results - MSE: 0.0075, MAE: 0.0691, R²: 0.4956, Pearson r: 0.7530 (p=4.8432e-04), Spearman r: 0.7674 (p=3.2300e-04)
2026-02-05 15:36:47,406 - INFO - Combined results saved to TI_Treatment_Regression_all_all_folds_combined.csv
2026-02-05 15:36:47,410 - INFO - 
============================================================
2026-02-05 15:36:47,410 - INFO - FINAL CROSS-VALIDATION RESULTS FOR: TI_Treatment_Regression_all
2026-02-05 15:36:47,410 - INFO - ----------------------------------------
2026-02-05 15:36:47,410 - INFO - MSE         : 0.0176 ± 0.0116
2026-02-05 15:36:47,410 - INFO - RMSE        : 0.1267 ± 0.0398
2026-02-05 15:36:47,411 - INFO - MAE         : 0.0954 ± 0.0229
2026-02-05 15:36:47,411 - INFO - R2          : 0.0247 ± 0.4841
2026-02-05 15:36:47,411 - INFO - PEARSON_R   : 0.6633 ± 0.1178
2026-02-05 15:36:47,411 - INFO - PEARSON_P   : 0.0120 ± 0.0165
2026-02-05 15:36:47,411 - INFO - SPEARMAN_R  : 0.5134 ± 0.1624
2026-02-05 15:36:47,411 - INFO - SPEARMAN_P  : 0.0708 ± 0.0619
2026-02-05 15:36:47,411 - INFO - ============================================================

2026-02-05 15:36:47,425 - INFO - Results saved to final_results_TI_Treatment_Regression_all.json
2026-02-05 15:36:47,425 - INFO - Total execution time: 23.96 seconds
2026-02-05 16:06:51,639 - INFO - Using device: cuda
2026-02-05 16:06:51,640 - INFO - Hyperparameters: {
  "batch_size": 8,
  "learning_rate": 0.001,
  "num_epochs": 200,
  "hidden_dim": 512,
  "num_blocks": 4,
  "dropout": 0.3,
  "feature_type": "all",
  "normalize_target": true,
  "target_min": 0.0,
  "target_max": 1.0,
  "loss_alpha": 0.7,
  "loss_beta": 0.3,
  "loss_temperature": 0.5
}
2026-02-05 16:06:51,640 - INFO - Starting TI treatment response REGRESSION pipeline
2026-02-05 16:06:51,640 - INFO - Parsing Excel data with diff features...
2026-02-05 16:06:51,861 - INFO - Parsing patient data from Excel...
2026-02-05 16:06:52,053 - INFO - Improvement rate statistics:
2026-02-05 16:06:52,053 - INFO -   Min: -0.6429
2026-02-05 16:06:52,053 - INFO -   Max: 0.4545
2026-02-05 16:06:52,053 - INFO -   Mean: 0.0739
2026-02-05 16:06:52,053 - INFO -   Std: 0.2170
2026-02-05 16:06:52,053 - INFO - Found 88 valid patient samples with complete data
2026-02-05 16:06:52,054 - INFO - Preparing features and labels for regression...
2026-02-05 16:06:57,909 - INFO - Normalized target values to [0, 1], original range: [0.0, 1.0]
2026-02-05 16:06:57,909 - INFO - Final dataset: 88 samples, 365 features
2026-02-05 16:06:57,909 - INFO - Target range: [0.0000, 0.4545], Mean: 0.1274, Std: 0.1327
2026-02-05 16:06:57,909 - INFO - 
============================================================
2026-02-05 16:06:57,909 - INFO - Starting Regression Cross-Validation: TI_Treatment_Regression_all
2026-02-05 16:06:57,909 - INFO - Total samples: 88 | Target range: [0.0000, 0.4545]
2026-02-05 16:06:57,910 - INFO - 
--- Fold 1/5 ---
2026-02-05 16:06:57,910 - INFO - Train size: 70, Test size: 18
2026-02-05 16:06:57,910 - INFO - Train target - Mean: 0.1267, Std: 0.1307
2026-02-05 16:06:57,910 - INFO - Test target  - Mean: 0.1303, Std: 0.1404
2026-02-05 16:06:58,922 - INFO - Training fold 1 with early stopping (patience=50)...
2026-02-05 16:06:59,442 - INFO - Epoch 1/200 | Train Loss: 0.263295 | Val Loss: 0.265708 | Best: inf (ep 1)
2026-02-05 16:06:59,728 - INFO - Epoch 10/200 | Train Loss: 0.192395 | Val Loss: 0.291014 | Best: inf (ep 1)
2026-02-05 16:07:00,045 - INFO - Epoch 20/200 | Train Loss: 0.185808 | Val Loss: 0.317040 | Best: inf (ep 1)
2026-02-05 16:07:00,362 - INFO - Epoch 30/200 | Train Loss: 0.120959 | Val Loss: 0.242593 | Best: inf (ep 1)
2026-02-05 16:07:00,678 - INFO - Epoch 40/200 | Train Loss: 0.094824 | Val Loss: 0.193222 | Best: inf (ep 1)
2026-02-05 16:07:00,997 - INFO - Epoch 50/200 | Train Loss: 0.065246 | Val Loss: 0.200885 | Best: inf (ep 1)
2026-02-05 16:07:01,349 - INFO - Epoch 60/200 | Train Loss: 0.058978 | Val Loss: 0.201675 | Best: 0.187558 (ep 57)
2026-02-05 16:07:01,666 - INFO - Epoch 70/200 | Train Loss: 0.051348 | Val Loss: 0.207534 | Best: 0.187558 (ep 57)
2026-02-05 16:07:01,983 - INFO - Epoch 80/200 | Train Loss: 0.057183 | Val Loss: 0.232015 | Best: 0.187558 (ep 57)
2026-02-05 16:07:02,300 - INFO - Epoch 90/200 | Train Loss: 0.065495 | Val Loss: 0.222166 | Best: 0.187558 (ep 57)
2026-02-05 16:07:02,616 - INFO - Epoch 100/200 | Train Loss: 0.066666 | Val Loss: 0.211410 | Best: 0.187558 (ep 57)
2026-02-05 16:07:02,838 - INFO - Early stopping at epoch 107! Best val loss: 0.187558 at epoch 57
2026-02-05 16:07:02,848 - INFO - Loaded best model from epoch 57
2026-02-05 16:07:02,860 - INFO - Fold 1 Results - MSE: 0.0134, MAE: 0.0937, R²: 0.3218, Pearson r: 0.7866 (p=1.0807e-04), Spearman r: 0.3997 (p=1.0035e-01)
2026-02-05 16:07:02,860 - INFO - 
--- Fold 2/5 ---
2026-02-05 16:07:02,860 - INFO - Train size: 70, Test size: 18
2026-02-05 16:07:02,860 - INFO - Train target - Mean: 0.1374, Std: 0.1373
2026-02-05 16:07:02,860 - INFO - Test target  - Mean: 0.0886, Std: 0.1046
2026-02-05 16:07:02,876 - INFO - Training fold 2 with early stopping (patience=50)...
2026-02-05 16:07:02,909 - INFO - Epoch 1/200 | Train Loss: 0.284391 | Val Loss: 0.300275 | Best: inf (ep 1)
2026-02-05 16:07:03,195 - INFO - Epoch 10/200 | Train Loss: 0.171516 | Val Loss: 0.206817 | Best: inf (ep 1)
2026-02-05 16:07:03,511 - INFO - Epoch 20/200 | Train Loss: 0.114204 | Val Loss: 0.282979 | Best: inf (ep 1)
2026-02-05 16:07:03,827 - INFO - Epoch 30/200 | Train Loss: 0.096898 | Val Loss: 0.245964 | Best: inf (ep 1)
2026-02-05 16:07:04,143 - INFO - Epoch 40/200 | Train Loss: 0.081779 | Val Loss: 0.193071 | Best: inf (ep 1)
2026-02-05 16:07:04,458 - INFO - Epoch 50/200 | Train Loss: 0.105128 | Val Loss: 0.226771 | Best: inf (ep 1)
2026-02-05 16:07:04,797 - INFO - Epoch 60/200 | Train Loss: 0.059724 | Val Loss: 0.235010 | Best: 0.210855 (ep 52)
2026-02-05 16:07:05,113 - INFO - Epoch 70/200 | Train Loss: 0.059883 | Val Loss: 0.253980 | Best: 0.210855 (ep 52)
2026-02-05 16:07:05,430 - INFO - Epoch 80/200 | Train Loss: 0.057640 | Val Loss: 0.272393 | Best: 0.210855 (ep 52)
2026-02-05 16:07:05,746 - INFO - Epoch 90/200 | Train Loss: 0.045638 | Val Loss: 0.271487 | Best: 0.210855 (ep 52)
2026-02-05 16:07:06,062 - INFO - Epoch 100/200 | Train Loss: 0.053633 | Val Loss: 0.290356 | Best: 0.210855 (ep 52)
2026-02-05 16:07:06,126 - INFO - Early stopping at epoch 102! Best val loss: 0.210855 at epoch 52
2026-02-05 16:07:06,135 - INFO - Loaded best model from epoch 52
2026-02-05 16:07:06,143 - INFO - Fold 2 Results - MSE: 0.0095, MAE: 0.0815, R²: 0.1335, Pearson r: 0.4877 (p=4.0068e-02), Spearman r: 0.3480 (p=1.5698e-01)
2026-02-05 16:07:06,143 - INFO - 
--- Fold 3/5 ---
2026-02-05 16:07:06,143 - INFO - Train size: 70, Test size: 18
2026-02-05 16:07:06,143 - INFO - Train target - Mean: 0.1249, Std: 0.1293
2026-02-05 16:07:06,143 - INFO - Test target  - Mean: 0.1372, Std: 0.1449
2026-02-05 16:07:06,159 - INFO - Training fold 3 with early stopping (patience=50)...
2026-02-05 16:07:06,191 - INFO - Epoch 1/200 | Train Loss: 0.223718 | Val Loss: 0.311962 | Best: inf (ep 1)
2026-02-05 16:07:06,476 - INFO - Epoch 10/200 | Train Loss: 0.159200 | Val Loss: 0.335928 | Best: inf (ep 1)
2026-02-05 16:07:06,792 - INFO - Epoch 20/200 | Train Loss: 0.115007 | Val Loss: 0.291045 | Best: inf (ep 1)
2026-02-05 16:07:07,110 - INFO - Epoch 30/200 | Train Loss: 0.141883 | Val Loss: 0.368536 | Best: inf (ep 1)
2026-02-05 16:07:07,426 - INFO - Epoch 40/200 | Train Loss: 0.324769 | Val Loss: 0.327866 | Best: inf (ep 1)
2026-02-05 16:07:07,743 - INFO - Epoch 50/200 | Train Loss: 0.323032 | Val Loss: 0.327866 | Best: inf (ep 1)
2026-02-05 16:07:08,068 - INFO - Epoch 60/200 | Train Loss: 0.322610 | Val Loss: 0.327866 | Best: 0.327866 (ep 51)
2026-02-05 16:07:08,384 - INFO - Epoch 70/200 | Train Loss: 0.322686 | Val Loss: 0.327866 | Best: 0.327866 (ep 51)
2026-02-05 16:07:08,699 - INFO - Epoch 80/200 | Train Loss: 0.322438 | Val Loss: 0.327866 | Best: 0.327866 (ep 51)
2026-02-05 16:07:09,015 - INFO - Epoch 90/200 | Train Loss: 0.323855 | Val Loss: 0.327866 | Best: 0.327866 (ep 51)
2026-02-05 16:07:09,332 - INFO - Epoch 100/200 | Train Loss: 0.322302 | Val Loss: 0.327866 | Best: 0.327866 (ep 51)
2026-02-05 16:07:09,364 - INFO - Early stopping at epoch 101! Best val loss: 0.327866 at epoch 51
2026-02-05 16:07:09,373 - INFO - Loaded best model from epoch 51
2026-02-05 16:07:09,382 - INFO - Fold 3 Results - MSE: 0.0398, MAE: 0.1372, R²: -0.8963, Pearson r: nan (p=nan), Spearman r: nan (p=nan)
2026-02-05 16:07:09,382 - INFO - 
--- Fold 4/5 ---
2026-02-05 16:07:09,382 - INFO - Train size: 71, Test size: 17
2026-02-05 16:07:09,382 - INFO - Train target - Mean: 0.1267, Std: 0.1313
2026-02-05 16:07:09,382 - INFO - Test target  - Mean: 0.1304, Std: 0.1387
2026-02-05 16:07:09,398 - INFO - Training fold 4 with early stopping (patience=50)...
2026-02-05 16:07:09,431 - INFO - Epoch 1/200 | Train Loss: 0.320838 | Val Loss: nan | Best: inf (ep 1)
2026-02-05 16:07:09,716 - INFO - Epoch 10/200 | Train Loss: 0.253769 | Val Loss: nan | Best: inf (ep 1)
2026-02-05 16:07:10,033 - INFO - Epoch 20/200 | Train Loss: 0.132148 | Val Loss: nan | Best: inf (ep 1)
2026-02-05 16:07:10,349 - INFO - Epoch 30/200 | Train Loss: 0.153515 | Val Loss: nan | Best: inf (ep 1)
2026-02-05 16:07:10,666 - INFO - Epoch 40/200 | Train Loss: 0.122754 | Val Loss: nan | Best: inf (ep 1)
2026-02-05 16:07:10,982 - INFO - Epoch 50/200 | Train Loss: 0.091114 | Val Loss: nan | Best: inf (ep 1)
2026-02-05 16:07:11,300 - INFO - Epoch 60/200 | Train Loss: 0.059568 | Val Loss: nan | Best: inf (ep 1)
2026-02-05 16:07:11,617 - INFO - Epoch 70/200 | Train Loss: 0.061121 | Val Loss: nan | Best: inf (ep 1)
2026-02-05 16:07:11,933 - INFO - Epoch 80/200 | Train Loss: 0.052807 | Val Loss: nan | Best: inf (ep 1)
2026-02-05 16:07:12,249 - INFO - Epoch 90/200 | Train Loss: 0.053695 | Val Loss: nan | Best: inf (ep 1)
2026-02-05 16:07:12,566 - INFO - Early stopping at epoch 100! Best val loss: inf at epoch 1
2026-02-05 16:07:12,575 - INFO - Fold 4 Results - MSE: 0.0179, MAE: 0.0957, R²: 0.0689, Pearson r: 0.6259 (p=7.1956e-03), Spearman r: 0.5386 (p=2.5692e-02)
2026-02-05 16:07:12,575 - INFO - 
--- Fold 5/5 ---
2026-02-05 16:07:12,575 - INFO - Train size: 71, Test size: 17
2026-02-05 16:07:12,575 - INFO - Train target - Mean: 0.1215, Std: 0.1345
2026-02-05 16:07:12,576 - INFO - Test target  - Mean: 0.1521, Std: 0.1223
2026-02-05 16:07:12,591 - INFO - Training fold 5 with early stopping (patience=50)...
2026-02-05 16:07:12,624 - INFO - Epoch 1/200 | Train Loss: 0.341226 | Val Loss: nan | Best: inf (ep 1)
2026-02-05 16:07:12,908 - INFO - Epoch 10/200 | Train Loss: 0.121886 | Val Loss: nan | Best: inf (ep 1)
2026-02-05 16:07:13,224 - INFO - Epoch 20/200 | Train Loss: 0.144693 | Val Loss: nan | Best: inf (ep 1)
2026-02-05 16:07:13,539 - INFO - Epoch 30/200 | Train Loss: 0.144473 | Val Loss: nan | Best: inf (ep 1)
2026-02-05 16:07:13,856 - INFO - Epoch 40/200 | Train Loss: 0.086549 | Val Loss: nan | Best: inf (ep 1)
2026-02-05 16:07:14,171 - INFO - Epoch 50/200 | Train Loss: 0.092249 | Val Loss: nan | Best: inf (ep 1)
2026-02-05 16:07:14,487 - INFO - Epoch 60/200 | Train Loss: 0.063769 | Val Loss: nan | Best: inf (ep 1)
2026-02-05 16:07:14,855 - INFO - Epoch 70/200 | Train Loss: 0.072615 | Val Loss: nan | Best: inf (ep 1)
2026-02-05 16:07:15,170 - INFO - Epoch 80/200 | Train Loss: 0.058889 | Val Loss: nan | Best: inf (ep 1)
2026-02-05 16:07:15,485 - INFO - Epoch 90/200 | Train Loss: 0.071079 | Val Loss: nan | Best: inf (ep 1)
2026-02-05 16:07:15,874 - INFO - Early stopping at epoch 100! Best val loss: inf at epoch 1
2026-02-05 16:07:15,882 - INFO - Fold 5 Results - MSE: 0.0075, MAE: 0.0691, R²: 0.4956, Pearson r: 0.7530 (p=4.8432e-04), Spearman r: 0.7674 (p=3.2300e-04)
2026-02-05 16:07:15,885 - INFO - Combined results saved to TI_Treatment_Regression_all_all_folds_combined.csv
2026-02-05 16:07:15,889 - INFO - 
============================================================
2026-02-05 16:07:15,889 - INFO - FINAL CROSS-VALIDATION RESULTS FOR: TI_Treatment_Regression_all
2026-02-05 16:07:15,889 - INFO - ----------------------------------------
2026-02-05 16:07:15,889 - INFO - MSE         : 0.0176 ± 0.0116
2026-02-05 16:07:15,889 - INFO - RMSE        : 0.1267 ± 0.0398
2026-02-05 16:07:15,890 - INFO - MAE         : 0.0954 ± 0.0229
2026-02-05 16:07:15,890 - INFO - R2          : 0.0247 ± 0.4841
2026-02-05 16:07:15,890 - INFO - PEARSON_R   : 0.6633 ± 0.1178
2026-02-05 16:07:15,890 - INFO - PEARSON_P   : 0.0120 ± 0.0165
2026-02-05 16:07:15,890 - INFO - SPEARMAN_R  : 0.5134 ± 0.1624
2026-02-05 16:07:15,890 - INFO - SPEARMAN_P  : 0.0708 ± 0.0619
2026-02-05 16:07:15,890 - INFO - ============================================================

2026-02-05 16:07:15,893 - INFO - Results saved to final_results_TI_Treatment_Regression_all.json
2026-02-05 16:07:15,893 - INFO - Total execution time: 24.25 seconds
2026-02-05 16:10:31,557 - INFO - Using device: cuda
2026-02-05 16:10:31,557 - INFO - Hyperparameters: {
  "batch_size": 8,
  "learning_rate": 0.001,
  "num_epochs": 200,
  "hidden_dim": 512,
  "num_blocks": 4,
  "dropout": 0.3,
  "feature_type": "all",
  "normalize_target": true,
  "target_min": 0.0,
  "target_max": 1.0,
  "loss_alpha": 0.7,
  "loss_beta": 0.3,
  "loss_temperature": 0.5
}
2026-02-05 16:10:31,558 - INFO - Starting TI treatment response REGRESSION pipeline
2026-02-05 16:10:31,558 - INFO - Parsing Excel data with diff features...
2026-02-05 16:10:31,673 - INFO - Parsing patient data from Excel...
2026-02-05 16:10:32,427 - INFO - Improvement rate statistics:
2026-02-05 16:10:32,427 - INFO -   Min: -0.6429
2026-02-05 16:10:32,427 - INFO -   Max: 0.4545
2026-02-05 16:10:32,428 - INFO -   Mean: 0.0731
2026-02-05 16:10:32,428 - INFO -   Std: 0.2026
2026-02-05 16:10:32,428 - INFO - Found 102 valid patient samples with complete data
2026-02-05 16:10:32,428 - INFO - Preparing features and labels for regression...
2026-02-05 16:10:32,942 - INFO - Normalized target values to [0, 1], original range: [0.0, 1.0]
2026-02-05 16:10:32,943 - INFO - Final dataset: 102 samples, 365 features
2026-02-05 16:10:32,943 - INFO - Target range: [0.0000, 0.4545], Mean: 0.1193, Std: 0.1266
2026-02-05 16:10:32,943 - INFO - 
============================================================
2026-02-05 16:10:32,943 - INFO - Starting Regression Cross-Validation: TI_Treatment_Regression_all
2026-02-05 16:10:32,943 - INFO - Total samples: 102 | Target range: [0.0000, 0.4545]
2026-02-05 16:10:32,943 - INFO - 
--- Fold 1/5 ---
2026-02-05 16:10:32,943 - INFO - Train size: 81, Test size: 21
2026-02-05 16:10:32,943 - INFO - Train target - Mean: 0.1085, Std: 0.1185
2026-02-05 16:10:32,943 - INFO - Test target  - Mean: 0.1608, Std: 0.1468
2026-02-05 16:10:33,680 - INFO - Training fold 1 with early stopping (patience=50)...
2026-02-05 16:10:33,923 - INFO - Epoch 1/200 | Train Loss: nan | Val Loss: nan | Best: inf (ep 1)
2026-02-05 16:10:34,263 - INFO - Epoch 10/200 | Train Loss: nan | Val Loss: nan | Best: inf (ep 1)
2026-02-05 16:10:34,639 - INFO - Epoch 20/200 | Train Loss: nan | Val Loss: nan | Best: inf (ep 1)
2026-02-05 16:10:35,016 - INFO - Epoch 30/200 | Train Loss: nan | Val Loss: nan | Best: inf (ep 1)
2026-02-05 16:10:35,392 - INFO - Epoch 40/200 | Train Loss: nan | Val Loss: nan | Best: inf (ep 1)
2026-02-05 16:10:35,770 - INFO - Epoch 50/200 | Train Loss: nan | Val Loss: nan | Best: inf (ep 1)
2026-02-05 16:10:36,146 - INFO - Epoch 60/200 | Train Loss: nan | Val Loss: nan | Best: inf (ep 1)
2026-02-05 16:10:36,522 - INFO - Epoch 70/200 | Train Loss: nan | Val Loss: nan | Best: inf (ep 1)
2026-02-05 16:10:36,900 - INFO - Epoch 80/200 | Train Loss: nan | Val Loss: nan | Best: inf (ep 1)
2026-02-05 16:10:37,276 - INFO - Epoch 90/200 | Train Loss: nan | Val Loss: nan | Best: inf (ep 1)
2026-02-05 16:10:37,653 - INFO - Early stopping at epoch 100! Best val loss: inf at epoch 1
2026-02-05 16:20:38,173 - INFO - Using device: cuda
2026-02-05 16:20:38,173 - INFO - Hyperparameters: {
  "batch_size": 8,
  "learning_rate": 0.001,
  "num_epochs": 200,
  "hidden_dim": 512,
  "num_blocks": 4,
  "dropout": 0.3,
  "feature_type": "all",
  "normalize_target": true,
  "target_min": 0.0,
  "target_max": 1.0,
  "loss_alpha": 0.7,
  "loss_beta": 0.3,
  "loss_temperature": 0.5
}
2026-02-05 16:20:38,174 - INFO - Starting TI treatment response REGRESSION pipeline
2026-02-05 16:20:38,174 - INFO - Parsing Excel data with diff features...
2026-02-05 16:20:38,289 - INFO - Parsing patient data from Excel...
2026-02-05 16:20:38,469 - INFO - Improvement rate statistics:
2026-02-05 16:20:38,469 - INFO -   Min: -0.6429
2026-02-05 16:20:38,469 - INFO -   Max: 0.4545
2026-02-05 16:20:38,469 - INFO -   Mean: 0.0729
2026-02-05 16:20:38,470 - INFO -   Std: 0.2007
2026-02-05 16:20:38,470 - INFO - Found 104 valid patient samples with complete data
2026-02-05 16:20:38,470 - INFO - Preparing features and labels for regression...
2026-02-05 16:20:38,626 - INFO - Normalized target values to [0, 1], original range: [0.0, 1.0]
2026-02-05 16:20:38,626 - INFO - Final dataset: 104 samples, 365 features
2026-02-05 16:20:38,626 - INFO - Target range: [0.0000, 0.4545], Mean: 0.1182, Std: 0.1256
2026-02-05 16:20:38,626 - INFO - 
============================================================
2026-02-05 16:20:38,626 - INFO - Starting Regression Cross-Validation: TI_Treatment_Regression_all
2026-02-05 16:20:38,626 - INFO - Total samples: 104 | Target range: [0.0000, 0.4545]
2026-02-05 16:20:38,627 - INFO - 
--- Fold 1/5 ---
2026-02-05 16:20:38,627 - INFO - Train size: 83, Test size: 21
2026-02-05 16:20:38,627 - INFO - Train target - Mean: 0.1096, Std: 0.1164
2026-02-05 16:20:38,627 - INFO - Test target  - Mean: 0.1522, Std: 0.1523
2026-02-05 16:20:39,361 - INFO - Training fold 1 with early stopping (patience=50)...
2026-02-05 16:20:39,576 - INFO - Epoch 1/200 | Train Loss: 0.296215 | Val Loss: 0.291320 | Best: inf (ep 1)
2026-02-05 16:20:39,914 - INFO - Epoch 10/200 | Train Loss: 0.318777 | Val Loss: 0.332457 | Best: inf (ep 1)
2026-02-05 16:20:40,289 - INFO - Epoch 20/200 | Train Loss: 0.318797 | Val Loss: 0.332457 | Best: inf (ep 1)
2026-02-05 16:20:40,664 - INFO - Epoch 30/200 | Train Loss: 0.317722 | Val Loss: 0.332457 | Best: inf (ep 1)
2026-02-05 16:20:41,039 - INFO - Epoch 40/200 | Train Loss: 0.318777 | Val Loss: 0.332457 | Best: inf (ep 1)
2026-02-05 16:20:41,416 - INFO - Epoch 50/200 | Train Loss: 0.317324 | Val Loss: 0.332457 | Best: inf (ep 1)
2026-02-05 16:20:41,802 - INFO - Epoch 60/200 | Train Loss: 0.319578 | Val Loss: 0.332457 | Best: 0.332457 (ep 51)
2026-02-05 16:20:42,176 - INFO - Epoch 70/200 | Train Loss: 0.317409 | Val Loss: 0.332457 | Best: 0.332457 (ep 51)
2026-02-05 16:20:42,558 - INFO - Epoch 80/200 | Train Loss: 0.316915 | Val Loss: 0.332457 | Best: 0.332457 (ep 51)
2026-02-05 16:20:42,931 - INFO - Epoch 90/200 | Train Loss: 0.318479 | Val Loss: 0.332457 | Best: 0.332457 (ep 51)
2026-02-05 16:20:43,305 - INFO - Epoch 100/200 | Train Loss: 0.320440 | Val Loss: 0.332457 | Best: 0.332457 (ep 51)
2026-02-05 16:20:43,342 - INFO - Early stopping at epoch 101! Best val loss: 0.332457 at epoch 51
2026-02-05 16:20:43,353 - INFO - Loaded best model from epoch 51
2026-02-05 16:20:43,365 - INFO - Fold 1 Results - MSE: 0.0464, MAE: 0.1522, R²: -0.9988, Pearson r: 0.4148 (p=6.1503e-02), Spearman r: 0.2551 (p=2.6446e-01)
2026-02-05 16:20:43,365 - INFO - 
--- Fold 2/5 ---
2026-02-05 16:20:43,366 - INFO - Train size: 83, Test size: 21
2026-02-05 16:20:43,366 - INFO - Train target - Mean: 0.1256, Std: 0.1305
2026-02-05 16:20:43,366 - INFO - Test target  - Mean: 0.0889, Std: 0.0988
2026-02-05 16:20:43,381 - INFO - Training fold 2 with early stopping (patience=50)...
2026-02-05 16:20:43,420 - INFO - Epoch 1/200 | Train Loss: 0.235173 | Val Loss: 0.386240 | Best: inf (ep 1)
2026-02-05 16:20:43,755 - INFO - Epoch 10/200 | Train Loss: 0.173806 | Val Loss: 0.251251 | Best: inf (ep 1)
2026-02-05 16:20:44,128 - INFO - Epoch 20/200 | Train Loss: 0.101122 | Val Loss: 0.257604 | Best: inf (ep 1)
2026-02-05 16:20:44,500 - INFO - Epoch 30/200 | Train Loss: 0.084940 | Val Loss: 0.196290 | Best: inf (ep 1)
2026-02-05 16:20:44,872 - INFO - Epoch 40/200 | Train Loss: 0.086951 | Val Loss: 0.227105 | Best: inf (ep 1)
2026-02-05 16:20:45,244 - INFO - Epoch 50/200 | Train Loss: 0.082200 | Val Loss: 0.218152 | Best: inf (ep 1)
2026-02-05 16:20:45,651 - INFO - Epoch 60/200 | Train Loss: 0.059391 | Val Loss: 0.280829 | Best: 0.188910 (ep 57)
2026-02-05 16:20:46,027 - INFO - Epoch 70/200 | Train Loss: 0.070970 | Val Loss: 0.329502 | Best: 0.188910 (ep 57)
2026-02-05 16:20:46,402 - INFO - Epoch 80/200 | Train Loss: 0.063873 | Val Loss: 0.284949 | Best: 0.188910 (ep 57)
2026-02-05 16:20:46,777 - INFO - Epoch 90/200 | Train Loss: 0.083080 | Val Loss: 0.285562 | Best: 0.188910 (ep 57)
2026-02-05 16:20:47,152 - INFO - Epoch 100/200 | Train Loss: 0.066694 | Val Loss: 0.310727 | Best: 0.188910 (ep 57)
2026-02-05 16:20:47,415 - INFO - Early stopping at epoch 107! Best val loss: 0.188910 at epoch 57
2026-02-05 16:20:47,425 - INFO - Loaded best model from epoch 57
2026-02-05 16:20:47,437 - INFO - Fold 2 Results - MSE: 0.0108, MAE: 0.0786, R²: -0.1082, Pearson r: 0.4407 (p=4.5522e-02), Spearman r: 0.0230 (p=9.2117e-01)
2026-02-05 16:20:47,437 - INFO - 
--- Fold 3/5 ---
2026-02-05 16:20:47,437 - INFO - Train size: 83, Test size: 21
2026-02-05 16:20:47,437 - INFO - Train target - Mean: 0.1158, Std: 0.1249
2026-02-05 16:20:47,437 - INFO - Test target  - Mean: 0.1276, Std: 0.1280
2026-02-05 16:20:47,455 - INFO - Training fold 3 with early stopping (patience=50)...
2026-02-05 16:20:47,493 - INFO - Epoch 1/200 | Train Loss: 0.288132 | Val Loss: 0.337338 | Best: inf (ep 1)
2026-02-05 16:20:47,830 - INFO - Epoch 10/200 | Train Loss: 0.175726 | Val Loss: 0.345285 | Best: inf (ep 1)
2026-02-05 16:20:48,205 - INFO - Epoch 20/200 | Train Loss: 0.861445 | Val Loss: 0.844194 | Best: inf (ep 1)
2026-02-05 16:20:48,581 - INFO - Epoch 30/200 | Train Loss: 0.860717 | Val Loss: 0.844194 | Best: inf (ep 1)
2026-02-05 16:20:48,957 - INFO - Epoch 40/200 | Train Loss: 0.856724 | Val Loss: 0.844194 | Best: inf (ep 1)
2026-02-05 16:20:49,333 - INFO - Epoch 50/200 | Train Loss: 0.849099 | Val Loss: 0.844194 | Best: inf (ep 1)
2026-02-05 16:20:49,720 - INFO - Epoch 60/200 | Train Loss: 0.852324 | Val Loss: 0.844194 | Best: 0.844194 (ep 51)
2026-02-05 16:20:50,096 - INFO - Epoch 70/200 | Train Loss: 0.852456 | Val Loss: 0.844194 | Best: 0.844194 (ep 51)
2026-02-05 16:20:50,471 - INFO - Epoch 80/200 | Train Loss: 0.863562 | Val Loss: 0.844194 | Best: 0.844194 (ep 51)
2026-02-05 16:20:50,847 - INFO - Epoch 90/200 | Train Loss: 0.859540 | Val Loss: 0.844194 | Best: 0.844194 (ep 51)
2026-02-05 16:20:51,223 - INFO - Epoch 100/200 | Train Loss: 0.866251 | Val Loss: 0.844194 | Best: 0.844194 (ep 51)
2026-02-05 16:20:51,260 - INFO - Early stopping at epoch 101! Best val loss: 0.844194 at epoch 51
2026-02-05 16:20:51,269 - INFO - Loaded best model from epoch 51
2026-02-05 16:20:51,277 - INFO - Fold 3 Results - MSE: 0.7774, MAE: 0.8724, R²: -46.4206, Pearson r: nan (p=nan), Spearman r: nan (p=nan)
2026-02-05 16:20:51,277 - INFO - 
--- Fold 4/5 ---
2026-02-05 16:20:51,277 - INFO - Train size: 83, Test size: 21
2026-02-05 16:20:51,277 - INFO - Train target - Mean: 0.1252, Std: 0.1277
2026-02-05 16:20:51,277 - INFO - Test target  - Mean: 0.0906, Std: 0.1132
2026-02-05 16:20:51,292 - INFO - Training fold 4 with early stopping (patience=50)...
2026-02-05 16:20:51,330 - INFO - Epoch 1/200 | Train Loss: 0.199987 | Val Loss: 0.146661 | Best: inf (ep 1)
2026-02-05 16:20:51,669 - INFO - Epoch 10/200 | Train Loss: 0.178046 | Val Loss: 0.117646 | Best: inf (ep 1)
2026-02-05 16:20:52,046 - INFO - Epoch 20/200 | Train Loss: 0.184825 | Val Loss: 0.162295 | Best: inf (ep 1)
2026-02-05 16:20:52,423 - INFO - Epoch 30/200 | Train Loss: 0.146115 | Val Loss: 0.148485 | Best: inf (ep 1)
2026-02-05 16:20:52,799 - INFO - Epoch 40/200 | Train Loss: 0.101817 | Val Loss: 0.146297 | Best: inf (ep 1)
2026-02-05 16:20:53,174 - INFO - Epoch 50/200 | Train Loss: 0.113487 | Val Loss: 0.071668 | Best: inf (ep 1)
2026-02-05 16:20:53,583 - INFO - Epoch 60/200 | Train Loss: 0.100118 | Val Loss: 0.091768 | Best: 0.089633 (ep 58)
2026-02-05 16:20:53,959 - INFO - Epoch 70/200 | Train Loss: 0.112673 | Val Loss: 0.108007 | Best: 0.089633 (ep 58)
2026-02-05 16:20:54,337 - INFO - Epoch 80/200 | Train Loss: 0.077941 | Val Loss: 0.107095 | Best: 0.089633 (ep 58)
2026-02-05 16:20:54,726 - INFO - Epoch 90/200 | Train Loss: 0.062030 | Val Loss: 0.088447 | Best: 0.088447 (ep 90)
2026-02-05 16:20:55,102 - INFO - Epoch 100/200 | Train Loss: 0.071949 | Val Loss: 0.116590 | Best: 0.088447 (ep 90)
2026-02-05 16:20:55,491 - INFO - Epoch 110/200 | Train Loss: 0.060455 | Val Loss: 0.096084 | Best: 0.081825 (ep 102)
2026-02-05 16:20:55,888 - INFO - Epoch 120/200 | Train Loss: 0.096262 | Val Loss: 0.080469 | Best: 0.070308 (ep 113)
2026-02-05 16:20:56,264 - INFO - Epoch 130/200 | Train Loss: 0.076499 | Val Loss: 0.088773 | Best: 0.070308 (ep 113)
2026-02-05 16:20:56,640 - INFO - Epoch 140/200 | Train Loss: 0.073625 | Val Loss: 0.117906 | Best: 0.070308 (ep 113)
2026-02-05 16:20:57,015 - INFO - Epoch 150/200 | Train Loss: 0.056070 | Val Loss: 0.103581 | Best: 0.070308 (ep 113)
2026-02-05 16:20:57,391 - INFO - Epoch 160/200 | Train Loss: 0.056128 | Val Loss: 0.091640 | Best: 0.070308 (ep 113)
2026-02-05 16:20:57,508 - INFO - Early stopping at epoch 163! Best val loss: 0.070308 at epoch 113
2026-02-05 16:20:57,517 - INFO - Loaded best model from epoch 113
2026-02-05 16:20:57,526 - INFO - Fold 4 Results - MSE: 0.0067, MAE: 0.0585, R²: 0.4783, Pearson r: 0.7889 (p=2.1422e-05), Spearman r: 0.4269 (p=5.3612e-02)
2026-02-05 16:20:57,526 - INFO - 
--- Fold 5/5 ---
2026-02-05 16:20:57,526 - INFO - Train size: 84, Test size: 20
2026-02-05 16:20:57,526 - INFO - Train target - Mean: 0.1148, Std: 0.1275
2026-02-05 16:20:57,526 - INFO - Test target  - Mean: 0.1323, Std: 0.1167
2026-02-05 16:20:57,541 - INFO - Training fold 5 with early stopping (patience=50)...
2026-02-05 16:20:57,580 - INFO - Epoch 1/200 | Train Loss: 0.283418 | Val Loss: 0.234163 | Best: inf (ep 1)
2026-02-05 16:20:57,917 - INFO - Epoch 10/200 | Train Loss: 0.202373 | Val Loss: 0.260406 | Best: inf (ep 1)
2026-02-05 16:20:58,292 - INFO - Epoch 20/200 | Train Loss: 0.143162 | Val Loss: 0.208480 | Best: inf (ep 1)
2026-02-05 16:20:58,667 - INFO - Epoch 30/200 | Train Loss: 0.304557 | Val Loss: 0.321784 | Best: inf (ep 1)
2026-02-05 16:20:59,042 - INFO - Epoch 40/200 | Train Loss: 0.861059 | Val Loss: 0.836558 | Best: inf (ep 1)
2026-02-05 16:20:59,416 - INFO - Epoch 50/200 | Train Loss: 0.849422 | Val Loss: 0.836558 | Best: inf (ep 1)
2026-02-05 16:20:59,823 - INFO - Epoch 60/200 | Train Loss: 0.323243 | Val Loss: 0.321784 | Best: 0.321784 (ep 56)
2026-02-05 16:21:00,198 - INFO - Epoch 70/200 | Train Loss: 0.319663 | Val Loss: 0.321784 | Best: 0.321784 (ep 56)
2026-02-05 16:21:00,573 - INFO - Epoch 80/200 | Train Loss: 0.319958 | Val Loss: 0.321784 | Best: 0.321784 (ep 56)
2026-02-05 16:21:00,949 - INFO - Epoch 90/200 | Train Loss: 0.320219 | Val Loss: 0.321784 | Best: 0.321784 (ep 56)
2026-02-05 16:21:01,323 - INFO - Epoch 100/200 | Train Loss: 0.320278 | Val Loss: 0.321784 | Best: 0.321784 (ep 56)
2026-02-05 16:21:01,548 - INFO - Early stopping at epoch 106! Best val loss: 0.321784 at epoch 56
2026-02-05 16:21:01,556 - INFO - Loaded best model from epoch 56
2026-02-05 16:21:01,576 - INFO - Fold 5 Results - MSE: 0.0311, MAE: 0.1323, R²: -1.2856, Pearson r: 0.6027 (p=4.9114e-03), Spearman r: 0.5080 (p=2.2214e-02)
2026-02-05 16:21:01,580 - INFO - Combined results saved to TI_Treatment_Regression_all_all_folds_combined.csv
2026-02-05 16:21:01,583 - INFO - 
============================================================
2026-02-05 16:21:01,583 - INFO - FINAL CROSS-VALIDATION RESULTS FOR: TI_Treatment_Regression_all
2026-02-05 16:21:01,583 - INFO - ----------------------------------------
2026-02-05 16:21:01,583 - INFO - MSE         : 0.1745 ± 0.3018
2026-02-05 16:21:01,583 - INFO - RMSE        : 0.2918 ± 0.2989
2026-02-05 16:21:01,583 - INFO - MAE         : 0.2588 ± 0.3087
2026-02-05 16:21:01,583 - INFO - R2          : -9.6670 ± 18.3876
2026-02-05 16:21:01,584 - INFO - PEARSON_R   : 0.5618 ± 0.1496
2026-02-05 16:21:01,584 - INFO - PEARSON_P   : 0.0280 ± 0.0262
2026-02-05 16:21:01,584 - INFO - SPEARMAN_R  : 0.3032 ± 0.1858
2026-02-05 16:21:01,584 - INFO - SPEARMAN_P  : 0.3154 ± 0.3620
2026-02-05 16:21:01,584 - INFO - ============================================================

2026-02-05 16:21:01,587 - INFO - Results saved to final_results_TI_Treatment_Regression_all.json
2026-02-05 16:21:01,587 - INFO - Total execution time: 23.41 seconds
2026-02-05 16:35:22,151 - INFO - Using device: cuda
2026-02-05 16:35:22,151 - INFO - Hyperparameters: {
  "batch_size": 8,
  "learning_rate": 0.001,
  "num_epochs": 200,
  "hidden_dim": 512,
  "num_blocks": 4,
  "dropout": 0.3,
  "feature_type": "all",
  "normalize_target": true,
  "target_min": 0.0,
  "target_max": 1.0,
  "loss_alpha": 0.7,
  "loss_beta": 0.3,
  "loss_temperature": 0.5
}
2026-02-05 16:35:22,152 - INFO - Starting TI treatment response REGRESSION pipeline
2026-02-05 16:35:22,152 - INFO - Parsing Excel data with diff features...
2026-02-05 16:35:22,265 - INFO - Parsing patient data from Excel...
2026-02-05 16:35:22,342 - INFO - Improvement rate statistics:
2026-02-05 16:35:22,342 - INFO -   Min: -0.6429
2026-02-05 16:35:22,342 - INFO -   Max: 0.4545
2026-02-05 16:35:22,342 - INFO -   Mean: 0.0729
2026-02-05 16:35:22,342 - INFO -   Std: 0.2007
2026-02-05 16:35:22,342 - INFO - Found 52 valid patient samples with complete data
2026-02-05 16:35:22,342 - INFO - Preparing features and labels for regression...
2026-02-05 16:35:22,379 - INFO - Normalized target values to [0, 1], original range: [0.0, 1.0]
2026-02-05 16:35:22,379 - INFO - Final dataset: 52 samples, 365 features
2026-02-05 16:35:22,379 - INFO - Target range: [0.0000, 0.4545], Mean: 0.1182, Std: 0.1256
2026-02-05 16:35:22,379 - INFO - 
============================================================
2026-02-05 16:35:22,379 - INFO - Starting Regression Cross-Validation: TI_Treatment_Regression_all
2026-02-05 16:35:22,379 - INFO - Total samples: 52 | Target range: [0.0000, 0.4545]
2026-02-05 16:35:22,379 - INFO - 
--- Fold 1/5 ---
2026-02-05 16:35:22,379 - INFO - Train size: 41, Test size: 11
2026-02-05 16:35:22,380 - INFO - Train target - Mean: 0.1273, Std: 0.1230
2026-02-05 16:35:22,380 - INFO - Test target  - Mean: 0.0841, Std: 0.1293
2026-02-05 16:35:23,106 - INFO - Training fold 1 with early stopping (patience=50)...
2026-02-05 16:35:23,310 - INFO - Epoch 1/200 | Train Loss: nan | Val Loss: nan | Best: inf (ep 1)
2026-02-05 16:35:23,500 - INFO - Epoch 10/200 | Train Loss: nan | Val Loss: nan | Best: inf (ep 1)
2026-02-05 16:35:23,711 - INFO - Epoch 20/200 | Train Loss: nan | Val Loss: nan | Best: inf (ep 1)
2026-02-05 16:35:23,921 - INFO - Epoch 30/200 | Train Loss: nan | Val Loss: nan | Best: inf (ep 1)
2026-02-05 16:35:24,131 - INFO - Epoch 40/200 | Train Loss: nan | Val Loss: nan | Best: inf (ep 1)
2026-02-05 16:35:24,341 - INFO - Epoch 50/200 | Train Loss: nan | Val Loss: nan | Best: inf (ep 1)
2026-02-05 16:35:24,551 - INFO - Epoch 60/200 | Train Loss: nan | Val Loss: nan | Best: inf (ep 1)
2026-02-05 16:35:24,762 - INFO - Epoch 70/200 | Train Loss: nan | Val Loss: nan | Best: inf (ep 1)
2026-02-05 16:35:24,972 - INFO - Epoch 80/200 | Train Loss: nan | Val Loss: nan | Best: inf (ep 1)
2026-02-05 16:35:25,184 - INFO - Epoch 90/200 | Train Loss: nan | Val Loss: nan | Best: inf (ep 1)
2026-02-05 16:35:25,394 - INFO - Early stopping at epoch 100! Best val loss: inf at epoch 1
2026-02-05 16:42:37,615 - INFO - Using device: cuda
2026-02-05 16:42:37,615 - INFO - Hyperparameters: {
  "batch_size": 8,
  "learning_rate": 0.001,
  "num_epochs": 200,
  "hidden_dim": 512,
  "num_blocks": 4,
  "dropout": 0.3,
  "feature_type": "all",
  "normalize_target": true,
  "target_min": 0.0,
  "target_max": 1.0,
  "loss_alpha": 0.7,
  "loss_beta": 0.3,
  "loss_temperature": 0.5
}
2026-02-05 16:42:37,615 - INFO - Starting TI treatment response REGRESSION pipeline
2026-02-05 16:42:37,615 - INFO - Parsing Excel data with diff features...
2026-02-05 16:42:37,728 - INFO - Parsing patient data from Excel...
2026-02-05 16:42:37,808 - INFO - Improvement rate statistics:
2026-02-05 16:42:37,808 - INFO -   Min: -0.6429
2026-02-05 16:42:37,808 - INFO -   Max: 0.4545
2026-02-05 16:42:37,808 - INFO -   Mean: 0.0729
2026-02-05 16:42:37,808 - INFO -   Std: 0.2007
2026-02-05 16:42:37,808 - INFO - Found 52 valid patient samples with complete data
2026-02-05 16:42:37,808 - INFO - Preparing features and labels for regression...
2026-02-05 16:42:37,840 - INFO - Normalized target values to [0, 1], original range: [0.0, 1.0]
2026-02-05 16:42:37,840 - INFO - Final dataset: 52 samples, 365 features
2026-02-05 16:42:37,841 - INFO - Target range: [0.0000, 0.4545], Mean: 0.1182, Std: 0.1256
2026-02-05 16:42:37,841 - INFO - 
============================================================
2026-02-05 16:42:37,841 - INFO - Starting Regression Cross-Validation: TI_Treatment_Regression_all
2026-02-05 16:42:37,841 - INFO - Total samples: 52 | Target range: [0.0000, 0.4545]
2026-02-05 16:42:37,841 - INFO - 
--- Fold 1/5 ---
2026-02-05 16:42:37,841 - INFO - Train size: 41, Test size: 11
2026-02-05 16:42:37,841 - INFO - Train target - Mean: 0.1273, Std: 0.1230
2026-02-05 16:42:37,841 - INFO - Test target  - Mean: 0.0841, Std: 0.1293
2026-02-05 16:42:38,578 - INFO - Training fold 1 with early stopping (patience=50)...
2026-02-05 16:42:38,784 - INFO - Epoch 1/200 | Train Loss: nan | Val Loss: nan | Best: inf (ep 1)
2026-02-05 16:42:38,975 - INFO - Epoch 10/200 | Train Loss: nan | Val Loss: nan | Best: inf (ep 1)
2026-02-05 16:42:39,186 - INFO - Epoch 20/200 | Train Loss: nan | Val Loss: nan | Best: inf (ep 1)
2026-02-05 16:42:39,397 - INFO - Epoch 30/200 | Train Loss: nan | Val Loss: nan | Best: inf (ep 1)
2026-02-05 16:42:39,608 - INFO - Epoch 40/200 | Train Loss: nan | Val Loss: nan | Best: inf (ep 1)
2026-02-05 16:42:39,820 - INFO - Epoch 50/200 | Train Loss: nan | Val Loss: nan | Best: inf (ep 1)
2026-02-05 16:42:40,031 - INFO - Epoch 60/200 | Train Loss: nan | Val Loss: nan | Best: inf (ep 1)
2026-02-05 16:42:40,242 - INFO - Epoch 70/200 | Train Loss: nan | Val Loss: nan | Best: inf (ep 1)
2026-02-05 16:42:40,453 - INFO - Epoch 80/200 | Train Loss: nan | Val Loss: nan | Best: inf (ep 1)
2026-02-05 16:42:40,666 - INFO - Epoch 90/200 | Train Loss: nan | Val Loss: nan | Best: inf (ep 1)
2026-02-05 16:42:40,877 - INFO - Early stopping at epoch 100! Best val loss: inf at epoch 1
2026-02-05 16:48:48,919 - INFO - Using device: cuda
2026-02-05 16:48:48,919 - INFO - Hyperparameters: {
  "batch_size": 8,
  "learning_rate": 0.001,
  "num_epochs": 200,
  "hidden_dim": 512,
  "num_blocks": 4,
  "dropout": 0.3,
  "feature_type": "all",
  "normalize_target": true,
  "target_min": 0.0,
  "target_max": 1.0,
  "loss_alpha": 0.7,
  "loss_beta": 0.3,
  "loss_temperature": 0.5
}
2026-02-05 16:48:48,919 - INFO - Starting TI treatment response REGRESSION pipeline
2026-02-05 16:48:48,919 - INFO - Parsing Excel data with diff features...
2026-02-05 16:48:49,032 - INFO - Parsing patient data from Excel...
2026-02-05 16:48:49,112 - INFO - Improvement rate statistics:
2026-02-05 16:48:49,112 - INFO -   Min: -0.6429
2026-02-05 16:48:49,112 - INFO -   Max: 0.4545
2026-02-05 16:48:49,112 - INFO -   Mean: 0.0729
2026-02-05 16:48:49,112 - INFO -   Std: 0.2007
2026-02-05 16:48:49,112 - INFO - Found 52 valid patient samples with complete data
2026-02-05 16:48:49,112 - INFO - Preparing features and labels for regression...
2026-02-05 16:48:49,146 - INFO - Normalized target values to [0, 1], original range: [0.0, 1.0]
2026-02-05 16:48:49,146 - INFO - Final dataset: 52 samples, 365 features
2026-02-05 16:48:49,146 - INFO - Target range: [0.0000, 0.4545], Mean: 0.1182, Std: 0.1256
2026-02-05 16:48:49,146 - INFO - 
============================================================
2026-02-05 16:48:49,146 - INFO - Starting Regression Cross-Validation: TI_Treatment_Regression_all
2026-02-05 16:48:49,146 - INFO - Total samples: 52 | Target range: [0.0000, 0.4545]
2026-02-05 16:48:49,146 - INFO - 
--- Fold 1/5 ---
2026-02-05 16:48:49,146 - INFO - Train size: 41, Test size: 11
2026-02-05 16:48:49,147 - INFO - Train target - Mean: 0.1273, Std: 0.1230
2026-02-05 16:48:49,147 - INFO - Test target  - Mean: 0.0841, Std: 0.1293
2026-02-05 16:48:49,888 - INFO - Training fold 1 with early stopping (patience=50)...
2026-02-05 16:48:50,120 - INFO - Epoch 1/200 | Train Loss: nan | Val Loss: nan | Best: inf (ep 1)
2026-02-05 16:48:50,341 - INFO - Epoch 10/200 | Train Loss: nan | Val Loss: nan | Best: inf (ep 1)
2026-02-05 16:48:50,585 - INFO - Epoch 20/200 | Train Loss: nan | Val Loss: nan | Best: inf (ep 1)
2026-02-05 16:48:50,829 - INFO - Epoch 30/200 | Train Loss: nan | Val Loss: nan | Best: inf (ep 1)
2026-02-05 16:48:51,073 - INFO - Epoch 40/200 | Train Loss: nan | Val Loss: nan | Best: inf (ep 1)
2026-02-05 16:48:51,316 - INFO - Epoch 50/200 | Train Loss: nan | Val Loss: nan | Best: inf (ep 1)
2026-02-05 16:48:51,560 - INFO - Epoch 60/200 | Train Loss: nan | Val Loss: nan | Best: inf (ep 1)
2026-02-05 16:48:51,806 - INFO - Epoch 70/200 | Train Loss: nan | Val Loss: nan | Best: inf (ep 1)
2026-02-05 16:48:52,050 - INFO - Epoch 80/200 | Train Loss: nan | Val Loss: nan | Best: inf (ep 1)
2026-02-05 16:48:52,294 - INFO - Epoch 90/200 | Train Loss: nan | Val Loss: nan | Best: inf (ep 1)
2026-02-05 16:48:52,537 - INFO - Early stopping at epoch 100! Best val loss: inf at epoch 1
2026-02-05 16:49:41,045 - INFO - Using device: cuda
2026-02-05 16:49:41,045 - INFO - Hyperparameters: {
  "batch_size": 8,
  "learning_rate": 0.001,
  "num_epochs": 200,
  "hidden_dim": 512,
  "num_blocks": 4,
  "dropout": 0.3,
  "feature_type": "all",
  "normalize_target": true,
  "target_min": 0.0,
  "target_max": 1.0,
  "loss_alpha": 0.7,
  "loss_beta": 0.3,
  "loss_temperature": 0.5
}
2026-02-05 16:49:41,045 - INFO - Starting TI treatment response REGRESSION pipeline
2026-02-05 16:49:41,045 - INFO - Parsing Excel data with diff features...
2026-02-05 16:49:41,155 - INFO - Parsing patient data from Excel...
2026-02-05 16:49:41,236 - INFO - Improvement rate statistics:
2026-02-05 16:49:41,236 - INFO -   Min: -0.6429
2026-02-05 16:49:41,236 - INFO -   Max: 0.4545
2026-02-05 16:49:41,237 - INFO -   Mean: 0.0729
2026-02-05 16:49:41,237 - INFO -   Std: 0.2007
2026-02-05 16:49:41,237 - INFO - Found 52 valid patient samples with complete data
2026-02-05 16:49:41,237 - INFO - Preparing features and labels for regression...
2026-02-05 16:49:41,270 - INFO - Normalized target values to [0, 1], original range: [0.0, 1.0]
2026-02-05 16:49:41,270 - INFO - Final dataset: 52 samples, 365 features
2026-02-05 16:49:41,270 - INFO - Target range: [0.0000, 0.4545], Mean: 0.1182, Std: 0.1256
2026-02-05 16:49:41,270 - INFO - 
============================================================
2026-02-05 16:49:41,270 - INFO - Starting Regression Cross-Validation: TI_Treatment_Regression_all
2026-02-05 16:49:41,270 - INFO - Total samples: 52 | Target range: [0.0000, 0.4545]
2026-02-05 16:49:41,270 - INFO - 
--- Fold 1/5 ---
2026-02-05 16:49:41,270 - INFO - Train size: 41, Test size: 11
2026-02-05 16:49:41,270 - INFO - Train target - Mean: 0.1273, Std: 0.1230
2026-02-05 16:49:41,271 - INFO - Test target  - Mean: 0.0841, Std: 0.1293
2026-02-05 16:49:41,993 - INFO - Training fold 1 with early stopping (patience=50)...
2026-02-05 16:49:42,207 - INFO - Epoch 1/200 | Train Loss: nan | Val Loss: nan | Best: inf (ep 1)
2026-02-05 16:49:42,434 - INFO - Epoch 10/200 | Train Loss: nan | Val Loss: nan | Best: inf (ep 1)
2026-02-05 16:55:09,058 - INFO - Using device: cuda
2026-02-05 16:55:09,058 - INFO - Hyperparameters: {
  "batch_size": 8,
  "learning_rate": 0.001,
  "num_epochs": 200,
  "hidden_dim": 512,
  "num_blocks": 4,
  "dropout": 0.3,
  "feature_type": "all",
  "normalize_target": true,
  "target_min": 0.0,
  "target_max": 1.0,
  "loss_alpha": 0.7,
  "loss_beta": 0.3,
  "loss_temperature": 0.5
}
2026-02-05 16:55:09,058 - INFO - Starting TI treatment response REGRESSION pipeline
2026-02-05 16:55:09,059 - INFO - Parsing Excel data with diff features...
2026-02-05 16:55:09,170 - INFO - Parsing patient data from Excel...
2026-02-05 16:55:09,250 - INFO - Improvement rate statistics:
2026-02-05 16:55:09,250 - INFO -   Min: -0.6429
2026-02-05 16:55:09,250 - INFO -   Max: 0.4545
2026-02-05 16:55:09,250 - INFO -   Mean: 0.0729
2026-02-05 16:55:09,250 - INFO -   Std: 0.2007
2026-02-05 16:55:09,250 - INFO - Found 52 valid patient samples with complete data
2026-02-05 16:55:09,250 - INFO - Preparing features and labels for regression...
2026-02-05 16:55:09,283 - INFO - Normalized target values to [0, 1], original range: [0.0, 1.0]
2026-02-05 16:55:09,283 - INFO - Final dataset: 52 samples, 365 features
2026-02-05 16:55:09,283 - INFO - Target range: [0.0000, 0.4545], Mean: 0.1182, Std: 0.1256
2026-02-05 16:55:09,283 - INFO - 
============================================================
2026-02-05 16:55:09,283 - INFO - Starting Regression Cross-Validation: TI_Treatment_Regression_all
2026-02-05 16:55:09,283 - INFO - Total samples: 52 | Target range: [0.0000, 0.4545]
2026-02-05 16:55:09,284 - INFO - 
--- Fold 1/5 ---
2026-02-05 16:55:09,284 - INFO - Train size: 41, Test size: 11
2026-02-05 16:55:09,284 - INFO - Train target - Mean: 0.1273, Std: 0.1230
2026-02-05 16:55:09,284 - INFO - Test target  - Mean: 0.0841, Std: 0.1293
2026-02-05 16:55:10,039 - INFO - Training fold 1 with early stopping (patience=50)...
2026-02-05 16:59:53,530 - INFO - Using device: cuda
2026-02-05 16:59:53,530 - INFO - Hyperparameters: {
  "batch_size": 8,
  "learning_rate": 0.0001,
  "num_epochs": 200,
  "hidden_dim": 512,
  "num_blocks": 4,
  "dropout": 0.3,
  "feature_type": "all",
  "normalize_target": true,
  "target_min": 0.0,
  "target_max": 1.0,
  "loss_alpha": 0.7,
  "loss_beta": 0.3,
  "loss_temperature": 0.5
}
2026-02-05 16:59:53,530 - INFO - Starting TI treatment response REGRESSION pipeline
2026-02-05 16:59:53,530 - INFO - Parsing Excel data with diff features...
2026-02-05 16:59:53,643 - INFO - Parsing patient data from Excel...
2026-02-05 16:59:53,722 - INFO - Improvement rate statistics:
2026-02-05 16:59:53,723 - INFO -   Min: -0.6429
2026-02-05 16:59:53,723 - INFO -   Max: 0.4545
2026-02-05 16:59:53,723 - INFO -   Mean: 0.0729
2026-02-05 16:59:53,723 - INFO -   Std: 0.2007
2026-02-05 16:59:53,723 - INFO - Found 52 valid patient samples with complete data
2026-02-05 16:59:53,723 - INFO - Preparing features and labels for regression...
2026-02-05 16:59:53,756 - INFO - Normalized target values to [0, 1], original range: [0.0, 1.0]
2026-02-05 16:59:53,756 - INFO - Final dataset: 52 samples, 365 features
2026-02-05 16:59:53,756 - INFO - Target range: [0.0000, 0.4545], Mean: 0.1182, Std: 0.1256
2026-02-05 16:59:53,756 - INFO - 
============================================================
2026-02-05 16:59:53,756 - INFO - Starting Regression Cross-Validation: TI_Treatment_Regression_all
2026-02-05 16:59:53,756 - INFO - Total samples: 52 | Target range: [0.0000, 0.4545]
2026-02-05 16:59:53,757 - INFO - 
--- Fold 1/5 ---
2026-02-05 16:59:53,757 - INFO - Train size: 41, Test size: 11
2026-02-05 16:59:53,757 - INFO - Train target - Mean: 0.1273, Std: 0.1230
2026-02-05 16:59:53,757 - INFO - Test target  - Mean: 0.0841, Std: 0.1293
2026-02-05 16:59:54,507 - INFO - Training fold 1 with early stopping (patience=50)...
2026-02-05 17:00:16,622 - INFO - Using device: cuda
2026-02-05 17:00:16,622 - INFO - Hyperparameters: {
  "batch_size": 8,
  "learning_rate": 1e-05,
  "num_epochs": 200,
  "hidden_dim": 512,
  "num_blocks": 4,
  "dropout": 0.3,
  "feature_type": "all",
  "normalize_target": true,
  "target_min": 0.0,
  "target_max": 1.0,
  "loss_alpha": 0.7,
  "loss_beta": 0.3,
  "loss_temperature": 0.5
}
2026-02-05 17:00:16,623 - INFO - Starting TI treatment response REGRESSION pipeline
2026-02-05 17:00:16,623 - INFO - Parsing Excel data with diff features...
2026-02-05 17:00:16,732 - INFO - Parsing patient data from Excel...
2026-02-05 17:00:16,814 - INFO - Improvement rate statistics:
2026-02-05 17:00:16,814 - INFO -   Min: -0.6429
2026-02-05 17:00:16,815 - INFO -   Max: 0.4545
2026-02-05 17:00:16,815 - INFO -   Mean: 0.0729
2026-02-05 17:00:16,815 - INFO -   Std: 0.2007
2026-02-05 17:00:16,815 - INFO - Found 52 valid patient samples with complete data
2026-02-05 17:00:16,815 - INFO - Preparing features and labels for regression...
2026-02-05 17:00:16,847 - INFO - Normalized target values to [0, 1], original range: [0.0, 1.0]
2026-02-05 17:00:16,847 - INFO - Final dataset: 52 samples, 365 features
2026-02-05 17:00:16,848 - INFO - Target range: [0.0000, 0.4545], Mean: 0.1182, Std: 0.1256
2026-02-05 17:00:16,848 - INFO - 
============================================================
2026-02-05 17:00:16,848 - INFO - Starting Regression Cross-Validation: TI_Treatment_Regression_all
2026-02-05 17:00:16,848 - INFO - Total samples: 52 | Target range: [0.0000, 0.4545]
2026-02-05 17:00:16,848 - INFO - 
--- Fold 1/5 ---
2026-02-05 17:00:16,848 - INFO - Train size: 41, Test size: 11
2026-02-05 17:00:16,848 - INFO - Train target - Mean: 0.1273, Std: 0.1230
2026-02-05 17:00:16,848 - INFO - Test target  - Mean: 0.0841, Std: 0.1293
2026-02-05 17:00:17,570 - INFO - Training fold 1 with early stopping (patience=50)...
2026-02-05 17:01:16,860 - INFO - Using device: cuda
2026-02-05 17:01:16,861 - INFO - Hyperparameters: {
  "batch_size": 8,
  "learning_rate": 1e-05,
  "num_epochs": 200,
  "hidden_dim": 512,
  "num_blocks": 4,
  "dropout": 0.3,
  "feature_type": "all",
  "normalize_target": true,
  "target_min": 0.0,
  "target_max": 1.0,
  "loss_alpha": 0.7,
  "loss_beta": 0.0,
  "loss_temperature": 0.5
}
2026-02-05 17:01:16,861 - INFO - Starting TI treatment response REGRESSION pipeline
2026-02-05 17:01:16,861 - INFO - Parsing Excel data with diff features...
2026-02-05 17:01:16,974 - INFO - Parsing patient data from Excel...
2026-02-05 17:01:17,053 - INFO - Improvement rate statistics:
2026-02-05 17:01:17,053 - INFO -   Min: -0.6429
2026-02-05 17:01:17,053 - INFO -   Max: 0.4545
2026-02-05 17:01:17,054 - INFO -   Mean: 0.0729
2026-02-05 17:01:17,054 - INFO -   Std: 0.2007
2026-02-05 17:01:17,054 - INFO - Found 52 valid patient samples with complete data
2026-02-05 17:01:17,054 - INFO - Preparing features and labels for regression...
2026-02-05 17:01:17,087 - INFO - Normalized target values to [0, 1], original range: [0.0, 1.0]
2026-02-05 17:01:17,087 - INFO - Final dataset: 52 samples, 365 features
2026-02-05 17:01:17,087 - INFO - Target range: [0.0000, 0.4545], Mean: 0.1182, Std: 0.1256
2026-02-05 17:01:17,087 - INFO - 
============================================================
2026-02-05 17:01:17,087 - INFO - Starting Regression Cross-Validation: TI_Treatment_Regression_all
2026-02-05 17:01:17,087 - INFO - Total samples: 52 | Target range: [0.0000, 0.4545]
2026-02-05 17:01:17,088 - INFO - 
--- Fold 1/5 ---
2026-02-05 17:01:17,088 - INFO - Train size: 41, Test size: 11
2026-02-05 17:01:17,088 - INFO - Train target - Mean: 0.1273, Std: 0.1230
2026-02-05 17:01:17,088 - INFO - Test target  - Mean: 0.0841, Std: 0.1293
2026-02-05 17:01:17,825 - INFO - Training fold 1 with early stopping (patience=50)...
2026-02-05 17:07:11,123 - INFO - Using device: cuda
2026-02-05 17:07:11,124 - INFO - Hyperparameters: {
  "batch_size": 16,
  "learning_rate": 1e-05,
  "num_epochs": 200,
  "hidden_dim": 512,
  "num_blocks": 4,
  "dropout": 0.3,
  "feature_type": "all",
  "normalize_target": true,
  "target_min": 0.0,
  "target_max": 1.0,
  "loss_alpha": 0.7,
  "loss_beta": 0.0,
  "loss_temperature": 0.5
}
2026-02-05 17:07:11,124 - INFO - Starting TI treatment response REGRESSION pipeline
2026-02-05 17:07:11,124 - INFO - Parsing Excel data with diff features...
2026-02-05 17:07:11,237 - INFO - Parsing patient data from Excel...
2026-02-05 17:07:11,317 - INFO - Improvement rate statistics:
2026-02-05 17:07:11,317 - INFO -   Min: -0.6429
2026-02-05 17:07:11,317 - INFO -   Max: 0.4545
2026-02-05 17:07:11,317 - INFO -   Mean: 0.0729
2026-02-05 17:07:11,317 - INFO -   Std: 0.2007
2026-02-05 17:07:11,317 - INFO - Found 52 valid patient samples with complete data
2026-02-05 17:07:11,317 - INFO - Preparing features and labels for regression...
2026-02-05 17:07:11,352 - INFO - Normalized target values to [0, 1], original range: [0.0, 1.0]
2026-02-05 17:07:11,352 - INFO - Final dataset: 52 samples, 365 features
2026-02-05 17:07:11,352 - INFO - Target range: [0.0000, 0.4545], Mean: 0.1182, Std: 0.1256
2026-02-05 17:07:11,352 - INFO - 
============================================================
2026-02-05 17:07:11,352 - INFO - Starting Regression Cross-Validation: TI_Treatment_Regression_all
2026-02-05 17:07:11,352 - INFO - Total samples: 52 | Target range: [0.0000, 0.4545]
2026-02-05 17:07:11,353 - INFO - 
--- Fold 1/5 ---
2026-02-05 17:07:11,353 - INFO - Train size: 41, Test size: 11
2026-02-05 17:07:11,353 - INFO - Train target - Mean: 0.1273, Std: 0.1230
2026-02-05 17:07:11,353 - INFO - Test target  - Mean: 0.0841, Std: 0.1293
2026-02-05 17:07:12,113 - INFO - Training fold 1 with early stopping (patience=50)...
2026-02-05 17:07:12,339 - INFO - Epoch 1/200 | Train Loss: 0.108404 | Val Loss: 0.113195 | Best: inf (ep 1)
2026-02-05 17:07:12,463 - INFO - Epoch 10/200 | Train Loss: 0.022519 | Val Loss: 0.024631 | Best: inf (ep 1)
2026-02-05 17:07:12,599 - INFO - Epoch 20/200 | Train Loss: 0.010865 | Val Loss: 0.013972 | Best: inf (ep 1)
2026-02-05 17:07:12,735 - INFO - Epoch 30/200 | Train Loss: 0.010357 | Val Loss: 0.012938 | Best: inf (ep 1)
2026-02-05 17:07:12,872 - INFO - Epoch 40/200 | Train Loss: 0.010601 | Val Loss: 0.012813 | Best: inf (ep 1)
2026-02-05 17:07:13,008 - INFO - Epoch 50/200 | Train Loss: 0.008401 | Val Loss: 0.012806 | Best: inf (ep 1)
2026-02-05 17:07:13,157 - INFO - Epoch 60/200 | Train Loss: 0.007177 | Val Loss: 0.012845 | Best: 0.012815 (ep 51)
2026-02-05 17:07:13,293 - INFO - Epoch 70/200 | Train Loss: 0.006438 | Val Loss: 0.012885 | Best: 0.012815 (ep 51)
2026-02-05 17:07:13,429 - INFO - Epoch 80/200 | Train Loss: 0.006200 | Val Loss: 0.012965 | Best: 0.012815 (ep 51)
2026-02-05 17:07:13,565 - INFO - Epoch 90/200 | Train Loss: 0.007046 | Val Loss: 0.013031 | Best: 0.012815 (ep 51)
2026-02-05 17:07:13,700 - INFO - Epoch 100/200 | Train Loss: 0.005973 | Val Loss: 0.013047 | Best: 0.012815 (ep 51)
2026-02-05 17:07:13,714 - INFO - Early stopping at epoch 101! Best val loss: 0.012815 at epoch 51
2026-02-05 17:07:13,725 - INFO - Loaded best model from epoch 51
2026-02-05 17:07:13,735 - INFO - Fold 1 Results - MSE: 0.0183, MAE: 0.1106, R²: -0.0947, Pearson r: -0.0669 (p=8.4513e-01), Spearman r: -0.0477 (p=8.8930e-01)
2026-02-05 17:07:13,735 - INFO - 
--- Fold 2/5 ---
2026-02-05 17:07:13,735 - INFO - Train size: 41, Test size: 11
2026-02-05 17:07:13,736 - INFO - Train target - Mean: 0.1121, Std: 0.1205
2026-02-05 17:07:13,736 - INFO - Test target  - Mean: 0.1408, Std: 0.1409
2026-02-05 17:07:13,763 - INFO - Training fold 2 with early stopping (patience=50)...
2026-02-05 17:07:13,778 - INFO - Epoch 1/200 | Train Loss: 0.141836 | Val Loss: 0.106662 | Best: inf (ep 1)
2026-02-05 17:07:13,903 - INFO - Epoch 10/200 | Train Loss: 0.023013 | Val Loss: 0.015637 | Best: inf (ep 1)
2026-02-05 17:07:14,039 - INFO - Epoch 20/200 | Train Loss: 0.011653 | Val Loss: 0.014187 | Best: inf (ep 1)
2026-02-05 17:07:14,176 - INFO - Epoch 30/200 | Train Loss: 0.010534 | Val Loss: 0.015186 | Best: inf (ep 1)
2026-02-05 17:07:14,312 - INFO - Epoch 40/200 | Train Loss: 0.012923 | Val Loss: 0.015652 | Best: inf (ep 1)
2026-02-05 17:07:14,448 - INFO - Epoch 50/200 | Train Loss: 0.008467 | Val Loss: 0.015890 | Best: inf (ep 1)
2026-02-05 17:07:14,636 - INFO - Epoch 60/200 | Train Loss: 0.008050 | Val Loss: 0.016004 | Best: 0.015846 (ep 55)
2026-02-05 17:07:14,825 - INFO - Epoch 70/200 | Train Loss: 0.008043 | Val Loss: 0.015696 | Best: 0.015696 (ep 70)
2026-02-05 17:07:15,091 - INFO - Epoch 80/200 | Train Loss: 0.007557 | Val Loss: 0.015403 | Best: 0.015403 (ep 80)
2026-02-05 17:07:15,292 - INFO - Epoch 90/200 | Train Loss: 0.006953 | Val Loss: 0.015254 | Best: 0.015235 (ep 85)
2026-02-05 17:07:15,518 - INFO - Epoch 100/200 | Train Loss: 0.006661 | Val Loss: 0.014942 | Best: 0.014942 (ep 100)
2026-02-05 17:07:15,769 - INFO - Epoch 110/200 | Train Loss: 0.007705 | Val Loss: 0.014564 | Best: 0.014512 (ep 109)
2026-02-05 17:07:15,931 - INFO - Epoch 120/200 | Train Loss: 0.005807 | Val Loss: 0.014383 | Best: 0.014383 (ep 120)
2026-02-05 17:07:16,134 - INFO - Epoch 130/200 | Train Loss: 0.006196 | Val Loss: 0.014206 | Best: 0.014056 (ep 126)
2026-02-05 17:07:16,272 - INFO - Epoch 140/200 | Train Loss: 0.006196 | Val Loss: 0.014634 | Best: 0.014056 (ep 126)
2026-02-05 17:07:16,408 - INFO - Epoch 150/200 | Train Loss: 0.004105 | Val Loss: 0.014354 | Best: 0.014056 (ep 126)
2026-02-05 17:07:16,544 - INFO - Epoch 160/200 | Train Loss: 0.003517 | Val Loss: 0.014221 | Best: 0.014056 (ep 126)
2026-02-05 17:07:16,719 - INFO - Epoch 170/200 | Train Loss: 0.004646 | Val Loss: 0.014083 | Best: 0.013938 (ep 165)
2026-02-05 17:07:16,855 - INFO - Epoch 180/200 | Train Loss: 0.003829 | Val Loss: 0.013952 | Best: 0.013938 (ep 165)
2026-02-05 17:07:16,991 - INFO - Epoch 190/200 | Train Loss: 0.002329 | Val Loss: 0.014207 | Best: 0.013938 (ep 165)
2026-02-05 17:07:17,216 - INFO - Epoch 200/200 | Train Loss: 0.003509 | Val Loss: 0.013440 | Best: 0.013440 (ep 200)
2026-02-05 17:07:17,226 - INFO - Loaded best model from epoch 200
2026-02-05 17:07:17,236 - INFO - Fold 2 Results - MSE: 0.0192, MAE: 0.0995, R²: 0.0326, Pearson r: 0.5203 (p=1.0083e-01), Spearman r: 0.6420 (p=3.3187e-02)
2026-02-05 17:07:17,236 - INFO - 
--- Fold 3/5 ---
2026-02-05 17:07:17,236 - INFO - Train size: 42, Test size: 10
2026-02-05 17:07:17,236 - INFO - Train target - Mean: 0.1127, Std: 0.1281
2026-02-05 17:07:17,237 - INFO - Test target  - Mean: 0.1413, Std: 0.1116
2026-02-05 17:07:17,263 - INFO - Training fold 3 with early stopping (patience=50)...
2026-02-05 17:07:17,278 - INFO - Epoch 1/200 | Train Loss: 0.110856 | Val Loss: 0.086587 | Best: inf (ep 1)
2026-02-05 17:07:17,400 - INFO - Epoch 10/200 | Train Loss: 0.029038 | Val Loss: 0.010418 | Best: inf (ep 1)
2026-02-05 17:07:17,536 - INFO - Epoch 20/200 | Train Loss: 0.012783 | Val Loss: 0.009027 | Best: inf (ep 1)
2026-02-05 17:07:17,672 - INFO - Epoch 30/200 | Train Loss: 0.010035 | Val Loss: 0.010424 | Best: inf (ep 1)
2026-02-05 17:07:17,808 - INFO - Epoch 40/200 | Train Loss: 0.012407 | Val Loss: 0.010866 | Best: inf (ep 1)
2026-02-05 17:07:17,943 - INFO - Epoch 50/200 | Train Loss: 0.013446 | Val Loss: 0.010909 | Best: inf (ep 1)
2026-02-05 17:07:18,204 - INFO - Epoch 60/200 | Train Loss: 0.009059 | Val Loss: 0.010665 | Best: 0.010665 (ep 60)
2026-02-05 17:07:18,467 - INFO - Epoch 70/200 | Train Loss: 0.009141 | Val Loss: 0.010173 | Best: 0.010173 (ep 70)
2026-02-05 17:07:18,691 - INFO - Epoch 80/200 | Train Loss: 0.008739 | Val Loss: 0.010041 | Best: 0.010031 (ep 79)
2026-02-05 17:07:18,903 - INFO - Epoch 90/200 | Train Loss: 0.010328 | Val Loss: 0.009820 | Best: 0.009724 (ep 86)
2026-02-05 17:07:19,117 - INFO - Epoch 100/200 | Train Loss: 0.008653 | Val Loss: 0.009139 | Best: 0.009139 (ep 100)
2026-02-05 17:07:19,367 - INFO - Epoch 110/200 | Train Loss: 0.007219 | Val Loss: 0.008732 | Best: 0.008732 (ep 110)
2026-02-05 17:07:19,503 - INFO - Epoch 120/200 | Train Loss: 0.003839 | Val Loss: 0.008792 | Best: 0.008732 (ep 110)
2026-02-05 17:07:19,638 - INFO - Epoch 130/200 | Train Loss: 0.006414 | Val Loss: 0.008792 | Best: 0.008732 (ep 110)
2026-02-05 17:07:19,863 - INFO - Epoch 140/200 | Train Loss: 0.005913 | Val Loss: 0.008378 | Best: 0.008307 (ep 138)
2026-02-05 17:07:19,998 - INFO - Epoch 150/200 | Train Loss: 0.005264 | Val Loss: 0.009074 | Best: 0.008307 (ep 138)
2026-02-05 17:07:20,134 - INFO - Epoch 160/200 | Train Loss: 0.003417 | Val Loss: 0.009292 | Best: 0.008307 (ep 138)
2026-02-05 17:07:20,269 - INFO - Epoch 170/200 | Train Loss: 0.004076 | Val Loss: 0.010108 | Best: 0.008307 (ep 138)
2026-02-05 17:07:20,404 - INFO - Epoch 180/200 | Train Loss: 0.002989 | Val Loss: 0.009889 | Best: 0.008307 (ep 138)
2026-02-05 17:07:20,513 - INFO - Early stopping at epoch 188! Best val loss: 0.008307 at epoch 138
2026-02-05 17:07:20,523 - INFO - Loaded best model from epoch 138
2026-02-05 17:07:20,532 - INFO - Fold 3 Results - MSE: 0.0119, MAE: 0.0843, R²: 0.0472, Pearson r: 0.6467 (p=4.3309e-02), Spearman r: 0.1879 (p=6.0322e-01)
2026-02-05 17:07:20,532 - INFO - 
--- Fold 4/5 ---
2026-02-05 17:07:20,532 - INFO - Train size: 42, Test size: 10
2026-02-05 17:07:20,532 - INFO - Train target - Mean: 0.1181, Std: 0.1238
2026-02-05 17:07:20,532 - INFO - Test target  - Mean: 0.1184, Std: 0.1329
2026-02-05 17:07:20,559 - INFO - Training fold 4 with early stopping (patience=50)...
2026-02-05 17:07:20,573 - INFO - Epoch 1/200 | Train Loss: 0.140876 | Val Loss: 0.090257 | Best: inf (ep 1)
2026-02-05 17:07:20,696 - INFO - Epoch 10/200 | Train Loss: 0.029166 | Val Loss: 0.014384 | Best: inf (ep 1)
2026-02-05 17:07:20,832 - INFO - Epoch 20/200 | Train Loss: 0.009035 | Val Loss: 0.013182 | Best: inf (ep 1)
2026-02-05 17:07:20,968 - INFO - Epoch 30/200 | Train Loss: 0.008856 | Val Loss: 0.014207 | Best: inf (ep 1)
2026-02-05 17:07:21,106 - INFO - Epoch 40/200 | Train Loss: 0.008273 | Val Loss: 0.014594 | Best: inf (ep 1)
2026-02-05 17:07:21,243 - INFO - Epoch 50/200 | Train Loss: 0.010478 | Val Loss: 0.014561 | Best: inf (ep 1)
2026-02-05 17:07:21,391 - INFO - Epoch 60/200 | Train Loss: 0.009293 | Val Loss: 0.014612 | Best: 0.014569 (ep 51)
2026-02-05 17:07:21,605 - INFO - Epoch 70/200 | Train Loss: 0.007744 | Val Loss: 0.014545 | Best: 0.014541 (ep 69)
2026-02-05 17:07:21,770 - INFO - Epoch 80/200 | Train Loss: 0.006813 | Val Loss: 0.014559 | Best: 0.014527 (ep 72)
2026-02-05 17:07:21,944 - INFO - Epoch 90/200 | Train Loss: 0.008431 | Val Loss: 0.014524 | Best: 0.014498 (ep 88)
2026-02-05 17:07:22,081 - INFO - Epoch 100/200 | Train Loss: 0.004906 | Val Loss: 0.014513 | Best: 0.014498 (ep 88)
2026-02-05 17:07:22,282 - INFO - Epoch 110/200 | Train Loss: 0.005740 | Val Loss: 0.014457 | Best: 0.014455 (ep 107)
2026-02-05 17:07:22,483 - INFO - Epoch 120/200 | Train Loss: 0.005250 | Val Loss: 0.014526 | Best: 0.014372 (ep 115)
2026-02-05 17:07:22,620 - INFO - Epoch 130/200 | Train Loss: 0.004715 | Val Loss: 0.014707 | Best: 0.014372 (ep 115)
2026-02-05 17:07:22,756 - INFO - Epoch 140/200 | Train Loss: 0.005252 | Val Loss: 0.014944 | Best: 0.014372 (ep 115)
2026-02-05 17:07:22,893 - INFO - Epoch 150/200 | Train Loss: 0.003873 | Val Loss: 0.014947 | Best: 0.014372 (ep 115)
2026-02-05 17:07:23,029 - INFO - Epoch 160/200 | Train Loss: 0.002601 | Val Loss: 0.015254 | Best: 0.014372 (ep 115)
2026-02-05 17:07:23,098 - INFO - Early stopping at epoch 165! Best val loss: 0.014372 at epoch 115
2026-02-05 17:07:23,107 - INFO - Loaded best model from epoch 115
2026-02-05 17:07:23,116 - INFO - Fold 4 Results - MSE: 0.0205, MAE: 0.0988, R²: -0.1624, Pearson r: 0.0914 (p=8.0163e-01), Spearman r: 0.2147 (p=5.5132e-01)
2026-02-05 17:07:23,116 - INFO - 
--- Fold 5/5 ---
2026-02-05 17:07:23,116 - INFO - Train size: 42, Test size: 10
2026-02-05 17:07:23,116 - INFO - Train target - Mean: 0.1207, Std: 0.1316
2026-02-05 17:07:23,116 - INFO - Test target  - Mean: 0.1074, Std: 0.0962
2026-02-05 17:07:23,145 - INFO - Training fold 5 with early stopping (patience=50)...
2026-02-05 17:07:23,160 - INFO - Epoch 1/200 | Train Loss: 0.073607 | Val Loss: 0.066216 | Best: inf (ep 1)
2026-02-05 17:07:23,283 - INFO - Epoch 10/200 | Train Loss: 0.018629 | Val Loss: 0.007194 | Best: inf (ep 1)
2026-02-05 17:07:23,419 - INFO - Epoch 20/200 | Train Loss: 0.011810 | Val Loss: 0.005713 | Best: inf (ep 1)
2026-02-05 17:07:23,556 - INFO - Epoch 30/200 | Train Loss: 0.013007 | Val Loss: 0.006002 | Best: inf (ep 1)
2026-02-05 17:07:23,693 - INFO - Epoch 40/200 | Train Loss: 0.010704 | Val Loss: 0.005970 | Best: inf (ep 1)
2026-02-05 17:07:23,830 - INFO - Epoch 50/200 | Train Loss: 0.008810 | Val Loss: 0.005852 | Best: inf (ep 1)
2026-02-05 17:07:24,093 - INFO - Epoch 60/200 | Train Loss: 0.009143 | Val Loss: 0.005590 | Best: 0.005590 (ep 60)
2026-02-05 17:07:24,307 - INFO - Epoch 70/200 | Train Loss: 0.006999 | Val Loss: 0.005472 | Best: 0.005466 (ep 66)
2026-02-05 17:07:24,533 - INFO - Epoch 80/200 | Train Loss: 0.007357 | Val Loss: 0.005205 | Best: 0.005186 (ep 78)
2026-02-05 17:07:24,734 - INFO - Epoch 90/200 | Train Loss: 0.004477 | Val Loss: 0.005114 | Best: 0.005062 (ep 87)
2026-02-05 17:07:24,872 - INFO - Epoch 100/200 | Train Loss: 0.006001 | Val Loss: 0.005271 | Best: 0.005062 (ep 87)
2026-02-05 17:07:25,034 - INFO - Epoch 110/200 | Train Loss: 0.004163 | Val Loss: 0.004976 | Best: 0.004976 (ep 110)
2026-02-05 17:07:25,222 - INFO - Epoch 120/200 | Train Loss: 0.003285 | Val Loss: 0.005049 | Best: 0.004925 (ep 116)
2026-02-05 17:07:25,359 - INFO - Epoch 130/200 | Train Loss: 0.005319 | Val Loss: 0.005299 | Best: 0.004925 (ep 116)
2026-02-05 17:07:25,495 - INFO - Epoch 140/200 | Train Loss: 0.003691 | Val Loss: 0.005226 | Best: 0.004925 (ep 116)
2026-02-05 17:07:25,632 - INFO - Epoch 150/200 | Train Loss: 0.002877 | Val Loss: 0.005269 | Best: 0.004925 (ep 116)
2026-02-05 17:07:25,768 - INFO - Epoch 160/200 | Train Loss: 0.003226 | Val Loss: 0.005290 | Best: 0.004925 (ep 116)
2026-02-05 17:07:25,850 - INFO - Early stopping at epoch 166! Best val loss: 0.004925 at epoch 116
2026-02-05 17:07:25,860 - INFO - Loaded best model from epoch 116
2026-02-05 17:07:25,868 - INFO - Fold 5 Results - MSE: 0.0070, MAE: 0.0742, R²: 0.2397, Pearson r: 0.5890 (p=7.3211e-02), Spearman r: 0.3497 (p=3.2189e-01)
2026-02-05 17:07:25,871 - INFO - Combined results saved to TI_Treatment_Regression_all_all_folds_combined.csv
2026-02-05 17:07:25,873 - INFO - 
============================================================
2026-02-05 17:07:25,874 - INFO - FINAL CROSS-VALIDATION RESULTS FOR: TI_Treatment_Regression_all
2026-02-05 17:07:25,874 - INFO - ----------------------------------------
2026-02-05 17:07:25,874 - INFO - MSE         : 0.0154 ± 0.0051
2026-02-05 17:07:25,874 - INFO - RMSE        : 0.1220 ± 0.0225
2026-02-05 17:07:25,874 - INFO - MAE         : 0.0935 ± 0.0127
2026-02-05 17:07:25,874 - INFO - R2          : 0.0125 ± 0.1381
2026-02-05 17:07:25,874 - INFO - PEARSON_R   : 0.3561 ± 0.2880
2026-02-05 17:07:25,874 - INFO - PEARSON_P   : 0.3728 ± 0.3686
2026-02-05 17:07:25,874 - INFO - SPEARMAN_R  : 0.2693 ± 0.2260
2026-02-05 17:07:25,874 - INFO - SPEARMAN_P  : 0.4798 ± 0.2872
2026-02-05 17:07:25,874 - INFO - ============================================================

2026-02-05 17:07:25,877 - INFO - Results saved to final_results_TI_Treatment_Regression_all.json
2026-02-05 17:07:25,877 - INFO - Total execution time: 14.75 seconds
2026-02-05 17:08:16,387 - INFO - Using device: cuda
2026-02-05 17:08:16,387 - INFO - Hyperparameters: {
  "batch_size": 16,
  "learning_rate": 1e-05,
  "num_epochs": 200,
  "hidden_dim": 512,
  "num_blocks": 4,
  "dropout": 0.3,
  "feature_type": "all",
  "normalize_target": true,
  "target_min": 0.0,
  "target_max": 1.0,
  "loss_alpha": 0.7,
  "loss_beta": 0.3,
  "loss_temperature": 0.5
}
2026-02-05 17:08:16,387 - INFO - Starting TI treatment response REGRESSION pipeline
2026-02-05 17:08:16,387 - INFO - Parsing Excel data with diff features...
2026-02-05 17:08:16,500 - INFO - Parsing patient data from Excel...
2026-02-05 17:08:16,580 - INFO - Improvement rate statistics:
2026-02-05 17:08:16,580 - INFO -   Min: -0.6429
2026-02-05 17:08:16,580 - INFO -   Max: 0.4545
2026-02-05 17:08:16,580 - INFO -   Mean: 0.0729
2026-02-05 17:08:16,580 - INFO -   Std: 0.2007
2026-02-05 17:08:16,580 - INFO - Found 52 valid patient samples with complete data
2026-02-05 17:08:16,581 - INFO - Preparing features and labels for regression...
2026-02-05 17:08:16,613 - INFO - Normalized target values to [0, 1], original range: [0.0, 1.0]
2026-02-05 17:08:16,613 - INFO - Final dataset: 52 samples, 365 features
2026-02-05 17:08:16,614 - INFO - Target range: [0.0000, 0.4545], Mean: 0.1182, Std: 0.1256
2026-02-05 17:08:16,614 - INFO - 
============================================================
2026-02-05 17:08:16,614 - INFO - Starting Regression Cross-Validation: TI_Treatment_Regression_all
2026-02-05 17:08:16,614 - INFO - Total samples: 52 | Target range: [0.0000, 0.4545]
2026-02-05 17:08:16,614 - INFO - 
--- Fold 1/5 ---
2026-02-05 17:08:16,614 - INFO - Train size: 41, Test size: 11
2026-02-05 17:08:16,614 - INFO - Train target - Mean: 0.1273, Std: 0.1230
2026-02-05 17:08:16,614 - INFO - Test target  - Mean: 0.0841, Std: 0.1293
2026-02-05 17:08:17,363 - INFO - Training fold 1 with early stopping (patience=50)...
2026-02-05 17:08:17,585 - INFO - Epoch 1/200 | Train Loss: 0.415880 | Val Loss: 0.526552 | Best: inf (ep 1)
2026-02-05 17:08:17,707 - INFO - Epoch 10/200 | Train Loss: 0.242106 | Val Loss: 0.458056 | Best: inf (ep 1)
2026-02-05 17:08:17,841 - INFO - Epoch 20/200 | Train Loss: 0.233633 | Val Loss: 0.400802 | Best: inf (ep 1)
2026-02-05 17:08:17,975 - INFO - Epoch 30/200 | Train Loss: 0.190709 | Val Loss: 0.373345 | Best: inf (ep 1)
2026-02-05 17:08:18,108 - INFO - Epoch 40/200 | Train Loss: 0.143660 | Val Loss: 0.357968 | Best: inf (ep 1)
2026-02-05 17:08:18,242 - INFO - Epoch 50/200 | Train Loss: 0.120260 | Val Loss: 0.352068 | Best: inf (ep 1)
2026-02-05 17:08:18,503 - INFO - Epoch 60/200 | Train Loss: 0.110057 | Val Loss: 0.347188 | Best: 0.347188 (ep 60)
2026-02-05 17:08:18,762 - INFO - Epoch 70/200 | Train Loss: 0.099878 | Val Loss: 0.342760 | Best: 0.342760 (ep 70)
2026-02-05 17:08:18,972 - INFO - Epoch 80/200 | Train Loss: 0.169215 | Val Loss: 0.341869 | Best: 0.341869 (ep 80)
2026-02-05 17:08:19,121 - INFO - Epoch 90/200 | Train Loss: 0.098230 | Val Loss: 0.346227 | Best: 0.341452 (ep 81)
2026-02-05 17:08:19,254 - INFO - Epoch 100/200 | Train Loss: 0.093673 | Val Loss: 0.345442 | Best: 0.341452 (ep 81)
2026-02-05 17:08:19,388 - INFO - Epoch 110/200 | Train Loss: 0.077833 | Val Loss: 0.350854 | Best: 0.341452 (ep 81)
2026-02-05 17:08:19,521 - INFO - Epoch 120/200 | Train Loss: 0.117304 | Val Loss: 0.351332 | Best: 0.341452 (ep 81)
2026-02-05 17:08:19,655 - INFO - Epoch 130/200 | Train Loss: 0.077487 | Val Loss: 0.351485 | Best: 0.341452 (ep 81)
2026-02-05 17:08:19,668 - INFO - Early stopping at epoch 131! Best val loss: 0.341452 at epoch 81
2026-02-05 17:08:19,680 - INFO - Loaded best model from epoch 81
2026-02-05 17:08:19,691 - INFO - Fold 1 Results - MSE: 0.0278, MAE: 0.1476, R²: -0.6609, Pearson r: -0.0832 (p=8.0783e-01), Spearman r: -0.0095 (p=9.7780e-01)
2026-02-05 17:08:19,691 - INFO - 
--- Fold 2/5 ---
2026-02-05 17:08:19,692 - INFO - Train size: 41, Test size: 11
2026-02-05 17:08:19,692 - INFO - Train target - Mean: 0.1121, Std: 0.1205
2026-02-05 17:08:19,692 - INFO - Test target  - Mean: 0.1408, Std: 0.1409
2026-02-05 17:08:19,721 - INFO - Training fold 2 with early stopping (patience=50)...
2026-02-05 17:08:19,736 - INFO - Epoch 1/200 | Train Loss: 0.445651 | Val Loss: 0.368480 | Best: inf (ep 1)
2026-02-05 17:08:19,856 - INFO - Epoch 10/200 | Train Loss: 0.385292 | Val Loss: 0.218691 | Best: inf (ep 1)
2026-02-05 17:08:19,990 - INFO - Epoch 20/200 | Train Loss: 0.266367 | Val Loss: 0.153237 | Best: inf (ep 1)
2026-02-05 17:08:20,124 - INFO - Epoch 30/200 | Train Loss: 0.272589 | Val Loss: 0.131873 | Best: inf (ep 1)
2026-02-05 17:08:20,260 - INFO - Epoch 40/200 | Train Loss: 0.176505 | Val Loss: 0.133477 | Best: inf (ep 1)
2026-02-05 17:08:20,394 - INFO - Epoch 50/200 | Train Loss: 0.131262 | Val Loss: 0.132895 | Best: inf (ep 1)
2026-02-05 17:08:20,652 - INFO - Epoch 60/200 | Train Loss: 0.180330 | Val Loss: 0.130579 | Best: 0.130579 (ep 60)
2026-02-05 17:08:20,862 - INFO - Epoch 70/200 | Train Loss: 0.136470 | Val Loss: 0.129530 | Best: 0.128279 (ep 66)
2026-02-05 17:08:20,996 - INFO - Epoch 80/200 | Train Loss: 0.132905 | Val Loss: 0.134044 | Best: 0.128279 (ep 66)
2026-02-05 17:08:21,129 - INFO - Epoch 90/200 | Train Loss: 0.118662 | Val Loss: 0.139400 | Best: 0.128279 (ep 66)
2026-02-05 17:08:21,263 - INFO - Epoch 100/200 | Train Loss: 0.082968 | Val Loss: 0.145202 | Best: 0.128279 (ep 66)
2026-02-05 17:08:21,398 - INFO - Epoch 110/200 | Train Loss: 0.090448 | Val Loss: 0.149207 | Best: 0.128279 (ep 66)
2026-02-05 17:08:21,478 - INFO - Early stopping at epoch 116! Best val loss: 0.128279 at epoch 66
2026-02-05 17:08:21,489 - INFO - Loaded best model from epoch 66
2026-02-05 17:08:21,497 - INFO - Fold 2 Results - MSE: 0.0154, MAE: 0.1134, R²: 0.2234, Pearson r: 0.6663 (p=2.5173e-02), Spearman r: 0.7676 (p=5.8072e-03)
2026-02-05 17:08:21,497 - INFO - 
--- Fold 3/5 ---
2026-02-05 17:08:21,497 - INFO - Train size: 42, Test size: 10
2026-02-05 17:08:21,497 - INFO - Train target - Mean: 0.1127, Std: 0.1281
2026-02-05 17:08:21,497 - INFO - Test target  - Mean: 0.1413, Std: 0.1116
2026-02-05 17:08:21,526 - INFO - Training fold 3 with early stopping (patience=50)...
2026-02-05 17:08:21,541 - INFO - Epoch 1/200 | Train Loss: 0.345947 | Val Loss: 0.198059 | Best: inf (ep 1)
2026-02-05 17:08:21,662 - INFO - Epoch 10/200 | Train Loss: 0.301064 | Val Loss: 0.158309 | Best: inf (ep 1)
2026-02-05 17:08:21,795 - INFO - Epoch 20/200 | Train Loss: 0.255515 | Val Loss: 0.147316 | Best: inf (ep 1)
2026-02-05 17:08:21,929 - INFO - Epoch 30/200 | Train Loss: 0.215215 | Val Loss: 0.141051 | Best: inf (ep 1)
2026-02-05 17:08:22,063 - INFO - Epoch 40/200 | Train Loss: 0.193287 | Val Loss: 0.137711 | Best: inf (ep 1)
2026-02-05 17:08:22,197 - INFO - Epoch 50/200 | Train Loss: 0.149213 | Val Loss: 0.136797 | Best: inf (ep 1)
2026-02-05 17:08:22,342 - INFO - Epoch 60/200 | Train Loss: 0.130656 | Val Loss: 0.139966 | Best: 0.136851 (ep 51)
2026-02-05 17:08:22,476 - INFO - Epoch 70/200 | Train Loss: 0.112104 | Val Loss: 0.145915 | Best: 0.136851 (ep 51)
2026-02-05 17:08:22,610 - INFO - Epoch 80/200 | Train Loss: 0.129088 | Val Loss: 0.150624 | Best: 0.136851 (ep 51)
2026-02-05 17:08:22,744 - INFO - Epoch 90/200 | Train Loss: 0.143713 | Val Loss: 0.158817 | Best: 0.136851 (ep 51)
2026-02-05 17:08:22,878 - INFO - Epoch 100/200 | Train Loss: 0.091163 | Val Loss: 0.162892 | Best: 0.136851 (ep 51)
2026-02-05 17:08:22,892 - INFO - Early stopping at epoch 101! Best val loss: 0.136851 at epoch 51
2026-02-05 17:08:22,902 - INFO - Loaded best model from epoch 51
2026-02-05 17:08:22,909 - INFO - Fold 3 Results - MSE: 0.0092, MAE: 0.0797, R²: 0.2593, Pearson r: 0.6339 (p=4.9042e-02), Spearman r: -0.0303 (p=9.3377e-01)
2026-02-05 17:08:22,909 - INFO - 
--- Fold 4/5 ---
2026-02-05 17:08:22,909 - INFO - Train size: 42, Test size: 10
2026-02-05 17:08:22,909 - INFO - Train target - Mean: 0.1181, Std: 0.1238
2026-02-05 17:08:22,909 - INFO - Test target  - Mean: 0.1184, Std: 0.1329
2026-02-05 17:08:22,938 - INFO - Training fold 4 with early stopping (patience=50)...
2026-02-05 17:08:22,952 - INFO - Epoch 1/200 | Train Loss: 0.372404 | Val Loss: 0.507372 | Best: inf (ep 1)
2026-02-05 17:08:23,072 - INFO - Epoch 10/200 | Train Loss: 0.285637 | Val Loss: 0.428792 | Best: inf (ep 1)
2026-02-05 17:08:23,206 - INFO - Epoch 20/200 | Train Loss: 0.206196 | Val Loss: 0.389235 | Best: inf (ep 1)
2026-02-05 17:08:23,339 - INFO - Epoch 30/200 | Train Loss: 0.172712 | Val Loss: 0.370076 | Best: inf (ep 1)
2026-02-05 17:08:23,473 - INFO - Epoch 40/200 | Train Loss: 0.120164 | Val Loss: 0.356642 | Best: inf (ep 1)
2026-02-05 17:08:23,606 - INFO - Epoch 50/200 | Train Loss: 0.115090 | Val Loss: 0.352274 | Best: inf (ep 1)
2026-02-05 17:08:23,855 - INFO - Epoch 60/200 | Train Loss: 0.155993 | Val Loss: 0.349573 | Best: 0.349416 (ep 59)
2026-02-05 17:08:24,088 - INFO - Epoch 70/200 | Train Loss: 0.096406 | Val Loss: 0.346915 | Best: 0.346915 (ep 70)
2026-02-05 17:08:24,348 - INFO - Epoch 80/200 | Train Loss: 0.102264 | Val Loss: 0.342529 | Best: 0.342529 (ep 80)
2026-02-05 17:08:24,620 - INFO - Epoch 90/200 | Train Loss: 0.114598 | Val Loss: 0.338600 | Best: 0.338600 (ep 90)
2026-02-05 17:08:24,855 - INFO - Epoch 100/200 | Train Loss: 0.085176 | Val Loss: 0.337627 | Best: 0.337342 (ep 98)
2026-02-05 17:08:25,092 - INFO - Epoch 110/200 | Train Loss: 0.093707 | Val Loss: 0.334021 | Best: 0.334002 (ep 109)
2026-02-05 17:08:25,324 - INFO - Epoch 120/200 | Train Loss: 0.056245 | Val Loss: 0.332961 | Best: 0.332961 (ep 120)
2026-02-05 17:08:25,496 - INFO - Epoch 130/200 | Train Loss: 0.064314 | Val Loss: 0.332034 | Best: 0.332034 (ep 130)
2026-02-05 17:08:25,756 - INFO - Epoch 140/200 | Train Loss: 0.120387 | Val Loss: 0.329804 | Best: 0.329804 (ep 140)
2026-02-05 17:08:25,978 - INFO - Epoch 150/200 | Train Loss: 0.064813 | Val Loss: 0.326997 | Best: 0.326997 (ep 150)
2026-02-05 17:08:26,227 - INFO - Epoch 160/200 | Train Loss: 0.061272 | Val Loss: 0.325335 | Best: 0.325335 (ep 160)
2026-02-05 17:08:26,486 - INFO - Epoch 170/200 | Train Loss: 0.070527 | Val Loss: 0.322084 | Best: 0.322084 (ep 170)
2026-02-05 17:08:26,746 - INFO - Epoch 180/200 | Train Loss: 0.061025 | Val Loss: 0.317012 | Best: 0.317012 (ep 180)
2026-02-05 17:08:26,991 - INFO - Epoch 190/200 | Train Loss: 0.054160 | Val Loss: 0.314206 | Best: 0.314206 (ep 190)
2026-02-05 17:08:27,164 - INFO - Epoch 200/200 | Train Loss: 0.080044 | Val Loss: 0.313766 | Best: 0.313080 (ep 193)
2026-02-05 17:08:27,175 - INFO - Loaded best model from epoch 193
2026-02-05 17:08:27,185 - INFO - Fold 4 Results - MSE: 0.0206, MAE: 0.1019, R²: -0.1643, Pearson r: 0.0023 (p=9.9505e-01), Spearman r: 0.1043 (p=7.7430e-01)
2026-02-05 17:08:27,185 - INFO - 
--- Fold 5/5 ---
2026-02-05 17:08:27,186 - INFO - Train size: 42, Test size: 10
2026-02-05 17:08:27,186 - INFO - Train target - Mean: 0.1207, Std: 0.1316
2026-02-05 17:08:27,186 - INFO - Test target  - Mean: 0.1074, Std: 0.0962
2026-02-05 17:08:27,217 - INFO - Training fold 5 with early stopping (patience=50)...
2026-02-05 17:08:27,232 - INFO - Epoch 1/200 | Train Loss: 0.468665 | Val Loss: 0.544868 | Best: inf (ep 1)
2026-02-05 17:08:27,355 - INFO - Epoch 10/200 | Train Loss: 0.325346 | Val Loss: 0.466626 | Best: inf (ep 1)
2026-02-05 17:08:27,489 - INFO - Epoch 20/200 | Train Loss: 0.296038 | Val Loss: 0.365195 | Best: inf (ep 1)
2026-02-05 17:08:27,622 - INFO - Epoch 30/200 | Train Loss: 0.248098 | Val Loss: 0.299259 | Best: inf (ep 1)
2026-02-05 17:08:27,756 - INFO - Epoch 40/200 | Train Loss: 0.136700 | Val Loss: 0.249738 | Best: inf (ep 1)
2026-02-05 17:08:27,890 - INFO - Epoch 50/200 | Train Loss: 0.124205 | Val Loss: 0.228914 | Best: inf (ep 1)
2026-02-05 17:08:28,149 - INFO - Epoch 60/200 | Train Loss: 0.122640 | Val Loss: 0.217109 | Best: 0.217109 (ep 60)
2026-02-05 17:08:28,409 - INFO - Epoch 70/200 | Train Loss: 0.124564 | Val Loss: 0.206467 | Best: 0.206467 (ep 70)
2026-02-05 17:08:28,621 - INFO - Epoch 80/200 | Train Loss: 0.086447 | Val Loss: 0.203283 | Best: 0.203283 (ep 80)
2026-02-05 17:08:28,880 - INFO - Epoch 90/200 | Train Loss: 0.114625 | Val Loss: 0.194099 | Best: 0.194099 (ep 90)
2026-02-05 17:08:29,104 - INFO - Epoch 100/200 | Train Loss: 0.111640 | Val Loss: 0.190148 | Best: 0.189554 (ep 97)
2026-02-05 17:08:29,312 - INFO - Epoch 110/200 | Train Loss: 0.086835 | Val Loss: 0.187214 | Best: 0.187214 (ep 110)
2026-02-05 17:08:29,573 - INFO - Epoch 120/200 | Train Loss: 0.075393 | Val Loss: 0.178634 | Best: 0.178634 (ep 120)
2026-02-05 17:08:29,807 - INFO - Epoch 130/200 | Train Loss: 0.060458 | Val Loss: 0.176032 | Best: 0.176032 (ep 130)
2026-02-05 17:08:30,065 - INFO - Epoch 140/200 | Train Loss: 0.065499 | Val Loss: 0.169204 | Best: 0.169204 (ep 140)
2026-02-05 17:08:30,310 - INFO - Epoch 150/200 | Train Loss: 0.128752 | Val Loss: 0.166386 | Best: 0.166386 (ep 150)
2026-02-05 17:08:30,444 - INFO - Epoch 160/200 | Train Loss: 0.076021 | Val Loss: 0.169956 | Best: 0.166386 (ep 150)
2026-02-05 17:08:30,578 - INFO - Epoch 170/200 | Train Loss: 0.047369 | Val Loss: 0.168084 | Best: 0.166386 (ep 150)
2026-02-05 17:08:30,712 - INFO - Epoch 180/200 | Train Loss: 0.060456 | Val Loss: 0.166565 | Best: 0.166386 (ep 150)
2026-02-05 17:08:30,960 - INFO - Epoch 190/200 | Train Loss: 0.048610 | Val Loss: 0.162793 | Best: 0.162793 (ep 190)
2026-02-05 17:08:31,217 - INFO - Epoch 200/200 | Train Loss: 0.060202 | Val Loss: 0.158579 | Best: 0.158579 (ep 200)
2026-02-05 17:08:31,228 - INFO - Loaded best model from epoch 200
2026-02-05 17:08:31,237 - INFO - Fold 5 Results - MSE: 0.0067, MAE: 0.0788, R²: 0.2812, Pearson r: 0.5437 (p=1.0424e-01), Spearman r: 0.2761 (p=4.4001e-01)
2026-02-05 17:08:31,240 - INFO - Combined results saved to TI_Treatment_Regression_all_all_folds_combined.csv
2026-02-05 17:08:31,242 - INFO - 
============================================================
2026-02-05 17:08:31,242 - INFO - FINAL CROSS-VALIDATION RESULTS FOR: TI_Treatment_Regression_all
2026-02-05 17:08:31,242 - INFO - ----------------------------------------
2026-02-05 17:08:31,242 - INFO - MSE         : 0.0159 ± 0.0077
2026-02-05 17:08:31,242 - INFO - RMSE        : 0.1224 ± 0.0309
2026-02-05 17:08:31,242 - INFO - MAE         : 0.1043 ± 0.0254
2026-02-05 17:08:31,242 - INFO - R2          : -0.0123 ± 0.3631
2026-02-05 17:08:31,242 - INFO - PEARSON_R   : 0.3526 ± 0.3246
2026-02-05 17:08:31,242 - INFO - PEARSON_P   : 0.3963 ± 0.4175
2026-02-05 17:08:31,242 - INFO - SPEARMAN_R  : 0.2216 ± 0.2939
2026-02-05 17:08:31,243 - INFO - SPEARMAN_P  : 0.6263 ± 0.3632
2026-02-05 17:08:31,243 - INFO - ============================================================

2026-02-05 17:08:31,244 - INFO - Results saved to final_results_TI_Treatment_Regression_all.json
2026-02-05 17:08:31,245 - INFO - Total execution time: 14.86 seconds
2026-02-05 17:09:16,289 - INFO - Using device: cuda
2026-02-05 17:09:16,289 - INFO - Hyperparameters: {
  "batch_size": 16,
  "learning_rate": 0.001,
  "num_epochs": 200,
  "hidden_dim": 512,
  "num_blocks": 4,
  "dropout": 0.3,
  "feature_type": "all",
  "normalize_target": true,
  "target_min": 0.0,
  "target_max": 1.0,
  "loss_alpha": 0.7,
  "loss_beta": 0.3,
  "loss_temperature": 0.5
}
2026-02-05 17:09:16,290 - INFO - Starting TI treatment response REGRESSION pipeline
2026-02-05 17:09:16,290 - INFO - Parsing Excel data with diff features...
2026-02-05 17:09:16,400 - INFO - Parsing patient data from Excel...
2026-02-05 17:09:16,480 - INFO - Improvement rate statistics:
2026-02-05 17:09:16,480 - INFO -   Min: -0.6429
2026-02-05 17:09:16,480 - INFO -   Max: 0.4545
2026-02-05 17:09:16,480 - INFO -   Mean: 0.0729
2026-02-05 17:09:16,480 - INFO -   Std: 0.2007
2026-02-05 17:09:16,480 - INFO - Found 52 valid patient samples with complete data
2026-02-05 17:09:16,480 - INFO - Preparing features and labels for regression...
2026-02-05 17:09:16,514 - INFO - Normalized target values to [0, 1], original range: [0.0, 1.0]
2026-02-05 17:09:16,514 - INFO - Final dataset: 52 samples, 365 features
2026-02-05 17:09:16,514 - INFO - Target range: [0.0000, 0.4545], Mean: 0.1182, Std: 0.1256
2026-02-05 17:09:16,514 - INFO - 
============================================================
2026-02-05 17:09:16,514 - INFO - Starting Regression Cross-Validation: TI_Treatment_Regression_all
2026-02-05 17:09:16,514 - INFO - Total samples: 52 | Target range: [0.0000, 0.4545]
2026-02-05 17:09:16,515 - INFO - 
--- Fold 1/5 ---
2026-02-05 17:09:16,515 - INFO - Train size: 41, Test size: 11
2026-02-05 17:09:16,515 - INFO - Train target - Mean: 0.1273, Std: 0.1230
2026-02-05 17:09:16,515 - INFO - Test target  - Mean: 0.0841, Std: 0.1293
2026-02-05 17:09:17,254 - INFO - Training fold 1 with early stopping (patience=50)...
2026-02-05 17:09:17,461 - INFO - Epoch 1/200 | Train Loss: 0.337388 | Val Loss: 0.387226 | Best: inf (ep 1)
2026-02-05 17:09:17,565 - INFO - Epoch 10/200 | Train Loss: 0.131484 | Val Loss: 0.418201 | Best: inf (ep 1)
2026-02-05 17:09:17,681 - INFO - Epoch 20/200 | Train Loss: 0.102825 | Val Loss: 0.402393 | Best: inf (ep 1)
2026-02-05 17:09:17,796 - INFO - Epoch 30/200 | Train Loss: 0.075309 | Val Loss: 0.414847 | Best: inf (ep 1)
2026-02-05 17:09:17,911 - INFO - Epoch 40/200 | Train Loss: 0.061212 | Val Loss: 0.422982 | Best: inf (ep 1)
2026-02-05 17:09:18,026 - INFO - Epoch 50/200 | Train Loss: 0.058306 | Val Loss: 0.446962 | Best: inf (ep 1)
2026-02-05 17:09:18,181 - INFO - Epoch 60/200 | Train Loss: 0.048293 | Val Loss: 0.448700 | Best: 0.423438 (ep 56)
2026-02-05 17:09:18,309 - INFO - Epoch 70/200 | Train Loss: 0.033686 | Val Loss: 0.419297 | Best: 0.419297 (ep 70)
2026-02-05 17:09:18,463 - INFO - Epoch 80/200 | Train Loss: 0.032437 | Val Loss: 0.390982 | Best: 0.390798 (ep 76)
2026-02-05 17:09:18,617 - INFO - Epoch 90/200 | Train Loss: 0.033689 | Val Loss: 0.412774 | Best: 0.376914 (ep 83)
2026-02-05 17:09:18,746 - INFO - Epoch 100/200 | Train Loss: 0.035303 | Val Loss: 0.372889 | Best: 0.372783 (ep 98)
2026-02-05 17:09:18,861 - INFO - Epoch 110/200 | Train Loss: 0.037407 | Val Loss: 0.411661 | Best: 0.372783 (ep 98)
2026-02-05 17:09:18,976 - INFO - Epoch 120/200 | Train Loss: 0.033808 | Val Loss: 0.425814 | Best: 0.372783 (ep 98)
2026-02-05 17:09:19,093 - INFO - Epoch 130/200 | Train Loss: 0.035464 | Val Loss: 0.415279 | Best: 0.372783 (ep 98)
2026-02-05 17:09:19,208 - INFO - Epoch 140/200 | Train Loss: 0.032148 | Val Loss: 0.416886 | Best: 0.372783 (ep 98)
2026-02-05 17:09:19,300 - INFO - Early stopping at epoch 148! Best val loss: 0.372783 at epoch 98
2026-02-05 17:09:19,312 - INFO - Loaded best model from epoch 98
2026-02-05 17:09:19,323 - INFO - Fold 1 Results - MSE: 0.0219, MAE: 0.1283, R²: -0.3126, Pearson r: -0.2082 (p=5.3904e-01), Spearman r: -0.4767 (p=1.3818e-01)
2026-02-05 17:09:19,323 - INFO - 
--- Fold 2/5 ---
2026-02-05 17:09:19,323 - INFO - Train size: 41, Test size: 11
2026-02-05 17:09:19,323 - INFO - Train target - Mean: 0.1121, Std: 0.1205
2026-02-05 17:09:19,323 - INFO - Test target  - Mean: 0.1408, Std: 0.1409
2026-02-05 17:09:19,351 - INFO - Training fold 2 with early stopping (patience=50)...
2026-02-05 17:09:19,363 - INFO - Epoch 1/200 | Train Loss: 0.279910 | Val Loss: 0.083541 | Best: inf (ep 1)
2026-02-05 17:09:19,467 - INFO - Epoch 10/200 | Train Loss: 0.200748 | Val Loss: 0.279839 | Best: inf (ep 1)
2026-02-05 17:09:19,582 - INFO - Epoch 20/200 | Train Loss: 0.093509 | Val Loss: 0.312556 | Best: inf (ep 1)
2026-02-05 17:09:19,698 - INFO - Epoch 30/200 | Train Loss: 0.087622 | Val Loss: 0.266476 | Best: inf (ep 1)
2026-02-05 17:09:19,813 - INFO - Epoch 40/200 | Train Loss: 0.095008 | Val Loss: 0.240665 | Best: inf (ep 1)
2026-02-05 17:09:19,929 - INFO - Epoch 50/200 | Train Loss: 0.138246 | Val Loss: 0.245124 | Best: inf (ep 1)
2026-02-05 17:09:20,056 - INFO - Epoch 60/200 | Train Loss: 0.101409 | Val Loss: 0.271814 | Best: 0.241027 (ep 51)
2026-02-05 17:09:20,197 - INFO - Epoch 70/200 | Train Loss: 0.097568 | Val Loss: 0.226574 | Best: 0.193479 (ep 65)
2026-02-05 17:09:20,328 - INFO - Epoch 80/200 | Train Loss: 0.092221 | Val Loss: 0.219791 | Best: 0.191648 (ep 72)
2026-02-05 17:09:20,483 - INFO - Epoch 90/200 | Train Loss: 0.085321 | Val Loss: 0.172578 | Best: 0.132030 (ep 89)
2026-02-05 17:09:20,598 - INFO - Epoch 100/200 | Train Loss: 0.057007 | Val Loss: 0.169810 | Best: 0.132030 (ep 89)
2026-02-05 17:09:20,766 - INFO - Epoch 110/200 | Train Loss: 0.052575 | Val Loss: 0.124916 | Best: 0.116177 (ep 108)
2026-02-05 17:09:20,895 - INFO - Epoch 120/200 | Train Loss: 0.049622 | Val Loss: 0.110248 | Best: 0.110248 (ep 120)
2026-02-05 17:09:21,024 - INFO - Epoch 130/200 | Train Loss: 0.046030 | Val Loss: 0.124240 | Best: 0.103823 (ep 121)
2026-02-05 17:09:21,139 - INFO - Epoch 140/200 | Train Loss: 0.042917 | Val Loss: 0.128236 | Best: 0.103823 (ep 121)
2026-02-05 17:09:21,255 - INFO - Epoch 150/200 | Train Loss: 0.035169 | Val Loss: 0.123981 | Best: 0.103823 (ep 121)
2026-02-05 17:09:21,370 - INFO - Epoch 160/200 | Train Loss: 0.039305 | Val Loss: 0.109832 | Best: 0.103823 (ep 121)
2026-02-05 17:09:21,488 - INFO - Epoch 170/200 | Train Loss: 0.033830 | Val Loss: 0.121938 | Best: 0.103823 (ep 121)
2026-02-05 17:09:21,499 - INFO - Early stopping at epoch 171! Best val loss: 0.103823 at epoch 121
2026-02-05 17:09:21,510 - INFO - Loaded best model from epoch 121
2026-02-05 17:09:21,518 - INFO - Fold 2 Results - MSE: 0.0102, MAE: 0.0737, R²: 0.4841, Pearson r: 0.7431 (p=8.7855e-03), Spearman r: 0.8049 (p=2.8049e-03)
2026-02-05 17:09:21,519 - INFO - 
--- Fold 3/5 ---
2026-02-05 17:09:21,519 - INFO - Train size: 42, Test size: 10
2026-02-05 17:09:21,519 - INFO - Train target - Mean: 0.1127, Std: 0.1281
2026-02-05 17:09:21,519 - INFO - Test target  - Mean: 0.1413, Std: 0.1116
2026-02-05 17:09:21,545 - INFO - Training fold 3 with early stopping (patience=50)...
2026-02-05 17:09:21,558 - INFO - Epoch 1/200 | Train Loss: 0.370830 | Val Loss: 0.242688 | Best: inf (ep 1)
2026-02-05 17:09:21,662 - INFO - Epoch 10/200 | Train Loss: 0.120869 | Val Loss: 0.136101 | Best: inf (ep 1)
2026-02-05 17:09:21,777 - INFO - Epoch 20/200 | Train Loss: 0.056482 | Val Loss: 0.200822 | Best: inf (ep 1)
2026-02-05 17:09:21,893 - INFO - Epoch 30/200 | Train Loss: 0.046997 | Val Loss: 0.157866 | Best: inf (ep 1)
2026-02-05 17:09:22,008 - INFO - Epoch 40/200 | Train Loss: 0.046671 | Val Loss: 0.252645 | Best: inf (ep 1)
2026-02-05 17:09:22,123 - INFO - Epoch 50/200 | Train Loss: 0.048175 | Val Loss: 0.176670 | Best: inf (ep 1)
2026-02-05 17:09:22,275 - INFO - Epoch 60/200 | Train Loss: 0.036982 | Val Loss: 0.198567 | Best: 0.145991 (ep 57)
2026-02-05 17:09:22,403 - INFO - Epoch 70/200 | Train Loss: 0.046439 | Val Loss: 0.170424 | Best: 0.140298 (ep 69)
2026-02-05 17:09:22,518 - INFO - Epoch 80/200 | Train Loss: 0.040674 | Val Loss: 0.240060 | Best: 0.140298 (ep 69)
2026-02-05 17:09:22,633 - INFO - Epoch 90/200 | Train Loss: 0.029836 | Val Loss: 0.179652 | Best: 0.140298 (ep 69)
2026-02-05 17:09:22,749 - INFO - Epoch 100/200 | Train Loss: 0.033866 | Val Loss: 0.141002 | Best: 0.140298 (ep 69)
2026-02-05 17:09:22,864 - INFO - Epoch 110/200 | Train Loss: 0.039382 | Val Loss: 0.176357 | Best: 0.140298 (ep 69)
2026-02-05 17:09:22,968 - INFO - Early stopping at epoch 119! Best val loss: 0.140298 at epoch 69
2026-02-05 17:09:22,978 - INFO - Loaded best model from epoch 69
2026-02-05 17:09:22,985 - INFO - Fold 3 Results - MSE: 0.0164, MAE: 0.1116, R²: -0.3166, Pearson r: 0.6404 (p=4.6060e-02), Spearman r: 0.0061 (p=9.8674e-01)
2026-02-05 17:09:22,985 - INFO - 
--- Fold 4/5 ---
2026-02-05 17:09:22,985 - INFO - Train size: 42, Test size: 10
2026-02-05 17:09:22,985 - INFO - Train target - Mean: 0.1181, Std: 0.1238
2026-02-05 17:09:22,985 - INFO - Test target  - Mean: 0.1184, Std: 0.1329
2026-02-05 17:09:23,011 - INFO - Training fold 4 with early stopping (patience=50)...
2026-02-05 17:09:23,023 - INFO - Epoch 1/200 | Train Loss: 0.272837 | Val Loss: 0.316953 | Best: inf (ep 1)
2026-02-05 17:09:23,127 - INFO - Epoch 10/200 | Train Loss: 0.149416 | Val Loss: 0.318960 | Best: inf (ep 1)
2026-02-05 17:09:23,241 - INFO - Epoch 20/200 | Train Loss: 0.134976 | Val Loss: 0.223096 | Best: inf (ep 1)
2026-02-05 17:09:23,356 - INFO - Epoch 30/200 | Train Loss: 0.086836 | Val Loss: 0.263243 | Best: inf (ep 1)
2026-02-05 17:09:23,471 - INFO - Epoch 40/200 | Train Loss: 0.072123 | Val Loss: 0.316142 | Best: inf (ep 1)
2026-02-05 17:09:23,586 - INFO - Epoch 50/200 | Train Loss: 0.181628 | Val Loss: 0.256113 | Best: inf (ep 1)
2026-02-05 17:09:23,779 - INFO - Epoch 60/200 | Train Loss: 0.093899 | Val Loss: 0.233268 | Best: 0.216351 (ep 59)
2026-02-05 17:09:23,920 - INFO - Epoch 70/200 | Train Loss: 0.083913 | Val Loss: 0.218342 | Best: 0.171509 (ep 64)
2026-02-05 17:09:24,073 - INFO - Epoch 80/200 | Train Loss: 0.044728 | Val Loss: 0.168860 | Best: 0.165568 (ep 79)
2026-02-05 17:09:24,188 - INFO - Epoch 90/200 | Train Loss: 0.051975 | Val Loss: 0.198144 | Best: 0.165568 (ep 79)
2026-02-05 17:09:24,303 - INFO - Epoch 100/200 | Train Loss: 0.033479 | Val Loss: 0.204748 | Best: 0.165568 (ep 79)
2026-02-05 17:09:24,435 - INFO - Epoch 110/200 | Train Loss: 0.036629 | Val Loss: 0.181394 | Best: 0.165217 (ep 107)
2026-02-05 17:09:24,550 - INFO - Epoch 120/200 | Train Loss: 0.036478 | Val Loss: 0.184181 | Best: 0.165217 (ep 107)
2026-02-05 17:09:24,667 - INFO - Epoch 130/200 | Train Loss: 0.039086 | Val Loss: 0.170821 | Best: 0.165217 (ep 107)
2026-02-05 17:09:24,799 - INFO - Epoch 140/200 | Train Loss: 0.030917 | Val Loss: 0.194077 | Best: 0.163884 (ep 134)
2026-02-05 17:09:24,914 - INFO - Epoch 150/200 | Train Loss: 0.035540 | Val Loss: 0.192235 | Best: 0.163884 (ep 134)
2026-02-05 17:09:25,029 - INFO - Epoch 160/200 | Train Loss: 0.030716 | Val Loss: 0.191351 | Best: 0.163884 (ep 134)
2026-02-05 17:09:25,157 - INFO - Epoch 170/200 | Train Loss: 0.029417 | Val Loss: 0.152979 | Best: 0.152979 (ep 170)
2026-02-05 17:09:25,285 - INFO - Epoch 180/200 | Train Loss: 0.033151 | Val Loss: 0.165961 | Best: 0.140263 (ep 171)
2026-02-05 17:09:25,400 - INFO - Epoch 190/200 | Train Loss: 0.030005 | Val Loss: 0.171132 | Best: 0.140263 (ep 171)
2026-02-05 17:09:25,570 - INFO - Epoch 200/200 | Train Loss: 0.030392 | Val Loss: 0.130012 | Best: 0.122184 (ep 198)
2026-02-05 17:09:25,579 - INFO - Loaded best model from epoch 198
2026-02-05 17:09:25,585 - INFO - Fold 4 Results - MSE: 0.0149, MAE: 0.0818, R²: 0.1565, Pearson r: 0.6949 (p=2.5716e-02), Spearman r: 0.6810 (p=3.0151e-02)
2026-02-05 17:09:25,585 - INFO - 
--- Fold 5/5 ---
2026-02-05 17:09:25,585 - INFO - Train size: 42, Test size: 10
2026-02-05 17:09:25,585 - INFO - Train target - Mean: 0.1207, Std: 0.1316
2026-02-05 17:09:25,586 - INFO - Test target  - Mean: 0.1074, Std: 0.0962
2026-02-05 17:09:25,614 - INFO - Training fold 5 with early stopping (patience=50)...
2026-02-05 17:09:25,626 - INFO - Epoch 1/200 | Train Loss: 0.450321 | Val Loss: 0.293227 | Best: inf (ep 1)
2026-02-05 17:09:25,730 - INFO - Epoch 10/200 | Train Loss: 0.169065 | Val Loss: 0.130559 | Best: inf (ep 1)
2026-02-05 17:09:25,845 - INFO - Epoch 20/200 | Train Loss: 0.092406 | Val Loss: 0.163189 | Best: inf (ep 1)
2026-02-05 17:09:25,960 - INFO - Epoch 30/200 | Train Loss: 0.075265 | Val Loss: 0.215591 | Best: inf (ep 1)
2026-02-05 17:09:26,075 - INFO - Epoch 40/200 | Train Loss: 0.052114 | Val Loss: 0.138148 | Best: inf (ep 1)
2026-02-05 17:09:26,190 - INFO - Epoch 50/200 | Train Loss: 0.053706 | Val Loss: 0.175820 | Best: inf (ep 1)
2026-02-05 17:09:26,368 - INFO - Epoch 60/200 | Train Loss: 0.062709 | Val Loss: 0.180596 | Best: 0.114179 (ep 57)
2026-02-05 17:09:26,483 - INFO - Epoch 70/200 | Train Loss: 0.041324 | Val Loss: 0.157750 | Best: 0.114179 (ep 57)
2026-02-05 17:09:26,598 - INFO - Epoch 80/200 | Train Loss: 0.034849 | Val Loss: 0.130413 | Best: 0.114179 (ep 57)
2026-02-05 17:09:26,712 - INFO - Epoch 90/200 | Train Loss: 0.031612 | Val Loss: 0.177648 | Best: 0.114179 (ep 57)
2026-02-05 17:09:26,827 - INFO - Epoch 100/200 | Train Loss: 0.033172 | Val Loss: 0.148730 | Best: 0.114179 (ep 57)
2026-02-05 17:09:26,908 - INFO - Early stopping at epoch 107! Best val loss: 0.114179 at epoch 57
2026-02-05 17:09:26,917 - INFO - Loaded best model from epoch 57
2026-02-05 17:09:26,923 - INFO - Fold 5 Results - MSE: 0.0112, MAE: 0.0872, R²: -0.2083, Pearson r: 0.7214 (p=1.8517e-02), Spearman r: 0.3129 (p=3.7869e-01)
2026-02-05 17:09:26,925 - INFO - Combined results saved to TI_Treatment_Regression_all_all_folds_combined.csv
2026-02-05 17:09:26,928 - INFO - 
============================================================
2026-02-05 17:09:26,928 - INFO - FINAL CROSS-VALIDATION RESULTS FOR: TI_Treatment_Regression_all
2026-02-05 17:09:26,928 - INFO - ----------------------------------------
2026-02-05 17:09:26,928 - INFO - MSE         : 0.0149 ± 0.0042
2026-02-05 17:09:26,928 - INFO - RMSE        : 0.1210 ± 0.0168
2026-02-05 17:09:26,928 - INFO - MAE         : 0.0965 ± 0.0203
2026-02-05 17:09:26,928 - INFO - R2          : -0.0394 ± 0.3138
2026-02-05 17:09:26,928 - INFO - PEARSON_R   : 0.5183 ± 0.3649
2026-02-05 17:09:26,928 - INFO - PEARSON_P   : 0.1276 ± 0.2061
2026-02-05 17:09:26,928 - INFO - SPEARMAN_R  : 0.2656 ± 0.4656
2026-02-05 17:09:26,928 - INFO - SPEARMAN_P  : 0.3073 ± 0.3647
2026-02-05 17:09:26,928 - INFO - ============================================================

2026-02-05 17:09:26,931 - INFO - Results saved to final_results_TI_Treatment_Regression_all.json
2026-02-05 17:09:26,931 - INFO - Total execution time: 10.64 seconds
2026-02-05 17:11:45,009 - INFO - Using device: cuda
2026-02-05 17:11:45,010 - INFO - Hyperparameters: {
  "batch_size": 16,
  "learning_rate": 0.001,
  "num_epochs": 200,
  "hidden_dim": 512,
  "num_blocks": 4,
  "dropout": 0.3,
  "feature_type": "all",
  "normalize_target": true,
  "target_min": 0.0,
  "target_max": 1.0,
  "loss_alpha": 0.6,
  "loss_beta": 0.4,
  "loss_temperature": 0.5
}
2026-02-05 17:11:45,010 - INFO - Starting TI treatment response REGRESSION pipeline
2026-02-05 17:11:45,010 - INFO - Parsing Excel data with diff features...
2026-02-05 17:11:45,119 - INFO - Parsing patient data from Excel...
2026-02-05 17:11:45,199 - INFO - Improvement rate statistics:
2026-02-05 17:11:45,199 - INFO -   Min: -0.6429
2026-02-05 17:11:45,199 - INFO -   Max: 0.4545
2026-02-05 17:11:45,199 - INFO -   Mean: 0.0729
2026-02-05 17:11:45,200 - INFO -   Std: 0.2007
2026-02-05 17:11:45,200 - INFO - Found 52 valid patient samples with complete data
2026-02-05 17:11:45,200 - INFO - Preparing features and labels for regression...
2026-02-05 17:11:45,232 - INFO - Normalized target values to [0, 1], original range: [0.0, 1.0]
2026-02-05 17:11:45,232 - INFO - Final dataset: 52 samples, 365 features
2026-02-05 17:11:45,232 - INFO - Target range: [0.0000, 0.4545], Mean: 0.1182, Std: 0.1256
2026-02-05 17:11:45,232 - INFO - 
============================================================
2026-02-05 17:11:45,232 - INFO - Starting Regression Cross-Validation: TI_Treatment_Regression_all
2026-02-05 17:11:45,232 - INFO - Total samples: 52 | Target range: [0.0000, 0.4545]
2026-02-05 17:11:45,233 - INFO - 
--- Fold 1/5 ---
2026-02-05 17:11:45,233 - INFO - Train size: 41, Test size: 11
2026-02-05 17:11:45,233 - INFO - Train target - Mean: 0.1273, Std: 0.1230
2026-02-05 17:11:45,233 - INFO - Test target  - Mean: 0.0841, Std: 0.1293
2026-02-05 17:11:45,992 - INFO - Training fold 1 with early stopping (patience=50)...
2026-02-05 17:11:46,200 - INFO - Epoch 1/200 | Train Loss: 0.431753 | Val Loss: 0.513375 | Best: inf (ep 1)
2026-02-05 17:11:46,304 - INFO - Epoch 10/200 | Train Loss: 0.177689 | Val Loss: 0.537113 | Best: inf (ep 1)
2026-02-05 17:11:46,418 - INFO - Epoch 20/200 | Train Loss: 0.083534 | Val Loss: 0.549969 | Best: inf (ep 1)
2026-02-05 17:11:46,533 - INFO - Epoch 30/200 | Train Loss: 0.090793 | Val Loss: 0.529820 | Best: inf (ep 1)
2026-02-05 17:11:46,648 - INFO - Epoch 40/200 | Train Loss: 0.069056 | Val Loss: 0.574459 | Best: inf (ep 1)
2026-02-05 17:11:46,762 - INFO - Epoch 50/200 | Train Loss: 0.051738 | Val Loss: 0.513037 | Best: inf (ep 1)
2026-02-05 17:11:46,922 - INFO - Epoch 60/200 | Train Loss: 0.047103 | Val Loss: 0.497664 | Best: 0.497664 (ep 60)
2026-02-05 17:11:47,050 - INFO - Epoch 70/200 | Train Loss: 0.043791 | Val Loss: 0.537898 | Best: 0.484378 (ep 61)
2026-02-05 17:11:47,164 - INFO - Epoch 80/200 | Train Loss: 0.065011 | Val Loss: 0.583928 | Best: 0.484378 (ep 61)
2026-02-05 17:11:47,279 - INFO - Epoch 90/200 | Train Loss: 0.045166 | Val Loss: 0.521592 | Best: 0.484378 (ep 61)
2026-02-05 17:11:47,394 - INFO - Epoch 100/200 | Train Loss: 0.048586 | Val Loss: 0.504678 | Best: 0.484378 (ep 61)
2026-02-05 17:11:47,508 - INFO - Epoch 110/200 | Train Loss: 0.042945 | Val Loss: 0.499953 | Best: 0.484378 (ep 61)
2026-02-05 17:11:47,520 - INFO - Early stopping at epoch 111! Best val loss: 0.484378 at epoch 61
2026-02-05 17:11:47,530 - INFO - Loaded best model from epoch 61
2026-02-05 17:11:47,539 - INFO - Fold 1 Results - MSE: 0.0321, MAE: 0.1584, R²: -0.9181, Pearson r: -0.1767 (p=6.0325e-01), Spearman r: -0.4958 (p=1.2091e-01)
2026-02-05 17:11:47,539 - INFO - 
--- Fold 2/5 ---
2026-02-05 17:11:47,539 - INFO - Train size: 41, Test size: 11
2026-02-05 17:11:47,539 - INFO - Train target - Mean: 0.1121, Std: 0.1205
2026-02-05 17:11:47,539 - INFO - Test target  - Mean: 0.1408, Std: 0.1409
2026-02-05 17:11:47,567 - INFO - Training fold 2 with early stopping (patience=50)...
2026-02-05 17:11:47,579 - INFO - Epoch 1/200 | Train Loss: 0.415103 | Val Loss: 0.273701 | Best: inf (ep 1)
2026-02-05 17:11:47,683 - INFO - Epoch 10/200 | Train Loss: 0.155406 | Val Loss: 0.360491 | Best: inf (ep 1)
2026-02-05 17:11:47,800 - INFO - Epoch 20/200 | Train Loss: 0.173449 | Val Loss: 0.180004 | Best: inf (ep 1)
2026-02-05 17:11:47,916 - INFO - Epoch 30/200 | Train Loss: 0.223299 | Val Loss: 0.292251 | Best: inf (ep 1)
2026-02-05 17:11:48,031 - INFO - Epoch 40/200 | Train Loss: 0.098004 | Val Loss: 0.306124 | Best: inf (ep 1)
2026-02-05 17:11:48,145 - INFO - Epoch 50/200 | Train Loss: 0.236589 | Val Loss: 0.217562 | Best: inf (ep 1)
2026-02-05 17:11:48,272 - INFO - Epoch 60/200 | Train Loss: 0.109110 | Val Loss: 0.247995 | Best: 0.203457 (ep 51)
2026-02-05 17:11:48,399 - INFO - Epoch 70/200 | Train Loss: 0.074141 | Val Loss: 0.231898 | Best: 0.189500 (ep 65)
2026-02-05 17:11:48,540 - INFO - Epoch 80/200 | Train Loss: 0.061047 | Val Loss: 0.241778 | Best: 0.144972 (ep 73)
2026-02-05 17:11:48,668 - INFO - Epoch 90/200 | Train Loss: 0.049494 | Val Loss: 0.153426 | Best: 0.139220 (ep 89)
2026-02-05 17:11:48,783 - INFO - Epoch 100/200 | Train Loss: 0.054340 | Val Loss: 0.212014 | Best: 0.139220 (ep 89)
2026-02-05 17:11:48,898 - INFO - Epoch 110/200 | Train Loss: 0.043092 | Val Loss: 0.200646 | Best: 0.139220 (ep 89)
2026-02-05 17:11:49,015 - INFO - Epoch 120/200 | Train Loss: 0.053373 | Val Loss: 0.184521 | Best: 0.139220 (ep 89)
2026-02-05 17:11:49,130 - INFO - Epoch 130/200 | Train Loss: 0.047084 | Val Loss: 0.169435 | Best: 0.139220 (ep 89)
2026-02-05 17:11:49,233 - INFO - Early stopping at epoch 139! Best val loss: 0.139220 at epoch 89
2026-02-05 17:11:49,244 - INFO - Loaded best model from epoch 89
2026-02-05 17:11:49,252 - INFO - Fold 2 Results - MSE: 0.0095, MAE: 0.0825, R²: 0.5216, Pearson r: 0.7293 (p=1.0869e-02), Spearman r: 0.7490 (p=7.9769e-03)
2026-02-05 17:11:49,252 - INFO - 
--- Fold 3/5 ---
2026-02-05 17:11:49,252 - INFO - Train size: 42, Test size: 10
2026-02-05 17:11:49,252 - INFO - Train target - Mean: 0.1127, Std: 0.1281
2026-02-05 17:11:49,252 - INFO - Test target  - Mean: 0.1413, Std: 0.1116
2026-02-05 17:11:49,279 - INFO - Training fold 3 with early stopping (patience=50)...
2026-02-05 17:11:49,292 - INFO - Epoch 1/200 | Train Loss: 0.441054 | Val Loss: 0.242451 | Best: inf (ep 1)
2026-02-05 17:11:49,395 - INFO - Epoch 10/200 | Train Loss: 0.225230 | Val Loss: 0.417002 | Best: inf (ep 1)
2026-02-05 17:11:49,510 - INFO - Epoch 20/200 | Train Loss: 0.098215 | Val Loss: 0.424397 | Best: inf (ep 1)
2026-02-05 17:11:49,625 - INFO - Epoch 30/200 | Train Loss: 0.088122 | Val Loss: 0.322816 | Best: inf (ep 1)
2026-02-05 17:11:49,740 - INFO - Epoch 40/200 | Train Loss: 0.088887 | Val Loss: 0.245808 | Best: inf (ep 1)
2026-02-05 17:11:49,855 - INFO - Epoch 50/200 | Train Loss: 0.066253 | Val Loss: 0.122608 | Best: inf (ep 1)
2026-02-05 17:11:49,981 - INFO - Epoch 60/200 | Train Loss: 0.072019 | Val Loss: 0.263545 | Best: 0.123195 (ep 51)
2026-02-05 17:11:50,096 - INFO - Epoch 70/200 | Train Loss: 0.048045 | Val Loss: 0.163501 | Best: 0.123195 (ep 51)
2026-02-05 17:11:50,211 - INFO - Epoch 80/200 | Train Loss: 0.050750 | Val Loss: 0.314201 | Best: 0.123195 (ep 51)
2026-02-05 17:11:50,328 - INFO - Epoch 90/200 | Train Loss: 0.050398 | Val Loss: 0.285775 | Best: 0.123195 (ep 51)
2026-02-05 17:11:50,442 - INFO - Epoch 100/200 | Train Loss: 0.045723 | Val Loss: 0.243932 | Best: 0.123195 (ep 51)
2026-02-05 17:11:50,454 - INFO - Early stopping at epoch 101! Best val loss: 0.123195 at epoch 51
2026-02-05 17:11:50,465 - INFO - Loaded best model from epoch 51
2026-02-05 17:11:50,473 - INFO - Fold 3 Results - MSE: 0.0305, MAE: 0.1393, R²: -1.4457, Pearson r: 0.8246 (p=3.3298e-03), Spearman r: 0.3333 (p=3.4659e-01)
2026-02-05 17:11:50,473 - INFO - 
--- Fold 4/5 ---
2026-02-05 17:11:50,473 - INFO - Train size: 42, Test size: 10
2026-02-05 17:11:50,473 - INFO - Train target - Mean: 0.1181, Std: 0.1238
2026-02-05 17:11:50,473 - INFO - Test target  - Mean: 0.1184, Std: 0.1329
2026-02-05 17:11:50,499 - INFO - Training fold 4 with early stopping (patience=50)...
2026-02-05 17:11:50,511 - INFO - Epoch 1/200 | Train Loss: 0.435660 | Val Loss: 0.389246 | Best: inf (ep 1)
2026-02-05 17:11:50,614 - INFO - Epoch 10/200 | Train Loss: 0.147440 | Val Loss: 0.284099 | Best: inf (ep 1)
2026-02-05 17:11:50,729 - INFO - Epoch 20/200 | Train Loss: 0.115018 | Val Loss: 0.289077 | Best: inf (ep 1)
2026-02-05 17:11:50,844 - INFO - Epoch 30/200 | Train Loss: 0.099947 | Val Loss: 0.239068 | Best: inf (ep 1)
2026-02-05 17:11:50,958 - INFO - Epoch 40/200 | Train Loss: 0.081883 | Val Loss: 0.324452 | Best: inf (ep 1)
2026-02-05 17:11:51,073 - INFO - Epoch 50/200 | Train Loss: 0.077639 | Val Loss: 0.315031 | Best: inf (ep 1)
2026-02-05 17:11:51,252 - INFO - Epoch 60/200 | Train Loss: 0.058602 | Val Loss: 0.320146 | Best: 0.291518 (ep 56)
2026-02-05 17:11:51,406 - INFO - Epoch 70/200 | Train Loss: 0.052277 | Val Loss: 0.313725 | Best: 0.275610 (ep 66)
2026-02-05 17:11:51,560 - INFO - Epoch 80/200 | Train Loss: 0.047153 | Val Loss: 0.261461 | Best: 0.261461 (ep 80)
2026-02-05 17:11:51,727 - INFO - Epoch 90/200 | Train Loss: 0.043114 | Val Loss: 0.267323 | Best: 0.247909 (ep 88)
2026-02-05 17:11:51,855 - INFO - Epoch 100/200 | Train Loss: 0.038922 | Val Loss: 0.255017 | Best: 0.215905 (ep 92)
2026-02-05 17:11:51,969 - INFO - Epoch 110/200 | Train Loss: 0.050553 | Val Loss: 0.222981 | Best: 0.215905 (ep 92)
2026-02-05 17:11:52,110 - INFO - Epoch 120/200 | Train Loss: 0.051615 | Val Loss: 0.228143 | Best: 0.209469 (ep 115)
2026-02-05 17:11:52,224 - INFO - Epoch 130/200 | Train Loss: 0.041580 | Val Loss: 0.276433 | Best: 0.209469 (ep 115)
2026-02-05 17:11:52,341 - INFO - Epoch 140/200 | Train Loss: 0.043564 | Val Loss: 0.261044 | Best: 0.209469 (ep 115)
2026-02-05 17:11:52,456 - INFO - Epoch 150/200 | Train Loss: 0.039197 | Val Loss: 0.232738 | Best: 0.209469 (ep 115)
2026-02-05 17:11:52,570 - INFO - Epoch 160/200 | Train Loss: 0.040488 | Val Loss: 0.241924 | Best: 0.209469 (ep 115)
2026-02-05 17:11:52,737 - INFO - Epoch 170/200 | Train Loss: 0.038799 | Val Loss: 0.174316 | Best: 0.174316 (ep 170)
2026-02-05 17:11:52,864 - INFO - Epoch 180/200 | Train Loss: 0.039920 | Val Loss: 0.172506 | Best: 0.170191 (ep 173)
2026-02-05 17:11:52,992 - INFO - Epoch 190/200 | Train Loss: 0.038452 | Val Loss: 0.241453 | Best: 0.166636 (ep 181)
2026-02-05 17:11:53,106 - INFO - Epoch 200/200 | Train Loss: 0.035710 | Val Loss: 0.236825 | Best: 0.166636 (ep 181)
2026-02-05 17:11:53,117 - INFO - Loaded best model from epoch 181
2026-02-05 17:11:53,131 - INFO - Fold 4 Results - MSE: 0.0137, MAE: 0.0734, R²: 0.2219, Pearson r: 0.6657 (p=3.5636e-02), Spearman r: 0.5706 (p=8.4972e-02)
2026-02-05 17:11:53,131 - INFO - 
--- Fold 5/5 ---
2026-02-05 17:11:53,131 - INFO - Train size: 42, Test size: 10
2026-02-05 17:11:53,131 - INFO - Train target - Mean: 0.1207, Std: 0.1316
2026-02-05 17:11:53,131 - INFO - Test target  - Mean: 0.1074, Std: 0.0962
2026-02-05 17:11:53,160 - INFO - Training fold 5 with early stopping (patience=50)...
2026-02-05 17:11:53,173 - INFO - Epoch 1/200 | Train Loss: 0.417996 | Val Loss: 0.259966 | Best: inf (ep 1)
2026-02-05 17:11:53,276 - INFO - Epoch 10/200 | Train Loss: 0.236986 | Val Loss: 0.235035 | Best: inf (ep 1)
2026-02-05 17:11:53,390 - INFO - Epoch 20/200 | Train Loss: 0.101502 | Val Loss: 0.133037 | Best: inf (ep 1)
2026-02-05 17:11:53,505 - INFO - Epoch 30/200 | Train Loss: 0.093631 | Val Loss: 0.162322 | Best: inf (ep 1)
2026-02-05 17:11:53,619 - INFO - Epoch 40/200 | Train Loss: 0.058328 | Val Loss: 0.195236 | Best: inf (ep 1)
2026-02-05 17:11:53,734 - INFO - Epoch 50/200 | Train Loss: 0.082080 | Val Loss: 0.143803 | Best: inf (ep 1)
2026-02-05 17:11:53,872 - INFO - Epoch 60/200 | Train Loss: 0.057949 | Val Loss: 0.205603 | Best: 0.145362 (ep 56)
2026-02-05 17:11:54,012 - INFO - Epoch 70/200 | Train Loss: 0.067280 | Val Loss: 0.263349 | Best: 0.121276 (ep 66)
2026-02-05 17:11:54,127 - INFO - Epoch 80/200 | Train Loss: 0.053074 | Val Loss: 0.209254 | Best: 0.121276 (ep 66)
2026-02-05 17:11:54,242 - INFO - Epoch 90/200 | Train Loss: 0.046438 | Val Loss: 0.201755 | Best: 0.121276 (ep 66)
2026-02-05 17:11:54,358 - INFO - Epoch 100/200 | Train Loss: 0.042359 | Val Loss: 0.191042 | Best: 0.121276 (ep 66)
2026-02-05 17:11:54,473 - INFO - Epoch 110/200 | Train Loss: 0.044121 | Val Loss: 0.256041 | Best: 0.121276 (ep 66)
2026-02-05 17:11:54,542 - INFO - Early stopping at epoch 116! Best val loss: 0.121276 at epoch 66
2026-02-05 17:11:54,552 - INFO - Loaded best model from epoch 66
2026-02-05 17:11:54,560 - INFO - Fold 5 Results - MSE: 0.0085, MAE: 0.0700, R²: 0.0781, Pearson r: 0.7903 (p=6.5170e-03), Spearman r: 0.1779 (p=6.2287e-01)
2026-02-05 17:11:54,563 - INFO - Combined results saved to TI_Treatment_Regression_all_all_folds_combined.csv
2026-02-05 17:11:54,568 - INFO - 
============================================================
2026-02-05 17:11:54,568 - INFO - FINAL CROSS-VALIDATION RESULTS FOR: TI_Treatment_Regression_all
2026-02-05 17:11:54,568 - INFO - ----------------------------------------
2026-02-05 17:11:54,568 - INFO - MSE         : 0.0189 ± 0.0103
2026-02-05 17:11:54,568 - INFO - RMSE        : 0.1321 ± 0.0374
2026-02-05 17:11:54,568 - INFO - MAE         : 0.1047 ± 0.0368
2026-02-05 17:11:54,568 - INFO - R2          : -0.3084 ± 0.7463
2026-02-05 17:11:54,568 - INFO - PEARSON_R   : 0.5666 ± 0.3756
2026-02-05 17:11:54,568 - INFO - PEARSON_P   : 0.1319 ± 0.2359
2026-02-05 17:11:54,568 - INFO - SPEARMAN_R  : 0.2670 ± 0.4287
2026-02-05 17:11:54,568 - INFO - SPEARMAN_P  : 0.2367 ± 0.2236
2026-02-05 17:11:54,568 - INFO - ============================================================

2026-02-05 17:11:54,571 - INFO - Results saved to final_results_TI_Treatment_Regression_all.json
2026-02-05 17:11:54,571 - INFO - Total execution time: 9.56 seconds
2026-02-05 17:12:09,313 - INFO - Using device: cuda
2026-02-05 17:12:09,313 - INFO - Hyperparameters: {
  "batch_size": 16,
  "learning_rate": 0.001,
  "num_epochs": 200,
  "hidden_dim": 512,
  "num_blocks": 4,
  "dropout": 0.3,
  "feature_type": "all",
  "normalize_target": true,
  "target_min": 0.0,
  "target_max": 1.0,
  "loss_alpha": 0.5,
  "loss_beta": 0.5,
  "loss_temperature": 0.5
}
2026-02-05 17:12:09,314 - INFO - Starting TI treatment response REGRESSION pipeline
2026-02-05 17:12:09,314 - INFO - Parsing Excel data with diff features...
2026-02-05 17:12:09,423 - INFO - Parsing patient data from Excel...
2026-02-05 17:12:09,540 - INFO - Improvement rate statistics:
2026-02-05 17:12:09,540 - INFO -   Min: -0.6429
2026-02-05 17:12:09,540 - INFO -   Max: 0.4545
2026-02-05 17:12:09,540 - INFO -   Mean: 0.0729
2026-02-05 17:12:09,540 - INFO -   Std: 0.2007
2026-02-05 17:12:09,540 - INFO - Found 52 valid patient samples with complete data
2026-02-05 17:12:09,540 - INFO - Preparing features and labels for regression...
2026-02-05 17:12:09,573 - INFO - Normalized target values to [0, 1], original range: [0.0, 1.0]
2026-02-05 17:12:09,573 - INFO - Final dataset: 52 samples, 365 features
2026-02-05 17:12:09,573 - INFO - Target range: [0.0000, 0.4545], Mean: 0.1182, Std: 0.1256
2026-02-05 17:12:09,573 - INFO - 
============================================================
2026-02-05 17:12:09,573 - INFO - Starting Regression Cross-Validation: TI_Treatment_Regression_all
2026-02-05 17:12:09,573 - INFO - Total samples: 52 | Target range: [0.0000, 0.4545]
2026-02-05 17:12:09,574 - INFO - 
--- Fold 1/5 ---
2026-02-05 17:12:09,574 - INFO - Train size: 41, Test size: 11
2026-02-05 17:12:09,574 - INFO - Train target - Mean: 0.1273, Std: 0.1230
2026-02-05 17:12:09,574 - INFO - Test target  - Mean: 0.0841, Std: 0.1293
2026-02-05 17:12:10,287 - INFO - Training fold 1 with early stopping (patience=50)...
2026-02-05 17:12:10,494 - INFO - Epoch 1/200 | Train Loss: 0.522004 | Val Loss: 0.642074 | Best: inf (ep 1)
2026-02-05 17:12:10,600 - INFO - Epoch 10/200 | Train Loss: 0.190396 | Val Loss: 0.667515 | Best: inf (ep 1)
2026-02-05 17:12:10,717 - INFO - Epoch 20/200 | Train Loss: 0.189266 | Val Loss: 0.671918 | Best: inf (ep 1)
2026-02-05 17:12:10,834 - INFO - Epoch 30/200 | Train Loss: 0.112146 | Val Loss: 0.692610 | Best: inf (ep 1)
2026-02-05 17:12:10,950 - INFO - Epoch 40/200 | Train Loss: 0.083920 | Val Loss: 0.774557 | Best: inf (ep 1)
2026-02-05 17:12:11,067 - INFO - Epoch 50/200 | Train Loss: 0.072821 | Val Loss: 0.717360 | Best: inf (ep 1)
2026-02-05 17:12:11,222 - INFO - Epoch 60/200 | Train Loss: 0.075320 | Val Loss: 0.709509 | Best: 0.709289 (ep 56)
2026-02-05 17:12:11,378 - INFO - Epoch 70/200 | Train Loss: 0.068400 | Val Loss: 0.680310 | Best: 0.674415 (ep 69)
2026-02-05 17:12:11,559 - INFO - Epoch 80/200 | Train Loss: 0.072245 | Val Loss: 0.649577 | Best: 0.640797 (ep 79)
2026-02-05 17:12:11,728 - INFO - Epoch 90/200 | Train Loss: 0.052271 | Val Loss: 0.607327 | Best: 0.564074 (ep 84)
2026-02-05 17:12:11,845 - INFO - Epoch 100/200 | Train Loss: 0.054241 | Val Loss: 0.636072 | Best: 0.564074 (ep 84)
2026-02-05 17:12:11,961 - INFO - Epoch 110/200 | Train Loss: 0.058909 | Val Loss: 0.579200 | Best: 0.564074 (ep 84)
2026-02-05 17:12:12,104 - INFO - Epoch 120/200 | Train Loss: 0.053100 | Val Loss: 0.626060 | Best: 0.547857 (ep 113)
2026-02-05 17:12:12,220 - INFO - Epoch 130/200 | Train Loss: 0.050932 | Val Loss: 0.645108 | Best: 0.547857 (ep 113)
2026-02-05 17:12:12,338 - INFO - Epoch 140/200 | Train Loss: 0.052222 | Val Loss: 0.648551 | Best: 0.547857 (ep 113)
2026-02-05 17:12:12,454 - INFO - Epoch 150/200 | Train Loss: 0.045732 | Val Loss: 0.628233 | Best: 0.547857 (ep 113)
2026-02-05 17:12:12,571 - INFO - Epoch 160/200 | Train Loss: 0.051278 | Val Loss: 0.621715 | Best: 0.547857 (ep 113)
2026-02-05 17:12:12,606 - INFO - Early stopping at epoch 163! Best val loss: 0.547857 at epoch 113
2026-02-05 17:12:12,618 - INFO - Loaded best model from epoch 113
2026-02-05 17:12:12,629 - INFO - Fold 1 Results - MSE: 0.0255, MAE: 0.1449, R²: -0.5262, Pearson r: -0.0743 (p=8.2809e-01), Spearman r: -0.3051 (p=3.6158e-01)
2026-02-05 17:12:12,629 - INFO - 
--- Fold 2/5 ---
2026-02-05 17:12:12,630 - INFO - Train size: 41, Test size: 11
2026-02-05 17:12:12,630 - INFO - Train target - Mean: 0.1121, Std: 0.1205
2026-02-05 17:12:12,630 - INFO - Test target  - Mean: 0.1408, Std: 0.1409
2026-02-05 17:12:12,657 - INFO - Training fold 2 with early stopping (patience=50)...
2026-02-05 17:12:12,670 - INFO - Epoch 1/200 | Train Loss: 0.688651 | Val Loss: 0.399465 | Best: inf (ep 1)
2026-02-05 17:12:12,778 - INFO - Epoch 10/200 | Train Loss: 0.368366 | Val Loss: 0.432544 | Best: inf (ep 1)
2026-02-05 17:12:12,895 - INFO - Epoch 20/200 | Train Loss: 0.248385 | Val Loss: 0.431434 | Best: inf (ep 1)
2026-02-05 17:12:13,012 - INFO - Epoch 30/200 | Train Loss: 0.369088 | Val Loss: 0.431518 | Best: inf (ep 1)
2026-02-05 17:12:13,129 - INFO - Epoch 40/200 | Train Loss: 0.269330 | Val Loss: 0.450876 | Best: inf (ep 1)
2026-02-05 17:12:13,246 - INFO - Epoch 50/200 | Train Loss: 0.160149 | Val Loss: 0.454280 | Best: inf (ep 1)
2026-02-05 17:12:13,399 - INFO - Epoch 60/200 | Train Loss: 0.212044 | Val Loss: 0.431308 | Best: 0.330359 (ep 53)
2026-02-05 17:12:13,516 - INFO - Epoch 70/200 | Train Loss: 0.244569 | Val Loss: 0.446816 | Best: 0.330359 (ep 53)
2026-02-05 17:12:13,633 - INFO - Epoch 80/200 | Train Loss: 0.219604 | Val Loss: 0.442996 | Best: 0.330359 (ep 53)
2026-02-05 17:12:13,750 - INFO - Epoch 90/200 | Train Loss: 0.175896 | Val Loss: 0.429647 | Best: 0.330359 (ep 53)
2026-02-05 17:12:13,866 - INFO - Epoch 100/200 | Train Loss: 0.151302 | Val Loss: 0.442911 | Best: 0.330359 (ep 53)
2026-02-05 17:12:13,901 - INFO - Early stopping at epoch 103! Best val loss: 0.330359 at epoch 53
2026-02-05 17:12:13,912 - INFO - Loaded best model from epoch 53
2026-02-05 17:12:13,918 - INFO - Fold 2 Results - MSE: 0.0837, MAE: 0.1803, R²: -3.2169, Pearson r: 0.4462 (p=1.6895e-01), Spearman r: 0.4466 (p=1.6847e-01)
2026-02-05 17:12:13,919 - INFO - 
--- Fold 3/5 ---
2026-02-05 17:12:13,919 - INFO - Train size: 42, Test size: 10
2026-02-05 17:12:13,919 - INFO - Train target - Mean: 0.1127, Std: 0.1281
2026-02-05 17:12:13,919 - INFO - Test target  - Mean: 0.1413, Std: 0.1116
2026-02-05 17:12:13,945 - INFO - Training fold 3 with early stopping (patience=50)...
2026-02-05 17:12:13,958 - INFO - Epoch 1/200 | Train Loss: 0.610928 | Val Loss: 0.342968 | Best: inf (ep 1)
2026-02-05 17:12:14,065 - INFO - Epoch 10/200 | Train Loss: 0.156276 | Val Loss: 0.571098 | Best: inf (ep 1)
2026-02-05 17:12:14,182 - INFO - Epoch 20/200 | Train Loss: 0.116717 | Val Loss: 0.200783 | Best: inf (ep 1)
2026-02-05 17:12:14,299 - INFO - Epoch 30/200 | Train Loss: 0.120026 | Val Loss: 0.156472 | Best: inf (ep 1)
2026-02-05 17:12:14,416 - INFO - Epoch 40/200 | Train Loss: 0.075634 | Val Loss: 0.444160 | Best: inf (ep 1)
2026-02-05 17:12:14,533 - INFO - Epoch 50/200 | Train Loss: 0.090575 | Val Loss: 0.157918 | Best: inf (ep 1)
2026-02-05 17:12:14,675 - INFO - Epoch 60/200 | Train Loss: 0.072308 | Val Loss: 0.188055 | Best: 0.188055 (ep 60)
2026-02-05 17:12:14,805 - INFO - Epoch 70/200 | Train Loss: 0.064246 | Val Loss: 0.188202 | Best: 0.187704 (ep 61)
2026-02-05 17:12:14,924 - INFO - Epoch 80/200 | Train Loss: 0.060767 | Val Loss: 0.276200 | Best: 0.187704 (ep 61)
2026-02-05 17:12:15,041 - INFO - Epoch 90/200 | Train Loss: 0.067386 | Val Loss: 0.204601 | Best: 0.187704 (ep 61)
2026-02-05 17:12:15,158 - INFO - Epoch 100/200 | Train Loss: 0.060808 | Val Loss: 0.243919 | Best: 0.187704 (ep 61)
2026-02-05 17:12:15,276 - INFO - Epoch 110/200 | Train Loss: 0.060652 | Val Loss: 0.224695 | Best: 0.187704 (ep 61)
2026-02-05 17:12:15,287 - INFO - Early stopping at epoch 111! Best val loss: 0.187704 at epoch 61
2026-02-05 17:12:15,298 - INFO - Loaded best model from epoch 61
2026-02-05 17:12:15,305 - INFO - Fold 3 Results - MSE: 0.0277, MAE: 0.1330, R²: -1.2223, Pearson r: 0.7276 (p=1.7063e-02), Spearman r: 0.2485 (p=4.8878e-01)
2026-02-05 17:12:15,305 - INFO - 
--- Fold 4/5 ---
2026-02-05 17:12:15,305 - INFO - Train size: 42, Test size: 10
2026-02-05 17:12:15,306 - INFO - Train target - Mean: 0.1181, Std: 0.1238
2026-02-05 17:12:15,306 - INFO - Test target  - Mean: 0.1184, Std: 0.1329
2026-02-05 17:12:15,331 - INFO - Training fold 4 with early stopping (patience=50)...
2026-02-05 17:12:15,344 - INFO - Epoch 1/200 | Train Loss: 0.441143 | Val Loss: 0.443676 | Best: inf (ep 1)
2026-02-05 17:12:15,449 - INFO - Epoch 10/200 | Train Loss: 0.154581 | Val Loss: 0.477150 | Best: inf (ep 1)
2026-02-05 17:12:15,565 - INFO - Epoch 20/200 | Train Loss: 0.144203 | Val Loss: 0.484712 | Best: inf (ep 1)
2026-02-05 17:12:15,682 - INFO - Epoch 30/200 | Train Loss: 0.116152 | Val Loss: 0.396317 | Best: inf (ep 1)
2026-02-05 17:12:15,798 - INFO - Epoch 40/200 | Train Loss: 0.105281 | Val Loss: 0.362309 | Best: inf (ep 1)
2026-02-05 17:12:15,915 - INFO - Epoch 50/200 | Train Loss: 0.110059 | Val Loss: 0.357279 | Best: inf (ep 1)
2026-02-05 17:12:16,069 - INFO - Epoch 60/200 | Train Loss: 0.081290 | Val Loss: 0.437479 | Best: 0.317712 (ep 53)
2026-02-05 17:12:16,185 - INFO - Epoch 70/200 | Train Loss: 0.075302 | Val Loss: 0.449068 | Best: 0.317712 (ep 53)
2026-02-05 17:12:16,340 - INFO - Epoch 80/200 | Train Loss: 0.071436 | Val Loss: 0.313889 | Best: 0.290406 (ep 79)
2026-02-05 17:12:16,456 - INFO - Epoch 90/200 | Train Loss: 0.053489 | Val Loss: 0.316314 | Best: 0.290406 (ep 79)
2026-02-05 17:12:16,613 - INFO - Epoch 100/200 | Train Loss: 0.061085 | Val Loss: 0.286023 | Best: 0.284491 (ep 99)
2026-02-05 17:12:16,769 - INFO - Epoch 110/200 | Train Loss: 0.050313 | Val Loss: 0.290453 | Best: 0.222089 (ep 108)
2026-02-05 17:12:16,886 - INFO - Epoch 120/200 | Train Loss: 0.051529 | Val Loss: 0.265495 | Best: 0.222089 (ep 108)
2026-02-05 17:12:17,029 - INFO - Epoch 130/200 | Train Loss: 0.054179 | Val Loss: 0.279635 | Best: 0.205721 (ep 127)
2026-02-05 17:12:17,159 - INFO - Epoch 140/200 | Train Loss: 0.052534 | Val Loss: 0.226195 | Best: 0.192242 (ep 138)
2026-02-05 17:12:17,317 - INFO - Epoch 150/200 | Train Loss: 0.045661 | Val Loss: 0.266767 | Best: 0.178774 (ep 145)
2026-02-05 17:12:17,434 - INFO - Epoch 160/200 | Train Loss: 0.045430 | Val Loss: 0.263849 | Best: 0.178774 (ep 145)
2026-02-05 17:12:17,563 - INFO - Epoch 170/200 | Train Loss: 0.042194 | Val Loss: 0.169713 | Best: 0.169713 (ep 170)
2026-02-05 17:12:17,744 - INFO - Epoch 180/200 | Train Loss: 0.047205 | Val Loss: 0.248792 | Best: 0.160297 (ep 174)
2026-02-05 17:12:17,860 - INFO - Epoch 190/200 | Train Loss: 0.044509 | Val Loss: 0.187864 | Best: 0.160297 (ep 174)
2026-02-05 17:12:17,977 - INFO - Epoch 200/200 | Train Loss: 0.046951 | Val Loss: 0.257164 | Best: 0.160297 (ep 174)
2026-02-05 17:12:17,987 - INFO - Loaded best model from epoch 174
2026-02-05 17:12:17,994 - INFO - Fold 4 Results - MSE: 0.0093, MAE: 0.0616, R²: 0.4748, Pearson r: 0.7614 (p=1.0504e-02), Spearman r: 0.6442 (p=4.4381e-02)
2026-02-05 17:12:17,995 - INFO - 
--- Fold 5/5 ---
2026-02-05 17:12:17,995 - INFO - Train size: 42, Test size: 10
2026-02-05 17:12:17,995 - INFO - Train target - Mean: 0.1207, Std: 0.1316
2026-02-05 17:12:17,995 - INFO - Test target  - Mean: 0.1074, Std: 0.0962
2026-02-05 17:12:18,024 - INFO - Training fold 5 with early stopping (patience=50)...
2026-02-05 17:12:18,037 - INFO - Epoch 1/200 | Train Loss: 0.478905 | Val Loss: 0.332696 | Best: inf (ep 1)
2026-02-05 17:12:18,142 - INFO - Epoch 10/200 | Train Loss: 0.150024 | Val Loss: 0.217561 | Best: inf (ep 1)
2026-02-05 17:12:18,258 - INFO - Epoch 20/200 | Train Loss: 0.188472 | Val Loss: 0.216550 | Best: inf (ep 1)
2026-02-05 17:12:18,375 - INFO - Epoch 30/200 | Train Loss: 0.114686 | Val Loss: 0.226194 | Best: inf (ep 1)
2026-02-05 17:12:18,492 - INFO - Epoch 40/200 | Train Loss: 0.069857 | Val Loss: 0.296144 | Best: inf (ep 1)
2026-02-05 17:12:18,608 - INFO - Epoch 50/200 | Train Loss: 0.070246 | Val Loss: 0.231642 | Best: inf (ep 1)
2026-02-05 17:12:18,761 - INFO - Epoch 60/200 | Train Loss: 0.069967 | Val Loss: 0.248770 | Best: 0.221684 (ep 55)
2026-02-05 17:12:18,878 - INFO - Epoch 70/200 | Train Loss: 0.071228 | Val Loss: 0.266948 | Best: 0.221684 (ep 55)
2026-02-05 17:12:18,995 - INFO - Epoch 80/200 | Train Loss: 0.058828 | Val Loss: 0.224637 | Best: 0.221684 (ep 55)
2026-02-05 17:12:19,111 - INFO - Epoch 90/200 | Train Loss: 0.051521 | Val Loss: 0.256224 | Best: 0.221684 (ep 55)
2026-02-05 17:12:19,229 - INFO - Epoch 100/200 | Train Loss: 0.046113 | Val Loss: 0.234566 | Best: 0.221684 (ep 55)
2026-02-05 17:12:19,288 - INFO - Early stopping at epoch 105! Best val loss: 0.221684 at epoch 55
2026-02-05 17:12:19,298 - INFO - Loaded best model from epoch 55
2026-02-05 17:12:19,304 - INFO - Fold 5 Results - MSE: 0.0069, MAE: 0.0680, R²: 0.2494, Pearson r: 0.6297 (p=5.1037e-02), Spearman r: 0.0552 (p=8.7958e-01)
2026-02-05 17:12:19,307 - INFO - Combined results saved to TI_Treatment_Regression_all_all_folds_combined.csv
2026-02-05 17:12:19,309 - INFO - 
============================================================
2026-02-05 17:12:19,309 - INFO - FINAL CROSS-VALIDATION RESULTS FOR: TI_Treatment_Regression_all
2026-02-05 17:12:19,309 - INFO - ----------------------------------------
2026-02-05 17:12:19,309 - INFO - MSE         : 0.0306 ± 0.0278
2026-02-05 17:12:19,309 - INFO - RMSE        : 0.1590 ± 0.0731
2026-02-05 17:12:19,310 - INFO - MAE         : 0.1176 ± 0.0458
2026-02-05 17:12:19,310 - INFO - R2          : -0.8483 ± 1.3274
2026-02-05 17:12:19,310 - INFO - PEARSON_R   : 0.4981 ± 0.3065
2026-02-05 17:12:19,310 - INFO - PEARSON_P   : 0.2151 ± 0.3117
2026-02-05 17:12:19,310 - INFO - SPEARMAN_R  : 0.2179 ± 0.3271
2026-02-05 17:12:19,310 - INFO - SPEARMAN_P  : 0.3886 ± 0.2894
2026-02-05 17:12:19,310 - INFO - ============================================================

2026-02-05 17:12:19,312 - INFO - Results saved to final_results_TI_Treatment_Regression_all.json
2026-02-05 17:12:19,312 - INFO - Total execution time: 10.00 seconds
2026-02-05 17:13:00,457 - INFO - Using device: cuda
2026-02-05 17:13:00,457 - INFO - Hyperparameters: {
  "batch_size": 16,
  "learning_rate": 0.001,
  "num_epochs": 200,
  "hidden_dim": 512,
  "num_blocks": 4,
  "dropout": 0.3,
  "feature_type": "all",
  "normalize_target": true,
  "target_min": 0.0,
  "target_max": 1.0,
  "loss_alpha": 0.6,
  "loss_beta": 0.4,
  "loss_temperature": 0.8
}
2026-02-05 17:13:00,457 - INFO - Starting TI treatment response REGRESSION pipeline
2026-02-05 17:13:00,457 - INFO - Parsing Excel data with diff features...
2026-02-05 17:13:00,567 - INFO - Parsing patient data from Excel...
2026-02-05 17:13:00,648 - INFO - Improvement rate statistics:
2026-02-05 17:13:00,648 - INFO -   Min: -0.6429
2026-02-05 17:13:00,648 - INFO -   Max: 0.4545
2026-02-05 17:13:00,648 - INFO -   Mean: 0.0729
2026-02-05 17:13:00,648 - INFO -   Std: 0.2007
2026-02-05 17:13:00,648 - INFO - Found 52 valid patient samples with complete data
2026-02-05 17:13:00,648 - INFO - Preparing features and labels for regression...
2026-02-05 17:13:00,681 - INFO - Normalized target values to [0, 1], original range: [0.0, 1.0]
2026-02-05 17:13:00,681 - INFO - Final dataset: 52 samples, 365 features
2026-02-05 17:13:00,681 - INFO - Target range: [0.0000, 0.4545], Mean: 0.1182, Std: 0.1256
2026-02-05 17:13:00,681 - INFO - 
============================================================
2026-02-05 17:13:00,681 - INFO - Starting Regression Cross-Validation: TI_Treatment_Regression_all
2026-02-05 17:13:00,681 - INFO - Total samples: 52 | Target range: [0.0000, 0.4545]
2026-02-05 17:13:00,681 - INFO - 
--- Fold 1/5 ---
2026-02-05 17:13:00,681 - INFO - Train size: 41, Test size: 11
2026-02-05 17:13:00,682 - INFO - Train target - Mean: 0.1273, Std: 0.1230
2026-02-05 17:13:00,682 - INFO - Test target  - Mean: 0.0841, Std: 0.1293
2026-02-05 17:13:01,451 - INFO - Training fold 1 with early stopping (patience=50)...
2026-02-05 17:13:01,659 - INFO - Epoch 1/200 | Train Loss: 0.432210 | Val Loss: 0.513816 | Best: inf (ep 1)
2026-02-05 17:13:01,764 - INFO - Epoch 10/200 | Train Loss: 0.183764 | Val Loss: 0.549399 | Best: inf (ep 1)
2026-02-05 17:13:01,880 - INFO - Epoch 20/200 | Train Loss: 0.093209 | Val Loss: 0.534369 | Best: inf (ep 1)
2026-02-05 17:13:01,996 - INFO - Epoch 30/200 | Train Loss: 0.100896 | Val Loss: 0.580671 | Best: inf (ep 1)
2026-02-05 17:13:02,112 - INFO - Epoch 40/200 | Train Loss: 0.073161 | Val Loss: 0.552717 | Best: inf (ep 1)
2026-02-05 17:13:02,228 - INFO - Epoch 50/200 | Train Loss: 0.055756 | Val Loss: 0.567951 | Best: inf (ep 1)
2026-02-05 17:13:02,396 - INFO - Epoch 60/200 | Train Loss: 0.063952 | Val Loss: 0.591109 | Best: 0.539814 (ep 55)
2026-02-05 17:13:02,525 - INFO - Epoch 70/200 | Train Loss: 0.042235 | Val Loss: 0.539265 | Best: 0.539265 (ep 70)
2026-02-05 17:13:02,666 - INFO - Epoch 80/200 | Train Loss: 0.051115 | Val Loss: 0.551646 | Best: 0.529442 (ep 72)
2026-02-05 17:13:02,833 - INFO - Epoch 90/200 | Train Loss: 0.045485 | Val Loss: 0.490782 | Best: 0.449553 (ep 87)
2026-02-05 17:13:02,950 - INFO - Epoch 100/200 | Train Loss: 0.043900 | Val Loss: 0.535977 | Best: 0.449553 (ep 87)
2026-02-05 17:13:03,065 - INFO - Epoch 110/200 | Train Loss: 0.041357 | Val Loss: 0.490752 | Best: 0.449553 (ep 87)
2026-02-05 17:13:03,181 - INFO - Epoch 120/200 | Train Loss: 0.046345 | Val Loss: 0.513709 | Best: 0.449553 (ep 87)
2026-02-05 17:13:03,299 - INFO - Epoch 130/200 | Train Loss: 0.040338 | Val Loss: 0.522379 | Best: 0.449553 (ep 87)
2026-02-05 17:13:03,380 - INFO - Early stopping at epoch 137! Best val loss: 0.449553 at epoch 87
2026-02-05 17:13:03,392 - INFO - Loaded best model from epoch 87
2026-02-05 17:13:03,404 - INFO - Fold 1 Results - MSE: 0.0200, MAE: 0.1193, R²: -0.1931, Pearson r: -0.1019 (p=7.6552e-01), Spearman r: -0.1907 (p=5.7436e-01)
2026-02-05 17:13:03,404 - INFO - 
--- Fold 2/5 ---
2026-02-05 17:13:03,404 - INFO - Train size: 41, Test size: 11
2026-02-05 17:13:03,405 - INFO - Train target - Mean: 0.1121, Std: 0.1205
2026-02-05 17:13:03,405 - INFO - Test target  - Mean: 0.1408, Std: 0.1409
2026-02-05 17:13:03,432 - INFO - Training fold 2 with early stopping (patience=50)...
2026-02-05 17:13:03,444 - INFO - Epoch 1/200 | Train Loss: 0.465996 | Val Loss: 0.320884 | Best: inf (ep 1)
2026-02-05 17:13:03,549 - INFO - Epoch 10/200 | Train Loss: 0.322989 | Val Loss: 0.346228 | Best: inf (ep 1)
2026-02-05 17:13:03,665 - INFO - Epoch 20/200 | Train Loss: 0.150475 | Val Loss: 0.353229 | Best: inf (ep 1)
2026-02-05 17:13:03,781 - INFO - Epoch 30/200 | Train Loss: 0.114997 | Val Loss: 0.360498 | Best: inf (ep 1)
2026-02-05 17:13:03,897 - INFO - Epoch 40/200 | Train Loss: 0.097908 | Val Loss: 0.322872 | Best: inf (ep 1)
2026-02-05 17:13:04,012 - INFO - Epoch 50/200 | Train Loss: 0.152166 | Val Loss: 0.309756 | Best: inf (ep 1)
2026-02-05 17:13:04,140 - INFO - Epoch 60/200 | Train Loss: 0.232088 | Val Loss: 0.351539 | Best: 0.307634 (ep 51)
2026-02-05 17:13:04,281 - INFO - Epoch 70/200 | Train Loss: 0.118474 | Val Loss: 0.200527 | Best: 0.200527 (ep 70)
2026-02-05 17:13:04,425 - INFO - Epoch 80/200 | Train Loss: 0.101986 | Val Loss: 0.339275 | Best: 0.165796 (ep 72)
2026-02-05 17:13:04,541 - INFO - Epoch 90/200 | Train Loss: 0.067123 | Val Loss: 0.188947 | Best: 0.165796 (ep 72)
2026-02-05 17:13:04,671 - INFO - Epoch 100/200 | Train Loss: 0.087930 | Val Loss: 0.185156 | Best: 0.159872 (ep 91)
2026-02-05 17:13:04,787 - INFO - Epoch 110/200 | Train Loss: 0.070167 | Val Loss: 0.171140 | Best: 0.159872 (ep 91)
2026-02-05 17:13:04,903 - INFO - Epoch 120/200 | Train Loss: 0.061105 | Val Loss: 0.189712 | Best: 0.159872 (ep 91)
2026-02-05 17:13:05,019 - INFO - Epoch 130/200 | Train Loss: 0.049766 | Val Loss: 0.208652 | Best: 0.159872 (ep 91)
2026-02-05 17:13:05,135 - INFO - Epoch 140/200 | Train Loss: 0.049727 | Val Loss: 0.165521 | Best: 0.159872 (ep 91)
2026-02-05 17:13:05,147 - INFO - Early stopping at epoch 141! Best val loss: 0.159872 at epoch 91
2026-02-05 17:13:05,157 - INFO - Loaded best model from epoch 91
2026-02-05 17:13:05,165 - INFO - Fold 2 Results - MSE: 0.0115, MAE: 0.0812, R²: 0.4193, Pearson r: 0.6776 (p=2.1964e-02), Spearman r: 0.7165 (p=1.3117e-02)
2026-02-05 17:13:05,165 - INFO - 
--- Fold 3/5 ---
2026-02-05 17:13:05,165 - INFO - Train size: 42, Test size: 10
2026-02-05 17:13:05,165 - INFO - Train target - Mean: 0.1127, Std: 0.1281
2026-02-05 17:13:05,165 - INFO - Test target  - Mean: 0.1413, Std: 0.1116
2026-02-05 17:13:05,192 - INFO - Training fold 3 with early stopping (patience=50)...
2026-02-05 17:13:05,205 - INFO - Epoch 1/200 | Train Loss: 0.402978 | Val Loss: 0.435188 | Best: inf (ep 1)
2026-02-05 17:13:05,309 - INFO - Epoch 10/200 | Train Loss: 0.114928 | Val Loss: 0.104028 | Best: inf (ep 1)
2026-02-05 17:13:05,425 - INFO - Epoch 20/200 | Train Loss: 0.086061 | Val Loss: 0.193115 | Best: inf (ep 1)
2026-02-05 17:13:05,541 - INFO - Epoch 30/200 | Train Loss: 0.079766 | Val Loss: 0.114512 | Best: inf (ep 1)
2026-02-05 17:13:05,659 - INFO - Epoch 40/200 | Train Loss: 0.059969 | Val Loss: 0.207657 | Best: inf (ep 1)
2026-02-05 17:13:05,775 - INFO - Epoch 50/200 | Train Loss: 0.048266 | Val Loss: 0.339432 | Best: inf (ep 1)
2026-02-05 17:13:05,930 - INFO - Epoch 60/200 | Train Loss: 0.058084 | Val Loss: 0.341723 | Best: 0.234797 (ep 53)
2026-02-05 17:13:06,046 - INFO - Epoch 70/200 | Train Loss: 0.054319 | Val Loss: 0.408844 | Best: 0.234797 (ep 53)
2026-02-05 17:13:06,161 - INFO - Epoch 80/200 | Train Loss: 0.049506 | Val Loss: 0.389455 | Best: 0.234797 (ep 53)
2026-02-05 17:13:06,277 - INFO - Epoch 90/200 | Train Loss: 0.051562 | Val Loss: 0.430811 | Best: 0.234797 (ep 53)
2026-02-05 17:13:06,393 - INFO - Epoch 100/200 | Train Loss: 0.045882 | Val Loss: 0.347040 | Best: 0.234797 (ep 53)
2026-02-05 17:13:06,427 - INFO - Early stopping at epoch 103! Best val loss: 0.234797 at epoch 53
2026-02-05 17:13:06,438 - INFO - Loaded best model from epoch 53
2026-02-05 17:13:06,445 - INFO - Fold 3 Results - MSE: 0.0188, MAE: 0.1138, R²: -0.5062, Pearson r: 0.4918 (p=1.4884e-01), Spearman r: 0.0303 (p=9.3377e-01)
2026-02-05 17:13:06,445 - INFO - 
--- Fold 4/5 ---
2026-02-05 17:13:06,445 - INFO - Train size: 42, Test size: 10
2026-02-05 17:13:06,445 - INFO - Train target - Mean: 0.1181, Std: 0.1238
2026-02-05 17:13:06,445 - INFO - Test target  - Mean: 0.1184, Std: 0.1329
2026-02-05 17:13:06,471 - INFO - Training fold 4 with early stopping (patience=50)...
2026-02-05 17:13:06,483 - INFO - Epoch 1/200 | Train Loss: 0.425913 | Val Loss: 0.397016 | Best: inf (ep 1)
2026-02-05 17:13:06,588 - INFO - Epoch 10/200 | Train Loss: 0.251298 | Val Loss: 0.229412 | Best: inf (ep 1)
2026-02-05 17:13:06,703 - INFO - Epoch 20/200 | Train Loss: 0.134002 | Val Loss: 0.300116 | Best: inf (ep 1)
2026-02-05 17:13:06,819 - INFO - Epoch 30/200 | Train Loss: 0.103204 | Val Loss: 0.324953 | Best: inf (ep 1)
2026-02-05 17:13:06,935 - INFO - Epoch 40/200 | Train Loss: 0.081502 | Val Loss: 0.282305 | Best: inf (ep 1)
2026-02-05 17:13:07,051 - INFO - Epoch 50/200 | Train Loss: 0.072962 | Val Loss: 0.304936 | Best: inf (ep 1)
2026-02-05 17:13:07,192 - INFO - Epoch 60/200 | Train Loss: 0.056367 | Val Loss: 0.332433 | Best: 0.289653 (ep 56)
2026-02-05 17:13:07,334 - INFO - Epoch 70/200 | Train Loss: 0.060341 | Val Loss: 0.329253 | Best: 0.257245 (ep 66)
2026-02-05 17:13:07,450 - INFO - Epoch 80/200 | Train Loss: 0.049611 | Val Loss: 0.264777 | Best: 0.257245 (ep 66)
2026-02-05 17:13:07,579 - INFO - Epoch 90/200 | Train Loss: 0.045346 | Val Loss: 0.231111 | Best: 0.231111 (ep 90)
2026-02-05 17:13:07,735 - INFO - Epoch 100/200 | Train Loss: 0.052053 | Val Loss: 0.307672 | Best: 0.215626 (ep 96)
2026-02-05 17:13:07,867 - INFO - Epoch 110/200 | Train Loss: 0.039454 | Val Loss: 0.233152 | Best: 0.193331 (ep 102)
2026-02-05 17:13:08,010 - INFO - Epoch 120/200 | Train Loss: 0.038890 | Val Loss: 0.189239 | Best: 0.189239 (ep 120)
2026-02-05 17:13:08,166 - INFO - Epoch 130/200 | Train Loss: 0.038434 | Val Loss: 0.190774 | Best: 0.173155 (ep 126)
2026-02-05 17:13:08,321 - INFO - Epoch 140/200 | Train Loss: 0.045405 | Val Loss: 0.176698 | Best: 0.165400 (ep 134)
2026-02-05 17:13:08,437 - INFO - Epoch 150/200 | Train Loss: 0.036784 | Val Loss: 0.186429 | Best: 0.165400 (ep 134)
2026-02-05 17:13:08,580 - INFO - Epoch 160/200 | Train Loss: 0.038242 | Val Loss: 0.174822 | Best: 0.163991 (ep 154)
2026-02-05 17:13:08,696 - INFO - Epoch 170/200 | Train Loss: 0.041404 | Val Loss: 0.182155 | Best: 0.163991 (ep 154)
2026-02-05 17:13:08,813 - INFO - Epoch 180/200 | Train Loss: 0.037072 | Val Loss: 0.212548 | Best: 0.163991 (ep 154)
2026-02-05 17:13:08,931 - INFO - Epoch 190/200 | Train Loss: 0.037259 | Val Loss: 0.183428 | Best: 0.163991 (ep 154)
2026-02-05 17:13:09,061 - INFO - Epoch 200/200 | Train Loss: 0.037709 | Val Loss: 0.167792 | Best: 0.160856 (ep 198)
2026-02-05 17:13:09,071 - INFO - Loaded best model from epoch 198
2026-02-05 17:13:09,081 - INFO - Fold 4 Results - MSE: 0.0129, MAE: 0.0747, R²: 0.2703, Pearson r: 0.6845 (p=2.8989e-02), Spearman r: 0.5706 (p=8.4972e-02)
2026-02-05 17:13:09,082 - INFO - 
--- Fold 5/5 ---
2026-02-05 17:13:09,082 - INFO - Train size: 42, Test size: 10
2026-02-05 17:13:09,082 - INFO - Train target - Mean: 0.1207, Std: 0.1316
2026-02-05 17:13:09,082 - INFO - Test target  - Mean: 0.1074, Std: 0.0962
2026-02-05 17:13:09,111 - INFO - Training fold 5 with early stopping (patience=50)...
2026-02-05 17:13:09,124 - INFO - Epoch 1/200 | Train Loss: 0.414206 | Val Loss: 0.310861 | Best: inf (ep 1)
2026-02-05 17:13:09,229 - INFO - Epoch 10/200 | Train Loss: 0.132201 | Val Loss: 0.205632 | Best: inf (ep 1)
2026-02-05 17:13:09,345 - INFO - Epoch 20/200 | Train Loss: 0.133382 | Val Loss: 0.127980 | Best: inf (ep 1)
2026-02-05 17:13:09,462 - INFO - Epoch 30/200 | Train Loss: 0.103622 | Val Loss: 0.171946 | Best: inf (ep 1)
2026-02-05 17:13:09,579 - INFO - Epoch 40/200 | Train Loss: 0.067358 | Val Loss: 0.200271 | Best: inf (ep 1)
2026-02-05 17:13:09,695 - INFO - Epoch 50/200 | Train Loss: 0.091318 | Val Loss: 0.218909 | Best: inf (ep 1)
2026-02-05 17:13:09,850 - INFO - Epoch 60/200 | Train Loss: 0.058840 | Val Loss: 0.188064 | Best: 0.158285 (ep 53)
2026-02-05 17:13:09,966 - INFO - Epoch 70/200 | Train Loss: 0.058710 | Val Loss: 0.216269 | Best: 0.158285 (ep 53)
2026-02-05 17:13:10,082 - INFO - Epoch 80/200 | Train Loss: 0.066997 | Val Loss: 0.207596 | Best: 0.158285 (ep 53)
2026-02-05 17:13:10,199 - INFO - Epoch 90/200 | Train Loss: 0.044824 | Val Loss: 0.189104 | Best: 0.158285 (ep 53)
2026-02-05 17:13:10,315 - INFO - Epoch 100/200 | Train Loss: 0.043558 | Val Loss: 0.253785 | Best: 0.158285 (ep 53)
2026-02-05 17:13:10,350 - INFO - Early stopping at epoch 103! Best val loss: 0.158285 at epoch 53
2026-02-05 17:13:10,359 - INFO - Loaded best model from epoch 53
2026-02-05 17:13:10,368 - INFO - Fold 5 Results - MSE: 0.0097, MAE: 0.0791, R²: -0.0465, Pearson r: 0.6885 (p=2.7703e-02), Spearman r: 0.3620 (p=3.0400e-01)
2026-02-05 17:13:10,371 - INFO - Combined results saved to TI_Treatment_Regression_all_all_folds_combined.csv
2026-02-05 17:13:10,374 - INFO - 
============================================================
2026-02-05 17:13:10,374 - INFO - FINAL CROSS-VALIDATION RESULTS FOR: TI_Treatment_Regression_all
2026-02-05 17:13:10,374 - INFO - ----------------------------------------
2026-02-05 17:13:10,374 - INFO - MSE         : 0.0146 ± 0.0041
2026-02-05 17:13:10,374 - INFO - RMSE        : 0.1195 ± 0.0168
2026-02-05 17:13:10,374 - INFO - MAE         : 0.0936 ± 0.0189
2026-02-05 17:13:10,374 - INFO - R2          : -0.0112 ± 0.3298
2026-02-05 17:13:10,374 - INFO - PEARSON_R   : 0.4881 ± 0.3042
2026-02-05 17:13:10,374 - INFO - PEARSON_P   : 0.1986 ± 0.2874
2026-02-05 17:13:10,374 - INFO - SPEARMAN_R  : 0.2977 ± 0.3359
2026-02-05 17:13:10,374 - INFO - SPEARMAN_P  : 0.3820 ± 0.3382
2026-02-05 17:13:10,374 - INFO - ============================================================

2026-02-05 17:13:10,381 - INFO - Results saved to final_results_TI_Treatment_Regression_all.json
2026-02-05 17:13:10,381 - INFO - Total execution time: 9.92 seconds
2026-02-05 17:13:24,691 - INFO - Using device: cuda
2026-02-05 17:13:24,691 - INFO - Hyperparameters: {
  "batch_size": 16,
  "learning_rate": 0.001,
  "num_epochs": 200,
  "hidden_dim": 512,
  "num_blocks": 4,
  "dropout": 0.3,
  "feature_type": "all",
  "normalize_target": true,
  "target_min": 0.0,
  "target_max": 1.0,
  "loss_alpha": 0.6,
  "loss_beta": 0.4,
  "loss_temperature": 0.1
}
2026-02-05 17:13:24,691 - INFO - Starting TI treatment response REGRESSION pipeline
2026-02-05 17:13:24,691 - INFO - Parsing Excel data with diff features...
2026-02-05 17:13:24,801 - INFO - Parsing patient data from Excel...
2026-02-05 17:13:24,882 - INFO - Improvement rate statistics:
2026-02-05 17:13:24,882 - INFO -   Min: -0.6429
2026-02-05 17:13:24,882 - INFO -   Max: 0.4545
2026-02-05 17:13:24,882 - INFO -   Mean: 0.0729
2026-02-05 17:13:24,882 - INFO -   Std: 0.2007
2026-02-05 17:13:24,882 - INFO - Found 52 valid patient samples with complete data
2026-02-05 17:13:24,882 - INFO - Preparing features and labels for regression...
2026-02-05 17:13:25,209 - INFO - Normalized target values to [0, 1], original range: [0.0, 1.0]
2026-02-05 17:13:25,210 - INFO - Final dataset: 52 samples, 365 features
2026-02-05 17:13:25,210 - INFO - Target range: [0.0000, 0.4545], Mean: 0.1182, Std: 0.1256
2026-02-05 17:13:25,210 - INFO - 
============================================================
2026-02-05 17:13:25,210 - INFO - Starting Regression Cross-Validation: TI_Treatment_Regression_all
2026-02-05 17:13:25,210 - INFO - Total samples: 52 | Target range: [0.0000, 0.4545]
2026-02-05 17:13:25,210 - INFO - 
--- Fold 1/5 ---
2026-02-05 17:13:25,210 - INFO - Train size: 41, Test size: 11
2026-02-05 17:13:25,210 - INFO - Train target - Mean: 0.1273, Std: 0.1230
2026-02-05 17:13:25,211 - INFO - Test target  - Mean: 0.0841, Std: 0.1293
2026-02-05 17:13:25,924 - INFO - Training fold 1 with early stopping (patience=50)...
2026-02-05 17:13:26,134 - INFO - Epoch 1/200 | Train Loss: 0.424710 | Val Loss: 0.506443 | Best: inf (ep 1)
2026-02-05 17:13:26,238 - INFO - Epoch 10/200 | Train Loss: 0.169257 | Val Loss: 0.506018 | Best: inf (ep 1)
2026-02-05 17:13:26,354 - INFO - Epoch 20/200 | Train Loss: 0.120244 | Val Loss: 0.553474 | Best: inf (ep 1)
2026-02-05 17:13:26,469 - INFO - Epoch 30/200 | Train Loss: 0.092177 | Val Loss: 0.557453 | Best: inf (ep 1)
2026-02-05 17:13:26,585 - INFO - Epoch 40/200 | Train Loss: 0.082806 | Val Loss: 0.593459 | Best: inf (ep 1)
2026-02-05 17:13:26,700 - INFO - Epoch 50/200 | Train Loss: 0.066640 | Val Loss: 0.577578 | Best: inf (ep 1)
2026-02-05 17:13:26,885 - INFO - Epoch 60/200 | Train Loss: 0.053989 | Val Loss: 0.573478 | Best: 0.523674 (ep 55)
2026-02-05 17:13:27,000 - INFO - Epoch 70/200 | Train Loss: 0.044277 | Val Loss: 0.546286 | Best: 0.523674 (ep 55)
2026-02-05 17:13:27,115 - INFO - Epoch 80/200 | Train Loss: 0.087095 | Val Loss: 0.586151 | Best: 0.523674 (ep 55)
2026-02-05 17:13:27,245 - INFO - Epoch 90/200 | Train Loss: 0.046954 | Val Loss: 0.552346 | Best: 0.478933 (ep 85)
2026-02-05 17:13:27,366 - INFO - Epoch 100/200 | Train Loss: 0.044374 | Val Loss: 0.500773 | Best: 0.478933 (ep 85)
2026-02-05 17:13:27,482 - INFO - Epoch 110/200 | Train Loss: 0.044911 | Val Loss: 0.488164 | Best: 0.478933 (ep 85)
2026-02-05 17:13:27,598 - INFO - Epoch 120/200 | Train Loss: 0.040718 | Val Loss: 0.525158 | Best: 0.478933 (ep 85)
2026-02-05 17:13:27,713 - INFO - Epoch 130/200 | Train Loss: 0.041755 | Val Loss: 0.535835 | Best: 0.478933 (ep 85)
2026-02-05 17:13:27,771 - INFO - Early stopping at epoch 135! Best val loss: 0.478933 at epoch 85
2026-02-05 17:13:27,781 - INFO - Loaded best model from epoch 85
2026-02-05 17:13:27,790 - INFO - Fold 1 Results - MSE: 0.0239, MAE: 0.1313, R²: -0.4263, Pearson r: -0.1674 (p=6.2270e-01), Spearman r: -0.3814 (p=2.4714e-01)
2026-02-05 17:13:27,791 - INFO - 
--- Fold 2/5 ---
2026-02-05 17:13:27,791 - INFO - Train size: 41, Test size: 11
2026-02-05 17:13:27,791 - INFO - Train target - Mean: 0.1121, Std: 0.1205
2026-02-05 17:13:27,791 - INFO - Test target  - Mean: 0.1408, Std: 0.1409
2026-02-05 17:13:27,819 - INFO - Training fold 2 with early stopping (patience=50)...
2026-02-05 17:13:27,831 - INFO - Epoch 1/200 | Train Loss: 0.478516 | Val Loss: 0.293099 | Best: inf (ep 1)
2026-02-05 17:13:27,936 - INFO - Epoch 10/200 | Train Loss: 0.137174 | Val Loss: 0.290841 | Best: inf (ep 1)
2026-02-05 17:13:28,052 - INFO - Epoch 20/200 | Train Loss: 0.116163 | Val Loss: 0.242551 | Best: inf (ep 1)
2026-02-05 17:13:28,168 - INFO - Epoch 30/200 | Train Loss: 0.104313 | Val Loss: 0.262686 | Best: inf (ep 1)
2026-02-05 17:13:28,284 - INFO - Epoch 40/200 | Train Loss: 0.086560 | Val Loss: 0.255351 | Best: inf (ep 1)
2026-02-05 17:13:28,400 - INFO - Epoch 50/200 | Train Loss: 0.092423 | Val Loss: 0.236329 | Best: inf (ep 1)
2026-02-05 17:13:28,527 - INFO - Epoch 60/200 | Train Loss: 0.051929 | Val Loss: 0.320546 | Best: 0.271445 (ep 51)
2026-02-05 17:13:28,659 - INFO - Epoch 70/200 | Train Loss: 0.053634 | Val Loss: 0.283784 | Best: 0.270135 (ep 63)
2026-02-05 17:13:28,814 - INFO - Epoch 80/200 | Train Loss: 0.053459 | Val Loss: 0.256186 | Best: 0.248148 (ep 76)
2026-02-05 17:13:28,930 - INFO - Epoch 90/200 | Train Loss: 0.051160 | Val Loss: 0.258871 | Best: 0.248148 (ep 76)
2026-02-05 17:13:29,084 - INFO - Epoch 100/200 | Train Loss: 0.047513 | Val Loss: 0.200229 | Best: 0.200229 (ep 100)
2026-02-05 17:13:29,242 - INFO - Epoch 110/200 | Train Loss: 0.047352 | Val Loss: 0.171758 | Best: 0.157263 (ep 109)
2026-02-05 17:13:29,358 - INFO - Epoch 120/200 | Train Loss: 0.048767 | Val Loss: 0.237528 | Best: 0.157263 (ep 109)
2026-02-05 17:13:29,474 - INFO - Epoch 130/200 | Train Loss: 0.041896 | Val Loss: 0.270685 | Best: 0.157263 (ep 109)
2026-02-05 17:13:29,592 - INFO - Epoch 140/200 | Train Loss: 0.040730 | Val Loss: 0.255239 | Best: 0.157263 (ep 109)
2026-02-05 17:13:29,708 - INFO - Epoch 150/200 | Train Loss: 0.037852 | Val Loss: 0.266775 | Best: 0.157263 (ep 109)
2026-02-05 17:13:29,812 - INFO - Early stopping at epoch 159! Best val loss: 0.157263 at epoch 109
2026-02-05 17:13:29,823 - INFO - Loaded best model from epoch 109
2026-02-05 17:13:29,831 - INFO - Fold 2 Results - MSE: 0.0116, MAE: 0.0941, R²: 0.4142, Pearson r: 0.6508 (p=3.0117e-02), Spearman r: 0.6746 (p=2.2788e-02)
2026-02-05 17:13:29,831 - INFO - 
--- Fold 3/5 ---
2026-02-05 17:13:29,831 - INFO - Train size: 42, Test size: 10
2026-02-05 17:13:29,831 - INFO - Train target - Mean: 0.1127, Std: 0.1281
2026-02-05 17:13:29,832 - INFO - Test target  - Mean: 0.1413, Std: 0.1116
2026-02-05 17:13:29,859 - INFO - Training fold 3 with early stopping (patience=50)...
2026-02-05 17:13:29,872 - INFO - Epoch 1/200 | Train Loss: 0.473179 | Val Loss: 0.374556 | Best: inf (ep 1)
2026-02-05 17:13:29,976 - INFO - Epoch 10/200 | Train Loss: 0.133890 | Val Loss: 0.469360 | Best: inf (ep 1)
2026-02-05 17:13:30,092 - INFO - Epoch 20/200 | Train Loss: 0.087360 | Val Loss: 0.271418 | Best: inf (ep 1)
2026-02-05 17:13:30,208 - INFO - Epoch 30/200 | Train Loss: 0.051886 | Val Loss: 0.320755 | Best: inf (ep 1)
2026-02-05 17:13:30,324 - INFO - Epoch 40/200 | Train Loss: 0.042589 | Val Loss: 0.290837 | Best: inf (ep 1)
2026-02-05 17:13:30,440 - INFO - Epoch 50/200 | Train Loss: 0.047020 | Val Loss: 0.327721 | Best: inf (ep 1)
2026-02-05 17:13:30,620 - INFO - Epoch 60/200 | Train Loss: 0.045443 | Val Loss: 0.283844 | Best: 0.283844 (ep 60)
2026-02-05 17:13:30,776 - INFO - Epoch 70/200 | Train Loss: 0.037364 | Val Loss: 0.271149 | Best: 0.225189 (ep 66)
2026-02-05 17:13:30,892 - INFO - Epoch 80/200 | Train Loss: 0.038305 | Val Loss: 0.293030 | Best: 0.225189 (ep 66)
2026-02-05 17:13:31,008 - INFO - Epoch 90/200 | Train Loss: 0.040432 | Val Loss: 0.269893 | Best: 0.225189 (ep 66)
2026-02-05 17:13:31,124 - INFO - Epoch 100/200 | Train Loss: 0.041783 | Val Loss: 0.308356 | Best: 0.225189 (ep 66)
2026-02-05 17:13:31,240 - INFO - Epoch 110/200 | Train Loss: 0.037571 | Val Loss: 0.258359 | Best: 0.225189 (ep 66)
2026-02-05 17:13:31,309 - INFO - Early stopping at epoch 116! Best val loss: 0.225189 at epoch 66
2026-02-05 17:13:31,319 - INFO - Loaded best model from epoch 66
2026-02-05 17:13:31,326 - INFO - Fold 3 Results - MSE: 0.0160, MAE: 0.1112, R²: -0.2875, Pearson r: 0.6284 (p=5.1663e-02), Spearman r: 0.3212 (p=3.6547e-01)
2026-02-05 17:13:31,326 - INFO - 
--- Fold 4/5 ---
2026-02-05 17:13:31,326 - INFO - Train size: 42, Test size: 10
2026-02-05 17:13:31,326 - INFO - Train target - Mean: 0.1181, Std: 0.1238
2026-02-05 17:13:31,326 - INFO - Test target  - Mean: 0.1184, Std: 0.1329
2026-02-05 17:13:31,352 - INFO - Training fold 4 with early stopping (patience=50)...
2026-02-05 17:13:31,364 - INFO - Epoch 1/200 | Train Loss: 0.517942 | Val Loss: 0.406175 | Best: inf (ep 1)
2026-02-05 17:13:31,468 - INFO - Epoch 10/200 | Train Loss: 0.158237 | Val Loss: 0.300322 | Best: inf (ep 1)
2026-02-05 17:13:31,584 - INFO - Epoch 20/200 | Train Loss: 0.117753 | Val Loss: 0.312531 | Best: inf (ep 1)
2026-02-05 17:13:31,700 - INFO - Epoch 30/200 | Train Loss: 0.077586 | Val Loss: 0.276112 | Best: inf (ep 1)
2026-02-05 17:13:31,817 - INFO - Epoch 40/200 | Train Loss: 0.063911 | Val Loss: 0.246384 | Best: inf (ep 1)
2026-02-05 17:13:31,933 - INFO - Epoch 50/200 | Train Loss: 0.062284 | Val Loss: 0.210611 | Best: inf (ep 1)
2026-02-05 17:13:32,087 - INFO - Epoch 60/200 | Train Loss: 0.057738 | Val Loss: 0.208668 | Best: 0.201115 (ep 54)
2026-02-05 17:13:32,255 - INFO - Epoch 70/200 | Train Loss: 0.041873 | Val Loss: 0.187595 | Best: 0.172531 (ep 64)
2026-02-05 17:13:32,371 - INFO - Epoch 80/200 | Train Loss: 0.061925 | Val Loss: 0.231954 | Best: 0.172531 (ep 64)
2026-02-05 17:13:32,487 - INFO - Epoch 90/200 | Train Loss: 0.045637 | Val Loss: 0.237069 | Best: 0.172531 (ep 64)
2026-02-05 17:13:32,602 - INFO - Epoch 100/200 | Train Loss: 0.050607 | Val Loss: 0.219836 | Best: 0.172531 (ep 64)
2026-02-05 17:13:32,718 - INFO - Epoch 110/200 | Train Loss: 0.040204 | Val Loss: 0.218748 | Best: 0.172531 (ep 64)
2026-02-05 17:13:32,764 - INFO - Early stopping at epoch 114! Best val loss: 0.172531 at epoch 64
2026-02-05 17:13:32,774 - INFO - Loaded best model from epoch 64
2026-02-05 17:13:32,781 - INFO - Fold 4 Results - MSE: 0.0136, MAE: 0.0781, R²: 0.2305, Pearson r: 0.5796 (p=7.9045e-02), Spearman r: 0.7056 (p=2.2626e-02)
2026-02-05 17:13:32,781 - INFO - 
--- Fold 5/5 ---
2026-02-05 17:13:32,781 - INFO - Train size: 42, Test size: 10
2026-02-05 17:13:32,781 - INFO - Train target - Mean: 0.1207, Std: 0.1316
2026-02-05 17:13:32,781 - INFO - Test target  - Mean: 0.1074, Std: 0.0962
2026-02-05 17:13:32,809 - INFO - Training fold 5 with early stopping (patience=50)...
2026-02-05 17:13:32,822 - INFO - Epoch 1/200 | Train Loss: 0.408411 | Val Loss: 0.230486 | Best: inf (ep 1)
2026-02-05 17:13:32,926 - INFO - Epoch 10/200 | Train Loss: 0.143076 | Val Loss: 0.400137 | Best: inf (ep 1)
2026-02-05 17:13:33,041 - INFO - Epoch 20/200 | Train Loss: 0.092885 | Val Loss: 0.207938 | Best: inf (ep 1)
2026-02-05 17:13:33,157 - INFO - Epoch 30/200 | Train Loss: 0.078360 | Val Loss: 0.205545 | Best: inf (ep 1)
2026-02-05 17:13:33,272 - INFO - Epoch 40/200 | Train Loss: 0.058717 | Val Loss: 0.214876 | Best: inf (ep 1)
2026-02-05 17:13:33,387 - INFO - Epoch 50/200 | Train Loss: 0.053046 | Val Loss: 0.240521 | Best: inf (ep 1)
2026-02-05 17:13:33,541 - INFO - Epoch 60/200 | Train Loss: 0.047955 | Val Loss: 0.252565 | Best: 0.216581 (ep 58)
2026-02-05 17:13:33,657 - INFO - Epoch 70/200 | Train Loss: 0.046759 | Val Loss: 0.272514 | Best: 0.216581 (ep 58)
2026-02-05 17:13:33,774 - INFO - Epoch 80/200 | Train Loss: 0.044579 | Val Loss: 0.290202 | Best: 0.216581 (ep 58)
2026-02-05 17:13:33,890 - INFO - Epoch 90/200 | Train Loss: 0.040830 | Val Loss: 0.238909 | Best: 0.216581 (ep 58)
2026-02-05 17:13:34,006 - INFO - Epoch 100/200 | Train Loss: 0.039770 | Val Loss: 0.259904 | Best: 0.216581 (ep 58)
2026-02-05 17:13:34,098 - INFO - Early stopping at epoch 108! Best val loss: 0.216581 at epoch 58
2026-02-05 17:13:34,108 - INFO - Loaded best model from epoch 58
2026-02-05 17:13:34,117 - INFO - Fold 5 Results - MSE: 0.0090, MAE: 0.0834, R²: 0.0221, Pearson r: 0.6200 (p=5.5880e-02), Spearman r: 0.1411 (p=6.9739e-01)
2026-02-05 17:13:34,119 - INFO - Combined results saved to TI_Treatment_Regression_all_all_folds_combined.csv
2026-02-05 17:13:34,121 - INFO - 
============================================================
2026-02-05 17:13:34,122 - INFO - FINAL CROSS-VALIDATION RESULTS FOR: TI_Treatment_Regression_all
2026-02-05 17:13:34,122 - INFO - ----------------------------------------
2026-02-05 17:13:34,122 - INFO - MSE         : 0.0148 ± 0.0051
2026-02-05 17:13:34,122 - INFO - RMSE        : 0.1201 ± 0.0200
2026-02-05 17:13:34,122 - INFO - MAE         : 0.0996 ± 0.0195
2026-02-05 17:13:34,122 - INFO - R2          : -0.0094 ± 0.3128
2026-02-05 17:13:34,122 - INFO - PEARSON_R   : 0.4623 ± 0.3157
2026-02-05 17:13:34,122 - INFO - PEARSON_P   : 0.1679 ± 0.2279
2026-02-05 17:13:34,122 - INFO - SPEARMAN_R  : 0.2922 ± 0.3986
2026-02-05 17:13:34,122 - INFO - SPEARMAN_P  : 0.2711 ± 0.2508
2026-02-05 17:13:34,122 - INFO - ============================================================

2026-02-05 17:13:34,125 - INFO - Results saved to final_results_TI_Treatment_Regression_all.json
2026-02-05 17:13:34,125 - INFO - Total execution time: 9.43 seconds
2026-02-05 17:15:47,029 - INFO - Using device: cuda
2026-02-05 17:15:47,029 - INFO - Hyperparameters: {
  "batch_size": 32,
  "learning_rate": 0.001,
  "num_epochs": 200,
  "hidden_dim": 512,
  "num_blocks": 4,
  "dropout": 0.3,
  "feature_type": "all",
  "normalize_target": true,
  "target_min": 0.0,
  "target_max": 1.0,
  "loss_alpha": 0.6,
  "loss_beta": 0.4,
  "loss_temperature": 0.1
}
2026-02-05 17:15:47,030 - INFO - Starting TI treatment response REGRESSION pipeline
2026-02-05 17:15:47,030 - INFO - Parsing Excel data with diff features...
2026-02-05 17:15:47,143 - INFO - Parsing patient data from Excel...
2026-02-05 17:15:47,232 - INFO - Improvement rate statistics:
2026-02-05 17:15:47,232 - INFO -   Min: -0.6429
2026-02-05 17:15:47,232 - INFO -   Max: 0.4545
2026-02-05 17:15:47,232 - INFO -   Mean: 0.0729
2026-02-05 17:15:47,232 - INFO -   Std: 0.2007
2026-02-05 17:15:47,232 - INFO - Found 52 valid patient samples with complete data
2026-02-05 17:15:47,232 - INFO - Preparing features and labels for regression...
2026-02-05 17:15:47,278 - INFO - Normalized target values to [0, 1], original range: [0.0, 1.0]
2026-02-05 17:15:47,278 - INFO - Final dataset: 52 samples, 365 features
2026-02-05 17:15:47,279 - INFO - Target range: [0.0000, 0.4545], Mean: 0.1182, Std: 0.1256
2026-02-05 17:15:47,279 - INFO - 
============================================================
2026-02-05 17:15:47,279 - INFO - Starting Regression Cross-Validation: TI_Treatment_Regression_all
2026-02-05 17:15:47,279 - INFO - Total samples: 52 | Target range: [0.0000, 0.4545]
2026-02-05 17:15:47,279 - INFO - 
--- Fold 1/5 ---
2026-02-05 17:15:47,279 - INFO - Train size: 41, Test size: 11
2026-02-05 17:15:47,279 - INFO - Train target - Mean: 0.1273, Std: 0.1230
2026-02-05 17:15:47,279 - INFO - Test target  - Mean: 0.0841, Std: 0.1293
2026-02-05 17:15:48,001 - INFO - Training fold 1 with early stopping (patience=50)...
2026-02-05 17:15:48,219 - INFO - Epoch 1/200 | Train Loss: 0.384747 | Val Loss: 0.481360 | Best: inf (ep 1)
2026-02-05 17:15:48,294 - INFO - Epoch 10/200 | Train Loss: 0.187537 | Val Loss: 0.520019 | Best: inf (ep 1)
2026-02-05 17:15:48,377 - INFO - Epoch 20/200 | Train Loss: 0.111598 | Val Loss: 0.499864 | Best: inf (ep 1)
2026-02-05 17:15:48,460 - INFO - Epoch 30/200 | Train Loss: 0.065316 | Val Loss: 0.524405 | Best: inf (ep 1)
2026-02-05 17:15:48,542 - INFO - Epoch 40/200 | Train Loss: 0.074826 | Val Loss: 0.550884 | Best: inf (ep 1)
2026-02-05 17:15:48,625 - INFO - Epoch 50/200 | Train Loss: 0.047614 | Val Loss: 0.561012 | Best: inf (ep 1)
2026-02-05 17:15:48,747 - INFO - Epoch 60/200 | Train Loss: 0.046440 | Val Loss: 0.581347 | Best: 0.547027 (ep 54)
2026-02-05 17:15:48,843 - INFO - Epoch 70/200 | Train Loss: 0.050861 | Val Loss: 0.548137 | Best: 0.545313 (ep 69)
2026-02-05 17:15:48,926 - INFO - Epoch 80/200 | Train Loss: 0.074527 | Val Loss: 0.589603 | Best: 0.545313 (ep 69)
2026-02-05 17:15:49,022 - INFO - Epoch 90/200 | Train Loss: 0.055968 | Val Loss: 0.510674 | Best: 0.507254 (ep 87)
2026-02-05 17:15:49,132 - INFO - Epoch 100/200 | Train Loss: 0.045317 | Val Loss: 0.506210 | Best: 0.502601 (ep 98)
2026-02-05 17:15:49,214 - INFO - Epoch 110/200 | Train Loss: 0.043343 | Val Loss: 0.530950 | Best: 0.502601 (ep 98)
2026-02-05 17:15:49,297 - INFO - Epoch 120/200 | Train Loss: 0.037578 | Val Loss: 0.545758 | Best: 0.502601 (ep 98)
2026-02-05 17:15:49,382 - INFO - Epoch 130/200 | Train Loss: 0.038804 | Val Loss: 0.552603 | Best: 0.502601 (ep 98)
2026-02-05 17:15:49,465 - INFO - Epoch 140/200 | Train Loss: 0.039450 | Val Loss: 0.547002 | Best: 0.502601 (ep 98)
2026-02-05 17:15:49,531 - INFO - Early stopping at epoch 148! Best val loss: 0.502601 at epoch 98
2026-02-05 17:15:49,542 - INFO - Loaded best model from epoch 98
2026-02-05 17:15:49,551 - INFO - Fold 1 Results - MSE: 0.0268, MAE: 0.1462, R²: -0.6037, Pearson r: -0.2121 (p=5.3123e-01), Spearman r: -0.3719 (p=2.6014e-01)
2026-02-05 17:15:49,551 - INFO - 
--- Fold 2/5 ---
2026-02-05 17:15:49,551 - INFO - Train size: 41, Test size: 11
2026-02-05 17:15:49,551 - INFO - Train target - Mean: 0.1121, Std: 0.1205
2026-02-05 17:15:49,551 - INFO - Test target  - Mean: 0.1408, Std: 0.1409
2026-02-05 17:15:49,579 - INFO - Training fold 2 with early stopping (patience=50)...
2026-02-05 17:15:49,588 - INFO - Epoch 1/200 | Train Loss: 0.483298 | Val Loss: 0.265081 | Best: inf (ep 1)
2026-02-05 17:15:49,663 - INFO - Epoch 10/200 | Train Loss: 0.160409 | Val Loss: 0.300827 | Best: inf (ep 1)
2026-02-05 17:15:49,746 - INFO - Epoch 20/200 | Train Loss: 0.127317 | Val Loss: 0.182750 | Best: inf (ep 1)
2026-02-05 17:15:49,829 - INFO - Epoch 30/200 | Train Loss: 0.083283 | Val Loss: 0.150111 | Best: inf (ep 1)
2026-02-05 17:15:49,912 - INFO - Epoch 40/200 | Train Loss: 0.078541 | Val Loss: 0.224942 | Best: inf (ep 1)
2026-02-05 17:15:49,995 - INFO - Epoch 50/200 | Train Loss: 0.061272 | Val Loss: 0.153351 | Best: inf (ep 1)
2026-02-05 17:15:50,089 - INFO - Epoch 60/200 | Train Loss: 0.058139 | Val Loss: 0.197612 | Best: 0.158868 (ep 51)
2026-02-05 17:15:50,172 - INFO - Epoch 70/200 | Train Loss: 0.059419 | Val Loss: 0.171076 | Best: 0.158868 (ep 51)
2026-02-05 17:15:50,286 - INFO - Epoch 80/200 | Train Loss: 0.050571 | Val Loss: 0.174311 | Best: 0.157788 (ep 75)
2026-02-05 17:15:50,396 - INFO - Epoch 90/200 | Train Loss: 0.064200 | Val Loss: 0.264102 | Best: 0.156674 (ep 87)
2026-02-05 17:15:50,479 - INFO - Epoch 100/200 | Train Loss: 0.046727 | Val Loss: 0.220383 | Best: 0.156674 (ep 87)
2026-02-05 17:15:50,563 - INFO - Epoch 110/200 | Train Loss: 0.044488 | Val Loss: 0.177897 | Best: 0.156674 (ep 87)
2026-02-05 17:15:50,646 - INFO - Epoch 120/200 | Train Loss: 0.043429 | Val Loss: 0.204217 | Best: 0.156674 (ep 87)
2026-02-05 17:15:50,729 - INFO - Epoch 130/200 | Train Loss: 0.042836 | Val Loss: 0.202544 | Best: 0.156674 (ep 87)
2026-02-05 17:15:50,788 - INFO - Early stopping at epoch 137! Best val loss: 0.156674 at epoch 87
2026-02-05 17:15:50,798 - INFO - Loaded best model from epoch 87
2026-02-05 17:15:50,806 - INFO - Fold 2 Results - MSE: 0.0130, MAE: 0.0903, R²: 0.3461, Pearson r: 0.6252 (p=3.9686e-02), Spearman r: 0.6653 (p=2.5481e-02)
2026-02-05 17:15:50,806 - INFO - 
--- Fold 3/5 ---
2026-02-05 17:15:50,806 - INFO - Train size: 42, Test size: 10
2026-02-05 17:15:50,806 - INFO - Train target - Mean: 0.1127, Std: 0.1281
2026-02-05 17:15:50,806 - INFO - Test target  - Mean: 0.1413, Std: 0.1116
2026-02-05 17:15:50,833 - INFO - Training fold 3 with early stopping (patience=50)...
2026-02-05 17:15:50,843 - INFO - Epoch 1/200 | Train Loss: 0.464872 | Val Loss: 0.370176 | Best: inf (ep 1)
2026-02-05 17:15:50,918 - INFO - Epoch 10/200 | Train Loss: 0.167489 | Val Loss: 0.369654 | Best: inf (ep 1)
2026-02-05 17:15:51,001 - INFO - Epoch 20/200 | Train Loss: 0.105625 | Val Loss: 0.207037 | Best: inf (ep 1)
2026-02-05 17:15:51,084 - INFO - Epoch 30/200 | Train Loss: 0.076882 | Val Loss: 0.210688 | Best: inf (ep 1)
2026-02-05 17:15:51,167 - INFO - Epoch 40/200 | Train Loss: 0.052563 | Val Loss: 0.307066 | Best: inf (ep 1)
2026-02-05 17:15:51,250 - INFO - Epoch 50/200 | Train Loss: 0.050704 | Val Loss: 0.293358 | Best: inf (ep 1)
2026-02-05 17:15:51,421 - INFO - Epoch 60/200 | Train Loss: 0.059251 | Val Loss: 0.279329 | Best: 0.154801 (ep 57)
2026-02-05 17:15:51,504 - INFO - Epoch 70/200 | Train Loss: 0.050181 | Val Loss: 0.213891 | Best: 0.154801 (ep 57)
2026-02-05 17:15:51,587 - INFO - Epoch 80/200 | Train Loss: 0.040786 | Val Loss: 0.227722 | Best: 0.154801 (ep 57)
2026-02-05 17:15:51,670 - INFO - Epoch 90/200 | Train Loss: 0.047270 | Val Loss: 0.208294 | Best: 0.154801 (ep 57)
2026-02-05 17:15:51,755 - INFO - Epoch 100/200 | Train Loss: 0.039126 | Val Loss: 0.213574 | Best: 0.154801 (ep 57)
2026-02-05 17:15:51,814 - INFO - Early stopping at epoch 107! Best val loss: 0.154801 at epoch 57
2026-02-05 17:15:51,824 - INFO - Loaded best model from epoch 57
2026-02-05 17:15:51,831 - INFO - Fold 3 Results - MSE: 0.0159, MAE: 0.1154, R²: -0.2801, Pearson r: 0.8285 (p=3.0602e-03), Spearman r: 0.3576 (p=3.1038e-01)
2026-02-05 17:15:51,831 - INFO - 
--- Fold 4/5 ---
2026-02-05 17:15:51,831 - INFO - Train size: 42, Test size: 10
2026-02-05 17:15:51,832 - INFO - Train target - Mean: 0.1181, Std: 0.1238
2026-02-05 17:15:51,832 - INFO - Test target  - Mean: 0.1184, Std: 0.1329
2026-02-05 17:15:51,857 - INFO - Training fold 4 with early stopping (patience=50)...
2026-02-05 17:15:51,867 - INFO - Epoch 1/200 | Train Loss: 0.439693 | Val Loss: 0.365996 | Best: inf (ep 1)
2026-02-05 17:15:51,942 - INFO - Epoch 10/200 | Train Loss: 0.219681 | Val Loss: 0.401682 | Best: inf (ep 1)
2026-02-05 17:15:52,024 - INFO - Epoch 20/200 | Train Loss: 0.122951 | Val Loss: 0.299834 | Best: inf (ep 1)
2026-02-05 17:15:52,107 - INFO - Epoch 30/200 | Train Loss: 0.092949 | Val Loss: 0.293030 | Best: inf (ep 1)
2026-02-05 17:15:52,190 - INFO - Epoch 40/200 | Train Loss: 0.077782 | Val Loss: 0.335217 | Best: inf (ep 1)
2026-02-05 17:15:52,273 - INFO - Epoch 50/200 | Train Loss: 0.082971 | Val Loss: 0.312849 | Best: inf (ep 1)
2026-02-05 17:15:52,407 - INFO - Epoch 60/200 | Train Loss: 0.069150 | Val Loss: 0.218134 | Best: 0.218134 (ep 60)
2026-02-05 17:15:52,490 - INFO - Epoch 70/200 | Train Loss: 0.052335 | Val Loss: 0.265766 | Best: 0.218134 (ep 60)
2026-02-05 17:15:52,573 - INFO - Epoch 80/200 | Train Loss: 0.078965 | Val Loss: 0.262540 | Best: 0.218134 (ep 60)
2026-02-05 17:15:52,670 - INFO - Epoch 90/200 | Train Loss: 0.045387 | Val Loss: 0.284545 | Best: 0.197908 (ep 81)
2026-02-05 17:15:52,753 - INFO - Epoch 100/200 | Train Loss: 0.045026 | Val Loss: 0.249010 | Best: 0.197908 (ep 81)
2026-02-05 17:15:52,849 - INFO - Epoch 110/200 | Train Loss: 0.044236 | Val Loss: 0.207295 | Best: 0.196668 (ep 109)
2026-02-05 17:15:52,946 - INFO - Epoch 120/200 | Train Loss: 0.045623 | Val Loss: 0.214476 | Best: 0.184326 (ep 112)
2026-02-05 17:15:53,056 - INFO - Epoch 130/200 | Train Loss: 0.041839 | Val Loss: 0.164519 | Best: 0.164154 (ep 129)
2026-02-05 17:15:53,139 - INFO - Epoch 140/200 | Train Loss: 0.035564 | Val Loss: 0.172711 | Best: 0.164154 (ep 129)
2026-02-05 17:15:53,222 - INFO - Epoch 150/200 | Train Loss: 0.039499 | Val Loss: 0.181815 | Best: 0.164154 (ep 129)
2026-02-05 17:15:53,343 - INFO - Epoch 160/200 | Train Loss: 0.035280 | Val Loss: 0.180958 | Best: 0.123921 (ep 156)
2026-02-05 17:15:53,426 - INFO - Epoch 170/200 | Train Loss: 0.035300 | Val Loss: 0.207484 | Best: 0.123921 (ep 156)
2026-02-05 17:15:53,508 - INFO - Epoch 180/200 | Train Loss: 0.033377 | Val Loss: 0.197241 | Best: 0.123921 (ep 156)
2026-02-05 17:15:53,591 - INFO - Epoch 190/200 | Train Loss: 0.033495 | Val Loss: 0.143986 | Best: 0.123921 (ep 156)
2026-02-05 17:15:53,674 - INFO - Epoch 200/200 | Train Loss: 0.035131 | Val Loss: 0.150335 | Best: 0.123921 (ep 156)
2026-02-05 17:15:53,684 - INFO - Loaded best model from epoch 156
2026-02-05 17:15:53,692 - INFO - Fold 4 Results - MSE: 0.0136, MAE: 0.0682, R²: 0.2273, Pearson r: 0.7258 (p=1.7495e-02), Spearman r: 0.7915 (p=6.3771e-03)
2026-02-05 17:15:53,693 - INFO - 
--- Fold 5/5 ---
2026-02-05 17:15:53,693 - INFO - Train size: 42, Test size: 10
2026-02-05 17:15:53,693 - INFO - Train target - Mean: 0.1207, Std: 0.1316
2026-02-05 17:15:53,693 - INFO - Test target  - Mean: 0.1074, Std: 0.0962
2026-02-05 17:15:53,721 - INFO - Training fold 5 with early stopping (patience=50)...
2026-02-05 17:15:53,730 - INFO - Epoch 1/200 | Train Loss: 0.417764 | Val Loss: 0.283811 | Best: inf (ep 1)
2026-02-05 17:15:53,805 - INFO - Epoch 10/200 | Train Loss: 0.140147 | Val Loss: 0.317433 | Best: inf (ep 1)
2026-02-05 17:15:53,887 - INFO - Epoch 20/200 | Train Loss: 0.097774 | Val Loss: 0.258772 | Best: inf (ep 1)
2026-02-05 17:15:53,970 - INFO - Epoch 30/200 | Train Loss: 0.065368 | Val Loss: 0.300882 | Best: inf (ep 1)
2026-02-05 17:15:54,053 - INFO - Epoch 40/200 | Train Loss: 0.073304 | Val Loss: 0.282337 | Best: inf (ep 1)
2026-02-05 17:15:54,135 - INFO - Epoch 50/200 | Train Loss: 0.065065 | Val Loss: 0.244451 | Best: inf (ep 1)
2026-02-05 17:15:54,257 - INFO - Epoch 60/200 | Train Loss: 0.082130 | Val Loss: 0.244119 | Best: 0.244119 (ep 60)
2026-02-05 17:15:54,352 - INFO - Epoch 70/200 | Train Loss: 0.054933 | Val Loss: 0.286209 | Best: 0.227947 (ep 61)
2026-02-05 17:15:54,435 - INFO - Epoch 80/200 | Train Loss: 0.053155 | Val Loss: 0.268293 | Best: 0.227947 (ep 61)
2026-02-05 17:15:54,517 - INFO - Epoch 90/200 | Train Loss: 0.054066 | Val Loss: 0.253814 | Best: 0.227947 (ep 61)
2026-02-05 17:15:54,600 - INFO - Epoch 100/200 | Train Loss: 0.050661 | Val Loss: 0.274789 | Best: 0.227947 (ep 61)
2026-02-05 17:15:54,682 - INFO - Epoch 110/200 | Train Loss: 0.057269 | Val Loss: 0.272172 | Best: 0.227947 (ep 61)
2026-02-05 17:15:54,691 - INFO - Early stopping at epoch 111! Best val loss: 0.227947 at epoch 61
2026-02-05 17:15:54,700 - INFO - Loaded best model from epoch 61
2026-02-05 17:15:54,708 - INFO - Fold 5 Results - MSE: 0.0083, MAE: 0.0764, R²: 0.1034, Pearson r: 0.5643 (p=8.9275e-02), Spearman r: 0.2270 (p=5.2822e-01)
2026-02-05 17:15:54,713 - INFO - Combined results saved to TI_Treatment_Regression_all_all_folds_combined.csv
2026-02-05 17:15:54,716 - INFO - 
============================================================
2026-02-05 17:15:54,716 - INFO - FINAL CROSS-VALIDATION RESULTS FOR: TI_Treatment_Regression_all
2026-02-05 17:15:54,716 - INFO - ----------------------------------------
2026-02-05 17:15:54,716 - INFO - MSE         : 0.0155 ± 0.0062
2026-02-05 17:15:54,716 - INFO - RMSE        : 0.1224 ± 0.0237
2026-02-05 17:15:54,716 - INFO - MAE         : 0.0993 ± 0.0284
2026-02-05 17:15:54,716 - INFO - R2          : -0.0414 ± 0.3512
2026-02-05 17:15:54,716 - INFO - PEARSON_R   : 0.5063 ± 0.3703
2026-02-05 17:15:54,716 - INFO - PEARSON_P   : 0.1361 ± 0.1997
2026-02-05 17:15:54,716 - INFO - SPEARMAN_R  : 0.3339 ± 0.4073
2026-02-05 17:15:54,716 - INFO - SPEARMAN_P  : 0.2261 ± 0.1939
2026-02-05 17:15:54,717 - INFO - ============================================================

2026-02-05 17:15:54,720 - INFO - Results saved to final_results_TI_Treatment_Regression_all.json
2026-02-05 17:15:54,720 - INFO - Total execution time: 7.69 seconds
2026-02-05 17:16:13,324 - INFO - Using device: cuda
2026-02-05 17:16:13,325 - INFO - Hyperparameters: {
  "batch_size": 64,
  "learning_rate": 0.001,
  "num_epochs": 200,
  "hidden_dim": 512,
  "num_blocks": 4,
  "dropout": 0.3,
  "feature_type": "all",
  "normalize_target": true,
  "target_min": 0.0,
  "target_max": 1.0,
  "loss_alpha": 0.6,
  "loss_beta": 0.4,
  "loss_temperature": 0.1
}
2026-02-05 17:16:13,325 - INFO - Starting TI treatment response REGRESSION pipeline
2026-02-05 17:16:13,325 - INFO - Parsing Excel data with diff features...
2026-02-05 17:16:13,435 - INFO - Parsing patient data from Excel...
2026-02-05 17:16:13,519 - INFO - Improvement rate statistics:
2026-02-05 17:16:13,519 - INFO -   Min: -0.6429
2026-02-05 17:16:13,519 - INFO -   Max: 0.4545
2026-02-05 17:16:13,519 - INFO -   Mean: 0.0729
2026-02-05 17:16:13,519 - INFO -   Std: 0.2007
2026-02-05 17:16:13,519 - INFO - Found 52 valid patient samples with complete data
2026-02-05 17:16:13,520 - INFO - Preparing features and labels for regression...
2026-02-05 17:16:13,551 - INFO - Normalized target values to [0, 1], original range: [0.0, 1.0]
2026-02-05 17:16:13,552 - INFO - Final dataset: 52 samples, 365 features
2026-02-05 17:16:13,552 - INFO - Target range: [0.0000, 0.4545], Mean: 0.1182, Std: 0.1256
2026-02-05 17:16:13,552 - INFO - 
============================================================
2026-02-05 17:16:13,552 - INFO - Starting Regression Cross-Validation: TI_Treatment_Regression_all
2026-02-05 17:16:13,552 - INFO - Total samples: 52 | Target range: [0.0000, 0.4545]
2026-02-05 17:16:13,552 - INFO - 
--- Fold 1/5 ---
2026-02-05 17:16:13,552 - INFO - Train size: 41, Test size: 11
2026-02-05 17:16:13,552 - INFO - Train target - Mean: 0.1273, Std: 0.1230
2026-02-05 17:16:13,553 - INFO - Test target  - Mean: 0.0841, Std: 0.1293
2026-02-05 17:16:14,264 - INFO - Training fold 1 with early stopping (patience=50)...
2026-02-05 17:16:14,460 - INFO - Epoch 1/200 | Train Loss: 0.497715 | Val Loss: 0.494250 | Best: inf (ep 1)
2026-02-05 17:16:14,506 - INFO - Epoch 10/200 | Train Loss: 0.100258 | Val Loss: 0.502256 | Best: inf (ep 1)
2026-02-05 17:16:14,555 - INFO - Epoch 20/200 | Train Loss: 0.084807 | Val Loss: 0.556665 | Best: inf (ep 1)
2026-02-05 17:16:14,605 - INFO - Epoch 30/200 | Train Loss: 0.031964 | Val Loss: 0.520232 | Best: inf (ep 1)
2026-02-05 17:16:14,654 - INFO - Epoch 40/200 | Train Loss: 0.034663 | Val Loss: 0.552655 | Best: inf (ep 1)
2026-02-05 17:16:14,704 - INFO - Epoch 50/200 | Train Loss: 0.038656 | Val Loss: 0.539643 | Best: inf (ep 1)
2026-02-05 17:16:14,767 - INFO - Epoch 60/200 | Train Loss: 0.024324 | Val Loss: 0.569881 | Best: 0.538355 (ep 51)
2026-02-05 17:16:14,907 - INFO - Epoch 70/200 | Train Loss: 0.025882 | Val Loss: 0.488232 | Best: 0.488232 (ep 70)
2026-02-05 17:16:14,957 - INFO - Epoch 80/200 | Train Loss: 0.025361 | Val Loss: 0.547604 | Best: 0.488232 (ep 70)
2026-02-05 17:16:15,006 - INFO - Epoch 90/200 | Train Loss: 0.021388 | Val Loss: 0.498705 | Best: 0.488232 (ep 70)
2026-02-05 17:16:15,055 - INFO - Epoch 100/200 | Train Loss: 0.027415 | Val Loss: 0.552873 | Best: 0.488232 (ep 70)
2026-02-05 17:16:15,105 - INFO - Epoch 110/200 | Train Loss: 0.021357 | Val Loss: 0.554654 | Best: 0.488232 (ep 70)
2026-02-05 17:16:15,154 - INFO - Early stopping at epoch 120! Best val loss: 0.488232 at epoch 70
2026-02-05 17:16:15,165 - INFO - Loaded best model from epoch 70
2026-02-05 17:16:15,174 - INFO - Fold 1 Results - MSE: 0.0235, MAE: 0.1404, R²: -0.4030, Pearson r: -0.1514 (p=6.5676e-01), Spearman r: -0.4100 (p=2.1045e-01)
2026-02-05 17:16:15,175 - INFO - 
--- Fold 2/5 ---
2026-02-05 17:16:15,175 - INFO - Train size: 41, Test size: 11
2026-02-05 17:16:15,175 - INFO - Train target - Mean: 0.1121, Std: 0.1205
2026-02-05 17:16:15,175 - INFO - Test target  - Mean: 0.1408, Std: 0.1409
2026-02-05 17:16:15,202 - INFO - Training fold 2 with early stopping (patience=50)...
2026-02-05 17:16:15,208 - INFO - Epoch 1/200 | Train Loss: 0.505179 | Val Loss: 0.318051 | Best: inf (ep 1)
2026-02-05 17:16:15,253 - INFO - Epoch 10/200 | Train Loss: 0.167511 | Val Loss: 0.220616 | Best: inf (ep 1)
2026-02-05 17:16:15,302 - INFO - Epoch 20/200 | Train Loss: 0.085414 | Val Loss: 0.129094 | Best: inf (ep 1)
2026-02-05 17:16:15,352 - INFO - Epoch 30/200 | Train Loss: 0.044422 | Val Loss: 0.176695 | Best: inf (ep 1)
2026-02-05 17:16:15,401 - INFO - Epoch 40/200 | Train Loss: 0.036647 | Val Loss: 0.205317 | Best: inf (ep 1)
2026-02-05 17:16:15,451 - INFO - Epoch 50/200 | Train Loss: 0.039271 | Val Loss: 0.189458 | Best: inf (ep 1)
2026-02-05 17:16:15,578 - INFO - Epoch 60/200 | Train Loss: 0.030707 | Val Loss: 0.160438 | Best: 0.160438 (ep 60)
2026-02-05 17:16:15,628 - INFO - Epoch 70/200 | Train Loss: 0.026000 | Val Loss: 0.172616 | Best: 0.160438 (ep 60)
2026-02-05 17:16:15,677 - INFO - Epoch 80/200 | Train Loss: 0.025791 | Val Loss: 0.186317 | Best: 0.160438 (ep 60)
2026-02-05 17:16:15,727 - INFO - Epoch 90/200 | Train Loss: 0.020211 | Val Loss: 0.210124 | Best: 0.160438 (ep 60)
2026-02-05 17:16:15,776 - INFO - Epoch 100/200 | Train Loss: 0.019448 | Val Loss: 0.199845 | Best: 0.160438 (ep 60)
2026-02-05 17:16:15,826 - INFO - Early stopping at epoch 110! Best val loss: 0.160438 at epoch 60
2026-02-05 17:16:15,837 - INFO - Loaded best model from epoch 60
2026-02-05 17:16:15,848 - INFO - Fold 2 Results - MSE: 0.0124, MAE: 0.0921, R²: 0.3759, Pearson r: 0.6317 (p=3.7075e-02), Spearman r: 0.6653 (p=2.5481e-02)
2026-02-05 17:16:15,848 - INFO - 
--- Fold 3/5 ---
2026-02-05 17:16:15,848 - INFO - Train size: 42, Test size: 10
2026-02-05 17:16:15,848 - INFO - Train target - Mean: 0.1127, Std: 0.1281
2026-02-05 17:16:15,848 - INFO - Test target  - Mean: 0.1413, Std: 0.1116
2026-02-05 17:16:15,874 - INFO - Training fold 3 with early stopping (patience=50)...
2026-02-05 17:16:15,881 - INFO - Epoch 1/200 | Train Loss: 0.473259 | Val Loss: 0.270433 | Best: inf (ep 1)
2026-02-05 17:16:15,926 - INFO - Epoch 10/200 | Train Loss: 0.106431 | Val Loss: 0.239058 | Best: inf (ep 1)
2026-02-05 17:16:15,975 - INFO - Epoch 20/200 | Train Loss: 0.079444 | Val Loss: 0.289130 | Best: inf (ep 1)
2026-02-05 17:16:16,025 - INFO - Epoch 30/200 | Train Loss: 0.033410 | Val Loss: 0.286701 | Best: inf (ep 1)
2026-02-05 17:16:16,074 - INFO - Epoch 40/200 | Train Loss: 0.034243 | Val Loss: 0.262837 | Best: inf (ep 1)
2026-02-05 17:16:16,124 - INFO - Epoch 50/200 | Train Loss: 0.019487 | Val Loss: 0.255790 | Best: inf (ep 1)
2026-02-05 17:16:16,190 - INFO - Epoch 60/200 | Train Loss: 0.023457 | Val Loss: 0.268425 | Best: 0.253880 (ep 51)
2026-02-05 17:16:16,240 - INFO - Epoch 70/200 | Train Loss: 0.024055 | Val Loss: 0.264862 | Best: 0.253880 (ep 51)
2026-02-05 17:16:16,316 - INFO - Epoch 80/200 | Train Loss: 0.022458 | Val Loss: 0.268020 | Best: 0.252524 (ep 74)
2026-02-05 17:16:16,365 - INFO - Epoch 90/200 | Train Loss: 0.017530 | Val Loss: 0.271783 | Best: 0.252524 (ep 74)
2026-02-05 17:16:16,467 - INFO - Epoch 100/200 | Train Loss: 0.021126 | Val Loss: 0.232893 | Best: 0.217345 (ep 96)
2026-02-05 17:16:16,517 - INFO - Epoch 110/200 | Train Loss: 0.016249 | Val Loss: 0.233869 | Best: 0.217345 (ep 96)
2026-02-05 17:16:16,567 - INFO - Epoch 120/200 | Train Loss: 0.013826 | Val Loss: 0.267691 | Best: 0.217345 (ep 96)
2026-02-05 17:16:16,616 - INFO - Epoch 130/200 | Train Loss: 0.017839 | Val Loss: 0.253087 | Best: 0.217345 (ep 96)
2026-02-05 17:16:16,668 - INFO - Epoch 140/200 | Train Loss: 0.015768 | Val Loss: 0.251581 | Best: 0.217345 (ep 96)
2026-02-05 17:16:16,698 - INFO - Early stopping at epoch 146! Best val loss: 0.217345 at epoch 96
2026-02-05 17:16:16,707 - INFO - Loaded best model from epoch 96
2026-02-05 17:16:16,714 - INFO - Fold 3 Results - MSE: 0.0156, MAE: 0.1111, R²: -0.2520, Pearson r: 0.6538 (p=4.0304e-02), Spearman r: 0.3576 (p=3.1038e-01)
2026-02-05 17:16:16,715 - INFO - 
--- Fold 4/5 ---
2026-02-05 17:16:16,715 - INFO - Train size: 42, Test size: 10
2026-02-05 17:16:16,715 - INFO - Train target - Mean: 0.1181, Std: 0.1238
2026-02-05 17:16:16,715 - INFO - Test target  - Mean: 0.1184, Std: 0.1329
2026-02-05 17:16:16,740 - INFO - Training fold 4 with early stopping (patience=50)...
2026-02-05 17:16:16,746 - INFO - Epoch 1/200 | Train Loss: 0.538191 | Val Loss: 0.390834 | Best: inf (ep 1)
2026-02-05 17:16:16,791 - INFO - Epoch 10/200 | Train Loss: 0.104470 | Val Loss: 0.336140 | Best: inf (ep 1)
2026-02-05 17:16:16,840 - INFO - Epoch 20/200 | Train Loss: 0.083411 | Val Loss: 0.330244 | Best: inf (ep 1)
2026-02-05 17:16:16,890 - INFO - Epoch 30/200 | Train Loss: 0.053656 | Val Loss: 0.226272 | Best: inf (ep 1)
2026-02-05 17:16:16,939 - INFO - Epoch 40/200 | Train Loss: 0.034910 | Val Loss: 0.203451 | Best: inf (ep 1)
2026-02-05 17:16:16,989 - INFO - Epoch 50/200 | Train Loss: 0.026432 | Val Loss: 0.210092 | Best: inf (ep 1)
2026-02-05 17:16:17,093 - INFO - Epoch 60/200 | Train Loss: 0.027353 | Val Loss: 0.204245 | Best: 0.192282 (ep 54)
2026-02-05 17:16:17,181 - INFO - Epoch 70/200 | Train Loss: 0.030901 | Val Loss: 0.170083 | Best: 0.168513 (ep 69)
2026-02-05 17:16:17,231 - INFO - Epoch 80/200 | Train Loss: 0.022612 | Val Loss: 0.187715 | Best: 0.168513 (ep 69)
2026-02-05 17:16:17,280 - INFO - Epoch 90/200 | Train Loss: 0.024531 | Val Loss: 0.217897 | Best: 0.168513 (ep 69)
2026-02-05 17:16:17,330 - INFO - Epoch 100/200 | Train Loss: 0.018346 | Val Loss: 0.198160 | Best: 0.168513 (ep 69)
2026-02-05 17:16:17,380 - INFO - Epoch 110/200 | Train Loss: 0.018183 | Val Loss: 0.213980 | Best: 0.168513 (ep 69)
2026-02-05 17:16:17,424 - INFO - Early stopping at epoch 119! Best val loss: 0.168513 at epoch 69
2026-02-05 17:16:17,433 - INFO - Loaded best model from epoch 69
2026-02-05 17:16:17,440 - INFO - Fold 4 Results - MSE: 0.0122, MAE: 0.0801, R²: 0.3092, Pearson r: 0.5952 (p=6.9502e-02), Spearman r: 0.7056 (p=2.2626e-02)
2026-02-05 17:16:17,441 - INFO - 
--- Fold 5/5 ---
2026-02-05 17:16:17,441 - INFO - Train size: 42, Test size: 10
2026-02-05 17:16:17,441 - INFO - Train target - Mean: 0.1207, Std: 0.1316
2026-02-05 17:16:17,441 - INFO - Test target  - Mean: 0.1074, Std: 0.0962
2026-02-05 17:16:17,467 - INFO - Training fold 5 with early stopping (patience=50)...
2026-02-05 17:16:17,473 - INFO - Epoch 1/200 | Train Loss: 0.434585 | Val Loss: 0.358456 | Best: inf (ep 1)
2026-02-05 17:16:17,517 - INFO - Epoch 10/200 | Train Loss: 0.092892 | Val Loss: 0.225232 | Best: inf (ep 1)
2026-02-05 17:16:17,567 - INFO - Epoch 20/200 | Train Loss: 0.065435 | Val Loss: 0.262994 | Best: inf (ep 1)
2026-02-05 17:16:17,616 - INFO - Epoch 30/200 | Train Loss: 0.040691 | Val Loss: 0.257229 | Best: inf (ep 1)
2026-02-05 17:16:17,666 - INFO - Epoch 40/200 | Train Loss: 0.036543 | Val Loss: 0.239741 | Best: inf (ep 1)
2026-02-05 17:16:17,715 - INFO - Epoch 50/200 | Train Loss: 0.023948 | Val Loss: 0.218583 | Best: inf (ep 1)
2026-02-05 17:16:17,795 - INFO - Epoch 60/200 | Train Loss: 0.024377 | Val Loss: 0.248782 | Best: 0.215043 (ep 52)
2026-02-05 17:16:17,844 - INFO - Epoch 70/200 | Train Loss: 0.020356 | Val Loss: 0.246055 | Best: 0.215043 (ep 52)
2026-02-05 17:16:17,893 - INFO - Epoch 80/200 | Train Loss: 0.016815 | Val Loss: 0.242782 | Best: 0.215043 (ep 52)
2026-02-05 17:16:17,943 - INFO - Epoch 90/200 | Train Loss: 0.018181 | Val Loss: 0.264153 | Best: 0.215043 (ep 52)
2026-02-05 17:16:17,992 - INFO - Epoch 100/200 | Train Loss: 0.022527 | Val Loss: 0.270743 | Best: 0.215043 (ep 52)
2026-02-05 17:16:18,002 - INFO - Early stopping at epoch 102! Best val loss: 0.215043 at epoch 52
2026-02-05 17:16:18,013 - INFO - Loaded best model from epoch 52
2026-02-05 17:16:18,021 - INFO - Fold 5 Results - MSE: 0.0086, MAE: 0.0751, R²: 0.0680, Pearson r: 0.6184 (p=5.6674e-02), Spearman r: 0.2393 (p=5.0552e-01)
2026-02-05 17:16:18,023 - INFO - Combined results saved to TI_Treatment_Regression_all_all_folds_combined.csv
2026-02-05 17:16:18,026 - INFO - 
============================================================
2026-02-05 17:16:18,026 - INFO - FINAL CROSS-VALIDATION RESULTS FOR: TI_Treatment_Regression_all
2026-02-05 17:16:18,026 - INFO - ----------------------------------------
2026-02-05 17:16:18,026 - INFO - MSE         : 0.0145 ± 0.0050
2026-02-05 17:16:18,026 - INFO - RMSE        : 0.1185 ± 0.0201
2026-02-05 17:16:18,026 - INFO - MAE         : 0.0998 ± 0.0238
2026-02-05 17:16:18,026 - INFO - R2          : 0.0196 ± 0.3051
2026-02-05 17:16:18,026 - INFO - PEARSON_R   : 0.4695 ± 0.3111
2026-02-05 17:16:18,026 - INFO - PEARSON_P   : 0.1721 ± 0.2426
2026-02-05 17:16:18,026 - INFO - SPEARMAN_R  : 0.3115 ± 0.4021
2026-02-05 17:16:18,026 - INFO - SPEARMAN_P  : 0.2149 ± 0.1825
2026-02-05 17:16:18,026 - INFO - ============================================================

2026-02-05 17:16:18,029 - INFO - Results saved to final_results_TI_Treatment_Regression_all.json
2026-02-05 17:16:18,029 - INFO - Total execution time: 4.70 seconds
