2026-01-05 13:47:59,575 - INFO - Using device: cuda
2026-01-05 13:47:59,575 - INFO - Hyperparameters: {
  "batch_size": 8,
  "learning_rate": 0.0005,
  "num_epochs": 200,
  "hidden_dim": 512,
  "num_blocks": 6,
  "dropout": 0.3,
  "feature_type": "ALL",
  "improvement_threshold": 0.25,
  "val_ratio": 0.2,
  "early_stop_patience": 50,
  "early_stop_min_epochs": 50
}
2026-01-05 13:47:59,575 - INFO - 1) Building diff index ...
2026-01-05 13:48:00,220 - WARNING - Duplicate patient ID found: stn02, skipping additional entry
2026-01-05 13:48:00,428 - WARNING - Skipping folder with invalid name format: healthy_virtual_brain
2026-01-05 13:48:00,549 - WARNING - Duplicate patient ID found: gpi11, skipping additional entry
2026-01-05 13:48:00,724 - WARNING - Duplicate patient ID found: gpi02, skipping additional entry
2026-01-05 13:48:00,757 - WARNING - Duplicate patient ID found: gpi19, skipping additional entry
2026-01-05 13:48:00,832 - WARNING - Duplicate patient ID found: stn23, skipping additional entry
2026-01-05 13:48:00,973 - WARNING - Duplicate patient ID found: stn03, skipping additional entry
2026-01-05 13:48:01,053 - WARNING - Duplicate patient ID found: gpi20, skipping additional entry
2026-01-05 13:48:01,139 - WARNING - Duplicate patient ID found: stn04, skipping additional entry
2026-01-05 13:48:01,354 - WARNING - Duplicate patient ID found: stn24, skipping additional entry
2026-01-05 13:48:01,401 - WARNING - Duplicate patient ID found: gpi04, skipping additional entry
2026-01-05 13:48:01,410 - WARNING - Duplicate patient ID found: gpi15, skipping additional entry
2026-01-05 13:48:01,465 - WARNING - Duplicate patient ID found: stn19, skipping additional entry
2026-01-05 13:48:01,485 - WARNING - Duplicate patient ID found: stn08, skipping additional entry
2026-01-05 13:48:01,502 - WARNING - Duplicate patient ID found: stn11, skipping additional entry
2026-01-05 13:48:01,547 - WARNING - Duplicate patient ID found: gpi07, skipping additional entry
2026-01-05 13:48:01,608 - WARNING - Duplicate patient ID found: gpi26, skipping additional entry
2026-01-05 13:48:01,620 - WARNING - Duplicate patient ID found: stn13, skipping additional entry
2026-01-05 13:48:01,699 - WARNING - Duplicate patient ID found: gpi06, skipping additional entry
2026-01-05 13:48:01,819 - WARNING - Duplicate patient ID found: stn30, skipping additional entry
2026-01-05 13:48:01,857 - WARNING - Duplicate patient ID found: stn18, skipping additional entry
2026-01-05 13:48:01,881 - WARNING - Duplicate patient ID found: gpi24, skipping additional entry
2026-01-05 13:48:01,897 - WARNING - Duplicate patient ID found: gpi13, skipping additional entry
2026-01-05 13:48:01,950 - WARNING - Duplicate patient ID found: stn07, skipping additional entry
2026-01-05 13:48:02,045 - WARNING - Duplicate patient ID found: stn20, skipping additional entry
2026-01-05 13:48:02,135 - WARNING - Duplicate patient ID found: gpi12, skipping additional entry
2026-01-05 13:48:02,260 - WARNING - Duplicate patient ID found: stn01, skipping additional entry
2026-01-05 13:48:02,358 - WARNING - Duplicate patient ID found: gpi22, skipping additional entry
2026-01-05 13:48:02,359 - WARNING - Duplicate patient ID found: gpi18, skipping additional entry
2026-01-05 13:48:02,393 - WARNING - Duplicate patient ID found: gpi09, skipping additional entry
2026-01-05 13:48:02,471 - WARNING - Duplicate patient ID found: gpi25, skipping additional entry
2026-01-05 13:48:02,491 - WARNING - Duplicate patient ID found: stn29, skipping additional entry
2026-01-05 13:48:02,520 - WARNING - Duplicate patient ID found: gpi31, skipping additional entry
2026-01-05 13:48:02,538 - WARNING - Duplicate patient ID found: stn10, skipping additional entry
2026-01-05 13:48:02,566 - WARNING - Duplicate patient ID found: gpi28, skipping additional entry
2026-01-05 13:48:02,577 - WARNING - Duplicate patient ID found: stn31, skipping additional entry
2026-01-05 13:48:02,629 - WARNING - Duplicate patient ID found: gpi03, skipping additional entry
2026-01-05 13:48:02,665 - WARNING - Duplicate patient ID found: gpi05, skipping additional entry
2026-01-05 13:48:02,701 - WARNING - Duplicate patient ID found: stn25, skipping additional entry
2026-01-05 13:48:02,729 - WARNING - Duplicate patient ID found: gpi08, skipping additional entry
2026-01-05 13:48:02,730 - WARNING - Duplicate patient ID found: gpi27, skipping additional entry
2026-01-05 13:48:02,735 - WARNING - Duplicate patient ID found: stn16, skipping additional entry
2026-01-05 13:48:02,747 - WARNING - Duplicate patient ID found: gpi23, skipping additional entry
2026-01-05 13:48:02,885 - WARNING - Duplicate patient ID found: stn09, skipping additional entry
2026-01-05 13:48:02,904 - WARNING - Duplicate patient ID found: stn28, skipping additional entry
2026-01-05 13:48:02,920 - WARNING - Duplicate patient ID found: stn06, skipping additional entry
2026-01-05 13:48:02,939 - WARNING - Duplicate patient ID found: stn12, skipping additional entry
2026-01-05 13:48:02,966 - WARNING - Duplicate patient ID found: gpi16, skipping additional entry
2026-01-05 13:48:02,978 - WARNING - Duplicate patient ID found: gpi30, skipping additional entry
2026-01-05 13:48:02,990 - WARNING - Duplicate patient ID found: stn21, skipping additional entry
2026-01-05 13:48:03,036 - WARNING - Duplicate patient ID found: stn22, skipping additional entry
2026-01-05 13:48:03,044 - WARNING - Duplicate patient ID found: stn14, skipping additional entry
2026-01-05 13:48:03,077 - WARNING - Duplicate patient ID found: gpi17, skipping additional entry
2026-01-05 13:48:03,093 - WARNING - Duplicate patient ID found: gpi21, skipping additional entry
2026-01-05 13:48:03,128 - WARNING - Duplicate patient ID found: gpi32, skipping additional entry
2026-01-05 13:48:03,179 - WARNING - Duplicate patient ID found: stn15, skipping additional entry
2026-01-05 13:48:03,179 - INFO - Built diff index with 71 patients
2026-01-05 13:48:03,179 - INFO - 2) Parsing UPDRS CSV ...
2026-01-05 13:48:03,248 - INFO - Found 55 valid samples
2026-01-05 13:48:03,248 - INFO - 3) Preparing data matrix ...
2026-01-05 13:48:04,952 - INFO - Feature matrix shape: (55, 365), Class distribution: [24 31]
2026-01-05 13:48:04,952 - INFO - 4) Training final model on all data (with train/val split) ...
2026-01-05 13:48:06,345 - INFO - Start training final model. Train=44, Val=11
2026-01-05 13:48:06,669 - INFO - Epoch 1/200 | train loss=0.727502 | val loss=1.338479 | best=inf
2026-01-05 13:48:06,866 - INFO - Epoch 10/200 | train loss=0.016376 | val loss=1.404154 | best=inf
2026-01-05 13:48:07,084 - INFO - Epoch 20/200 | train loss=0.013882 | val loss=1.796286 | best=inf
2026-01-05 13:48:07,302 - INFO - Epoch 30/200 | train loss=0.000106 | val loss=2.184993 | best=inf
2026-01-05 13:48:07,520 - INFO - Epoch 40/200 | train loss=0.000050 | val loss=2.015796 | best=inf
2026-01-05 13:48:07,739 - INFO - Epoch 50/200 | train loss=0.000028 | val loss=2.022717 | best=inf
2026-01-05 13:48:07,991 - INFO - Epoch 60/200 | train loss=0.000032 | val loss=1.995141 | best=1.971297
2026-01-05 13:48:08,208 - INFO - Epoch 70/200 | train loss=0.000025 | val loss=2.018186 | best=1.971297
2026-01-05 13:48:08,426 - INFO - Epoch 80/200 | train loss=0.000029 | val loss=2.043877 | best=1.971297
2026-01-05 13:48:08,643 - INFO - Epoch 90/200 | train loss=0.000023 | val loss=2.062129 | best=1.971297
2026-01-05 13:48:08,860 - INFO - Epoch 100/200 | train loss=0.000027 | val loss=2.082758 | best=1.971297
2026-01-05 13:48:09,013 - INFO - Early stopping at epoch 107, best epoch=57, best val loss=1.971297
2026-01-05 13:48:09,026 - INFO - Loaded best model from run_ALL_20260105_134759/model/best_model.pth (epoch 57)
2026-01-05 13:48:09,042 - INFO - Saved final model to: run_ALL_20260105_134759/model/final_model_20260105_134809.pth
2026-01-05 13:48:09,051 - INFO - Validation metrics: {
  "val_threshold": 0.9013281464576721,
  "val_acc": 0.8181818181818182,
  "val_f1": 0.8333333333333334,
  "val_precision": 0.8333333333333334,
  "val_recall": 0.8333333333333334,
  "val_auc": 0.7333333333333334,
  "val_ap": 0.8214646464646465
}
2026-01-05 13:48:09,052 - INFO - 5) Running SHAP ...
2026-01-05 13:50:41,817 - INFO - Using device: cuda
2026-01-05 13:50:41,835 - INFO - Hyperparameters: {
  "batch_size": 8,
  "learning_rate": 0.0005,
  "num_epochs": 200,
  "hidden_dim": 512,
  "num_blocks": 6,
  "dropout": 0.3,
  "feature_type": "ALL",
  "improvement_threshold": 0.25,
  "val_ratio": 0.2,
  "early_stop_patience": 50,
  "early_stop_min_epochs": 50
}
2026-01-05 13:50:41,839 - INFO - 1) Building diff index ...
2026-01-05 13:50:41,840 - WARNING - Duplicate patient ID found: stn02, skipping additional entry
2026-01-05 13:50:41,841 - WARNING - Skipping folder with invalid name format: healthy_virtual_brain
2026-01-05 13:50:41,841 - WARNING - Duplicate patient ID found: gpi11, skipping additional entry
2026-01-05 13:50:41,841 - WARNING - Duplicate patient ID found: gpi02, skipping additional entry
2026-01-05 13:50:41,841 - WARNING - Duplicate patient ID found: gpi19, skipping additional entry
2026-01-05 13:50:41,841 - WARNING - Duplicate patient ID found: stn23, skipping additional entry
2026-01-05 13:50:41,841 - WARNING - Duplicate patient ID found: stn03, skipping additional entry
2026-01-05 13:50:41,841 - WARNING - Duplicate patient ID found: gpi20, skipping additional entry
2026-01-05 13:50:41,842 - WARNING - Duplicate patient ID found: stn04, skipping additional entry
2026-01-05 13:50:41,842 - WARNING - Duplicate patient ID found: stn24, skipping additional entry
2026-01-05 13:50:41,842 - WARNING - Duplicate patient ID found: gpi04, skipping additional entry
2026-01-05 13:50:41,842 - WARNING - Duplicate patient ID found: gpi15, skipping additional entry
2026-01-05 13:50:41,842 - WARNING - Duplicate patient ID found: stn19, skipping additional entry
2026-01-05 13:50:41,842 - WARNING - Duplicate patient ID found: stn08, skipping additional entry
2026-01-05 13:50:41,842 - WARNING - Duplicate patient ID found: stn11, skipping additional entry
2026-01-05 13:50:41,842 - WARNING - Duplicate patient ID found: gpi07, skipping additional entry
2026-01-05 13:50:41,842 - WARNING - Duplicate patient ID found: gpi26, skipping additional entry
2026-01-05 13:50:41,843 - WARNING - Duplicate patient ID found: stn13, skipping additional entry
2026-01-05 13:50:41,843 - WARNING - Duplicate patient ID found: gpi06, skipping additional entry
2026-01-05 13:50:41,843 - WARNING - Duplicate patient ID found: stn30, skipping additional entry
2026-01-05 13:50:41,843 - WARNING - Duplicate patient ID found: stn18, skipping additional entry
2026-01-05 13:50:41,843 - WARNING - Duplicate patient ID found: gpi24, skipping additional entry
2026-01-05 13:50:41,843 - WARNING - Duplicate patient ID found: gpi13, skipping additional entry
2026-01-05 13:50:41,843 - WARNING - Duplicate patient ID found: stn07, skipping additional entry
2026-01-05 13:50:41,843 - WARNING - Duplicate patient ID found: stn20, skipping additional entry
2026-01-05 13:50:41,843 - WARNING - Duplicate patient ID found: gpi12, skipping additional entry
2026-01-05 13:50:41,844 - WARNING - Duplicate patient ID found: stn01, skipping additional entry
2026-01-05 13:50:41,844 - WARNING - Duplicate patient ID found: gpi22, skipping additional entry
2026-01-05 13:50:41,844 - WARNING - Duplicate patient ID found: gpi18, skipping additional entry
2026-01-05 13:50:41,844 - WARNING - Duplicate patient ID found: gpi09, skipping additional entry
2026-01-05 13:50:41,844 - WARNING - Duplicate patient ID found: gpi25, skipping additional entry
2026-01-05 13:50:41,844 - WARNING - Duplicate patient ID found: stn29, skipping additional entry
2026-01-05 13:50:41,844 - WARNING - Duplicate patient ID found: gpi31, skipping additional entry
2026-01-05 13:50:41,844 - WARNING - Duplicate patient ID found: stn10, skipping additional entry
2026-01-05 13:50:41,844 - WARNING - Duplicate patient ID found: gpi28, skipping additional entry
2026-01-05 13:50:41,844 - WARNING - Duplicate patient ID found: stn31, skipping additional entry
2026-01-05 13:50:41,844 - WARNING - Duplicate patient ID found: gpi03, skipping additional entry
2026-01-05 13:50:41,845 - WARNING - Duplicate patient ID found: gpi05, skipping additional entry
2026-01-05 13:50:41,845 - WARNING - Duplicate patient ID found: stn25, skipping additional entry
2026-01-05 13:50:41,845 - WARNING - Duplicate patient ID found: gpi08, skipping additional entry
2026-01-05 13:50:41,845 - WARNING - Duplicate patient ID found: gpi27, skipping additional entry
2026-01-05 13:50:41,845 - WARNING - Duplicate patient ID found: stn16, skipping additional entry
2026-01-05 13:50:41,845 - WARNING - Duplicate patient ID found: gpi23, skipping additional entry
2026-01-05 13:50:41,845 - WARNING - Duplicate patient ID found: stn09, skipping additional entry
2026-01-05 13:50:41,845 - WARNING - Duplicate patient ID found: stn28, skipping additional entry
2026-01-05 13:50:41,845 - WARNING - Duplicate patient ID found: stn06, skipping additional entry
2026-01-05 13:50:41,845 - WARNING - Duplicate patient ID found: stn12, skipping additional entry
2026-01-05 13:50:41,845 - WARNING - Duplicate patient ID found: gpi16, skipping additional entry
2026-01-05 13:50:41,845 - WARNING - Duplicate patient ID found: gpi30, skipping additional entry
2026-01-05 13:50:41,845 - WARNING - Duplicate patient ID found: stn21, skipping additional entry
2026-01-05 13:50:41,846 - WARNING - Duplicate patient ID found: stn22, skipping additional entry
2026-01-05 13:50:41,846 - WARNING - Duplicate patient ID found: stn14, skipping additional entry
2026-01-05 13:50:41,846 - WARNING - Duplicate patient ID found: gpi17, skipping additional entry
2026-01-05 13:50:41,846 - WARNING - Duplicate patient ID found: gpi21, skipping additional entry
2026-01-05 13:50:41,846 - WARNING - Duplicate patient ID found: gpi32, skipping additional entry
2026-01-05 13:50:41,846 - WARNING - Duplicate patient ID found: stn15, skipping additional entry
2026-01-05 13:50:41,846 - INFO - Built diff index with 71 patients
2026-01-05 13:50:41,846 - INFO - 2) Parsing UPDRS CSV ...
2026-01-05 13:50:41,862 - INFO - Found 55 valid samples
2026-01-05 13:50:41,862 - INFO - 3) Preparing data matrix ...
2026-01-05 13:50:41,893 - INFO - Feature matrix shape: (55, 365), Class distribution: [24 31]
2026-01-05 13:50:41,893 - INFO - 4) Training final model on all data (with train/val split) ...
2026-01-05 13:50:42,699 - INFO - Start training final model. Train=44, Val=11
2026-01-05 13:50:42,842 - INFO - Epoch 1/200 | train loss=0.727502 | val loss=1.338479 | best=inf
2026-01-05 13:50:43,040 - INFO - Epoch 10/200 | train loss=0.016376 | val loss=1.404154 | best=inf
2026-01-05 13:50:43,260 - INFO - Epoch 20/200 | train loss=0.013882 | val loss=1.796286 | best=inf
2026-01-05 13:50:43,479 - INFO - Epoch 30/200 | train loss=0.000106 | val loss=2.184993 | best=inf
2026-01-05 13:50:43,698 - INFO - Epoch 40/200 | train loss=0.000050 | val loss=2.015796 | best=inf
2026-01-05 13:50:43,917 - INFO - Epoch 50/200 | train loss=0.000028 | val loss=2.022717 | best=inf
2026-01-05 13:50:44,171 - INFO - Epoch 60/200 | train loss=0.000032 | val loss=1.995141 | best=1.971297
2026-01-05 13:50:44,389 - INFO - Epoch 70/200 | train loss=0.000025 | val loss=2.018186 | best=1.971297
2026-01-05 13:50:44,607 - INFO - Epoch 80/200 | train loss=0.000029 | val loss=2.043877 | best=1.971297
2026-01-05 13:50:44,825 - INFO - Epoch 90/200 | train loss=0.000023 | val loss=2.062129 | best=1.971297
2026-01-05 13:50:45,043 - INFO - Epoch 100/200 | train loss=0.000027 | val loss=2.082758 | best=1.971297
2026-01-05 13:50:45,196 - INFO - Early stopping at epoch 107, best epoch=57, best val loss=1.971297
2026-01-05 13:50:45,209 - INFO - Loaded best model from run_ALL_20260105_135041/model/best_model.pth (epoch 57)
2026-01-05 13:50:45,223 - INFO - Saved final model to: run_ALL_20260105_135041/model/final_model_20260105_135045.pth
2026-01-05 13:50:45,233 - INFO - Validation metrics: {
  "val_threshold": 0.9013281464576721,
  "val_acc": 0.8181818181818182,
  "val_f1": 0.8333333333333334,
  "val_precision": 0.8333333333333334,
  "val_recall": 0.8333333333333334,
  "val_auc": 0.7333333333333334,
  "val_ap": 0.8214646464646465
}
2026-01-05 13:50:45,234 - INFO - 5) Running SHAP ...
2026-01-05 13:54:44,415 - INFO - Using device: cuda
2026-01-05 13:54:44,416 - INFO - Hyperparameters: {
  "batch_size": 8,
  "learning_rate": 0.0005,
  "num_epochs": 200,
  "hidden_dim": 512,
  "num_blocks": 6,
  "dropout": 0.3,
  "feature_type": "ALL",
  "improvement_threshold": 0.25,
  "val_ratio": 0.2,
  "early_stop_patience": 50,
  "early_stop_min_epochs": 50
}
2026-01-05 13:54:44,420 - INFO - 1) Building diff index ...
2026-01-05 13:54:44,421 - WARNING - Duplicate patient ID found: stn02, skipping additional entry
2026-01-05 13:54:44,421 - WARNING - Skipping folder with invalid name format: healthy_virtual_brain
2026-01-05 13:54:44,421 - WARNING - Duplicate patient ID found: gpi11, skipping additional entry
2026-01-05 13:54:44,421 - WARNING - Duplicate patient ID found: gpi02, skipping additional entry
2026-01-05 13:54:44,421 - WARNING - Duplicate patient ID found: gpi19, skipping additional entry
2026-01-05 13:54:44,421 - WARNING - Duplicate patient ID found: stn23, skipping additional entry
2026-01-05 13:54:44,422 - WARNING - Duplicate patient ID found: stn03, skipping additional entry
2026-01-05 13:54:44,422 - WARNING - Duplicate patient ID found: gpi20, skipping additional entry
2026-01-05 13:54:44,422 - WARNING - Duplicate patient ID found: stn04, skipping additional entry
2026-01-05 13:54:44,422 - WARNING - Duplicate patient ID found: stn24, skipping additional entry
2026-01-05 13:54:44,422 - WARNING - Duplicate patient ID found: gpi04, skipping additional entry
2026-01-05 13:54:44,422 - WARNING - Duplicate patient ID found: gpi15, skipping additional entry
2026-01-05 13:54:44,422 - WARNING - Duplicate patient ID found: stn19, skipping additional entry
2026-01-05 13:54:44,422 - WARNING - Duplicate patient ID found: stn08, skipping additional entry
2026-01-05 13:54:44,423 - WARNING - Duplicate patient ID found: stn11, skipping additional entry
2026-01-05 13:54:44,423 - WARNING - Duplicate patient ID found: gpi07, skipping additional entry
2026-01-05 13:54:44,423 - WARNING - Duplicate patient ID found: gpi26, skipping additional entry
2026-01-05 13:54:44,423 - WARNING - Duplicate patient ID found: stn13, skipping additional entry
2026-01-05 13:54:44,423 - WARNING - Duplicate patient ID found: gpi06, skipping additional entry
2026-01-05 13:54:44,423 - WARNING - Duplicate patient ID found: stn30, skipping additional entry
2026-01-05 13:54:44,423 - WARNING - Duplicate patient ID found: stn18, skipping additional entry
2026-01-05 13:54:44,423 - WARNING - Duplicate patient ID found: gpi24, skipping additional entry
2026-01-05 13:54:44,423 - WARNING - Duplicate patient ID found: gpi13, skipping additional entry
2026-01-05 13:54:44,423 - WARNING - Duplicate patient ID found: stn07, skipping additional entry
2026-01-05 13:54:44,423 - WARNING - Duplicate patient ID found: stn20, skipping additional entry
2026-01-05 13:54:44,424 - WARNING - Duplicate patient ID found: gpi12, skipping additional entry
2026-01-05 13:54:44,424 - WARNING - Duplicate patient ID found: stn01, skipping additional entry
2026-01-05 13:54:44,424 - WARNING - Duplicate patient ID found: gpi22, skipping additional entry
2026-01-05 13:54:44,424 - WARNING - Duplicate patient ID found: gpi18, skipping additional entry
2026-01-05 13:54:44,424 - WARNING - Duplicate patient ID found: gpi09, skipping additional entry
2026-01-05 13:54:44,424 - WARNING - Duplicate patient ID found: gpi25, skipping additional entry
2026-01-05 13:54:44,424 - WARNING - Duplicate patient ID found: stn29, skipping additional entry
2026-01-05 13:54:44,424 - WARNING - Duplicate patient ID found: gpi31, skipping additional entry
2026-01-05 13:54:44,424 - WARNING - Duplicate patient ID found: stn10, skipping additional entry
2026-01-05 13:54:44,425 - WARNING - Duplicate patient ID found: gpi28, skipping additional entry
2026-01-05 13:54:44,425 - WARNING - Duplicate patient ID found: stn31, skipping additional entry
2026-01-05 13:54:44,425 - WARNING - Duplicate patient ID found: gpi03, skipping additional entry
2026-01-05 13:54:44,425 - WARNING - Duplicate patient ID found: gpi05, skipping additional entry
2026-01-05 13:54:44,425 - WARNING - Duplicate patient ID found: stn25, skipping additional entry
2026-01-05 13:54:44,425 - WARNING - Duplicate patient ID found: gpi08, skipping additional entry
2026-01-05 13:54:44,425 - WARNING - Duplicate patient ID found: gpi27, skipping additional entry
2026-01-05 13:54:44,425 - WARNING - Duplicate patient ID found: stn16, skipping additional entry
2026-01-05 13:54:44,425 - WARNING - Duplicate patient ID found: gpi23, skipping additional entry
2026-01-05 13:54:44,425 - WARNING - Duplicate patient ID found: stn09, skipping additional entry
2026-01-05 13:54:44,425 - WARNING - Duplicate patient ID found: stn28, skipping additional entry
2026-01-05 13:54:44,425 - WARNING - Duplicate patient ID found: stn06, skipping additional entry
2026-01-05 13:54:44,425 - WARNING - Duplicate patient ID found: stn12, skipping additional entry
2026-01-05 13:54:44,426 - WARNING - Duplicate patient ID found: gpi16, skipping additional entry
2026-01-05 13:54:44,426 - WARNING - Duplicate patient ID found: gpi30, skipping additional entry
2026-01-05 13:54:44,426 - WARNING - Duplicate patient ID found: stn21, skipping additional entry
2026-01-05 13:54:44,426 - WARNING - Duplicate patient ID found: stn22, skipping additional entry
2026-01-05 13:54:44,426 - WARNING - Duplicate patient ID found: stn14, skipping additional entry
2026-01-05 13:54:44,426 - WARNING - Duplicate patient ID found: gpi17, skipping additional entry
2026-01-05 13:54:44,426 - WARNING - Duplicate patient ID found: gpi21, skipping additional entry
2026-01-05 13:54:44,426 - WARNING - Duplicate patient ID found: gpi32, skipping additional entry
2026-01-05 13:54:44,426 - WARNING - Duplicate patient ID found: stn15, skipping additional entry
2026-01-05 13:54:44,426 - INFO - Built diff index with 71 patients
2026-01-05 13:54:44,426 - INFO - 2) Parsing UPDRS CSV ...
2026-01-05 13:54:44,442 - INFO - Found 55 valid samples
2026-01-05 13:54:44,442 - INFO - 3) Preparing data matrix ...
2026-01-05 13:54:44,474 - INFO - Feature matrix shape: (55, 365), Class distribution: [24 31]
2026-01-05 13:54:44,474 - INFO - 4) Training final model on all data (with train/val split) ...
2026-01-05 13:54:45,254 - INFO - Start training final model. Train=44, Val=11
2026-01-05 13:54:45,397 - INFO - Epoch 1/200 | train loss=0.727502 | val loss=1.338479 | best=inf
2026-01-05 13:54:45,593 - INFO - Epoch 10/200 | train loss=0.016376 | val loss=1.404154 | best=inf
2026-01-05 13:54:45,811 - INFO - Epoch 20/200 | train loss=0.013882 | val loss=1.796286 | best=inf
2026-01-05 13:54:46,028 - INFO - Epoch 30/200 | train loss=0.000106 | val loss=2.184993 | best=inf
2026-01-05 13:54:46,246 - INFO - Epoch 40/200 | train loss=0.000050 | val loss=2.015796 | best=inf
2026-01-05 13:54:46,463 - INFO - Epoch 50/200 | train loss=0.000028 | val loss=2.022717 | best=inf
2026-01-05 13:54:46,722 - INFO - Epoch 60/200 | train loss=0.000032 | val loss=1.995141 | best=1.971297
2026-01-05 13:54:46,939 - INFO - Epoch 70/200 | train loss=0.000025 | val loss=2.018186 | best=1.971297
2026-01-05 13:54:47,155 - INFO - Epoch 80/200 | train loss=0.000029 | val loss=2.043877 | best=1.971297
2026-01-05 13:54:47,371 - INFO - Epoch 90/200 | train loss=0.000023 | val loss=2.062129 | best=1.971297
2026-01-05 13:54:47,588 - INFO - Epoch 100/200 | train loss=0.000027 | val loss=2.082758 | best=1.971297
2026-01-05 13:54:47,739 - INFO - Early stopping at epoch 107, best epoch=57, best val loss=1.971297
2026-01-05 13:54:47,752 - INFO - Loaded best model from run_ALL_20260105_135444/model/best_model.pth (epoch 57)
2026-01-05 13:54:47,767 - INFO - Saved final model to: run_ALL_20260105_135444/model/final_model_20260105_135447.pth
2026-01-05 13:54:47,777 - INFO - Validation metrics: {
  "val_threshold": 0.9013281464576721,
  "val_acc": 0.8181818181818182,
  "val_f1": 0.8333333333333334,
  "val_precision": 0.8333333333333334,
  "val_recall": 0.8333333333333334,
  "val_auc": 0.7333333333333334,
  "val_ap": 0.8214646464646465
}
2026-01-05 13:54:47,778 - INFO - 5) Running SHAP ...
2026-01-05 13:56:49,927 - INFO - Using device: cuda
2026-01-05 13:56:49,927 - INFO - Hyperparameters: {
  "batch_size": 8,
  "learning_rate": 0.0005,
  "num_epochs": 200,
  "hidden_dim": 512,
  "num_blocks": 6,
  "dropout": 0.3,
  "feature_type": "ALL",
  "improvement_threshold": 0.25,
  "val_ratio": 0.2,
  "early_stop_patience": 50,
  "early_stop_min_epochs": 50
}
2026-01-05 13:56:49,935 - INFO - 1) Building diff index ...
2026-01-05 13:56:49,936 - WARNING - Duplicate patient ID found: stn02, skipping additional entry
2026-01-05 13:56:49,936 - WARNING - Skipping folder with invalid name format: healthy_virtual_brain
2026-01-05 13:56:49,936 - WARNING - Duplicate patient ID found: gpi11, skipping additional entry
2026-01-05 13:56:49,936 - WARNING - Duplicate patient ID found: gpi02, skipping additional entry
2026-01-05 13:56:49,936 - WARNING - Duplicate patient ID found: gpi19, skipping additional entry
2026-01-05 13:56:49,937 - WARNING - Duplicate patient ID found: stn23, skipping additional entry
2026-01-05 13:56:49,937 - WARNING - Duplicate patient ID found: stn03, skipping additional entry
2026-01-05 13:56:49,937 - WARNING - Duplicate patient ID found: gpi20, skipping additional entry
2026-01-05 13:56:49,937 - WARNING - Duplicate patient ID found: stn04, skipping additional entry
2026-01-05 13:56:49,937 - WARNING - Duplicate patient ID found: stn24, skipping additional entry
2026-01-05 13:56:49,937 - WARNING - Duplicate patient ID found: gpi04, skipping additional entry
2026-01-05 13:56:49,937 - WARNING - Duplicate patient ID found: gpi15, skipping additional entry
2026-01-05 13:56:49,938 - WARNING - Duplicate patient ID found: stn19, skipping additional entry
2026-01-05 13:56:49,938 - WARNING - Duplicate patient ID found: stn08, skipping additional entry
2026-01-05 13:56:49,938 - WARNING - Duplicate patient ID found: stn11, skipping additional entry
2026-01-05 13:56:49,938 - WARNING - Duplicate patient ID found: gpi07, skipping additional entry
2026-01-05 13:56:49,938 - WARNING - Duplicate patient ID found: gpi26, skipping additional entry
2026-01-05 13:56:49,938 - WARNING - Duplicate patient ID found: stn13, skipping additional entry
2026-01-05 13:56:49,938 - WARNING - Duplicate patient ID found: gpi06, skipping additional entry
2026-01-05 13:56:49,938 - WARNING - Duplicate patient ID found: stn30, skipping additional entry
2026-01-05 13:56:49,938 - WARNING - Duplicate patient ID found: stn18, skipping additional entry
2026-01-05 13:56:49,938 - WARNING - Duplicate patient ID found: gpi24, skipping additional entry
2026-01-05 13:56:49,938 - WARNING - Duplicate patient ID found: gpi13, skipping additional entry
2026-01-05 13:56:49,939 - WARNING - Duplicate patient ID found: stn07, skipping additional entry
2026-01-05 13:56:49,939 - WARNING - Duplicate patient ID found: stn20, skipping additional entry
2026-01-05 13:56:49,939 - WARNING - Duplicate patient ID found: gpi12, skipping additional entry
2026-01-05 13:56:49,939 - WARNING - Duplicate patient ID found: stn01, skipping additional entry
2026-01-05 13:56:49,939 - WARNING - Duplicate patient ID found: gpi22, skipping additional entry
2026-01-05 13:56:49,939 - WARNING - Duplicate patient ID found: gpi18, skipping additional entry
2026-01-05 13:56:49,939 - WARNING - Duplicate patient ID found: gpi09, skipping additional entry
2026-01-05 13:56:49,939 - WARNING - Duplicate patient ID found: gpi25, skipping additional entry
2026-01-05 13:56:49,940 - WARNING - Duplicate patient ID found: stn29, skipping additional entry
2026-01-05 13:56:49,940 - WARNING - Duplicate patient ID found: gpi31, skipping additional entry
2026-01-05 13:56:49,940 - WARNING - Duplicate patient ID found: stn10, skipping additional entry
2026-01-05 13:56:49,940 - WARNING - Duplicate patient ID found: gpi28, skipping additional entry
2026-01-05 13:56:49,940 - WARNING - Duplicate patient ID found: stn31, skipping additional entry
2026-01-05 13:56:49,940 - WARNING - Duplicate patient ID found: gpi03, skipping additional entry
2026-01-05 13:56:49,940 - WARNING - Duplicate patient ID found: gpi05, skipping additional entry
2026-01-05 13:56:49,940 - WARNING - Duplicate patient ID found: stn25, skipping additional entry
2026-01-05 13:56:49,940 - WARNING - Duplicate patient ID found: gpi08, skipping additional entry
2026-01-05 13:56:49,940 - WARNING - Duplicate patient ID found: gpi27, skipping additional entry
2026-01-05 13:56:49,940 - WARNING - Duplicate patient ID found: stn16, skipping additional entry
2026-01-05 13:56:49,940 - WARNING - Duplicate patient ID found: gpi23, skipping additional entry
2026-01-05 13:56:49,941 - WARNING - Duplicate patient ID found: stn09, skipping additional entry
2026-01-05 13:56:49,941 - WARNING - Duplicate patient ID found: stn28, skipping additional entry
2026-01-05 13:56:49,941 - WARNING - Duplicate patient ID found: stn06, skipping additional entry
2026-01-05 13:56:49,941 - WARNING - Duplicate patient ID found: stn12, skipping additional entry
2026-01-05 13:56:49,941 - WARNING - Duplicate patient ID found: gpi16, skipping additional entry
2026-01-05 13:56:49,941 - WARNING - Duplicate patient ID found: gpi30, skipping additional entry
2026-01-05 13:56:49,941 - WARNING - Duplicate patient ID found: stn21, skipping additional entry
2026-01-05 13:56:49,941 - WARNING - Duplicate patient ID found: stn22, skipping additional entry
2026-01-05 13:56:49,941 - WARNING - Duplicate patient ID found: stn14, skipping additional entry
2026-01-05 13:56:49,941 - WARNING - Duplicate patient ID found: gpi17, skipping additional entry
2026-01-05 13:56:49,941 - WARNING - Duplicate patient ID found: gpi21, skipping additional entry
2026-01-05 13:56:49,941 - WARNING - Duplicate patient ID found: gpi32, skipping additional entry
2026-01-05 13:56:49,941 - WARNING - Duplicate patient ID found: stn15, skipping additional entry
2026-01-05 13:56:49,941 - INFO - Built diff index with 71 patients
2026-01-05 13:56:49,941 - INFO - 2) Parsing UPDRS CSV ...
2026-01-05 13:56:49,956 - INFO - Found 55 valid samples
2026-01-05 13:56:49,956 - INFO - 3) Preparing data matrix ...
2026-01-05 13:56:49,989 - INFO - Feature matrix shape: (55, 365), Class distribution: [24 31]
2026-01-05 13:56:49,990 - INFO - 4) Training final model on all data (with train/val split) ...
2026-01-05 13:56:50,782 - INFO - Start training final model. Train=44, Val=11
2026-01-05 13:56:50,925 - INFO - Epoch 1/200 | train loss=0.727502 | val loss=1.338479 | best=inf
2026-01-05 13:56:51,123 - INFO - Epoch 10/200 | train loss=0.016376 | val loss=1.404154 | best=inf
2026-01-05 13:56:51,342 - INFO - Epoch 20/200 | train loss=0.013882 | val loss=1.796286 | best=inf
2026-01-05 13:56:51,562 - INFO - Epoch 30/200 | train loss=0.000106 | val loss=2.184993 | best=inf
2026-01-05 13:56:51,780 - INFO - Epoch 40/200 | train loss=0.000050 | val loss=2.015796 | best=inf
2026-01-05 13:56:51,998 - INFO - Epoch 50/200 | train loss=0.000028 | val loss=2.022717 | best=inf
2026-01-05 13:56:52,262 - INFO - Epoch 60/200 | train loss=0.000032 | val loss=1.995141 | best=1.971297
2026-01-05 13:56:52,480 - INFO - Epoch 70/200 | train loss=0.000025 | val loss=2.018186 | best=1.971297
2026-01-05 13:56:52,697 - INFO - Epoch 80/200 | train loss=0.000029 | val loss=2.043877 | best=1.971297
2026-01-05 13:56:52,915 - INFO - Epoch 90/200 | train loss=0.000023 | val loss=2.062129 | best=1.971297
2026-01-05 13:56:53,132 - INFO - Epoch 100/200 | train loss=0.000027 | val loss=2.082758 | best=1.971297
2026-01-05 13:56:53,285 - INFO - Early stopping at epoch 107, best epoch=57, best val loss=1.971297
2026-01-05 13:56:53,298 - INFO - Loaded best model from run_ALL_20260105_135649/model/best_model.pth (epoch 57)
2026-01-05 13:56:53,313 - INFO - Saved final model to: run_ALL_20260105_135649/model/final_model_20260105_135653.pth
2026-01-05 13:56:53,323 - INFO - Validation metrics: {
  "val_threshold": 0.9013281464576721,
  "val_acc": 0.8181818181818182,
  "val_f1": 0.8333333333333334,
  "val_precision": 0.8333333333333334,
  "val_recall": 0.8333333333333334,
  "val_auc": 0.7333333333333334,
  "val_ap": 0.8214646464646465
}
2026-01-05 13:56:53,323 - INFO - 5) Running SHAP ...
2026-01-05 14:01:10,952 - INFO - Using device: cuda
2026-01-05 14:01:10,952 - INFO - Hyperparameters: {
  "batch_size": 8,
  "learning_rate": 0.0005,
  "num_epochs": 200,
  "hidden_dim": 512,
  "num_blocks": 6,
  "dropout": 0.3,
  "feature_type": "ALL",
  "improvement_threshold": 0.25,
  "val_ratio": 0.2,
  "early_stop_patience": 50,
  "early_stop_min_epochs": 50
}
2026-01-05 14:01:10,954 - INFO - 1) Building diff index ...
2026-01-05 14:01:10,955 - WARNING - Duplicate patient ID found: stn02, skipping additional entry
2026-01-05 14:01:10,955 - WARNING - Skipping folder with invalid name format: healthy_virtual_brain
2026-01-05 14:01:10,956 - WARNING - Duplicate patient ID found: gpi11, skipping additional entry
2026-01-05 14:01:10,956 - WARNING - Duplicate patient ID found: gpi02, skipping additional entry
2026-01-05 14:01:10,956 - WARNING - Duplicate patient ID found: gpi19, skipping additional entry
2026-01-05 14:01:10,956 - WARNING - Duplicate patient ID found: stn23, skipping additional entry
2026-01-05 14:01:10,956 - WARNING - Duplicate patient ID found: stn03, skipping additional entry
2026-01-05 14:01:10,957 - WARNING - Duplicate patient ID found: gpi20, skipping additional entry
2026-01-05 14:01:10,957 - WARNING - Duplicate patient ID found: stn04, skipping additional entry
2026-01-05 14:01:10,957 - WARNING - Duplicate patient ID found: stn24, skipping additional entry
2026-01-05 14:01:10,957 - WARNING - Duplicate patient ID found: gpi04, skipping additional entry
2026-01-05 14:01:10,957 - WARNING - Duplicate patient ID found: gpi15, skipping additional entry
2026-01-05 14:01:10,958 - WARNING - Duplicate patient ID found: stn19, skipping additional entry
2026-01-05 14:01:10,958 - WARNING - Duplicate patient ID found: stn08, skipping additional entry
2026-01-05 14:01:10,958 - WARNING - Duplicate patient ID found: stn11, skipping additional entry
2026-01-05 14:01:10,958 - WARNING - Duplicate patient ID found: gpi07, skipping additional entry
2026-01-05 14:01:10,958 - WARNING - Duplicate patient ID found: gpi26, skipping additional entry
2026-01-05 14:01:10,958 - WARNING - Duplicate patient ID found: stn13, skipping additional entry
2026-01-05 14:01:10,958 - WARNING - Duplicate patient ID found: gpi06, skipping additional entry
2026-01-05 14:01:10,958 - WARNING - Duplicate patient ID found: stn30, skipping additional entry
2026-01-05 14:01:10,959 - WARNING - Duplicate patient ID found: stn18, skipping additional entry
2026-01-05 14:01:10,959 - WARNING - Duplicate patient ID found: gpi24, skipping additional entry
2026-01-05 14:01:10,959 - WARNING - Duplicate patient ID found: gpi13, skipping additional entry
2026-01-05 14:01:10,959 - WARNING - Duplicate patient ID found: stn07, skipping additional entry
2026-01-05 14:01:10,959 - WARNING - Duplicate patient ID found: stn20, skipping additional entry
2026-01-05 14:01:10,959 - WARNING - Duplicate patient ID found: gpi12, skipping additional entry
2026-01-05 14:01:10,960 - WARNING - Duplicate patient ID found: stn01, skipping additional entry
2026-01-05 14:01:10,960 - WARNING - Duplicate patient ID found: gpi22, skipping additional entry
2026-01-05 14:01:10,960 - WARNING - Duplicate patient ID found: gpi18, skipping additional entry
2026-01-05 14:01:10,960 - WARNING - Duplicate patient ID found: gpi09, skipping additional entry
2026-01-05 14:01:10,960 - WARNING - Duplicate patient ID found: gpi25, skipping additional entry
2026-01-05 14:01:10,960 - WARNING - Duplicate patient ID found: stn29, skipping additional entry
2026-01-05 14:01:10,960 - WARNING - Duplicate patient ID found: gpi31, skipping additional entry
2026-01-05 14:01:10,960 - WARNING - Duplicate patient ID found: stn10, skipping additional entry
2026-01-05 14:01:10,960 - WARNING - Duplicate patient ID found: gpi28, skipping additional entry
2026-01-05 14:01:10,961 - WARNING - Duplicate patient ID found: stn31, skipping additional entry
2026-01-05 14:01:10,961 - WARNING - Duplicate patient ID found: gpi03, skipping additional entry
2026-01-05 14:01:10,961 - WARNING - Duplicate patient ID found: gpi05, skipping additional entry
2026-01-05 14:01:10,961 - WARNING - Duplicate patient ID found: stn25, skipping additional entry
2026-01-05 14:01:10,961 - WARNING - Duplicate patient ID found: gpi08, skipping additional entry
2026-01-05 14:01:10,961 - WARNING - Duplicate patient ID found: gpi27, skipping additional entry
2026-01-05 14:01:10,961 - WARNING - Duplicate patient ID found: stn16, skipping additional entry
2026-01-05 14:01:10,961 - WARNING - Duplicate patient ID found: gpi23, skipping additional entry
2026-01-05 14:01:10,962 - WARNING - Duplicate patient ID found: stn09, skipping additional entry
2026-01-05 14:01:10,962 - WARNING - Duplicate patient ID found: stn28, skipping additional entry
2026-01-05 14:01:10,962 - WARNING - Duplicate patient ID found: stn06, skipping additional entry
2026-01-05 14:01:10,962 - WARNING - Duplicate patient ID found: stn12, skipping additional entry
2026-01-05 14:01:10,962 - WARNING - Duplicate patient ID found: gpi16, skipping additional entry
2026-01-05 14:01:10,962 - WARNING - Duplicate patient ID found: gpi30, skipping additional entry
2026-01-05 14:01:10,962 - WARNING - Duplicate patient ID found: stn21, skipping additional entry
2026-01-05 14:01:10,962 - WARNING - Duplicate patient ID found: stn22, skipping additional entry
2026-01-05 14:01:10,962 - WARNING - Duplicate patient ID found: stn14, skipping additional entry
2026-01-05 14:01:10,962 - WARNING - Duplicate patient ID found: gpi17, skipping additional entry
2026-01-05 14:01:10,962 - WARNING - Duplicate patient ID found: gpi21, skipping additional entry
2026-01-05 14:01:10,963 - WARNING - Duplicate patient ID found: gpi32, skipping additional entry
2026-01-05 14:01:10,963 - WARNING - Duplicate patient ID found: stn15, skipping additional entry
2026-01-05 14:01:10,963 - INFO - Built diff index with 71 patients
2026-01-05 14:01:10,963 - INFO - 2) Parsing UPDRS CSV ...
2026-01-05 14:01:10,978 - INFO - Found 55 valid samples
2026-01-05 14:01:10,978 - INFO - 3) Preparing data matrix ...
2026-01-05 14:01:11,012 - INFO - Feature matrix shape: (55, 365), Class distribution: [24 31]
2026-01-05 14:01:11,012 - INFO - 4) Training final model on all data (with train/val split) ...
2026-01-05 14:01:11,810 - INFO - Start training final model. Train=44, Val=11
2026-01-05 14:01:11,951 - INFO - Epoch 1/200 | train loss=0.727502 | val loss=1.338479 | best=inf
2026-01-05 14:01:12,148 - INFO - Epoch 10/200 | train loss=0.016376 | val loss=1.404154 | best=inf
2026-01-05 14:01:12,366 - INFO - Epoch 20/200 | train loss=0.013882 | val loss=1.796286 | best=inf
2026-01-05 14:01:12,584 - INFO - Epoch 30/200 | train loss=0.000106 | val loss=2.184993 | best=inf
2026-01-05 14:01:12,801 - INFO - Epoch 40/200 | train loss=0.000050 | val loss=2.015796 | best=inf
2026-01-05 14:01:13,019 - INFO - Epoch 50/200 | train loss=0.000028 | val loss=2.022717 | best=inf
2026-01-05 14:01:13,271 - INFO - Epoch 60/200 | train loss=0.000032 | val loss=1.995141 | best=1.971297
2026-01-05 14:01:13,488 - INFO - Epoch 70/200 | train loss=0.000025 | val loss=2.018186 | best=1.971297
2026-01-05 14:01:13,704 - INFO - Epoch 80/200 | train loss=0.000029 | val loss=2.043877 | best=1.971297
2026-01-05 14:01:13,922 - INFO - Epoch 90/200 | train loss=0.000023 | val loss=2.062129 | best=1.971297
2026-01-05 14:01:14,139 - INFO - Epoch 100/200 | train loss=0.000027 | val loss=2.082758 | best=1.971297
2026-01-05 14:01:14,290 - INFO - Early stopping at epoch 107, best epoch=57, best val loss=1.971297
2026-01-05 14:01:14,303 - INFO - Loaded best model from run_ALL_20260105_140110/model/best_model.pth (epoch 57)
2026-01-05 14:01:14,317 - INFO - Saved final model to: run_ALL_20260105_140110/model/final_model_20260105_140114.pth
2026-01-05 14:01:14,326 - INFO - Validation metrics: {
  "val_threshold": 0.9013281464576721,
  "val_acc": 0.8181818181818182,
  "val_f1": 0.8333333333333334,
  "val_precision": 0.8333333333333334,
  "val_recall": 0.8333333333333334,
  "val_auc": 0.7333333333333334,
  "val_ap": 0.8214646464646465
}
2026-01-05 14:01:14,327 - INFO - 5) Running SHAP ...
2026-01-05 14:04:57,435 - INFO - Using device: cuda
2026-01-05 14:04:57,435 - INFO - Hyperparameters: {
  "batch_size": 8,
  "learning_rate": 0.0005,
  "num_epochs": 200,
  "hidden_dim": 512,
  "num_blocks": 6,
  "dropout": 0.3,
  "feature_type": "ALL",
  "improvement_threshold": 0.25,
  "val_ratio": 0.2,
  "early_stop_patience": 50,
  "early_stop_min_epochs": 50
}
2026-01-05 14:04:57,438 - INFO - 1) Building diff index ...
2026-01-05 14:04:57,440 - WARNING - Duplicate patient ID found: stn02, skipping additional entry
2026-01-05 14:04:57,440 - WARNING - Skipping folder with invalid name format: healthy_virtual_brain
2026-01-05 14:04:57,440 - WARNING - Duplicate patient ID found: gpi11, skipping additional entry
2026-01-05 14:04:57,440 - WARNING - Duplicate patient ID found: gpi02, skipping additional entry
2026-01-05 14:04:57,441 - WARNING - Duplicate patient ID found: gpi19, skipping additional entry
2026-01-05 14:04:57,441 - WARNING - Duplicate patient ID found: stn23, skipping additional entry
2026-01-05 14:04:57,441 - WARNING - Duplicate patient ID found: stn03, skipping additional entry
2026-01-05 14:04:57,441 - WARNING - Duplicate patient ID found: gpi20, skipping additional entry
2026-01-05 14:04:57,441 - WARNING - Duplicate patient ID found: stn04, skipping additional entry
2026-01-05 14:04:57,442 - WARNING - Duplicate patient ID found: stn24, skipping additional entry
2026-01-05 14:04:57,442 - WARNING - Duplicate patient ID found: gpi04, skipping additional entry
2026-01-05 14:04:57,442 - WARNING - Duplicate patient ID found: gpi15, skipping additional entry
2026-01-05 14:04:57,442 - WARNING - Duplicate patient ID found: stn19, skipping additional entry
2026-01-05 14:04:57,442 - WARNING - Duplicate patient ID found: stn08, skipping additional entry
2026-01-05 14:04:57,442 - WARNING - Duplicate patient ID found: stn11, skipping additional entry
2026-01-05 14:04:57,442 - WARNING - Duplicate patient ID found: gpi07, skipping additional entry
2026-01-05 14:04:57,442 - WARNING - Duplicate patient ID found: gpi26, skipping additional entry
2026-01-05 14:04:57,443 - WARNING - Duplicate patient ID found: stn13, skipping additional entry
2026-01-05 14:04:57,443 - WARNING - Duplicate patient ID found: gpi06, skipping additional entry
2026-01-05 14:04:57,443 - WARNING - Duplicate patient ID found: stn30, skipping additional entry
2026-01-05 14:04:57,443 - WARNING - Duplicate patient ID found: stn18, skipping additional entry
2026-01-05 14:04:57,443 - WARNING - Duplicate patient ID found: gpi24, skipping additional entry
2026-01-05 14:04:57,443 - WARNING - Duplicate patient ID found: gpi13, skipping additional entry
2026-01-05 14:04:57,443 - WARNING - Duplicate patient ID found: stn07, skipping additional entry
2026-01-05 14:04:57,444 - WARNING - Duplicate patient ID found: stn20, skipping additional entry
2026-01-05 14:04:57,444 - WARNING - Duplicate patient ID found: gpi12, skipping additional entry
2026-01-05 14:04:57,444 - WARNING - Duplicate patient ID found: stn01, skipping additional entry
2026-01-05 14:04:57,444 - WARNING - Duplicate patient ID found: gpi22, skipping additional entry
2026-01-05 14:04:57,444 - WARNING - Duplicate patient ID found: gpi18, skipping additional entry
2026-01-05 14:04:57,444 - WARNING - Duplicate patient ID found: gpi09, skipping additional entry
2026-01-05 14:04:57,445 - WARNING - Duplicate patient ID found: gpi25, skipping additional entry
2026-01-05 14:04:57,445 - WARNING - Duplicate patient ID found: stn29, skipping additional entry
2026-01-05 14:04:57,445 - WARNING - Duplicate patient ID found: gpi31, skipping additional entry
2026-01-05 14:04:57,445 - WARNING - Duplicate patient ID found: stn10, skipping additional entry
2026-01-05 14:04:57,445 - WARNING - Duplicate patient ID found: gpi28, skipping additional entry
2026-01-05 14:04:57,445 - WARNING - Duplicate patient ID found: stn31, skipping additional entry
2026-01-05 14:04:57,445 - WARNING - Duplicate patient ID found: gpi03, skipping additional entry
2026-01-05 14:04:57,445 - WARNING - Duplicate patient ID found: gpi05, skipping additional entry
2026-01-05 14:04:57,445 - WARNING - Duplicate patient ID found: stn25, skipping additional entry
2026-01-05 14:04:57,445 - WARNING - Duplicate patient ID found: gpi08, skipping additional entry
2026-01-05 14:04:57,446 - WARNING - Duplicate patient ID found: gpi27, skipping additional entry
2026-01-05 14:04:57,446 - WARNING - Duplicate patient ID found: stn16, skipping additional entry
2026-01-05 14:04:57,446 - WARNING - Duplicate patient ID found: gpi23, skipping additional entry
2026-01-05 14:04:57,446 - WARNING - Duplicate patient ID found: stn09, skipping additional entry
2026-01-05 14:04:57,446 - WARNING - Duplicate patient ID found: stn28, skipping additional entry
2026-01-05 14:04:57,446 - WARNING - Duplicate patient ID found: stn06, skipping additional entry
2026-01-05 14:04:57,446 - WARNING - Duplicate patient ID found: stn12, skipping additional entry
2026-01-05 14:04:57,446 - WARNING - Duplicate patient ID found: gpi16, skipping additional entry
2026-01-05 14:04:57,446 - WARNING - Duplicate patient ID found: gpi30, skipping additional entry
2026-01-05 14:04:57,447 - WARNING - Duplicate patient ID found: stn21, skipping additional entry
2026-01-05 14:04:57,447 - WARNING - Duplicate patient ID found: stn22, skipping additional entry
2026-01-05 14:04:57,447 - WARNING - Duplicate patient ID found: stn14, skipping additional entry
2026-01-05 14:04:57,447 - WARNING - Duplicate patient ID found: gpi17, skipping additional entry
2026-01-05 14:04:57,447 - WARNING - Duplicate patient ID found: gpi21, skipping additional entry
2026-01-05 14:04:57,447 - WARNING - Duplicate patient ID found: gpi32, skipping additional entry
2026-01-05 14:04:57,447 - WARNING - Duplicate patient ID found: stn15, skipping additional entry
2026-01-05 14:04:57,447 - INFO - Built diff index with 71 patients
2026-01-05 14:04:57,447 - INFO - 2) Parsing UPDRS CSV ...
2026-01-05 14:04:57,462 - INFO - Found 55 valid samples
2026-01-05 14:04:57,462 - INFO - 3) Preparing data matrix ...
2026-01-05 14:04:57,494 - INFO - Feature matrix shape: (55, 365), Class distribution: [24 31]
2026-01-05 14:04:57,494 - INFO - 4) Training final model on all data (with train/val split) ...
2026-01-05 14:04:58,221 - INFO - Start training final model. Train=44, Val=11
2026-01-05 14:04:58,363 - INFO - Epoch 1/200 | train loss=0.727502 | val loss=1.338479 | best=inf
2026-01-05 14:04:58,557 - INFO - Epoch 10/200 | train loss=0.016376 | val loss=1.404154 | best=inf
2026-01-05 14:04:58,772 - INFO - Epoch 20/200 | train loss=0.013882 | val loss=1.796286 | best=inf
2026-01-05 14:04:58,987 - INFO - Epoch 30/200 | train loss=0.000106 | val loss=2.184993 | best=inf
2026-01-05 14:04:59,202 - INFO - Epoch 40/200 | train loss=0.000050 | val loss=2.015796 | best=inf
2026-01-05 14:04:59,417 - INFO - Epoch 50/200 | train loss=0.000028 | val loss=2.022717 | best=inf
2026-01-05 14:04:59,668 - INFO - Epoch 60/200 | train loss=0.000032 | val loss=1.995141 | best=1.971297
2026-01-05 14:04:59,885 - INFO - Epoch 70/200 | train loss=0.000025 | val loss=2.018186 | best=1.971297
2026-01-05 14:05:00,100 - INFO - Epoch 80/200 | train loss=0.000029 | val loss=2.043877 | best=1.971297
2026-01-05 14:05:00,314 - INFO - Epoch 90/200 | train loss=0.000023 | val loss=2.062129 | best=1.971297
2026-01-05 14:05:00,529 - INFO - Epoch 100/200 | train loss=0.000027 | val loss=2.082758 | best=1.971297
2026-01-05 14:05:00,680 - INFO - Early stopping at epoch 107, best epoch=57, best val loss=1.971297
2026-01-05 14:05:00,693 - INFO - Loaded best model from run_ALL_20260105_140457/model/best_model.pth (epoch 57)
2026-01-05 14:05:00,707 - INFO - Saved final model to: run_ALL_20260105_140457/model/final_model_20260105_140500.pth
2026-01-05 14:05:00,716 - INFO - Validation metrics: {
  "val_threshold": 0.9013281464576721,
  "val_acc": 0.8181818181818182,
  "val_f1": 0.8333333333333334,
  "val_precision": 0.8333333333333334,
  "val_recall": 0.8333333333333334,
  "val_auc": 0.7333333333333334,
  "val_ap": 0.8214646464646465
}
2026-01-05 14:05:00,717 - INFO - 5) Running SHAP ...
2026-01-05 14:05:07,841 - INFO - SHAP outputs saved to: run_ALL_20260105_140457/shap
2026-01-05 14:05:07,842 - INFO - Done. Total time: 10.41s
2026-01-05 14:05:07,842 - INFO - Output dir: run_ALL_20260105_140457
2026-01-05 14:05:40,258 - INFO - Using device: cuda
2026-01-05 14:05:40,259 - INFO - Hyperparameters: {
  "batch_size": 8,
  "learning_rate": 0.0005,
  "num_epochs": 200,
  "hidden_dim": 512,
  "num_blocks": 6,
  "dropout": 0.3,
  "feature_type": "ALL",
  "improvement_threshold": 0.25,
  "val_ratio": 0.2,
  "early_stop_patience": 50,
  "early_stop_min_epochs": 50
}
2026-01-05 14:05:40,266 - INFO - 1) Building diff index ...
2026-01-05 14:05:40,267 - WARNING - Duplicate patient ID found: stn02, skipping additional entry
2026-01-05 14:05:40,267 - WARNING - Skipping folder with invalid name format: healthy_virtual_brain
2026-01-05 14:05:40,268 - WARNING - Duplicate patient ID found: gpi11, skipping additional entry
2026-01-05 14:05:40,268 - WARNING - Duplicate patient ID found: gpi02, skipping additional entry
2026-01-05 14:05:40,268 - WARNING - Duplicate patient ID found: gpi19, skipping additional entry
2026-01-05 14:05:40,268 - WARNING - Duplicate patient ID found: stn23, skipping additional entry
2026-01-05 14:05:40,268 - WARNING - Duplicate patient ID found: stn03, skipping additional entry
2026-01-05 14:05:40,269 - WARNING - Duplicate patient ID found: gpi20, skipping additional entry
2026-01-05 14:05:40,269 - WARNING - Duplicate patient ID found: stn04, skipping additional entry
2026-01-05 14:05:40,269 - WARNING - Duplicate patient ID found: stn24, skipping additional entry
2026-01-05 14:05:40,269 - WARNING - Duplicate patient ID found: gpi04, skipping additional entry
2026-01-05 14:05:40,269 - WARNING - Duplicate patient ID found: gpi15, skipping additional entry
2026-01-05 14:05:40,269 - WARNING - Duplicate patient ID found: stn19, skipping additional entry
2026-01-05 14:05:40,270 - WARNING - Duplicate patient ID found: stn08, skipping additional entry
2026-01-05 14:05:40,270 - WARNING - Duplicate patient ID found: stn11, skipping additional entry
2026-01-05 14:05:40,270 - WARNING - Duplicate patient ID found: gpi07, skipping additional entry
2026-01-05 14:05:40,270 - WARNING - Duplicate patient ID found: gpi26, skipping additional entry
2026-01-05 14:05:40,270 - WARNING - Duplicate patient ID found: stn13, skipping additional entry
2026-01-05 14:05:40,270 - WARNING - Duplicate patient ID found: gpi06, skipping additional entry
2026-01-05 14:05:40,270 - WARNING - Duplicate patient ID found: stn30, skipping additional entry
2026-01-05 14:05:40,270 - WARNING - Duplicate patient ID found: stn18, skipping additional entry
2026-01-05 14:05:40,271 - WARNING - Duplicate patient ID found: gpi24, skipping additional entry
2026-01-05 14:05:40,271 - WARNING - Duplicate patient ID found: gpi13, skipping additional entry
2026-01-05 14:05:40,271 - WARNING - Duplicate patient ID found: stn07, skipping additional entry
2026-01-05 14:05:40,271 - WARNING - Duplicate patient ID found: stn20, skipping additional entry
2026-01-05 14:05:40,271 - WARNING - Duplicate patient ID found: gpi12, skipping additional entry
2026-01-05 14:05:40,271 - WARNING - Duplicate patient ID found: stn01, skipping additional entry
2026-01-05 14:05:40,272 - WARNING - Duplicate patient ID found: gpi22, skipping additional entry
2026-01-05 14:05:40,272 - WARNING - Duplicate patient ID found: gpi18, skipping additional entry
2026-01-05 14:05:40,272 - WARNING - Duplicate patient ID found: gpi09, skipping additional entry
2026-01-05 14:05:40,272 - WARNING - Duplicate patient ID found: gpi25, skipping additional entry
2026-01-05 14:05:40,272 - WARNING - Duplicate patient ID found: stn29, skipping additional entry
2026-01-05 14:05:40,272 - WARNING - Duplicate patient ID found: gpi31, skipping additional entry
2026-01-05 14:05:40,272 - WARNING - Duplicate patient ID found: stn10, skipping additional entry
2026-01-05 14:05:40,272 - WARNING - Duplicate patient ID found: gpi28, skipping additional entry
2026-01-05 14:05:40,272 - WARNING - Duplicate patient ID found: stn31, skipping additional entry
2026-01-05 14:05:40,273 - WARNING - Duplicate patient ID found: gpi03, skipping additional entry
2026-01-05 14:05:40,273 - WARNING - Duplicate patient ID found: gpi05, skipping additional entry
2026-01-05 14:05:40,273 - WARNING - Duplicate patient ID found: stn25, skipping additional entry
2026-01-05 14:05:40,273 - WARNING - Duplicate patient ID found: gpi08, skipping additional entry
2026-01-05 14:05:40,273 - WARNING - Duplicate patient ID found: gpi27, skipping additional entry
2026-01-05 14:05:40,273 - WARNING - Duplicate patient ID found: stn16, skipping additional entry
2026-01-05 14:05:40,273 - WARNING - Duplicate patient ID found: gpi23, skipping additional entry
2026-01-05 14:05:40,273 - WARNING - Duplicate patient ID found: stn09, skipping additional entry
2026-01-05 14:05:40,274 - WARNING - Duplicate patient ID found: stn28, skipping additional entry
2026-01-05 14:05:40,274 - WARNING - Duplicate patient ID found: stn06, skipping additional entry
2026-01-05 14:05:40,274 - WARNING - Duplicate patient ID found: stn12, skipping additional entry
2026-01-05 14:05:40,274 - WARNING - Duplicate patient ID found: gpi16, skipping additional entry
2026-01-05 14:05:40,274 - WARNING - Duplicate patient ID found: gpi30, skipping additional entry
2026-01-05 14:05:40,274 - WARNING - Duplicate patient ID found: stn21, skipping additional entry
2026-01-05 14:05:40,274 - WARNING - Duplicate patient ID found: stn22, skipping additional entry
2026-01-05 14:05:40,274 - WARNING - Duplicate patient ID found: stn14, skipping additional entry
2026-01-05 14:05:40,274 - WARNING - Duplicate patient ID found: gpi17, skipping additional entry
2026-01-05 14:05:40,274 - WARNING - Duplicate patient ID found: gpi21, skipping additional entry
2026-01-05 14:05:40,274 - WARNING - Duplicate patient ID found: gpi32, skipping additional entry
2026-01-05 14:05:40,275 - WARNING - Duplicate patient ID found: stn15, skipping additional entry
2026-01-05 14:05:40,275 - INFO - Built diff index with 71 patients
2026-01-05 14:05:40,275 - INFO - 2) Parsing UPDRS CSV ...
2026-01-05 14:05:40,289 - INFO - Found 55 valid samples
2026-01-05 14:05:40,289 - INFO - 3) Preparing data matrix ...
2026-01-05 14:05:40,321 - INFO - Feature matrix shape: (55, 365), Class distribution: [24 31]
2026-01-05 14:05:40,321 - INFO - 4) Training final model on all data (with train/val split) ...
2026-01-05 14:05:41,039 - INFO - Start training final model. Train=44, Val=11
2026-01-05 14:05:41,181 - INFO - Epoch 1/200 | train loss=0.727502 | val loss=1.338479 | best=inf
2026-01-05 14:05:41,378 - INFO - Epoch 10/200 | train loss=0.016376 | val loss=1.404154 | best=inf
2026-01-05 14:05:41,597 - INFO - Epoch 20/200 | train loss=0.013882 | val loss=1.796286 | best=inf
2026-01-05 14:05:41,816 - INFO - Epoch 30/200 | train loss=0.000106 | val loss=2.184993 | best=inf
2026-01-05 14:05:42,036 - INFO - Epoch 40/200 | train loss=0.000050 | val loss=2.015796 | best=inf
2026-01-05 14:05:42,255 - INFO - Epoch 50/200 | train loss=0.000028 | val loss=2.022717 | best=inf
2026-01-05 14:05:42,509 - INFO - Epoch 60/200 | train loss=0.000032 | val loss=1.995141 | best=1.971297
2026-01-05 14:05:42,730 - INFO - Epoch 70/200 | train loss=0.000025 | val loss=2.018186 | best=1.971297
2026-01-05 14:05:42,949 - INFO - Epoch 80/200 | train loss=0.000029 | val loss=2.043877 | best=1.971297
2026-01-05 14:05:43,167 - INFO - Epoch 90/200 | train loss=0.000023 | val loss=2.062129 | best=1.971297
2026-01-05 14:05:43,386 - INFO - Epoch 100/200 | train loss=0.000027 | val loss=2.082758 | best=1.971297
2026-01-05 14:05:43,539 - INFO - Early stopping at epoch 107, best epoch=57, best val loss=1.971297
2026-01-05 14:05:43,553 - INFO - Loaded best model from run_ALL_20260105_140540/model/best_model.pth (epoch 57)
2026-01-05 14:05:43,567 - INFO - Saved final model to: run_ALL_20260105_140540/model/final_model_20260105_140543.pth
2026-01-05 14:05:43,576 - INFO - Validation metrics: {
  "val_threshold": 0.9013281464576721,
  "val_acc": 0.8181818181818182,
  "val_f1": 0.8333333333333334,
  "val_precision": 0.8333333333333334,
  "val_recall": 0.8333333333333334,
  "val_auc": 0.7333333333333334,
  "val_ap": 0.8214646464646465
}
2026-01-05 14:05:43,577 - INFO - 5) Running SHAP ...
2026-01-05 14:05:50,671 - INFO - SHAP outputs saved to: run_ALL_20260105_140540/shap
2026-01-05 14:05:50,671 - INFO - Done. Total time: 10.41s
2026-01-05 14:05:50,672 - INFO - Output dir: run_ALL_20260105_140540
2026-01-05 14:48:35,198 - INFO - Using device: cuda
2026-01-05 14:48:35,209 - INFO - Hyperparameters: {
  "batch_size": 8,
  "learning_rate": 0.0005,
  "num_epochs": 200,
  "hidden_dim": 512,
  "num_blocks": 6,
  "dropout": 0.3,
  "feature_type": "ALL",
  "improvement_threshold": 0.25,
  "val_ratio": 0.2,
  "early_stop_patience": 50,
  "early_stop_min_epochs": 50
}
2026-01-05 14:48:35,213 - INFO - 1) Building diff index ...
2026-01-05 14:48:35,215 - WARNING - Duplicate patient ID found: stn02, skipping additional entry
2026-01-05 14:48:35,215 - WARNING - Skipping folder with invalid name format: healthy_virtual_brain
2026-01-05 14:48:35,215 - WARNING - Duplicate patient ID found: gpi11, skipping additional entry
2026-01-05 14:48:35,216 - WARNING - Duplicate patient ID found: gpi02, skipping additional entry
2026-01-05 14:48:35,216 - WARNING - Duplicate patient ID found: gpi19, skipping additional entry
2026-01-05 14:48:35,216 - WARNING - Duplicate patient ID found: stn23, skipping additional entry
2026-01-05 14:48:35,216 - WARNING - Duplicate patient ID found: stn03, skipping additional entry
2026-01-05 14:48:35,216 - WARNING - Duplicate patient ID found: gpi20, skipping additional entry
2026-01-05 14:48:35,216 - WARNING - Duplicate patient ID found: stn04, skipping additional entry
2026-01-05 14:48:35,217 - WARNING - Duplicate patient ID found: stn24, skipping additional entry
2026-01-05 14:48:35,217 - WARNING - Duplicate patient ID found: gpi04, skipping additional entry
2026-01-05 14:48:35,217 - WARNING - Duplicate patient ID found: gpi15, skipping additional entry
2026-01-05 14:48:35,217 - WARNING - Duplicate patient ID found: stn19, skipping additional entry
2026-01-05 14:48:35,217 - WARNING - Duplicate patient ID found: stn08, skipping additional entry
2026-01-05 14:48:35,217 - WARNING - Duplicate patient ID found: stn11, skipping additional entry
2026-01-05 14:48:35,217 - WARNING - Duplicate patient ID found: gpi07, skipping additional entry
2026-01-05 14:48:35,217 - WARNING - Duplicate patient ID found: gpi26, skipping additional entry
2026-01-05 14:48:35,217 - WARNING - Duplicate patient ID found: stn13, skipping additional entry
2026-01-05 14:48:35,217 - WARNING - Duplicate patient ID found: gpi06, skipping additional entry
2026-01-05 14:48:35,217 - WARNING - Duplicate patient ID found: stn30, skipping additional entry
2026-01-05 14:48:35,218 - WARNING - Duplicate patient ID found: stn18, skipping additional entry
2026-01-05 14:48:35,218 - WARNING - Duplicate patient ID found: gpi24, skipping additional entry
2026-01-05 14:48:35,218 - WARNING - Duplicate patient ID found: gpi13, skipping additional entry
2026-01-05 14:48:35,218 - WARNING - Duplicate patient ID found: stn07, skipping additional entry
2026-01-05 14:48:35,218 - WARNING - Duplicate patient ID found: stn20, skipping additional entry
2026-01-05 14:48:35,218 - WARNING - Duplicate patient ID found: gpi12, skipping additional entry
2026-01-05 14:48:35,218 - WARNING - Duplicate patient ID found: stn01, skipping additional entry
2026-01-05 14:48:35,218 - WARNING - Duplicate patient ID found: gpi22, skipping additional entry
2026-01-05 14:48:35,218 - WARNING - Duplicate patient ID found: gpi18, skipping additional entry
2026-01-05 14:48:35,219 - WARNING - Duplicate patient ID found: gpi09, skipping additional entry
2026-01-05 14:48:35,219 - WARNING - Duplicate patient ID found: gpi25, skipping additional entry
2026-01-05 14:48:35,219 - WARNING - Duplicate patient ID found: stn29, skipping additional entry
2026-01-05 14:48:35,219 - WARNING - Duplicate patient ID found: gpi31, skipping additional entry
2026-01-05 14:48:35,219 - WARNING - Duplicate patient ID found: stn10, skipping additional entry
2026-01-05 14:48:35,219 - WARNING - Duplicate patient ID found: gpi28, skipping additional entry
2026-01-05 14:48:35,219 - WARNING - Duplicate patient ID found: stn31, skipping additional entry
2026-01-05 14:48:35,219 - WARNING - Duplicate patient ID found: gpi03, skipping additional entry
2026-01-05 14:48:35,219 - WARNING - Duplicate patient ID found: gpi05, skipping additional entry
2026-01-05 14:48:35,219 - WARNING - Duplicate patient ID found: stn25, skipping additional entry
2026-01-05 14:48:35,219 - WARNING - Duplicate patient ID found: gpi08, skipping additional entry
2026-01-05 14:48:35,219 - WARNING - Duplicate patient ID found: gpi27, skipping additional entry
2026-01-05 14:48:35,219 - WARNING - Duplicate patient ID found: stn16, skipping additional entry
2026-01-05 14:48:35,219 - WARNING - Duplicate patient ID found: gpi23, skipping additional entry
2026-01-05 14:48:35,220 - WARNING - Duplicate patient ID found: stn09, skipping additional entry
2026-01-05 14:48:35,220 - WARNING - Duplicate patient ID found: stn28, skipping additional entry
2026-01-05 14:48:35,220 - WARNING - Duplicate patient ID found: stn06, skipping additional entry
2026-01-05 14:48:35,220 - WARNING - Duplicate patient ID found: stn12, skipping additional entry
2026-01-05 14:48:35,220 - WARNING - Duplicate patient ID found: gpi16, skipping additional entry
2026-01-05 14:48:35,220 - WARNING - Duplicate patient ID found: gpi30, skipping additional entry
2026-01-05 14:48:35,220 - WARNING - Duplicate patient ID found: stn21, skipping additional entry
2026-01-05 14:48:35,220 - WARNING - Duplicate patient ID found: stn22, skipping additional entry
2026-01-05 14:48:35,220 - WARNING - Duplicate patient ID found: stn14, skipping additional entry
2026-01-05 14:48:35,220 - WARNING - Duplicate patient ID found: gpi17, skipping additional entry
2026-01-05 14:48:35,220 - WARNING - Duplicate patient ID found: gpi21, skipping additional entry
2026-01-05 14:48:35,220 - WARNING - Duplicate patient ID found: gpi32, skipping additional entry
2026-01-05 14:48:35,220 - WARNING - Duplicate patient ID found: stn15, skipping additional entry
2026-01-05 14:48:35,220 - INFO - Built diff index with 71 patients
2026-01-05 14:48:35,221 - INFO - 2) Parsing UPDRS CSV ...
2026-01-05 14:48:35,235 - INFO - Found 55 valid samples
2026-01-05 14:48:35,235 - INFO - 3) Preparing data matrix ...
2026-01-05 14:48:35,285 - INFO - Feature matrix shape: (55, 365), Class distribution: [24 31]
2026-01-05 14:48:35,285 - INFO - 4) Training final model on all data (with train/val split) ...
2026-01-05 14:48:36,012 - INFO - Start training final model. Train=44, Val=11
2026-01-05 14:48:36,157 - INFO - Epoch 1/200 | train loss=0.727502 | val loss=1.338479 | best=inf
2026-01-05 14:48:36,355 - INFO - Epoch 10/200 | train loss=0.016376 | val loss=1.404154 | best=inf
2026-01-05 14:48:36,574 - INFO - Epoch 20/200 | train loss=0.013882 | val loss=1.796286 | best=inf
2026-01-05 14:48:36,794 - INFO - Epoch 30/200 | train loss=0.000106 | val loss=2.184993 | best=inf
2026-01-05 14:48:37,012 - INFO - Epoch 40/200 | train loss=0.000050 | val loss=2.015796 | best=inf
2026-01-05 14:48:37,232 - INFO - Epoch 50/200 | train loss=0.000028 | val loss=2.022717 | best=inf
2026-01-05 14:48:37,488 - INFO - Epoch 60/200 | train loss=0.000032 | val loss=1.995141 | best=1.971297
2026-01-05 14:48:37,709 - INFO - Epoch 70/200 | train loss=0.000025 | val loss=2.018186 | best=1.971297
2026-01-05 14:48:37,928 - INFO - Epoch 80/200 | train loss=0.000029 | val loss=2.043877 | best=1.971297
2026-01-05 14:48:38,147 - INFO - Epoch 90/200 | train loss=0.000023 | val loss=2.062129 | best=1.971297
2026-01-05 14:48:38,366 - INFO - Epoch 100/200 | train loss=0.000027 | val loss=2.082758 | best=1.971297
2026-01-05 14:48:38,519 - INFO - Early stopping at epoch 107, best epoch=57, best val loss=1.971297
2026-01-05 14:48:38,533 - INFO - Loaded best model from run_ALL_20260105_144835/model/best_model.pth (epoch 57)
2026-01-05 14:48:38,547 - INFO - Saved final model to: run_ALL_20260105_144835/model/final_model_20260105_144838.pth
2026-01-05 14:48:38,557 - INFO - Validation metrics: {
  "val_threshold": 0.9013281464576721,
  "val_acc": 0.8181818181818182,
  "val_f1": 0.8333333333333334,
  "val_precision": 0.8333333333333334,
  "val_recall": 0.8333333333333334,
  "val_auc": 0.7333333333333334,
  "val_ap": 0.8214646464646465
}
2026-01-05 14:48:38,557 - INFO - 5) Running SHAP ...
2026-01-05 14:48:53,412 - INFO - SHAP outputs saved to: run_ALL_20260105_144835/shap
2026-01-05 14:48:53,412 - INFO - Done. Total time: 18.20s
2026-01-05 14:48:53,412 - INFO - Output dir: run_ALL_20260105_144835
2026-01-05 14:51:49,973 - INFO - Using device: cuda
2026-01-05 14:51:49,974 - INFO - Hyperparameters: {
  "batch_size": 8,
  "learning_rate": 0.0005,
  "num_epochs": 200,
  "hidden_dim": 512,
  "num_blocks": 6,
  "dropout": 0.3,
  "feature_type": "ALL",
  "improvement_threshold": 0.25,
  "val_ratio": 0.2,
  "early_stop_patience": 50,
  "early_stop_min_epochs": 50
}
2026-01-05 14:51:49,974 - INFO - 1) Building diff index ...
2026-01-05 14:51:49,975 - WARNING - Duplicate patient ID found: stn02, skipping additional entry
2026-01-05 14:51:49,976 - WARNING - Skipping folder with invalid name format: healthy_virtual_brain
2026-01-05 14:51:49,976 - WARNING - Duplicate patient ID found: gpi11, skipping additional entry
2026-01-05 14:51:49,976 - WARNING - Duplicate patient ID found: gpi02, skipping additional entry
2026-01-05 14:51:49,976 - WARNING - Duplicate patient ID found: gpi19, skipping additional entry
2026-01-05 14:51:49,976 - WARNING - Duplicate patient ID found: stn23, skipping additional entry
2026-01-05 14:51:49,976 - WARNING - Duplicate patient ID found: stn03, skipping additional entry
2026-01-05 14:51:49,976 - WARNING - Duplicate patient ID found: gpi20, skipping additional entry
2026-01-05 14:51:49,977 - WARNING - Duplicate patient ID found: stn04, skipping additional entry
2026-01-05 14:51:49,977 - WARNING - Duplicate patient ID found: stn24, skipping additional entry
2026-01-05 14:51:49,977 - WARNING - Duplicate patient ID found: gpi04, skipping additional entry
2026-01-05 14:51:49,977 - WARNING - Duplicate patient ID found: gpi15, skipping additional entry
2026-01-05 14:51:49,977 - WARNING - Duplicate patient ID found: stn19, skipping additional entry
2026-01-05 14:51:49,977 - WARNING - Duplicate patient ID found: stn08, skipping additional entry
2026-01-05 14:51:49,977 - WARNING - Duplicate patient ID found: stn11, skipping additional entry
2026-01-05 14:51:49,977 - WARNING - Duplicate patient ID found: gpi07, skipping additional entry
2026-01-05 14:51:49,977 - WARNING - Duplicate patient ID found: gpi26, skipping additional entry
2026-01-05 14:51:49,977 - WARNING - Duplicate patient ID found: stn13, skipping additional entry
2026-01-05 14:51:49,978 - WARNING - Duplicate patient ID found: gpi06, skipping additional entry
2026-01-05 14:51:49,978 - WARNING - Duplicate patient ID found: stn30, skipping additional entry
2026-01-05 14:51:49,978 - WARNING - Duplicate patient ID found: stn18, skipping additional entry
2026-01-05 14:51:49,978 - WARNING - Duplicate patient ID found: gpi24, skipping additional entry
2026-01-05 14:51:49,978 - WARNING - Duplicate patient ID found: gpi13, skipping additional entry
2026-01-05 14:51:49,978 - WARNING - Duplicate patient ID found: stn07, skipping additional entry
2026-01-05 14:51:49,978 - WARNING - Duplicate patient ID found: stn20, skipping additional entry
2026-01-05 14:51:49,978 - WARNING - Duplicate patient ID found: gpi12, skipping additional entry
2026-01-05 14:51:49,979 - WARNING - Duplicate patient ID found: stn01, skipping additional entry
2026-01-05 14:51:49,979 - WARNING - Duplicate patient ID found: gpi22, skipping additional entry
2026-01-05 14:51:49,979 - WARNING - Duplicate patient ID found: gpi18, skipping additional entry
2026-01-05 14:51:49,979 - WARNING - Duplicate patient ID found: gpi09, skipping additional entry
2026-01-05 14:51:49,979 - WARNING - Duplicate patient ID found: gpi25, skipping additional entry
2026-01-05 14:51:49,979 - WARNING - Duplicate patient ID found: stn29, skipping additional entry
2026-01-05 14:51:49,979 - WARNING - Duplicate patient ID found: gpi31, skipping additional entry
2026-01-05 14:51:49,979 - WARNING - Duplicate patient ID found: stn10, skipping additional entry
2026-01-05 14:51:49,979 - WARNING - Duplicate patient ID found: gpi28, skipping additional entry
2026-01-05 14:51:49,979 - WARNING - Duplicate patient ID found: stn31, skipping additional entry
2026-01-05 14:51:49,979 - WARNING - Duplicate patient ID found: gpi03, skipping additional entry
2026-01-05 14:51:49,979 - WARNING - Duplicate patient ID found: gpi05, skipping additional entry
2026-01-05 14:51:49,979 - WARNING - Duplicate patient ID found: stn25, skipping additional entry
2026-01-05 14:51:49,980 - WARNING - Duplicate patient ID found: gpi08, skipping additional entry
2026-01-05 14:51:49,980 - WARNING - Duplicate patient ID found: gpi27, skipping additional entry
2026-01-05 14:51:49,980 - WARNING - Duplicate patient ID found: stn16, skipping additional entry
2026-01-05 14:51:49,980 - WARNING - Duplicate patient ID found: gpi23, skipping additional entry
2026-01-05 14:51:49,980 - WARNING - Duplicate patient ID found: stn09, skipping additional entry
2026-01-05 14:51:49,980 - WARNING - Duplicate patient ID found: stn28, skipping additional entry
2026-01-05 14:51:49,980 - WARNING - Duplicate patient ID found: stn06, skipping additional entry
2026-01-05 14:51:49,980 - WARNING - Duplicate patient ID found: stn12, skipping additional entry
2026-01-05 14:51:49,980 - WARNING - Duplicate patient ID found: gpi16, skipping additional entry
2026-01-05 14:51:49,980 - WARNING - Duplicate patient ID found: gpi30, skipping additional entry
2026-01-05 14:51:49,980 - WARNING - Duplicate patient ID found: stn21, skipping additional entry
2026-01-05 14:51:49,980 - WARNING - Duplicate patient ID found: stn22, skipping additional entry
2026-01-05 14:51:49,980 - WARNING - Duplicate patient ID found: stn14, skipping additional entry
2026-01-05 14:51:49,980 - WARNING - Duplicate patient ID found: gpi17, skipping additional entry
2026-01-05 14:51:49,981 - WARNING - Duplicate patient ID found: gpi21, skipping additional entry
2026-01-05 14:51:49,981 - WARNING - Duplicate patient ID found: gpi32, skipping additional entry
2026-01-05 14:51:49,981 - WARNING - Duplicate patient ID found: stn15, skipping additional entry
2026-01-05 14:51:49,981 - INFO - Built diff index with 71 patients
2026-01-05 14:51:49,981 - INFO - 2) Parsing UPDRS CSV ...
2026-01-05 14:51:49,995 - INFO - Found 55 valid samples
2026-01-05 14:51:49,996 - INFO - 3) Preparing data matrix ...
2026-01-05 14:51:50,027 - INFO - Feature matrix shape: (55, 365), Class distribution: [24 31]
2026-01-05 14:51:50,028 - INFO - 4) Training final model on all data (with train/val split) ...
2026-01-05 14:51:50,754 - INFO - Start training final model. Train=44, Val=11
2026-01-05 14:51:50,896 - INFO - Epoch 1/200 | train loss=0.727502 | val loss=1.338479 | best=inf
2026-01-05 14:51:51,092 - INFO - Epoch 10/200 | train loss=0.016376 | val loss=1.404154 | best=inf
2026-01-05 14:51:51,308 - INFO - Epoch 20/200 | train loss=0.013882 | val loss=1.796286 | best=inf
2026-01-05 14:51:51,525 - INFO - Epoch 30/200 | train loss=0.000106 | val loss=2.184993 | best=inf
2026-01-05 14:51:51,741 - INFO - Epoch 40/200 | train loss=0.000050 | val loss=2.015796 | best=inf
2026-01-05 14:51:51,957 - INFO - Epoch 50/200 | train loss=0.000028 | val loss=2.022717 | best=inf
2026-01-05 14:51:52,210 - INFO - Epoch 60/200 | train loss=0.000032 | val loss=1.995141 | best=1.971297
2026-01-05 14:51:52,428 - INFO - Epoch 70/200 | train loss=0.000025 | val loss=2.018186 | best=1.971297
2026-01-05 14:51:52,645 - INFO - Epoch 80/200 | train loss=0.000029 | val loss=2.043877 | best=1.971297
2026-01-05 14:51:52,861 - INFO - Epoch 90/200 | train loss=0.000023 | val loss=2.062129 | best=1.971297
2026-01-05 14:51:53,077 - INFO - Epoch 100/200 | train loss=0.000027 | val loss=2.082758 | best=1.971297
2026-01-05 14:51:53,228 - INFO - Early stopping at epoch 107, best epoch=57, best val loss=1.971297
2026-01-05 14:51:53,241 - INFO - Loaded best model from run_ALL_20260105_145149/model/best_model.pth (epoch 57)
2026-01-05 14:51:53,255 - INFO - Saved final model to: run_ALL_20260105_145149/model/final_model_20260105_145153.pth
2026-01-05 14:51:53,264 - INFO - Validation metrics: {
  "val_threshold": 0.9013281464576721,
  "val_acc": 0.8181818181818182,
  "val_f1": 0.8333333333333334,
  "val_precision": 0.8333333333333334,
  "val_recall": 0.8333333333333334,
  "val_auc": 0.7333333333333334,
  "val_ap": 0.8214646464646465
}
2026-01-05 14:51:53,264 - INFO - 5) Running SHAP ...
2026-01-05 14:52:08,116 - INFO - SHAP outputs saved to: run_ALL_20260105_145149/shap
2026-01-05 14:52:08,116 - INFO - Done. Total time: 18.14s
2026-01-05 14:52:08,116 - INFO - Output dir: run_ALL_20260105_145149
2026-01-05 14:53:42,362 - INFO - Using device: cuda
2026-01-05 14:53:42,372 - INFO - Hyperparameters: {
  "batch_size": 8,
  "learning_rate": 0.0005,
  "num_epochs": 200,
  "hidden_dim": 512,
  "num_blocks": 6,
  "dropout": 0.3,
  "feature_type": "ALL",
  "improvement_threshold": 0.25,
  "val_ratio": 0.2,
  "early_stop_patience": 50,
  "early_stop_min_epochs": 50
}
2026-01-05 14:53:42,372 - INFO - 1) Building diff index ...
2026-01-05 14:53:42,376 - WARNING - Duplicate patient ID found: stn02, skipping additional entry
2026-01-05 14:53:42,378 - WARNING - Skipping folder with invalid name format: healthy_virtual_brain
2026-01-05 14:53:42,379 - WARNING - Duplicate patient ID found: gpi11, skipping additional entry
2026-01-05 14:53:42,380 - WARNING - Duplicate patient ID found: gpi02, skipping additional entry
2026-01-05 14:53:42,380 - WARNING - Duplicate patient ID found: gpi19, skipping additional entry
2026-01-05 14:53:42,381 - WARNING - Duplicate patient ID found: stn23, skipping additional entry
2026-01-05 14:53:42,382 - WARNING - Duplicate patient ID found: stn03, skipping additional entry
2026-01-05 14:53:42,383 - WARNING - Duplicate patient ID found: gpi20, skipping additional entry
2026-01-05 14:53:42,383 - WARNING - Duplicate patient ID found: stn04, skipping additional entry
2026-01-05 14:53:42,385 - WARNING - Duplicate patient ID found: stn24, skipping additional entry
2026-01-05 14:53:42,386 - WARNING - Duplicate patient ID found: gpi04, skipping additional entry
2026-01-05 14:53:42,386 - WARNING - Duplicate patient ID found: gpi15, skipping additional entry
2026-01-05 14:53:42,387 - WARNING - Duplicate patient ID found: stn19, skipping additional entry
2026-01-05 14:53:42,387 - WARNING - Duplicate patient ID found: stn08, skipping additional entry
2026-01-05 14:53:42,387 - WARNING - Duplicate patient ID found: stn11, skipping additional entry
2026-01-05 14:53:42,387 - WARNING - Duplicate patient ID found: gpi07, skipping additional entry
2026-01-05 14:53:42,388 - WARNING - Duplicate patient ID found: gpi26, skipping additional entry
2026-01-05 14:53:42,388 - WARNING - Duplicate patient ID found: stn13, skipping additional entry
2026-01-05 14:53:42,389 - WARNING - Duplicate patient ID found: gpi06, skipping additional entry
2026-01-05 14:53:42,390 - WARNING - Duplicate patient ID found: stn30, skipping additional entry
2026-01-05 14:53:42,390 - WARNING - Duplicate patient ID found: stn18, skipping additional entry
2026-01-05 14:53:42,390 - WARNING - Duplicate patient ID found: gpi24, skipping additional entry
2026-01-05 14:53:42,391 - WARNING - Duplicate patient ID found: gpi13, skipping additional entry
2026-01-05 14:53:42,391 - WARNING - Duplicate patient ID found: stn07, skipping additional entry
2026-01-05 14:53:42,392 - WARNING - Duplicate patient ID found: stn20, skipping additional entry
2026-01-05 14:53:42,393 - WARNING - Duplicate patient ID found: gpi12, skipping additional entry
2026-01-05 14:53:42,394 - WARNING - Duplicate patient ID found: stn01, skipping additional entry
2026-01-05 14:53:42,395 - WARNING - Duplicate patient ID found: gpi22, skipping additional entry
2026-01-05 14:53:42,395 - WARNING - Duplicate patient ID found: gpi18, skipping additional entry
2026-01-05 14:53:42,396 - WARNING - Duplicate patient ID found: gpi09, skipping additional entry
2026-01-05 14:53:42,396 - WARNING - Duplicate patient ID found: gpi25, skipping additional entry
2026-01-05 14:53:42,396 - WARNING - Duplicate patient ID found: stn29, skipping additional entry
2026-01-05 14:53:42,397 - WARNING - Duplicate patient ID found: gpi31, skipping additional entry
2026-01-05 14:53:42,397 - WARNING - Duplicate patient ID found: stn10, skipping additional entry
2026-01-05 14:53:42,397 - WARNING - Duplicate patient ID found: gpi28, skipping additional entry
2026-01-05 14:53:42,398 - WARNING - Duplicate patient ID found: stn31, skipping additional entry
2026-01-05 14:53:42,398 - WARNING - Duplicate patient ID found: gpi03, skipping additional entry
2026-01-05 14:53:42,398 - WARNING - Duplicate patient ID found: gpi05, skipping additional entry
2026-01-05 14:53:42,399 - WARNING - Duplicate patient ID found: stn25, skipping additional entry
2026-01-05 14:53:42,399 - WARNING - Duplicate patient ID found: gpi08, skipping additional entry
2026-01-05 14:53:42,399 - WARNING - Duplicate patient ID found: gpi27, skipping additional entry
2026-01-05 14:53:42,400 - WARNING - Duplicate patient ID found: stn16, skipping additional entry
2026-01-05 14:53:42,400 - WARNING - Duplicate patient ID found: gpi23, skipping additional entry
2026-01-05 14:53:42,401 - WARNING - Duplicate patient ID found: stn09, skipping additional entry
2026-01-05 14:53:42,402 - WARNING - Duplicate patient ID found: stn28, skipping additional entry
2026-01-05 14:53:42,402 - WARNING - Duplicate patient ID found: stn06, skipping additional entry
2026-01-05 14:53:42,402 - WARNING - Duplicate patient ID found: stn12, skipping additional entry
2026-01-05 14:53:42,402 - WARNING - Duplicate patient ID found: gpi16, skipping additional entry
2026-01-05 14:53:42,403 - WARNING - Duplicate patient ID found: gpi30, skipping additional entry
2026-01-05 14:53:42,403 - WARNING - Duplicate patient ID found: stn21, skipping additional entry
2026-01-05 14:53:42,403 - WARNING - Duplicate patient ID found: stn22, skipping additional entry
2026-01-05 14:53:42,404 - WARNING - Duplicate patient ID found: stn14, skipping additional entry
2026-01-05 14:53:42,404 - WARNING - Duplicate patient ID found: gpi17, skipping additional entry
2026-01-05 14:53:42,404 - WARNING - Duplicate patient ID found: gpi21, skipping additional entry
2026-01-05 14:53:42,404 - WARNING - Duplicate patient ID found: gpi32, skipping additional entry
2026-01-05 14:53:42,405 - WARNING - Duplicate patient ID found: stn15, skipping additional entry
2026-01-05 14:53:42,405 - INFO - Built diff index with 71 patients
2026-01-05 14:53:42,405 - INFO - 2) Parsing UPDRS CSV ...
2026-01-05 14:53:42,419 - INFO - Found 55 valid samples
2026-01-05 14:53:42,419 - INFO - 3) Preparing data matrix ...
2026-01-05 14:53:42,452 - INFO - Feature matrix shape: (55, 365), Class distribution: [24 31]
2026-01-05 14:53:42,452 - INFO - 4) Training final model on all data (with train/val split) ...
2026-01-05 14:53:43,182 - INFO - Start training final model. Train=44, Val=11
2026-01-05 14:53:43,322 - INFO - Epoch 1/200 | train loss=0.779027 | val loss=1.048286 | best=inf
2026-01-05 14:53:43,518 - INFO - Epoch 10/200 | train loss=0.000101 | val loss=5.043075 | best=inf
2026-01-05 14:53:43,734 - INFO - Epoch 20/200 | train loss=0.000867 | val loss=4.216065 | best=inf
2026-01-05 14:53:43,951 - INFO - Epoch 30/200 | train loss=0.000119 | val loss=5.054760 | best=inf
2026-01-05 14:53:44,167 - INFO - Epoch 40/200 | train loss=0.001684 | val loss=4.412891 | best=inf
2026-01-05 14:53:44,383 - INFO - Epoch 50/200 | train loss=0.000005 | val loss=8.951695 | best=inf
2026-01-05 14:53:44,617 - INFO - Epoch 60/200 | train loss=0.000001 | val loss=17.185568 | best=9.244110
2026-01-05 14:53:44,835 - INFO - Epoch 70/200 | train loss=0.000001 | val loss=17.186815 | best=9.244110
2026-01-05 14:53:45,051 - INFO - Epoch 80/200 | train loss=0.000000 | val loss=16.597660 | best=9.244110
2026-01-05 14:53:45,267 - INFO - Epoch 90/200 | train loss=0.000000 | val loss=16.580819 | best=9.244110
2026-01-05 14:53:45,482 - INFO - Epoch 100/200 | train loss=0.000000 | val loss=16.580554 | best=9.244110
2026-01-05 14:53:45,504 - INFO - Early stopping at epoch 101, best epoch=51, best val loss=9.244110
2026-01-05 14:53:45,517 - INFO - Loaded best model from run_ALL_20260105_145342/model/best_model.pth (epoch 51)
2026-01-05 14:53:45,533 - INFO - Saved final model to: run_ALL_20260105_145342/model/final_model_20260105_145345.pth
2026-01-05 14:53:45,542 - INFO - Validation metrics: {
  "val_threshold": 4.056117930417713e-08,
  "val_acc": 0.6363636363636364,
  "val_f1": 0.75,
  "val_precision": 0.6,
  "val_recall": 1.0,
  "val_auc": 0.35,
  "val_ap": 0.4814814814814815
}
2026-01-05 14:53:45,543 - INFO - 5) Running SHAP ...
2026-01-05 14:54:00,360 - INFO - SHAP outputs saved to: run_ALL_20260105_145342/shap
2026-01-05 14:54:00,360 - INFO - Done. Total time: 17.99s
2026-01-05 14:54:00,360 - INFO - Output dir: run_ALL_20260105_145342
2026-01-05 18:41:49,919 - INFO - Using device: cuda
2026-01-05 18:41:49,920 - INFO - Hyperparameters: {
  "batch_size": 8,
  "learning_rate": 0.0005,
  "num_epochs": 200,
  "hidden_dim": 512,
  "num_blocks": 6,
  "dropout": 0.3,
  "feature_type": "ALL",
  "improvement_threshold": 0.25,
  "val_ratio": 0.2,
  "early_stop_patience": 50,
  "early_stop_min_epochs": 50
}
2026-01-05 18:41:49,928 - INFO - 1) Building diff index ...
2026-01-05 18:41:50,541 - WARNING - Duplicate patient ID found: stn02, skipping additional entry
2026-01-05 18:41:50,693 - WARNING - Skipping folder with invalid name format: healthy_virtual_brain
2026-01-05 18:41:50,832 - WARNING - Duplicate patient ID found: gpi11, skipping additional entry
2026-01-05 18:41:50,970 - WARNING - Duplicate patient ID found: gpi02, skipping additional entry
2026-01-05 18:41:50,989 - WARNING - Duplicate patient ID found: gpi19, skipping additional entry
2026-01-05 18:41:51,068 - WARNING - Duplicate patient ID found: stn23, skipping additional entry
2026-01-05 18:41:51,191 - WARNING - Duplicate patient ID found: stn03, skipping additional entry
2026-01-05 18:41:51,225 - WARNING - Duplicate patient ID found: gpi20, skipping additional entry
2026-01-05 18:41:51,308 - WARNING - Duplicate patient ID found: stn04, skipping additional entry
2026-01-05 18:41:51,462 - WARNING - Duplicate patient ID found: stn24, skipping additional entry
2026-01-05 18:41:51,523 - WARNING - Duplicate patient ID found: gpi04, skipping additional entry
2026-01-05 18:41:51,538 - WARNING - Duplicate patient ID found: gpi15, skipping additional entry
2026-01-05 18:41:51,579 - WARNING - Duplicate patient ID found: stn19, skipping additional entry
2026-01-05 18:41:51,610 - WARNING - Duplicate patient ID found: stn08, skipping additional entry
2026-01-05 18:41:51,639 - WARNING - Duplicate patient ID found: stn11, skipping additional entry
2026-01-05 18:41:51,677 - WARNING - Duplicate patient ID found: gpi07, skipping additional entry
2026-01-05 18:41:51,732 - WARNING - Duplicate patient ID found: gpi26, skipping additional entry
2026-01-05 18:41:51,766 - WARNING - Duplicate patient ID found: stn13, skipping additional entry
2026-01-05 18:41:51,833 - WARNING - Duplicate patient ID found: gpi06, skipping additional entry
2026-01-05 18:41:51,922 - WARNING - Duplicate patient ID found: stn30, skipping additional entry
2026-01-05 18:41:51,993 - WARNING - Duplicate patient ID found: stn18, skipping additional entry
2026-01-05 18:41:52,006 - WARNING - Duplicate patient ID found: gpi24, skipping additional entry
2026-01-05 18:41:52,007 - WARNING - Duplicate patient ID found: gpi13, skipping additional entry
2026-01-05 18:41:52,059 - WARNING - Duplicate patient ID found: stn07, skipping additional entry
2026-01-05 18:41:52,125 - WARNING - Duplicate patient ID found: stn20, skipping additional entry
2026-01-05 18:41:52,202 - WARNING - Duplicate patient ID found: gpi12, skipping additional entry
2026-01-05 18:41:52,307 - WARNING - Duplicate patient ID found: stn01, skipping additional entry
2026-01-05 18:41:52,368 - WARNING - Duplicate patient ID found: gpi22, skipping additional entry
2026-01-05 18:41:52,392 - WARNING - Duplicate patient ID found: gpi18, skipping additional entry
2026-01-05 18:41:52,452 - WARNING - Duplicate patient ID found: gpi09, skipping additional entry
2026-01-05 18:41:52,489 - WARNING - Duplicate patient ID found: gpi25, skipping additional entry
2026-01-05 18:41:52,517 - WARNING - Duplicate patient ID found: stn29, skipping additional entry
2026-01-05 18:41:52,562 - WARNING - Duplicate patient ID found: gpi31, skipping additional entry
2026-01-05 18:41:52,606 - WARNING - Duplicate patient ID found: stn10, skipping additional entry
2026-01-05 18:41:52,618 - WARNING - Duplicate patient ID found: gpi28, skipping additional entry
2026-01-05 18:41:52,643 - WARNING - Duplicate patient ID found: stn31, skipping additional entry
2026-01-05 18:41:52,698 - WARNING - Duplicate patient ID found: gpi03, skipping additional entry
2026-01-05 18:41:52,715 - WARNING - Duplicate patient ID found: gpi05, skipping additional entry
2026-01-05 18:41:52,756 - WARNING - Duplicate patient ID found: stn25, skipping additional entry
2026-01-05 18:41:52,796 - WARNING - Duplicate patient ID found: gpi08, skipping additional entry
2026-01-05 18:41:52,819 - WARNING - Duplicate patient ID found: gpi27, skipping additional entry
2026-01-05 18:41:52,860 - WARNING - Duplicate patient ID found: stn16, skipping additional entry
2026-01-05 18:41:52,865 - WARNING - Duplicate patient ID found: gpi23, skipping additional entry
2026-01-05 18:41:52,928 - WARNING - Duplicate patient ID found: stn09, skipping additional entry
2026-01-05 18:41:52,951 - WARNING - Duplicate patient ID found: stn28, skipping additional entry
2026-01-05 18:41:52,984 - WARNING - Duplicate patient ID found: stn06, skipping additional entry
2026-01-05 18:41:53,003 - WARNING - Duplicate patient ID found: stn12, skipping additional entry
2026-01-05 18:41:53,038 - WARNING - Duplicate patient ID found: gpi16, skipping additional entry
2026-01-05 18:41:53,053 - WARNING - Duplicate patient ID found: gpi30, skipping additional entry
2026-01-05 18:41:53,066 - WARNING - Duplicate patient ID found: stn21, skipping additional entry
2026-01-05 18:41:53,068 - WARNING - Duplicate patient ID found: stn22, skipping additional entry
2026-01-05 18:41:53,074 - WARNING - Duplicate patient ID found: stn14, skipping additional entry
2026-01-05 18:41:53,112 - WARNING - Duplicate patient ID found: gpi17, skipping additional entry
2026-01-05 18:41:53,143 - WARNING - Duplicate patient ID found: gpi21, skipping additional entry
2026-01-05 18:41:53,156 - WARNING - Duplicate patient ID found: gpi32, skipping additional entry
2026-01-05 18:41:53,210 - WARNING - Duplicate patient ID found: stn15, skipping additional entry
2026-01-05 18:41:53,210 - INFO - Built diff index with 71 patients
2026-01-05 18:41:53,210 - INFO - 2) Parsing UPDRS CSV ...
2026-01-05 18:41:53,509 - INFO - Found 55 valid samples
2026-01-05 18:41:53,509 - INFO - 3) Preparing data matrix ...
2026-01-05 18:41:55,125 - INFO - Feature matrix shape: (55, 365), Class distribution: [24 31]
2026-01-05 18:41:55,125 - INFO - 4) Training final model on all data (with train/val split) ...
2026-01-05 18:41:56,213 - INFO - Start training final model. Train=44, Val=11
2026-01-05 18:41:56,536 - INFO - Epoch 1/200 | train loss=0.781879 | val loss=1.044869 | best=inf
2026-01-05 18:41:56,735 - INFO - Epoch 10/200 | train loss=0.001371 | val loss=4.153656 | best=inf
2026-01-05 18:41:56,954 - INFO - Epoch 20/200 | train loss=0.012280 | val loss=4.131747 | best=inf
2026-01-05 18:41:57,175 - INFO - Epoch 30/200 | train loss=0.000082 | val loss=6.009185 | best=inf
2026-01-05 18:41:57,394 - INFO - Epoch 40/200 | train loss=0.000035 | val loss=6.346131 | best=inf
2026-01-05 18:41:57,613 - INFO - Epoch 50/200 | train loss=0.000032 | val loss=6.473325 | best=inf
2026-01-05 18:41:57,848 - INFO - Epoch 60/200 | train loss=0.000035 | val loss=6.587276 | best=6.479498
2026-01-05 18:41:58,066 - INFO - Epoch 70/200 | train loss=0.000014 | val loss=6.648604 | best=6.479498
2026-01-05 18:41:58,285 - INFO - Epoch 80/200 | train loss=0.000034 | val loss=6.759336 | best=6.479498
2026-01-05 18:41:58,504 - INFO - Epoch 90/200 | train loss=0.000011 | val loss=6.795991 | best=6.479498
2026-01-05 18:41:58,722 - INFO - Epoch 100/200 | train loss=0.000021 | val loss=6.890505 | best=6.479498
2026-01-05 18:41:58,744 - INFO - Early stopping at epoch 101, best epoch=51, best val loss=6.479498
2026-01-05 18:41:58,758 - INFO - Loaded best model from run_ALL_20260105_184149/model/best_model.pth (epoch 51)
2026-01-05 18:41:58,773 - INFO - Saved final model to: run_ALL_20260105_184149/model/final_model_20260105_184158.pth
2026-01-05 18:41:58,782 - INFO - Validation metrics: {
  "val_threshold": 0.9999997615814209,
  "val_acc": 0.5454545454545454,
  "val_f1": 0.2857142857142857,
  "val_precision": 1.0,
  "val_recall": 0.16666666666666666,
  "val_auc": 0.3,
  "val_ap": 0.564983164983165
}
2026-01-05 18:41:58,783 - INFO - 5) Running SHAP ...
2026-01-05 18:42:13,573 - INFO - SHAP outputs saved to: run_ALL_20260105_184149/shap
2026-01-05 18:42:13,573 - INFO - Done. Total time: 23.65s
2026-01-05 18:42:13,573 - INFO - Output dir: run_ALL_20260105_184149
2026-01-05 18:42:27,167 - INFO - Using device: cuda
2026-01-05 18:42:27,167 - INFO - Hyperparameters: {
  "batch_size": 8,
  "learning_rate": 0.0005,
  "num_epochs": 200,
  "hidden_dim": 512,
  "num_blocks": 6,
  "dropout": 0.3,
  "feature_type": "ALL",
  "improvement_threshold": 0.25,
  "val_ratio": 0.2,
  "early_stop_patience": 50,
  "early_stop_min_epochs": 50
}
2026-01-05 18:42:27,171 - INFO - 1) Building diff index ...
2026-01-05 18:42:27,172 - WARNING - Duplicate patient ID found: stn02, skipping additional entry
2026-01-05 18:42:27,173 - WARNING - Skipping folder with invalid name format: healthy_virtual_brain
2026-01-05 18:42:27,173 - WARNING - Duplicate patient ID found: gpi11, skipping additional entry
2026-01-05 18:42:27,173 - WARNING - Duplicate patient ID found: gpi02, skipping additional entry
2026-01-05 18:42:27,173 - WARNING - Duplicate patient ID found: gpi19, skipping additional entry
2026-01-05 18:42:27,173 - WARNING - Duplicate patient ID found: stn23, skipping additional entry
2026-01-05 18:42:27,173 - WARNING - Duplicate patient ID found: stn03, skipping additional entry
2026-01-05 18:42:27,173 - WARNING - Duplicate patient ID found: gpi20, skipping additional entry
2026-01-05 18:42:27,174 - WARNING - Duplicate patient ID found: stn04, skipping additional entry
2026-01-05 18:42:27,174 - WARNING - Duplicate patient ID found: stn24, skipping additional entry
2026-01-05 18:42:27,174 - WARNING - Duplicate patient ID found: gpi04, skipping additional entry
2026-01-05 18:42:27,174 - WARNING - Duplicate patient ID found: gpi15, skipping additional entry
2026-01-05 18:42:27,174 - WARNING - Duplicate patient ID found: stn19, skipping additional entry
2026-01-05 18:42:27,174 - WARNING - Duplicate patient ID found: stn08, skipping additional entry
2026-01-05 18:42:27,174 - WARNING - Duplicate patient ID found: stn11, skipping additional entry
2026-01-05 18:42:27,174 - WARNING - Duplicate patient ID found: gpi07, skipping additional entry
2026-01-05 18:42:27,174 - WARNING - Duplicate patient ID found: gpi26, skipping additional entry
2026-01-05 18:42:27,175 - WARNING - Duplicate patient ID found: stn13, skipping additional entry
2026-01-05 18:42:27,175 - WARNING - Duplicate patient ID found: gpi06, skipping additional entry
2026-01-05 18:42:27,175 - WARNING - Duplicate patient ID found: stn30, skipping additional entry
2026-01-05 18:42:27,175 - WARNING - Duplicate patient ID found: stn18, skipping additional entry
2026-01-05 18:42:27,175 - WARNING - Duplicate patient ID found: gpi24, skipping additional entry
2026-01-05 18:42:27,175 - WARNING - Duplicate patient ID found: gpi13, skipping additional entry
2026-01-05 18:42:27,175 - WARNING - Duplicate patient ID found: stn07, skipping additional entry
2026-01-05 18:42:27,175 - WARNING - Duplicate patient ID found: stn20, skipping additional entry
2026-01-05 18:42:27,175 - WARNING - Duplicate patient ID found: gpi12, skipping additional entry
2026-01-05 18:42:27,176 - WARNING - Duplicate patient ID found: stn01, skipping additional entry
2026-01-05 18:42:27,176 - WARNING - Duplicate patient ID found: gpi22, skipping additional entry
2026-01-05 18:42:27,176 - WARNING - Duplicate patient ID found: gpi18, skipping additional entry
2026-01-05 18:42:27,176 - WARNING - Duplicate patient ID found: gpi09, skipping additional entry
2026-01-05 18:42:27,176 - WARNING - Duplicate patient ID found: gpi25, skipping additional entry
2026-01-05 18:42:27,176 - WARNING - Duplicate patient ID found: stn29, skipping additional entry
2026-01-05 18:42:27,176 - WARNING - Duplicate patient ID found: gpi31, skipping additional entry
2026-01-05 18:42:27,176 - WARNING - Duplicate patient ID found: stn10, skipping additional entry
2026-01-05 18:42:27,176 - WARNING - Duplicate patient ID found: gpi28, skipping additional entry
2026-01-05 18:42:27,176 - WARNING - Duplicate patient ID found: stn31, skipping additional entry
2026-01-05 18:42:27,176 - WARNING - Duplicate patient ID found: gpi03, skipping additional entry
2026-01-05 18:42:27,176 - WARNING - Duplicate patient ID found: gpi05, skipping additional entry
2026-01-05 18:42:27,177 - WARNING - Duplicate patient ID found: stn25, skipping additional entry
2026-01-05 18:42:27,177 - WARNING - Duplicate patient ID found: gpi08, skipping additional entry
2026-01-05 18:42:27,177 - WARNING - Duplicate patient ID found: gpi27, skipping additional entry
2026-01-05 18:42:27,177 - WARNING - Duplicate patient ID found: stn16, skipping additional entry
2026-01-05 18:42:27,177 - WARNING - Duplicate patient ID found: gpi23, skipping additional entry
2026-01-05 18:42:27,177 - WARNING - Duplicate patient ID found: stn09, skipping additional entry
2026-01-05 18:42:27,177 - WARNING - Duplicate patient ID found: stn28, skipping additional entry
2026-01-05 18:42:27,177 - WARNING - Duplicate patient ID found: stn06, skipping additional entry
2026-01-05 18:42:27,177 - WARNING - Duplicate patient ID found: stn12, skipping additional entry
2026-01-05 18:42:27,177 - WARNING - Duplicate patient ID found: gpi16, skipping additional entry
2026-01-05 18:42:27,177 - WARNING - Duplicate patient ID found: gpi30, skipping additional entry
2026-01-05 18:42:27,177 - WARNING - Duplicate patient ID found: stn21, skipping additional entry
2026-01-05 18:42:27,177 - WARNING - Duplicate patient ID found: stn22, skipping additional entry
2026-01-05 18:42:27,178 - WARNING - Duplicate patient ID found: stn14, skipping additional entry
2026-01-05 18:42:27,178 - WARNING - Duplicate patient ID found: gpi17, skipping additional entry
2026-01-05 18:42:27,178 - WARNING - Duplicate patient ID found: gpi21, skipping additional entry
2026-01-05 18:42:27,178 - WARNING - Duplicate patient ID found: gpi32, skipping additional entry
2026-01-05 18:42:27,178 - WARNING - Duplicate patient ID found: stn15, skipping additional entry
2026-01-05 18:42:27,178 - INFO - Built diff index with 71 patients
2026-01-05 18:42:27,178 - INFO - 2) Parsing UPDRS CSV ...
2026-01-05 18:42:27,192 - INFO - Found 55 valid samples
2026-01-05 18:42:27,192 - INFO - 3) Preparing data matrix ...
2026-01-05 18:42:27,226 - INFO - Feature matrix shape: (55, 365), Class distribution: [24 31]
2026-01-05 18:42:27,226 - INFO - 4) Training final model on all data (with train/val split) ...
2026-01-05 18:42:27,944 - INFO - Start training final model. Train=44, Val=11
2026-01-05 18:42:28,088 - INFO - Epoch 1/200 | train loss=0.732180 | val loss=1.292977 | best=inf
2026-01-05 18:42:28,286 - INFO - Epoch 10/200 | train loss=0.010993 | val loss=2.566091 | best=inf
2026-01-05 18:42:28,506 - INFO - Epoch 20/200 | train loss=0.012948 | val loss=1.134322 | best=inf
2026-01-05 18:42:28,725 - INFO - Epoch 30/200 | train loss=0.000136 | val loss=3.241001 | best=inf
2026-01-05 18:42:28,944 - INFO - Epoch 40/200 | train loss=0.000158 | val loss=3.568924 | best=inf
2026-01-05 18:42:29,163 - INFO - Epoch 50/200 | train loss=0.000052 | val loss=3.718748 | best=inf
2026-01-05 18:42:29,398 - INFO - Epoch 60/200 | train loss=0.000033 | val loss=3.802977 | best=3.727054
2026-01-05 18:42:29,619 - INFO - Epoch 70/200 | train loss=0.000028 | val loss=3.877620 | best=3.727054
2026-01-05 18:42:29,837 - INFO - Epoch 80/200 | train loss=0.000040 | val loss=3.940325 | best=3.727054
2026-01-05 18:42:30,056 - INFO - Epoch 90/200 | train loss=0.000019 | val loss=3.991569 | best=3.727054
2026-01-05 18:42:30,274 - INFO - Epoch 100/200 | train loss=0.000017 | val loss=4.040806 | best=3.727054
2026-01-05 18:42:30,296 - INFO - Early stopping at epoch 101, best epoch=51, best val loss=3.727054
2026-01-05 18:42:30,309 - INFO - Loaded best model from run_ALL_20260105_184227/model/best_model.pth (epoch 51)
2026-01-05 18:42:30,323 - INFO - Saved final model to: run_ALL_20260105_184227/model/final_model_20260105_184230.pth
2026-01-05 18:42:30,332 - INFO - Validation metrics: {
  "val_threshold": 4.147351501160301e-05,
  "val_acc": 0.7272727272727273,
  "val_f1": 0.8,
  "val_precision": 0.6666666666666666,
  "val_recall": 1.0,
  "val_auc": 0.6333333333333333,
  "val_ap": 0.7041666666666666
}
2026-01-05 18:42:30,333 - INFO - 5) Running SHAP ...
2026-01-05 18:42:45,211 - INFO - SHAP outputs saved to: run_ALL_20260105_184227/shap
2026-01-05 18:42:45,211 - INFO - Done. Total time: 18.04s
2026-01-05 18:42:45,211 - INFO - Output dir: run_ALL_20260105_184227
2026-01-05 19:28:56,066 - INFO - Using device: cuda
2026-01-05 19:28:56,066 - INFO - Hyperparameters: {
  "batch_size": 8,
  "learning_rate": 0.0005,
  "num_epochs": 200,
  "hidden_dim": 512,
  "num_blocks": 6,
  "dropout": 0.3,
  "feature_type": "ALL",
  "improvement_threshold": 0.25,
  "val_ratio": 0.2,
  "early_stop_patience": 50,
  "early_stop_min_epochs": 50
}
2026-01-05 19:28:56,067 - INFO - 1) Building diff index ...
2026-01-05 19:28:56,068 - WARNING - Duplicate patient ID found: stn02, skipping additional entry
2026-01-05 19:28:56,068 - WARNING - Skipping folder with invalid name format: healthy_virtual_brain
2026-01-05 19:28:56,068 - WARNING - Duplicate patient ID found: gpi11, skipping additional entry
2026-01-05 19:28:56,068 - WARNING - Duplicate patient ID found: gpi02, skipping additional entry
2026-01-05 19:28:56,069 - WARNING - Duplicate patient ID found: gpi19, skipping additional entry
2026-01-05 19:28:56,069 - WARNING - Duplicate patient ID found: stn23, skipping additional entry
2026-01-05 19:28:56,069 - WARNING - Duplicate patient ID found: stn03, skipping additional entry
2026-01-05 19:28:56,069 - WARNING - Duplicate patient ID found: gpi20, skipping additional entry
2026-01-05 19:28:56,069 - WARNING - Duplicate patient ID found: stn04, skipping additional entry
2026-01-05 19:28:56,069 - WARNING - Duplicate patient ID found: stn24, skipping additional entry
2026-01-05 19:28:56,070 - WARNING - Duplicate patient ID found: gpi04, skipping additional entry
2026-01-05 19:28:56,070 - WARNING - Duplicate patient ID found: gpi15, skipping additional entry
2026-01-05 19:28:56,070 - WARNING - Duplicate patient ID found: stn19, skipping additional entry
2026-01-05 19:28:56,070 - WARNING - Duplicate patient ID found: stn08, skipping additional entry
2026-01-05 19:28:56,070 - WARNING - Duplicate patient ID found: stn11, skipping additional entry
2026-01-05 19:28:56,070 - WARNING - Duplicate patient ID found: gpi07, skipping additional entry
2026-01-05 19:28:56,070 - WARNING - Duplicate patient ID found: gpi26, skipping additional entry
2026-01-05 19:28:56,070 - WARNING - Duplicate patient ID found: stn13, skipping additional entry
2026-01-05 19:28:56,070 - WARNING - Duplicate patient ID found: gpi06, skipping additional entry
2026-01-05 19:28:56,070 - WARNING - Duplicate patient ID found: stn30, skipping additional entry
2026-01-05 19:28:56,070 - WARNING - Duplicate patient ID found: stn18, skipping additional entry
2026-01-05 19:28:56,070 - WARNING - Duplicate patient ID found: gpi24, skipping additional entry
2026-01-05 19:28:56,071 - WARNING - Duplicate patient ID found: gpi13, skipping additional entry
2026-01-05 19:28:56,071 - WARNING - Duplicate patient ID found: stn07, skipping additional entry
2026-01-05 19:28:56,071 - WARNING - Duplicate patient ID found: stn20, skipping additional entry
2026-01-05 19:28:56,071 - WARNING - Duplicate patient ID found: gpi12, skipping additional entry
2026-01-05 19:28:56,071 - WARNING - Duplicate patient ID found: stn01, skipping additional entry
2026-01-05 19:28:56,071 - WARNING - Duplicate patient ID found: gpi22, skipping additional entry
2026-01-05 19:28:56,071 - WARNING - Duplicate patient ID found: gpi18, skipping additional entry
2026-01-05 19:28:56,071 - WARNING - Duplicate patient ID found: gpi09, skipping additional entry
2026-01-05 19:28:56,071 - WARNING - Duplicate patient ID found: gpi25, skipping additional entry
2026-01-05 19:28:56,072 - WARNING - Duplicate patient ID found: stn29, skipping additional entry
2026-01-05 19:28:56,072 - WARNING - Duplicate patient ID found: gpi31, skipping additional entry
2026-01-05 19:28:56,072 - WARNING - Duplicate patient ID found: stn10, skipping additional entry
2026-01-05 19:28:56,072 - WARNING - Duplicate patient ID found: gpi28, skipping additional entry
2026-01-05 19:28:56,072 - WARNING - Duplicate patient ID found: stn31, skipping additional entry
2026-01-05 19:28:56,072 - WARNING - Duplicate patient ID found: gpi03, skipping additional entry
2026-01-05 19:28:56,072 - WARNING - Duplicate patient ID found: gpi05, skipping additional entry
2026-01-05 19:28:56,072 - WARNING - Duplicate patient ID found: stn25, skipping additional entry
2026-01-05 19:28:56,072 - WARNING - Duplicate patient ID found: gpi08, skipping additional entry
2026-01-05 19:28:56,072 - WARNING - Duplicate patient ID found: gpi27, skipping additional entry
2026-01-05 19:28:56,072 - WARNING - Duplicate patient ID found: stn16, skipping additional entry
2026-01-05 19:28:56,072 - WARNING - Duplicate patient ID found: gpi23, skipping additional entry
2026-01-05 19:28:56,072 - WARNING - Duplicate patient ID found: stn09, skipping additional entry
2026-01-05 19:28:56,073 - WARNING - Duplicate patient ID found: stn28, skipping additional entry
2026-01-05 19:28:56,073 - WARNING - Duplicate patient ID found: stn06, skipping additional entry
2026-01-05 19:28:56,073 - WARNING - Duplicate patient ID found: stn12, skipping additional entry
2026-01-05 19:28:56,073 - WARNING - Duplicate patient ID found: gpi16, skipping additional entry
2026-01-05 19:28:56,073 - WARNING - Duplicate patient ID found: gpi30, skipping additional entry
2026-01-05 19:28:56,073 - WARNING - Duplicate patient ID found: stn21, skipping additional entry
2026-01-05 19:28:56,073 - WARNING - Duplicate patient ID found: stn22, skipping additional entry
2026-01-05 19:28:56,073 - WARNING - Duplicate patient ID found: stn14, skipping additional entry
2026-01-05 19:28:56,073 - WARNING - Duplicate patient ID found: gpi17, skipping additional entry
2026-01-05 19:28:56,073 - WARNING - Duplicate patient ID found: gpi21, skipping additional entry
2026-01-05 19:28:56,073 - WARNING - Duplicate patient ID found: gpi32, skipping additional entry
2026-01-05 19:28:56,073 - WARNING - Duplicate patient ID found: stn15, skipping additional entry
2026-01-05 19:28:56,073 - INFO - Built diff index with 71 patients
2026-01-05 19:28:56,073 - INFO - 2) Parsing UPDRS CSV ...
2026-01-05 19:28:56,088 - INFO - Found 55 valid samples
2026-01-05 19:28:56,088 - INFO - 3) Preparing data matrix ...
2026-01-05 19:28:56,121 - INFO - Feature matrix shape: (55, 365), Class distribution: [24 31]
2026-01-05 19:28:56,121 - INFO - 4) Training final model on all data (with train/val split) ...
2026-01-05 19:28:56,854 - INFO - Start training final model. Train=44, Val=11
2026-01-05 19:28:56,998 - INFO - Epoch 1/200 | train loss=0.732180 | val loss=1.292977 | best=inf
2026-01-05 19:28:57,197 - INFO - Epoch 10/200 | train loss=0.010993 | val loss=2.566091 | best=inf
2026-01-05 19:28:57,416 - INFO - Epoch 20/200 | train loss=0.012948 | val loss=1.134322 | best=inf
2026-01-05 19:28:57,635 - INFO - Epoch 30/200 | train loss=0.000136 | val loss=3.241001 | best=inf
2026-01-05 19:28:57,854 - INFO - Epoch 40/200 | train loss=0.000158 | val loss=3.568924 | best=inf
2026-01-05 19:28:58,073 - INFO - Epoch 50/200 | train loss=0.000052 | val loss=3.718748 | best=inf
2026-01-05 19:28:58,308 - INFO - Epoch 60/200 | train loss=0.000033 | val loss=3.802977 | best=3.727054
2026-01-05 19:28:58,527 - INFO - Epoch 70/200 | train loss=0.000028 | val loss=3.877620 | best=3.727054
2026-01-05 19:28:58,745 - INFO - Epoch 80/200 | train loss=0.000040 | val loss=3.940325 | best=3.727054
2026-01-05 19:28:58,966 - INFO - Epoch 90/200 | train loss=0.000019 | val loss=3.991569 | best=3.727054
2026-01-05 19:28:59,185 - INFO - Epoch 100/200 | train loss=0.000017 | val loss=4.040806 | best=3.727054
2026-01-05 19:28:59,207 - INFO - Early stopping at epoch 101, best epoch=51, best val loss=3.727054
2026-01-05 19:28:59,220 - INFO - Loaded best model from run_ALL_20260105_192856/model/best_model.pth (epoch 51)
2026-01-05 19:28:59,234 - INFO - Saved final model to: run_ALL_20260105_192856/model/final_model_20260105_192859.pth
2026-01-05 19:28:59,243 - INFO - Validation metrics: {
  "val_threshold": 4.147351501160301e-05,
  "val_acc": 0.7272727272727273,
  "val_f1": 0.8,
  "val_precision": 0.6666666666666666,
  "val_recall": 1.0,
  "val_auc": 0.6333333333333333,
  "val_ap": 0.7041666666666666
}
2026-01-05 19:28:59,244 - INFO - 5) Running SHAP ...
2026-01-05 19:29:21,419 - INFO - SHAP outputs saved to: run_ALL_20260105_192856/shap
2026-01-05 19:29:21,419 - INFO - Done. Total time: 25.35s
2026-01-05 19:29:21,419 - INFO - Output dir: run_ALL_20260105_192856
2026-01-05 19:43:13,067 - INFO - Using device: cuda
2026-01-05 19:43:13,067 - INFO - Hyperparameters: {
  "batch_size": 8,
  "learning_rate": 0.0005,
  "num_epochs": 200,
  "hidden_dim": 512,
  "num_blocks": 6,
  "dropout": 0.3,
  "feature_type": "ALL",
  "improvement_threshold": 0.25,
  "val_ratio": 0.2,
  "early_stop_patience": 50,
  "early_stop_min_epochs": 50
}
2026-01-05 19:43:13,068 - INFO - 1) Building diff index ...
2026-01-05 19:43:13,069 - WARNING - Duplicate patient ID found: stn02, skipping additional entry
2026-01-05 19:43:13,069 - WARNING - Skipping folder with invalid name format: healthy_virtual_brain
2026-01-05 19:43:13,069 - WARNING - Duplicate patient ID found: gpi11, skipping additional entry
2026-01-05 19:43:13,069 - WARNING - Duplicate patient ID found: gpi02, skipping additional entry
2026-01-05 19:43:13,069 - WARNING - Duplicate patient ID found: gpi19, skipping additional entry
2026-01-05 19:43:13,070 - WARNING - Duplicate patient ID found: stn23, skipping additional entry
2026-01-05 19:43:13,070 - WARNING - Duplicate patient ID found: stn03, skipping additional entry
2026-01-05 19:43:13,070 - WARNING - Duplicate patient ID found: gpi20, skipping additional entry
2026-01-05 19:43:13,070 - WARNING - Duplicate patient ID found: stn04, skipping additional entry
2026-01-05 19:43:13,070 - WARNING - Duplicate patient ID found: stn24, skipping additional entry
2026-01-05 19:43:13,070 - WARNING - Duplicate patient ID found: gpi04, skipping additional entry
2026-01-05 19:43:13,070 - WARNING - Duplicate patient ID found: gpi15, skipping additional entry
2026-01-05 19:43:13,070 - WARNING - Duplicate patient ID found: stn19, skipping additional entry
2026-01-05 19:43:13,071 - WARNING - Duplicate patient ID found: stn08, skipping additional entry
2026-01-05 19:43:13,071 - WARNING - Duplicate patient ID found: stn11, skipping additional entry
2026-01-05 19:43:13,071 - WARNING - Duplicate patient ID found: gpi07, skipping additional entry
2026-01-05 19:43:13,071 - WARNING - Duplicate patient ID found: gpi26, skipping additional entry
2026-01-05 19:43:13,071 - WARNING - Duplicate patient ID found: stn13, skipping additional entry
2026-01-05 19:43:13,071 - WARNING - Duplicate patient ID found: gpi06, skipping additional entry
2026-01-05 19:43:13,071 - WARNING - Duplicate patient ID found: stn30, skipping additional entry
2026-01-05 19:43:13,071 - WARNING - Duplicate patient ID found: stn18, skipping additional entry
2026-01-05 19:43:13,071 - WARNING - Duplicate patient ID found: gpi24, skipping additional entry
2026-01-05 19:43:13,071 - WARNING - Duplicate patient ID found: gpi13, skipping additional entry
2026-01-05 19:43:13,071 - WARNING - Duplicate patient ID found: stn07, skipping additional entry
2026-01-05 19:43:13,072 - WARNING - Duplicate patient ID found: stn20, skipping additional entry
2026-01-05 19:43:13,072 - WARNING - Duplicate patient ID found: gpi12, skipping additional entry
2026-01-05 19:43:13,072 - WARNING - Duplicate patient ID found: stn01, skipping additional entry
2026-01-05 19:43:13,072 - WARNING - Duplicate patient ID found: gpi22, skipping additional entry
2026-01-05 19:43:13,072 - WARNING - Duplicate patient ID found: gpi18, skipping additional entry
2026-01-05 19:43:13,072 - WARNING - Duplicate patient ID found: gpi09, skipping additional entry
2026-01-05 19:43:13,072 - WARNING - Duplicate patient ID found: gpi25, skipping additional entry
2026-01-05 19:43:13,072 - WARNING - Duplicate patient ID found: stn29, skipping additional entry
2026-01-05 19:43:13,072 - WARNING - Duplicate patient ID found: gpi31, skipping additional entry
2026-01-05 19:43:13,072 - WARNING - Duplicate patient ID found: stn10, skipping additional entry
2026-01-05 19:43:13,073 - WARNING - Duplicate patient ID found: gpi28, skipping additional entry
2026-01-05 19:43:13,073 - WARNING - Duplicate patient ID found: stn31, skipping additional entry
2026-01-05 19:43:13,073 - WARNING - Duplicate patient ID found: gpi03, skipping additional entry
2026-01-05 19:43:13,073 - WARNING - Duplicate patient ID found: gpi05, skipping additional entry
2026-01-05 19:43:13,073 - WARNING - Duplicate patient ID found: stn25, skipping additional entry
2026-01-05 19:43:13,073 - WARNING - Duplicate patient ID found: gpi08, skipping additional entry
2026-01-05 19:43:13,073 - WARNING - Duplicate patient ID found: gpi27, skipping additional entry
2026-01-05 19:43:13,073 - WARNING - Duplicate patient ID found: stn16, skipping additional entry
2026-01-05 19:43:13,073 - WARNING - Duplicate patient ID found: gpi23, skipping additional entry
2026-01-05 19:43:13,073 - WARNING - Duplicate patient ID found: stn09, skipping additional entry
2026-01-05 19:43:13,073 - WARNING - Duplicate patient ID found: stn28, skipping additional entry
2026-01-05 19:43:13,073 - WARNING - Duplicate patient ID found: stn06, skipping additional entry
2026-01-05 19:43:13,073 - WARNING - Duplicate patient ID found: stn12, skipping additional entry
2026-01-05 19:43:13,074 - WARNING - Duplicate patient ID found: gpi16, skipping additional entry
2026-01-05 19:43:13,074 - WARNING - Duplicate patient ID found: gpi30, skipping additional entry
2026-01-05 19:43:13,074 - WARNING - Duplicate patient ID found: stn21, skipping additional entry
2026-01-05 19:43:13,074 - WARNING - Duplicate patient ID found: stn22, skipping additional entry
2026-01-05 19:43:13,074 - WARNING - Duplicate patient ID found: stn14, skipping additional entry
2026-01-05 19:43:13,074 - WARNING - Duplicate patient ID found: gpi17, skipping additional entry
2026-01-05 19:43:13,074 - WARNING - Duplicate patient ID found: gpi21, skipping additional entry
2026-01-05 19:43:13,074 - WARNING - Duplicate patient ID found: gpi32, skipping additional entry
2026-01-05 19:43:13,074 - WARNING - Duplicate patient ID found: stn15, skipping additional entry
2026-01-05 19:43:13,074 - INFO - Built diff index with 71 patients
2026-01-05 19:43:13,074 - INFO - 2) Parsing UPDRS CSV ...
2026-01-05 19:43:13,088 - INFO - Found 55 valid samples
2026-01-05 19:43:13,088 - INFO - 3) Preparing data matrix ...
2026-01-05 19:43:13,120 - INFO - Feature matrix shape: (55, 365), Class distribution: [24 31]
2026-01-05 19:43:13,120 - INFO - 4) Training final model on all data (with train/val split) ...
2026-01-05 19:43:13,844 - INFO - Start training final model. Train=44, Val=11
2026-01-05 19:43:13,986 - INFO - Epoch 1/200 | train loss=0.732180 | val loss=1.292977 | best=inf
2026-01-05 19:43:14,184 - INFO - Epoch 10/200 | train loss=0.010993 | val loss=2.566091 | best=inf
2026-01-05 19:43:14,403 - INFO - Epoch 20/200 | train loss=0.012948 | val loss=1.134322 | best=inf
2026-01-05 19:43:14,622 - INFO - Epoch 30/200 | train loss=0.000136 | val loss=3.241001 | best=inf
2026-01-05 19:43:14,840 - INFO - Epoch 40/200 | train loss=0.000158 | val loss=3.568924 | best=inf
2026-01-05 19:43:15,059 - INFO - Epoch 50/200 | train loss=0.000052 | val loss=3.718748 | best=inf
2026-01-05 19:43:15,297 - INFO - Epoch 60/200 | train loss=0.000033 | val loss=3.802977 | best=3.727054
2026-01-05 19:43:15,517 - INFO - Epoch 70/200 | train loss=0.000028 | val loss=3.877620 | best=3.727054
2026-01-05 19:43:15,735 - INFO - Epoch 80/200 | train loss=0.000040 | val loss=3.940325 | best=3.727054
2026-01-05 19:43:15,953 - INFO - Epoch 90/200 | train loss=0.000019 | val loss=3.991569 | best=3.727054
2026-01-05 19:43:16,171 - INFO - Epoch 100/200 | train loss=0.000017 | val loss=4.040806 | best=3.727054
2026-01-05 19:43:16,193 - INFO - Early stopping at epoch 101, best epoch=51, best val loss=3.727054
2026-01-05 19:43:16,206 - INFO - Loaded best model from run_ALL_20260105_194313/model/best_model.pth (epoch 51)
2026-01-05 19:43:16,221 - INFO - Saved final model to: run_ALL_20260105_194313/model/final_model_20260105_194316.pth
2026-01-05 19:43:16,230 - INFO - Validation metrics: {
  "val_threshold": 4.147351501160301e-05,
  "val_acc": 0.7272727272727273,
  "val_f1": 0.8,
  "val_precision": 0.6666666666666666,
  "val_recall": 1.0,
  "val_auc": 0.6333333333333333,
  "val_ap": 0.7041666666666666
}
2026-01-05 19:43:16,231 - INFO - 5) Running SHAP ...
2026-01-05 19:45:39,784 - INFO - Using device: cuda
2026-01-05 19:45:39,795 - INFO - Hyperparameters: {
  "batch_size": 8,
  "learning_rate": 0.0005,
  "num_epochs": 200,
  "hidden_dim": 512,
  "num_blocks": 6,
  "dropout": 0.3,
  "feature_type": "ALL",
  "improvement_threshold": 0.25,
  "val_ratio": 0.2,
  "early_stop_patience": 50,
  "early_stop_min_epochs": 50
}
2026-01-05 19:45:39,795 - INFO - 1) Building diff index ...
2026-01-05 19:45:39,796 - WARNING - Duplicate patient ID found: stn02, skipping additional entry
2026-01-05 19:45:39,796 - WARNING - Skipping folder with invalid name format: healthy_virtual_brain
2026-01-05 19:45:39,797 - WARNING - Duplicate patient ID found: gpi11, skipping additional entry
2026-01-05 19:45:39,797 - WARNING - Duplicate patient ID found: gpi02, skipping additional entry
2026-01-05 19:45:39,797 - WARNING - Duplicate patient ID found: gpi19, skipping additional entry
2026-01-05 19:45:39,797 - WARNING - Duplicate patient ID found: stn23, skipping additional entry
2026-01-05 19:45:39,797 - WARNING - Duplicate patient ID found: stn03, skipping additional entry
2026-01-05 19:45:39,797 - WARNING - Duplicate patient ID found: gpi20, skipping additional entry
2026-01-05 19:45:39,798 - WARNING - Duplicate patient ID found: stn04, skipping additional entry
2026-01-05 19:45:39,798 - WARNING - Duplicate patient ID found: stn24, skipping additional entry
2026-01-05 19:45:39,798 - WARNING - Duplicate patient ID found: gpi04, skipping additional entry
2026-01-05 19:45:39,798 - WARNING - Duplicate patient ID found: gpi15, skipping additional entry
2026-01-05 19:45:39,798 - WARNING - Duplicate patient ID found: stn19, skipping additional entry
2026-01-05 19:45:39,798 - WARNING - Duplicate patient ID found: stn08, skipping additional entry
2026-01-05 19:45:39,798 - WARNING - Duplicate patient ID found: stn11, skipping additional entry
2026-01-05 19:45:39,798 - WARNING - Duplicate patient ID found: gpi07, skipping additional entry
2026-01-05 19:45:39,798 - WARNING - Duplicate patient ID found: gpi26, skipping additional entry
2026-01-05 19:45:39,798 - WARNING - Duplicate patient ID found: stn13, skipping additional entry
2026-01-05 19:45:39,799 - WARNING - Duplicate patient ID found: gpi06, skipping additional entry
2026-01-05 19:45:39,799 - WARNING - Duplicate patient ID found: stn30, skipping additional entry
2026-01-05 19:45:39,799 - WARNING - Duplicate patient ID found: stn18, skipping additional entry
2026-01-05 19:45:39,799 - WARNING - Duplicate patient ID found: gpi24, skipping additional entry
2026-01-05 19:45:39,799 - WARNING - Duplicate patient ID found: gpi13, skipping additional entry
2026-01-05 19:45:39,799 - WARNING - Duplicate patient ID found: stn07, skipping additional entry
2026-01-05 19:45:39,799 - WARNING - Duplicate patient ID found: stn20, skipping additional entry
2026-01-05 19:45:39,799 - WARNING - Duplicate patient ID found: gpi12, skipping additional entry
2026-01-05 19:45:39,800 - WARNING - Duplicate patient ID found: stn01, skipping additional entry
2026-01-05 19:45:39,800 - WARNING - Duplicate patient ID found: gpi22, skipping additional entry
2026-01-05 19:45:39,800 - WARNING - Duplicate patient ID found: gpi18, skipping additional entry
2026-01-05 19:45:39,800 - WARNING - Duplicate patient ID found: gpi09, skipping additional entry
2026-01-05 19:45:39,800 - WARNING - Duplicate patient ID found: gpi25, skipping additional entry
2026-01-05 19:45:39,800 - WARNING - Duplicate patient ID found: stn29, skipping additional entry
2026-01-05 19:45:39,800 - WARNING - Duplicate patient ID found: gpi31, skipping additional entry
2026-01-05 19:45:39,800 - WARNING - Duplicate patient ID found: stn10, skipping additional entry
2026-01-05 19:45:39,800 - WARNING - Duplicate patient ID found: gpi28, skipping additional entry
2026-01-05 19:45:39,800 - WARNING - Duplicate patient ID found: stn31, skipping additional entry
2026-01-05 19:45:39,800 - WARNING - Duplicate patient ID found: gpi03, skipping additional entry
2026-01-05 19:45:39,800 - WARNING - Duplicate patient ID found: gpi05, skipping additional entry
2026-01-05 19:45:39,800 - WARNING - Duplicate patient ID found: stn25, skipping additional entry
2026-01-05 19:45:39,801 - WARNING - Duplicate patient ID found: gpi08, skipping additional entry
2026-01-05 19:45:39,801 - WARNING - Duplicate patient ID found: gpi27, skipping additional entry
2026-01-05 19:45:39,801 - WARNING - Duplicate patient ID found: stn16, skipping additional entry
2026-01-05 19:45:39,801 - WARNING - Duplicate patient ID found: gpi23, skipping additional entry
2026-01-05 19:45:39,801 - WARNING - Duplicate patient ID found: stn09, skipping additional entry
2026-01-05 19:45:39,801 - WARNING - Duplicate patient ID found: stn28, skipping additional entry
2026-01-05 19:45:39,801 - WARNING - Duplicate patient ID found: stn06, skipping additional entry
2026-01-05 19:45:39,801 - WARNING - Duplicate patient ID found: stn12, skipping additional entry
2026-01-05 19:45:39,801 - WARNING - Duplicate patient ID found: gpi16, skipping additional entry
2026-01-05 19:45:39,801 - WARNING - Duplicate patient ID found: gpi30, skipping additional entry
2026-01-05 19:45:39,801 - WARNING - Duplicate patient ID found: stn21, skipping additional entry
2026-01-05 19:45:39,801 - WARNING - Duplicate patient ID found: stn22, skipping additional entry
2026-01-05 19:45:39,801 - WARNING - Duplicate patient ID found: stn14, skipping additional entry
2026-01-05 19:45:39,801 - WARNING - Duplicate patient ID found: gpi17, skipping additional entry
2026-01-05 19:45:39,802 - WARNING - Duplicate patient ID found: gpi21, skipping additional entry
2026-01-05 19:45:39,802 - WARNING - Duplicate patient ID found: gpi32, skipping additional entry
2026-01-05 19:45:39,802 - WARNING - Duplicate patient ID found: stn15, skipping additional entry
2026-01-05 19:45:39,802 - INFO - Built diff index with 71 patients
2026-01-05 19:45:39,802 - INFO - 2) Parsing UPDRS CSV ...
2026-01-05 19:45:39,816 - INFO - Found 55 valid samples
2026-01-05 19:45:39,816 - INFO - 3) Preparing data matrix ...
2026-01-05 19:45:39,848 - INFO - Feature matrix shape: (55, 365), Class distribution: [24 31]
2026-01-05 19:45:39,848 - INFO - 4) Training final model on all data (with train/val split) ...
2026-01-05 19:45:40,576 - INFO - Start training final model. Train=44, Val=11
2026-01-05 19:45:40,718 - INFO - Epoch 1/200 | train loss=0.732180 | val loss=1.292977 | best=inf
2026-01-05 19:45:40,917 - INFO - Epoch 10/200 | train loss=0.010993 | val loss=2.566091 | best=inf
2026-01-05 19:45:41,137 - INFO - Epoch 20/200 | train loss=0.012948 | val loss=1.134322 | best=inf
2026-01-05 19:45:41,356 - INFO - Epoch 30/200 | train loss=0.000136 | val loss=3.241001 | best=inf
2026-01-05 19:45:41,576 - INFO - Epoch 40/200 | train loss=0.000158 | val loss=3.568924 | best=inf
2026-01-05 19:45:41,795 - INFO - Epoch 50/200 | train loss=0.000052 | val loss=3.718748 | best=inf
2026-01-05 19:45:42,034 - INFO - Epoch 60/200 | train loss=0.000033 | val loss=3.802977 | best=3.727054
2026-01-05 19:45:42,255 - INFO - Epoch 70/200 | train loss=0.000028 | val loss=3.877620 | best=3.727054
2026-01-05 19:45:42,474 - INFO - Epoch 80/200 | train loss=0.000040 | val loss=3.940325 | best=3.727054
2026-01-05 19:45:42,693 - INFO - Epoch 90/200 | train loss=0.000019 | val loss=3.991569 | best=3.727054
2026-01-05 19:45:42,912 - INFO - Epoch 100/200 | train loss=0.000017 | val loss=4.040806 | best=3.727054
2026-01-05 19:45:42,934 - INFO - Early stopping at epoch 101, best epoch=51, best val loss=3.727054
2026-01-05 19:45:42,948 - INFO - Loaded best model from run_ALL_20260105_194539/model/best_model.pth (epoch 51)
2026-01-05 19:45:42,962 - INFO - Saved final model to: run_ALL_20260105_194539/model/final_model_20260105_194542.pth
2026-01-05 19:45:42,971 - INFO - Validation metrics: {
  "val_threshold": 4.147351501160301e-05,
  "val_acc": 0.7272727272727273,
  "val_f1": 0.8,
  "val_precision": 0.6666666666666666,
  "val_recall": 1.0,
  "val_auc": 0.6333333333333333,
  "val_ap": 0.7041666666666666
}
2026-01-05 19:45:42,972 - INFO - 5) Running SHAP ...
2026-01-05 19:46:06,127 - INFO - SHAP outputs saved to: run_ALL_20260105_194539/shap
2026-01-05 19:46:06,127 - INFO - Done. Total time: 26.33s
2026-01-05 19:46:06,127 - INFO - Output dir: run_ALL_20260105_194539
2026-01-05 19:48:24,570 - INFO - Using device: cuda
2026-01-05 19:48:24,571 - INFO - Hyperparameters: {
  "batch_size": 8,
  "learning_rate": 0.0005,
  "num_epochs": 200,
  "hidden_dim": 512,
  "num_blocks": 6,
  "dropout": 0.3,
  "feature_type": "ALL",
  "improvement_threshold": 0.25,
  "val_ratio": 0.2,
  "early_stop_patience": 50,
  "early_stop_min_epochs": 50
}
2026-01-05 19:48:24,572 - INFO - 1) Building diff index ...
2026-01-05 19:48:24,579 - WARNING - Duplicate patient ID found: stn02, skipping additional entry
2026-01-05 19:48:24,580 - WARNING - Skipping folder with invalid name format: healthy_virtual_brain
2026-01-05 19:48:24,581 - WARNING - Duplicate patient ID found: gpi11, skipping additional entry
2026-01-05 19:48:24,583 - WARNING - Duplicate patient ID found: gpi02, skipping additional entry
2026-01-05 19:48:24,583 - WARNING - Duplicate patient ID found: gpi19, skipping additional entry
2026-01-05 19:48:24,584 - WARNING - Duplicate patient ID found: stn23, skipping additional entry
2026-01-05 19:48:24,585 - WARNING - Duplicate patient ID found: stn03, skipping additional entry
2026-01-05 19:48:24,586 - WARNING - Duplicate patient ID found: gpi20, skipping additional entry
2026-01-05 19:48:24,586 - WARNING - Duplicate patient ID found: stn04, skipping additional entry
2026-01-05 19:48:24,588 - WARNING - Duplicate patient ID found: stn24, skipping additional entry
2026-01-05 19:48:24,589 - WARNING - Duplicate patient ID found: gpi04, skipping additional entry
2026-01-05 19:48:24,589 - WARNING - Duplicate patient ID found: gpi15, skipping additional entry
2026-01-05 19:48:24,590 - WARNING - Duplicate patient ID found: stn19, skipping additional entry
2026-01-05 19:48:24,590 - WARNING - Duplicate patient ID found: stn08, skipping additional entry
2026-01-05 19:48:24,590 - WARNING - Duplicate patient ID found: stn11, skipping additional entry
2026-01-05 19:48:24,590 - WARNING - Duplicate patient ID found: gpi07, skipping additional entry
2026-01-05 19:48:24,591 - WARNING - Duplicate patient ID found: gpi26, skipping additional entry
2026-01-05 19:48:24,591 - WARNING - Duplicate patient ID found: stn13, skipping additional entry
2026-01-05 19:48:24,592 - WARNING - Duplicate patient ID found: gpi06, skipping additional entry
2026-01-05 19:48:24,593 - WARNING - Duplicate patient ID found: stn30, skipping additional entry
2026-01-05 19:48:24,593 - WARNING - Duplicate patient ID found: stn18, skipping additional entry
2026-01-05 19:48:24,594 - WARNING - Duplicate patient ID found: gpi24, skipping additional entry
2026-01-05 19:48:24,594 - WARNING - Duplicate patient ID found: gpi13, skipping additional entry
2026-01-05 19:48:24,595 - WARNING - Duplicate patient ID found: stn07, skipping additional entry
2026-01-05 19:48:24,595 - WARNING - Duplicate patient ID found: stn20, skipping additional entry
2026-01-05 19:48:24,596 - WARNING - Duplicate patient ID found: gpi12, skipping additional entry
2026-01-05 19:48:24,597 - WARNING - Duplicate patient ID found: stn01, skipping additional entry
2026-01-05 19:48:24,598 - WARNING - Duplicate patient ID found: gpi22, skipping additional entry
2026-01-05 19:48:24,599 - WARNING - Duplicate patient ID found: gpi18, skipping additional entry
2026-01-05 19:48:24,599 - WARNING - Duplicate patient ID found: gpi09, skipping additional entry
2026-01-05 19:48:24,600 - WARNING - Duplicate patient ID found: gpi25, skipping additional entry
2026-01-05 19:48:24,600 - WARNING - Duplicate patient ID found: stn29, skipping additional entry
2026-01-05 19:48:24,600 - WARNING - Duplicate patient ID found: gpi31, skipping additional entry
2026-01-05 19:48:24,601 - WARNING - Duplicate patient ID found: stn10, skipping additional entry
2026-01-05 19:48:24,601 - WARNING - Duplicate patient ID found: gpi28, skipping additional entry
2026-01-05 19:48:24,601 - WARNING - Duplicate patient ID found: stn31, skipping additional entry
2026-01-05 19:48:24,601 - WARNING - Duplicate patient ID found: gpi03, skipping additional entry
2026-01-05 19:48:24,602 - WARNING - Duplicate patient ID found: gpi05, skipping additional entry
2026-01-05 19:48:24,602 - WARNING - Duplicate patient ID found: stn25, skipping additional entry
2026-01-05 19:48:24,603 - WARNING - Duplicate patient ID found: gpi08, skipping additional entry
2026-01-05 19:48:24,603 - WARNING - Duplicate patient ID found: gpi27, skipping additional entry
2026-01-05 19:48:24,603 - WARNING - Duplicate patient ID found: stn16, skipping additional entry
2026-01-05 19:48:24,604 - WARNING - Duplicate patient ID found: gpi23, skipping additional entry
2026-01-05 19:48:24,605 - WARNING - Duplicate patient ID found: stn09, skipping additional entry
2026-01-05 19:48:24,605 - WARNING - Duplicate patient ID found: stn28, skipping additional entry
2026-01-05 19:48:24,605 - WARNING - Duplicate patient ID found: stn06, skipping additional entry
2026-01-05 19:48:24,606 - WARNING - Duplicate patient ID found: stn12, skipping additional entry
2026-01-05 19:48:24,606 - WARNING - Duplicate patient ID found: gpi16, skipping additional entry
2026-01-05 19:48:24,606 - WARNING - Duplicate patient ID found: gpi30, skipping additional entry
2026-01-05 19:48:24,607 - WARNING - Duplicate patient ID found: stn21, skipping additional entry
2026-01-05 19:48:24,607 - WARNING - Duplicate patient ID found: stn22, skipping additional entry
2026-01-05 19:48:24,607 - WARNING - Duplicate patient ID found: stn14, skipping additional entry
2026-01-05 19:48:24,607 - WARNING - Duplicate patient ID found: gpi17, skipping additional entry
2026-01-05 19:48:24,608 - WARNING - Duplicate patient ID found: gpi21, skipping additional entry
2026-01-05 19:48:24,608 - WARNING - Duplicate patient ID found: gpi32, skipping additional entry
2026-01-05 19:48:24,608 - WARNING - Duplicate patient ID found: stn15, skipping additional entry
2026-01-05 19:48:24,609 - INFO - Built diff index with 71 patients
2026-01-05 19:48:24,609 - INFO - 2) Parsing UPDRS CSV ...
2026-01-05 19:48:24,623 - INFO - Found 55 valid samples
2026-01-05 19:48:24,623 - INFO - 3) Preparing data matrix ...
2026-01-05 19:48:24,655 - INFO - Feature matrix shape: (55, 365), Class distribution: [24 31]
2026-01-05 19:48:24,655 - INFO - 4) Training final model on all data (with train/val split) ...
2026-01-05 19:48:25,384 - INFO - Start training final model. Train=44, Val=11
2026-01-05 19:48:25,525 - INFO - Epoch 1/200 | train loss=0.732180 | val loss=1.292977 | best=inf
2026-01-05 19:48:25,724 - INFO - Epoch 10/200 | train loss=0.010993 | val loss=2.566091 | best=inf
2026-01-05 19:48:25,943 - INFO - Epoch 20/200 | train loss=0.012948 | val loss=1.134322 | best=inf
2026-01-05 19:48:26,161 - INFO - Epoch 30/200 | train loss=0.000136 | val loss=3.241001 | best=inf
2026-01-05 19:48:26,380 - INFO - Epoch 40/200 | train loss=0.000158 | val loss=3.568924 | best=inf
2026-01-05 19:48:26,599 - INFO - Epoch 50/200 | train loss=0.000052 | val loss=3.718748 | best=inf
2026-01-05 19:48:26,839 - INFO - Epoch 60/200 | train loss=0.000033 | val loss=3.802977 | best=3.727054
2026-01-05 19:48:27,059 - INFO - Epoch 70/200 | train loss=0.000028 | val loss=3.877620 | best=3.727054
2026-01-05 19:48:27,277 - INFO - Epoch 80/200 | train loss=0.000040 | val loss=3.940325 | best=3.727054
2026-01-05 19:48:27,496 - INFO - Epoch 90/200 | train loss=0.000019 | val loss=3.991569 | best=3.727054
2026-01-05 19:48:27,714 - INFO - Epoch 100/200 | train loss=0.000017 | val loss=4.040806 | best=3.727054
2026-01-05 19:48:27,736 - INFO - Early stopping at epoch 101, best epoch=51, best val loss=3.727054
2026-01-05 19:48:27,750 - INFO - Loaded best model from run_ALL_20260105_194824/model/best_model.pth (epoch 51)
2026-01-05 19:48:27,764 - INFO - Saved final model to: run_ALL_20260105_194824/model/final_model_20260105_194827.pth
2026-01-05 19:48:27,774 - INFO - Validation metrics: {
  "val_threshold": 4.147351501160301e-05,
  "val_acc": 0.7272727272727273,
  "val_f1": 0.8,
  "val_precision": 0.6666666666666666,
  "val_recall": 1.0,
  "val_auc": 0.6333333333333333,
  "val_ap": 0.7041666666666666
}
2026-01-05 19:48:27,774 - INFO - 5) Running SHAP ...
2026-01-05 19:48:51,087 - INFO - SHAP outputs saved to: run_ALL_20260105_194824/shap
2026-01-05 19:48:51,087 - INFO - Done. Total time: 26.52s
2026-01-05 19:48:51,087 - INFO - Output dir: run_ALL_20260105_194824
2026-01-05 19:52:07,697 - INFO - Using device: cuda
2026-01-05 19:52:07,698 - INFO - Hyperparameters: {
  "batch_size": 8,
  "learning_rate": 0.0005,
  "num_epochs": 200,
  "hidden_dim": 512,
  "num_blocks": 6,
  "dropout": 0.3,
  "feature_type": "ALL",
  "improvement_threshold": 0.25,
  "val_ratio": 0.2,
  "early_stop_patience": 50,
  "early_stop_min_epochs": 50
}
2026-01-05 19:52:07,699 - INFO - 1) Building diff index ...
2026-01-05 19:52:07,700 - WARNING - Duplicate patient ID found: stn02, skipping additional entry
2026-01-05 19:52:07,700 - WARNING - Skipping folder with invalid name format: healthy_virtual_brain
2026-01-05 19:52:07,700 - WARNING - Duplicate patient ID found: gpi11, skipping additional entry
2026-01-05 19:52:07,700 - WARNING - Duplicate patient ID found: gpi02, skipping additional entry
2026-01-05 19:52:07,700 - WARNING - Duplicate patient ID found: gpi19, skipping additional entry
2026-01-05 19:52:07,701 - WARNING - Duplicate patient ID found: stn23, skipping additional entry
2026-01-05 19:52:07,701 - WARNING - Duplicate patient ID found: stn03, skipping additional entry
2026-01-05 19:52:07,701 - WARNING - Duplicate patient ID found: gpi20, skipping additional entry
2026-01-05 19:52:07,701 - WARNING - Duplicate patient ID found: stn04, skipping additional entry
2026-01-05 19:52:07,701 - WARNING - Duplicate patient ID found: stn24, skipping additional entry
2026-01-05 19:52:07,701 - WARNING - Duplicate patient ID found: gpi04, skipping additional entry
2026-01-05 19:52:07,702 - WARNING - Duplicate patient ID found: gpi15, skipping additional entry
2026-01-05 19:52:07,702 - WARNING - Duplicate patient ID found: stn19, skipping additional entry
2026-01-05 19:52:07,702 - WARNING - Duplicate patient ID found: stn08, skipping additional entry
2026-01-05 19:52:07,702 - WARNING - Duplicate patient ID found: stn11, skipping additional entry
2026-01-05 19:52:07,702 - WARNING - Duplicate patient ID found: gpi07, skipping additional entry
2026-01-05 19:52:07,702 - WARNING - Duplicate patient ID found: gpi26, skipping additional entry
2026-01-05 19:52:07,702 - WARNING - Duplicate patient ID found: stn13, skipping additional entry
2026-01-05 19:52:07,702 - WARNING - Duplicate patient ID found: gpi06, skipping additional entry
2026-01-05 19:52:07,702 - WARNING - Duplicate patient ID found: stn30, skipping additional entry
2026-01-05 19:52:07,702 - WARNING - Duplicate patient ID found: stn18, skipping additional entry
2026-01-05 19:52:07,703 - WARNING - Duplicate patient ID found: gpi24, skipping additional entry
2026-01-05 19:52:07,703 - WARNING - Duplicate patient ID found: gpi13, skipping additional entry
2026-01-05 19:52:07,703 - WARNING - Duplicate patient ID found: stn07, skipping additional entry
2026-01-05 19:52:07,703 - WARNING - Duplicate patient ID found: stn20, skipping additional entry
2026-01-05 19:52:07,703 - WARNING - Duplicate patient ID found: gpi12, skipping additional entry
2026-01-05 19:52:07,703 - WARNING - Duplicate patient ID found: stn01, skipping additional entry
2026-01-05 19:52:07,703 - WARNING - Duplicate patient ID found: gpi22, skipping additional entry
2026-01-05 19:52:07,703 - WARNING - Duplicate patient ID found: gpi18, skipping additional entry
2026-01-05 19:52:07,704 - WARNING - Duplicate patient ID found: gpi09, skipping additional entry
2026-01-05 19:52:07,704 - WARNING - Duplicate patient ID found: gpi25, skipping additional entry
2026-01-05 19:52:07,704 - WARNING - Duplicate patient ID found: stn29, skipping additional entry
2026-01-05 19:52:07,704 - WARNING - Duplicate patient ID found: gpi31, skipping additional entry
2026-01-05 19:52:07,704 - WARNING - Duplicate patient ID found: stn10, skipping additional entry
2026-01-05 19:52:07,704 - WARNING - Duplicate patient ID found: gpi28, skipping additional entry
2026-01-05 19:52:07,704 - WARNING - Duplicate patient ID found: stn31, skipping additional entry
2026-01-05 19:52:07,704 - WARNING - Duplicate patient ID found: gpi03, skipping additional entry
2026-01-05 19:52:07,704 - WARNING - Duplicate patient ID found: gpi05, skipping additional entry
2026-01-05 19:52:07,704 - WARNING - Duplicate patient ID found: stn25, skipping additional entry
2026-01-05 19:52:07,704 - WARNING - Duplicate patient ID found: gpi08, skipping additional entry
2026-01-05 19:52:07,704 - WARNING - Duplicate patient ID found: gpi27, skipping additional entry
2026-01-05 19:52:07,705 - WARNING - Duplicate patient ID found: stn16, skipping additional entry
2026-01-05 19:52:07,705 - WARNING - Duplicate patient ID found: gpi23, skipping additional entry
2026-01-05 19:52:07,705 - WARNING - Duplicate patient ID found: stn09, skipping additional entry
2026-01-05 19:52:07,705 - WARNING - Duplicate patient ID found: stn28, skipping additional entry
2026-01-05 19:52:07,705 - WARNING - Duplicate patient ID found: stn06, skipping additional entry
2026-01-05 19:52:07,705 - WARNING - Duplicate patient ID found: stn12, skipping additional entry
2026-01-05 19:52:07,705 - WARNING - Duplicate patient ID found: gpi16, skipping additional entry
2026-01-05 19:52:07,705 - WARNING - Duplicate patient ID found: gpi30, skipping additional entry
2026-01-05 19:52:07,705 - WARNING - Duplicate patient ID found: stn21, skipping additional entry
2026-01-05 19:52:07,705 - WARNING - Duplicate patient ID found: stn22, skipping additional entry
2026-01-05 19:52:07,705 - WARNING - Duplicate patient ID found: stn14, skipping additional entry
2026-01-05 19:52:07,705 - WARNING - Duplicate patient ID found: gpi17, skipping additional entry
2026-01-05 19:52:07,705 - WARNING - Duplicate patient ID found: gpi21, skipping additional entry
2026-01-05 19:52:07,706 - WARNING - Duplicate patient ID found: gpi32, skipping additional entry
2026-01-05 19:52:07,706 - WARNING - Duplicate patient ID found: stn15, skipping additional entry
2026-01-05 19:52:07,706 - INFO - Built diff index with 71 patients
2026-01-05 19:52:07,706 - INFO - 2) Parsing UPDRS CSV ...
2026-01-05 19:52:07,720 - INFO - Found 55 valid samples
2026-01-05 19:52:07,720 - INFO - 3) Preparing data matrix ...
2026-01-05 19:52:07,753 - INFO - Feature matrix shape: (55, 365), Class distribution: [24 31]
2026-01-05 19:52:07,753 - INFO - 4) Training final model on all data (with train/val split) ...
2026-01-05 19:52:08,473 - INFO - Start training final model. Train=44, Val=11
2026-01-05 19:52:08,615 - INFO - Epoch 1/200 | train loss=0.732180 | val loss=1.292977 | best=inf
2026-01-05 19:52:08,811 - INFO - Epoch 10/200 | train loss=0.010993 | val loss=2.566091 | best=inf
2026-01-05 19:52:09,029 - INFO - Epoch 20/200 | train loss=0.012948 | val loss=1.134322 | best=inf
2026-01-05 19:52:09,245 - INFO - Epoch 30/200 | train loss=0.000136 | val loss=3.241001 | best=inf
2026-01-05 19:52:09,462 - INFO - Epoch 40/200 | train loss=0.000158 | val loss=3.568924 | best=inf
2026-01-05 19:52:09,678 - INFO - Epoch 50/200 | train loss=0.000052 | val loss=3.718748 | best=inf
2026-01-05 19:52:09,916 - INFO - Epoch 60/200 | train loss=0.000033 | val loss=3.802977 | best=3.727054
2026-01-05 19:52:10,135 - INFO - Epoch 70/200 | train loss=0.000028 | val loss=3.877620 | best=3.727054
2026-01-05 19:52:10,352 - INFO - Epoch 80/200 | train loss=0.000040 | val loss=3.940325 | best=3.727054
2026-01-05 19:52:10,569 - INFO - Epoch 90/200 | train loss=0.000019 | val loss=3.991569 | best=3.727054
2026-01-05 19:52:10,786 - INFO - Epoch 100/200 | train loss=0.000017 | val loss=4.040806 | best=3.727054
2026-01-05 19:52:10,808 - INFO - Early stopping at epoch 101, best epoch=51, best val loss=3.727054
2026-01-05 19:52:10,821 - INFO - Loaded best model from run_ALL_20260105_195207/model/best_model.pth (epoch 51)
2026-01-05 19:52:10,836 - INFO - Saved final model to: run_ALL_20260105_195207/model/final_model_20260105_195210.pth
2026-01-05 19:52:10,846 - INFO - Validation metrics: {
  "val_threshold": 4.147351501160301e-05,
  "val_acc": 0.7272727272727273,
  "val_f1": 0.8,
  "val_precision": 0.6666666666666666,
  "val_recall": 1.0,
  "val_auc": 0.6333333333333333,
  "val_ap": 0.7041666666666666
}
2026-01-05 19:52:10,846 - INFO - 5) Running SHAP ...
2026-01-05 19:52:34,122 - INFO - SHAP outputs saved to: run_ALL_20260105_195207/shap
2026-01-05 19:52:34,122 - INFO - Done. Total time: 26.42s
2026-01-05 19:52:34,122 - INFO - Output dir: run_ALL_20260105_195207
2026-01-05 19:52:38,625 - INFO - Using device: cuda
2026-01-05 19:52:38,625 - INFO - Hyperparameters: {
  "batch_size": 8,
  "learning_rate": 0.0005,
  "num_epochs": 200,
  "hidden_dim": 512,
  "num_blocks": 6,
  "dropout": 0.3,
  "feature_type": "ALL",
  "improvement_threshold": 0.25,
  "val_ratio": 0.02,
  "early_stop_patience": 200,
  "early_stop_min_epochs": 200
}
2026-01-05 19:52:38,626 - INFO - 1) Building diff index ...
2026-01-05 19:52:38,627 - WARNING - Duplicate patient ID found: stn02, skipping additional entry
2026-01-05 19:52:38,627 - WARNING - Skipping folder with invalid name format: healthy_virtual_brain
2026-01-05 19:52:38,627 - WARNING - Duplicate patient ID found: gpi11, skipping additional entry
2026-01-05 19:52:38,627 - WARNING - Duplicate patient ID found: gpi02, skipping additional entry
2026-01-05 19:52:38,628 - WARNING - Duplicate patient ID found: gpi19, skipping additional entry
2026-01-05 19:52:38,628 - WARNING - Duplicate patient ID found: stn23, skipping additional entry
2026-01-05 19:52:38,628 - WARNING - Duplicate patient ID found: stn03, skipping additional entry
2026-01-05 19:52:38,628 - WARNING - Duplicate patient ID found: gpi20, skipping additional entry
2026-01-05 19:52:38,628 - WARNING - Duplicate patient ID found: stn04, skipping additional entry
2026-01-05 19:52:38,628 - WARNING - Duplicate patient ID found: stn24, skipping additional entry
2026-01-05 19:52:38,629 - WARNING - Duplicate patient ID found: gpi04, skipping additional entry
2026-01-05 19:52:38,629 - WARNING - Duplicate patient ID found: gpi15, skipping additional entry
2026-01-05 19:52:38,629 - WARNING - Duplicate patient ID found: stn19, skipping additional entry
2026-01-05 19:52:38,629 - WARNING - Duplicate patient ID found: stn08, skipping additional entry
2026-01-05 19:52:38,629 - WARNING - Duplicate patient ID found: stn11, skipping additional entry
2026-01-05 19:52:38,629 - WARNING - Duplicate patient ID found: gpi07, skipping additional entry
2026-01-05 19:52:38,629 - WARNING - Duplicate patient ID found: gpi26, skipping additional entry
2026-01-05 19:52:38,629 - WARNING - Duplicate patient ID found: stn13, skipping additional entry
2026-01-05 19:52:38,629 - WARNING - Duplicate patient ID found: gpi06, skipping additional entry
2026-01-05 19:52:38,629 - WARNING - Duplicate patient ID found: stn30, skipping additional entry
2026-01-05 19:52:38,629 - WARNING - Duplicate patient ID found: stn18, skipping additional entry
2026-01-05 19:52:38,629 - WARNING - Duplicate patient ID found: gpi24, skipping additional entry
2026-01-05 19:52:38,629 - WARNING - Duplicate patient ID found: gpi13, skipping additional entry
2026-01-05 19:52:38,630 - WARNING - Duplicate patient ID found: stn07, skipping additional entry
2026-01-05 19:52:38,630 - WARNING - Duplicate patient ID found: stn20, skipping additional entry
2026-01-05 19:52:38,630 - WARNING - Duplicate patient ID found: gpi12, skipping additional entry
2026-01-05 19:52:38,630 - WARNING - Duplicate patient ID found: stn01, skipping additional entry
2026-01-05 19:52:38,630 - WARNING - Duplicate patient ID found: gpi22, skipping additional entry
2026-01-05 19:52:38,630 - WARNING - Duplicate patient ID found: gpi18, skipping additional entry
2026-01-05 19:52:38,630 - WARNING - Duplicate patient ID found: gpi09, skipping additional entry
2026-01-05 19:52:38,630 - WARNING - Duplicate patient ID found: gpi25, skipping additional entry
2026-01-05 19:52:38,631 - WARNING - Duplicate patient ID found: stn29, skipping additional entry
2026-01-05 19:52:38,631 - WARNING - Duplicate patient ID found: gpi31, skipping additional entry
2026-01-05 19:52:38,631 - WARNING - Duplicate patient ID found: stn10, skipping additional entry
2026-01-05 19:52:38,631 - WARNING - Duplicate patient ID found: gpi28, skipping additional entry
2026-01-05 19:52:38,631 - WARNING - Duplicate patient ID found: stn31, skipping additional entry
2026-01-05 19:52:38,631 - WARNING - Duplicate patient ID found: gpi03, skipping additional entry
2026-01-05 19:52:38,631 - WARNING - Duplicate patient ID found: gpi05, skipping additional entry
2026-01-05 19:52:38,631 - WARNING - Duplicate patient ID found: stn25, skipping additional entry
2026-01-05 19:52:38,631 - WARNING - Duplicate patient ID found: gpi08, skipping additional entry
2026-01-05 19:52:38,631 - WARNING - Duplicate patient ID found: gpi27, skipping additional entry
2026-01-05 19:52:38,631 - WARNING - Duplicate patient ID found: stn16, skipping additional entry
2026-01-05 19:52:38,631 - WARNING - Duplicate patient ID found: gpi23, skipping additional entry
2026-01-05 19:52:38,631 - WARNING - Duplicate patient ID found: stn09, skipping additional entry
2026-01-05 19:52:38,632 - WARNING - Duplicate patient ID found: stn28, skipping additional entry
2026-01-05 19:52:38,632 - WARNING - Duplicate patient ID found: stn06, skipping additional entry
2026-01-05 19:52:38,632 - WARNING - Duplicate patient ID found: stn12, skipping additional entry
2026-01-05 19:52:38,632 - WARNING - Duplicate patient ID found: gpi16, skipping additional entry
2026-01-05 19:52:38,632 - WARNING - Duplicate patient ID found: gpi30, skipping additional entry
2026-01-05 19:52:38,632 - WARNING - Duplicate patient ID found: stn21, skipping additional entry
2026-01-05 19:52:38,632 - WARNING - Duplicate patient ID found: stn22, skipping additional entry
2026-01-05 19:52:38,632 - WARNING - Duplicate patient ID found: stn14, skipping additional entry
2026-01-05 19:52:38,632 - WARNING - Duplicate patient ID found: gpi17, skipping additional entry
2026-01-05 19:52:38,632 - WARNING - Duplicate patient ID found: gpi21, skipping additional entry
2026-01-05 19:52:38,632 - WARNING - Duplicate patient ID found: gpi32, skipping additional entry
2026-01-05 19:52:38,632 - WARNING - Duplicate patient ID found: stn15, skipping additional entry
2026-01-05 19:52:38,632 - INFO - Built diff index with 71 patients
2026-01-05 19:52:38,632 - INFO - 2) Parsing UPDRS CSV ...
2026-01-05 19:52:38,647 - INFO - Found 55 valid samples
2026-01-05 19:52:38,648 - INFO - 3) Preparing data matrix ...
2026-01-05 19:52:38,679 - INFO - Feature matrix shape: (55, 365), Class distribution: [24 31]
2026-01-05 19:52:38,679 - INFO - 4) Training final model on all data (with train/val split) ...
2026-01-05 19:52:39,402 - INFO - Start training final model. Train=53, Val=2
2026-01-05 19:52:39,547 - INFO - Epoch 1/200 | train loss=0.766651 | val loss=0.583059 | best=inf
2026-01-05 19:52:39,767 - INFO - Epoch 10/200 | train loss=0.156107 | val loss=4.980486 | best=inf
2026-01-05 19:52:40,010 - INFO - Epoch 20/200 | train loss=0.011193 | val loss=2.986970 | best=inf
2026-01-05 19:52:40,253 - INFO - Epoch 30/200 | train loss=0.002197 | val loss=3.480561 | best=inf
2026-01-05 19:52:40,496 - INFO - Epoch 40/200 | train loss=0.000080 | val loss=5.812450 | best=inf
2026-01-05 19:52:40,740 - INFO - Epoch 50/200 | train loss=0.000012 | val loss=6.102359 | best=inf
2026-01-05 19:52:40,983 - INFO - Epoch 60/200 | train loss=0.000015 | val loss=6.126754 | best=inf
2026-01-05 19:52:41,228 - INFO - Epoch 70/200 | train loss=0.000013 | val loss=6.126754 | best=inf
2026-01-05 19:52:41,472 - INFO - Epoch 80/200 | train loss=0.000006 | val loss=6.193520 | best=inf
2026-01-05 19:52:41,715 - INFO - Epoch 90/200 | train loss=0.000008 | val loss=6.222939 | best=inf
2026-01-05 19:52:41,958 - INFO - Epoch 100/200 | train loss=0.000004 | val loss=6.287545 | best=inf
2026-01-05 19:52:42,201 - INFO - Epoch 110/200 | train loss=0.000008 | val loss=6.342145 | best=inf
2026-01-05 19:52:42,446 - INFO - Epoch 120/200 | train loss=0.000009 | val loss=6.382166 | best=inf
2026-01-05 19:52:42,689 - INFO - Epoch 130/200 | train loss=0.000010 | val loss=6.448932 | best=inf
2026-01-05 19:52:42,932 - INFO - Epoch 140/200 | train loss=0.000019 | val loss=6.498973 | best=inf
2026-01-05 19:52:43,175 - INFO - Epoch 150/200 | train loss=0.000002 | val loss=6.554586 | best=inf
2026-01-05 19:52:43,417 - INFO - Epoch 160/200 | train loss=0.000003 | val loss=6.584898 | best=inf
2026-01-05 19:52:43,659 - INFO - Epoch 170/200 | train loss=0.000008 | val loss=6.617168 | best=inf
2026-01-05 19:52:43,903 - INFO - Epoch 180/200 | train loss=0.000003 | val loss=6.651664 | best=inf
2026-01-05 19:52:44,145 - INFO - Epoch 190/200 | train loss=0.000006 | val loss=6.688718 | best=inf
2026-01-05 19:52:44,386 - INFO - Epoch 200/200 | train loss=0.000007 | val loss=6.728740 | best=inf
2026-01-05 19:52:44,404 - INFO - Saved final model to: run_ALL_20260105_195238/model/final_model_20260105_195244.pth
2026-01-05 19:52:44,413 - INFO - Validation metrics: {
  "val_threshold": 0.9999995231628418,
  "val_acc": 1.0,
  "val_f1": 1.0,
  "val_precision": 1.0,
  "val_recall": 1.0,
  "val_auc": 1.0,
  "val_ap": 1.0
}
2026-01-05 19:52:44,414 - INFO - 5) Running SHAP ...
2026-01-05 19:53:07,748 - INFO - SHAP outputs saved to: run_ALL_20260105_195238/shap
2026-01-05 19:53:07,748 - INFO - Done. Total time: 29.12s
2026-01-05 19:53:07,748 - INFO - Output dir: run_ALL_20260105_195238
2026-01-05 19:58:20,577 - INFO - Using device: cuda
2026-01-05 19:58:20,579 - INFO - Hyperparameters: {
  "batch_size": 8,
  "learning_rate": 0.0005,
  "num_epochs": 200,
  "hidden_dim": 512,
  "num_blocks": 6,
  "dropout": 0.3,
  "feature_type": "ALL",
  "improvement_threshold": 0.25,
  "val_ratio": 0.1,
  "early_stop_patience": 100,
  "early_stop_min_epochs": 100
}
2026-01-05 19:58:20,580 - INFO - 1) Building diff index ...
2026-01-05 19:58:20,581 - WARNING - Duplicate patient ID found: stn02, skipping additional entry
2026-01-05 19:58:20,581 - WARNING - Skipping folder with invalid name format: healthy_virtual_brain
2026-01-05 19:58:20,581 - WARNING - Duplicate patient ID found: gpi11, skipping additional entry
2026-01-05 19:58:20,581 - WARNING - Duplicate patient ID found: gpi02, skipping additional entry
2026-01-05 19:58:20,582 - WARNING - Duplicate patient ID found: gpi19, skipping additional entry
2026-01-05 19:58:20,582 - WARNING - Duplicate patient ID found: stn23, skipping additional entry
2026-01-05 19:58:20,582 - WARNING - Duplicate patient ID found: stn03, skipping additional entry
2026-01-05 19:58:20,582 - WARNING - Duplicate patient ID found: gpi20, skipping additional entry
2026-01-05 19:58:20,582 - WARNING - Duplicate patient ID found: stn04, skipping additional entry
2026-01-05 19:58:20,582 - WARNING - Duplicate patient ID found: stn24, skipping additional entry
2026-01-05 19:58:20,582 - WARNING - Duplicate patient ID found: gpi04, skipping additional entry
2026-01-05 19:58:20,583 - WARNING - Duplicate patient ID found: gpi15, skipping additional entry
2026-01-05 19:58:20,583 - WARNING - Duplicate patient ID found: stn19, skipping additional entry
2026-01-05 19:58:20,583 - WARNING - Duplicate patient ID found: stn08, skipping additional entry
2026-01-05 19:58:20,583 - WARNING - Duplicate patient ID found: stn11, skipping additional entry
2026-01-05 19:58:20,583 - WARNING - Duplicate patient ID found: gpi07, skipping additional entry
2026-01-05 19:58:20,583 - WARNING - Duplicate patient ID found: gpi26, skipping additional entry
2026-01-05 19:58:20,583 - WARNING - Duplicate patient ID found: stn13, skipping additional entry
2026-01-05 19:58:20,583 - WARNING - Duplicate patient ID found: gpi06, skipping additional entry
2026-01-05 19:58:20,583 - WARNING - Duplicate patient ID found: stn30, skipping additional entry
2026-01-05 19:58:20,583 - WARNING - Duplicate patient ID found: stn18, skipping additional entry
2026-01-05 19:58:20,583 - WARNING - Duplicate patient ID found: gpi24, skipping additional entry
2026-01-05 19:58:20,583 - WARNING - Duplicate patient ID found: gpi13, skipping additional entry
2026-01-05 19:58:20,584 - WARNING - Duplicate patient ID found: stn07, skipping additional entry
2026-01-05 19:58:20,584 - WARNING - Duplicate patient ID found: stn20, skipping additional entry
2026-01-05 19:58:20,584 - WARNING - Duplicate patient ID found: gpi12, skipping additional entry
2026-01-05 19:58:20,584 - WARNING - Duplicate patient ID found: stn01, skipping additional entry
2026-01-05 19:58:20,584 - WARNING - Duplicate patient ID found: gpi22, skipping additional entry
2026-01-05 19:58:20,584 - WARNING - Duplicate patient ID found: gpi18, skipping additional entry
2026-01-05 19:58:20,584 - WARNING - Duplicate patient ID found: gpi09, skipping additional entry
2026-01-05 19:58:20,584 - WARNING - Duplicate patient ID found: gpi25, skipping additional entry
2026-01-05 19:58:20,585 - WARNING - Duplicate patient ID found: stn29, skipping additional entry
2026-01-05 19:58:20,585 - WARNING - Duplicate patient ID found: gpi31, skipping additional entry
2026-01-05 19:58:20,585 - WARNING - Duplicate patient ID found: stn10, skipping additional entry
2026-01-05 19:58:20,585 - WARNING - Duplicate patient ID found: gpi28, skipping additional entry
2026-01-05 19:58:20,585 - WARNING - Duplicate patient ID found: stn31, skipping additional entry
2026-01-05 19:58:20,585 - WARNING - Duplicate patient ID found: gpi03, skipping additional entry
2026-01-05 19:58:20,585 - WARNING - Duplicate patient ID found: gpi05, skipping additional entry
2026-01-05 19:58:20,585 - WARNING - Duplicate patient ID found: stn25, skipping additional entry
2026-01-05 19:58:20,585 - WARNING - Duplicate patient ID found: gpi08, skipping additional entry
2026-01-05 19:58:20,585 - WARNING - Duplicate patient ID found: gpi27, skipping additional entry
2026-01-05 19:58:20,585 - WARNING - Duplicate patient ID found: stn16, skipping additional entry
2026-01-05 19:58:20,585 - WARNING - Duplicate patient ID found: gpi23, skipping additional entry
2026-01-05 19:58:20,585 - WARNING - Duplicate patient ID found: stn09, skipping additional entry
2026-01-05 19:58:20,586 - WARNING - Duplicate patient ID found: stn28, skipping additional entry
2026-01-05 19:58:20,586 - WARNING - Duplicate patient ID found: stn06, skipping additional entry
2026-01-05 19:58:20,586 - WARNING - Duplicate patient ID found: stn12, skipping additional entry
2026-01-05 19:58:20,586 - WARNING - Duplicate patient ID found: gpi16, skipping additional entry
2026-01-05 19:58:20,586 - WARNING - Duplicate patient ID found: gpi30, skipping additional entry
2026-01-05 19:58:20,586 - WARNING - Duplicate patient ID found: stn21, skipping additional entry
2026-01-05 19:58:20,586 - WARNING - Duplicate patient ID found: stn22, skipping additional entry
2026-01-05 19:58:20,586 - WARNING - Duplicate patient ID found: stn14, skipping additional entry
2026-01-05 19:58:20,586 - WARNING - Duplicate patient ID found: gpi17, skipping additional entry
2026-01-05 19:58:20,586 - WARNING - Duplicate patient ID found: gpi21, skipping additional entry
2026-01-05 19:58:20,586 - WARNING - Duplicate patient ID found: gpi32, skipping additional entry
2026-01-05 19:58:20,586 - WARNING - Duplicate patient ID found: stn15, skipping additional entry
2026-01-05 19:58:20,586 - INFO - Built diff index with 71 patients
2026-01-05 19:58:20,586 - INFO - 2) Parsing UPDRS CSV ...
2026-01-05 19:58:20,599 - INFO - Found 55 valid samples
2026-01-05 19:58:20,600 - INFO - 3) Preparing data matrix ...
2026-01-05 19:58:20,632 - INFO - Feature matrix shape: (55, 365), Class distribution: [24 31]
2026-01-05 19:58:20,632 - INFO - 4) Training final model on all data (with train/val split) ...
2026-01-05 19:58:21,361 - INFO - Start training final model. Train=49, Val=6
2026-01-05 19:58:21,503 - INFO - Epoch 1/200 | train loss=0.878272 | val loss=0.865961 | best=inf
2026-01-05 19:58:21,721 - INFO - Epoch 10/200 | train loss=0.093043 | val loss=1.806731 | best=inf
2026-01-05 19:58:21,963 - INFO - Epoch 20/200 | train loss=0.000152 | val loss=3.270585 | best=inf
2026-01-05 19:58:22,204 - INFO - Epoch 30/200 | train loss=0.000101 | val loss=3.562019 | best=inf
2026-01-05 19:58:22,444 - INFO - Epoch 40/200 | train loss=0.000079 | val loss=3.402129 | best=inf
2026-01-05 19:58:22,685 - INFO - Epoch 50/200 | train loss=0.000054 | val loss=3.503541 | best=inf
2026-01-05 19:58:22,926 - INFO - Epoch 60/200 | train loss=0.000041 | val loss=3.451568 | best=inf
2026-01-05 19:58:23,170 - INFO - Epoch 70/200 | train loss=0.000124 | val loss=3.360903 | best=inf
2026-01-05 19:58:23,434 - INFO - Epoch 80/200 | train loss=0.000023 | val loss=3.343661 | best=inf
2026-01-05 19:58:23,676 - INFO - Epoch 90/200 | train loss=0.000018 | val loss=2.929527 | best=inf
2026-01-05 19:58:23,917 - INFO - Epoch 100/200 | train loss=0.000017 | val loss=3.091044 | best=inf
2026-01-05 19:58:24,174 - INFO - Epoch 110/200 | train loss=0.000023 | val loss=3.166062 | best=3.100817
2026-01-05 19:58:24,416 - INFO - Epoch 120/200 | train loss=0.000008 | val loss=3.205783 | best=3.100817
2026-01-05 19:58:24,657 - INFO - Epoch 130/200 | train loss=0.000009 | val loss=3.412310 | best=3.100817
2026-01-05 19:58:24,897 - INFO - Epoch 140/200 | train loss=0.000011 | val loss=3.631044 | best=3.100817
2026-01-05 19:58:25,138 - INFO - Epoch 150/200 | train loss=0.000064 | val loss=3.441069 | best=3.100817
2026-01-05 19:58:25,430 - INFO - Epoch 160/200 | train loss=0.331390 | val loss=5.462175 | best=1.642060
2026-01-05 19:58:25,687 - INFO - Epoch 170/200 | train loss=0.000218 | val loss=3.545028 | best=0.725173
2026-01-05 19:58:25,928 - INFO - Epoch 180/200 | train loss=0.000010 | val loss=3.848567 | best=0.725173
2026-01-05 19:58:26,168 - INFO - Epoch 190/200 | train loss=0.000008 | val loss=3.846124 | best=0.725173
2026-01-05 19:58:26,408 - INFO - Epoch 200/200 | train loss=0.000130 | val loss=3.284483 | best=0.725173
2026-01-05 19:58:26,421 - INFO - Loaded best model from results/model/best_model.pth (epoch 166)
2026-01-05 19:58:26,435 - INFO - Saved final model to: results/model/final_model_20260105_195826.pth
2026-01-05 19:58:26,445 - INFO - Validation metrics: {
  "val_threshold": 0.9999983310699463,
  "val_acc": 0.6666666666666666,
  "val_f1": 0.5,
  "val_precision": 1.0,
  "val_recall": 0.3333333333333333,
  "val_auc": 0.5555555555555556,
  "val_ap": 0.7222222222222222
}
2026-01-05 19:58:26,445 - INFO - 5) Running SHAP ...
2026-01-05 19:58:49,984 - INFO - SHAP outputs saved to: results/shap
2026-01-05 19:58:49,984 - INFO - Done. Total time: 29.41s
2026-01-05 19:58:49,984 - INFO - Output dir: results
2026-01-05 20:00:04,217 - INFO - Using device: cuda
2026-01-05 20:00:04,217 - INFO - Hyperparameters: {
  "batch_size": 8,
  "learning_rate": 0.0005,
  "num_epochs": 200,
  "hidden_dim": 512,
  "num_blocks": 6,
  "dropout": 0.3,
  "feature_type": "ALL",
  "improvement_threshold": 0.25,
  "val_ratio": 0.01,
  "early_stop_patience": 200,
  "early_stop_min_epochs": 200
}
2026-01-05 20:00:04,217 - INFO - 1) Building diff index ...
2026-01-05 20:00:04,218 - WARNING - Duplicate patient ID found: stn02, skipping additional entry
2026-01-05 20:00:04,218 - WARNING - Skipping folder with invalid name format: healthy_virtual_brain
2026-01-05 20:00:04,218 - WARNING - Duplicate patient ID found: gpi11, skipping additional entry
2026-01-05 20:00:04,219 - WARNING - Duplicate patient ID found: gpi02, skipping additional entry
2026-01-05 20:00:04,219 - WARNING - Duplicate patient ID found: gpi19, skipping additional entry
2026-01-05 20:00:04,219 - WARNING - Duplicate patient ID found: stn23, skipping additional entry
2026-01-05 20:00:04,219 - WARNING - Duplicate patient ID found: stn03, skipping additional entry
2026-01-05 20:00:04,219 - WARNING - Duplicate patient ID found: gpi20, skipping additional entry
2026-01-05 20:00:04,219 - WARNING - Duplicate patient ID found: stn04, skipping additional entry
2026-01-05 20:00:04,220 - WARNING - Duplicate patient ID found: stn24, skipping additional entry
2026-01-05 20:00:04,220 - WARNING - Duplicate patient ID found: gpi04, skipping additional entry
2026-01-05 20:00:04,220 - WARNING - Duplicate patient ID found: gpi15, skipping additional entry
2026-01-05 20:00:04,220 - WARNING - Duplicate patient ID found: stn19, skipping additional entry
2026-01-05 20:00:04,220 - WARNING - Duplicate patient ID found: stn08, skipping additional entry
2026-01-05 20:00:04,220 - WARNING - Duplicate patient ID found: stn11, skipping additional entry
2026-01-05 20:00:04,220 - WARNING - Duplicate patient ID found: gpi07, skipping additional entry
2026-01-05 20:00:04,220 - WARNING - Duplicate patient ID found: gpi26, skipping additional entry
2026-01-05 20:00:04,220 - WARNING - Duplicate patient ID found: stn13, skipping additional entry
2026-01-05 20:00:04,220 - WARNING - Duplicate patient ID found: gpi06, skipping additional entry
2026-01-05 20:00:04,220 - WARNING - Duplicate patient ID found: stn30, skipping additional entry
2026-01-05 20:00:04,220 - WARNING - Duplicate patient ID found: stn18, skipping additional entry
2026-01-05 20:00:04,221 - WARNING - Duplicate patient ID found: gpi24, skipping additional entry
2026-01-05 20:00:04,221 - WARNING - Duplicate patient ID found: gpi13, skipping additional entry
2026-01-05 20:00:04,221 - WARNING - Duplicate patient ID found: stn07, skipping additional entry
2026-01-05 20:00:04,221 - WARNING - Duplicate patient ID found: stn20, skipping additional entry
2026-01-05 20:00:04,221 - WARNING - Duplicate patient ID found: gpi12, skipping additional entry
2026-01-05 20:00:04,221 - WARNING - Duplicate patient ID found: stn01, skipping additional entry
2026-01-05 20:00:04,221 - WARNING - Duplicate patient ID found: gpi22, skipping additional entry
2026-01-05 20:00:04,221 - WARNING - Duplicate patient ID found: gpi18, skipping additional entry
2026-01-05 20:00:04,221 - WARNING - Duplicate patient ID found: gpi09, skipping additional entry
2026-01-05 20:00:04,222 - WARNING - Duplicate patient ID found: gpi25, skipping additional entry
2026-01-05 20:00:04,222 - WARNING - Duplicate patient ID found: stn29, skipping additional entry
2026-01-05 20:00:04,222 - WARNING - Duplicate patient ID found: gpi31, skipping additional entry
2026-01-05 20:00:04,222 - WARNING - Duplicate patient ID found: stn10, skipping additional entry
2026-01-05 20:00:04,222 - WARNING - Duplicate patient ID found: gpi28, skipping additional entry
2026-01-05 20:00:04,222 - WARNING - Duplicate patient ID found: stn31, skipping additional entry
2026-01-05 20:00:04,222 - WARNING - Duplicate patient ID found: gpi03, skipping additional entry
2026-01-05 20:00:04,222 - WARNING - Duplicate patient ID found: gpi05, skipping additional entry
2026-01-05 20:00:04,222 - WARNING - Duplicate patient ID found: stn25, skipping additional entry
2026-01-05 20:00:04,222 - WARNING - Duplicate patient ID found: gpi08, skipping additional entry
2026-01-05 20:00:04,222 - WARNING - Duplicate patient ID found: gpi27, skipping additional entry
2026-01-05 20:00:04,222 - WARNING - Duplicate patient ID found: stn16, skipping additional entry
2026-01-05 20:00:04,222 - WARNING - Duplicate patient ID found: gpi23, skipping additional entry
2026-01-05 20:00:04,223 - WARNING - Duplicate patient ID found: stn09, skipping additional entry
2026-01-05 20:00:04,223 - WARNING - Duplicate patient ID found: stn28, skipping additional entry
2026-01-05 20:00:04,223 - WARNING - Duplicate patient ID found: stn06, skipping additional entry
2026-01-05 20:00:04,223 - WARNING - Duplicate patient ID found: stn12, skipping additional entry
2026-01-05 20:00:04,223 - WARNING - Duplicate patient ID found: gpi16, skipping additional entry
2026-01-05 20:00:04,223 - WARNING - Duplicate patient ID found: gpi30, skipping additional entry
2026-01-05 20:00:04,223 - WARNING - Duplicate patient ID found: stn21, skipping additional entry
2026-01-05 20:00:04,223 - WARNING - Duplicate patient ID found: stn22, skipping additional entry
2026-01-05 20:00:04,223 - WARNING - Duplicate patient ID found: stn14, skipping additional entry
2026-01-05 20:00:04,223 - WARNING - Duplicate patient ID found: gpi17, skipping additional entry
2026-01-05 20:00:04,223 - WARNING - Duplicate patient ID found: gpi21, skipping additional entry
2026-01-05 20:00:04,223 - WARNING - Duplicate patient ID found: gpi32, skipping additional entry
2026-01-05 20:00:04,223 - WARNING - Duplicate patient ID found: stn15, skipping additional entry
2026-01-05 20:00:04,223 - INFO - Built diff index with 71 patients
2026-01-05 20:00:04,223 - INFO - 2) Parsing UPDRS CSV ...
2026-01-05 20:00:04,236 - INFO - Found 55 valid samples
2026-01-05 20:00:04,237 - INFO - 3) Preparing data matrix ...
2026-01-05 20:00:04,269 - INFO - Feature matrix shape: (55, 365), Class distribution: [24 31]
2026-01-05 20:00:04,269 - INFO - 4) Training final model on all data (with train/val split) ...
2026-01-05 20:00:14,177 - INFO - Using device: cuda
2026-01-05 20:00:14,177 - INFO - Hyperparameters: {
  "batch_size": 8,
  "learning_rate": 0.0005,
  "num_epochs": 200,
  "hidden_dim": 512,
  "num_blocks": 6,
  "dropout": 0.3,
  "feature_type": "ALL",
  "improvement_threshold": 0.25,
  "val_ratio": 0.02,
  "early_stop_patience": 200,
  "early_stop_min_epochs": 200
}
2026-01-05 20:00:14,178 - INFO - 1) Building diff index ...
2026-01-05 20:00:14,179 - WARNING - Duplicate patient ID found: stn02, skipping additional entry
2026-01-05 20:00:14,179 - WARNING - Skipping folder with invalid name format: healthy_virtual_brain
2026-01-05 20:00:14,179 - WARNING - Duplicate patient ID found: gpi11, skipping additional entry
2026-01-05 20:00:14,179 - WARNING - Duplicate patient ID found: gpi02, skipping additional entry
2026-01-05 20:00:14,179 - WARNING - Duplicate patient ID found: gpi19, skipping additional entry
2026-01-05 20:00:14,180 - WARNING - Duplicate patient ID found: stn23, skipping additional entry
2026-01-05 20:00:14,180 - WARNING - Duplicate patient ID found: stn03, skipping additional entry
2026-01-05 20:00:14,180 - WARNING - Duplicate patient ID found: gpi20, skipping additional entry
2026-01-05 20:00:14,180 - WARNING - Duplicate patient ID found: stn04, skipping additional entry
2026-01-05 20:00:14,181 - WARNING - Duplicate patient ID found: stn24, skipping additional entry
2026-01-05 20:00:14,181 - WARNING - Duplicate patient ID found: gpi04, skipping additional entry
2026-01-05 20:00:14,181 - WARNING - Duplicate patient ID found: gpi15, skipping additional entry
2026-01-05 20:00:14,181 - WARNING - Duplicate patient ID found: stn19, skipping additional entry
2026-01-05 20:00:14,181 - WARNING - Duplicate patient ID found: stn08, skipping additional entry
2026-01-05 20:00:14,181 - WARNING - Duplicate patient ID found: stn11, skipping additional entry
2026-01-05 20:00:14,181 - WARNING - Duplicate patient ID found: gpi07, skipping additional entry
2026-01-05 20:00:14,181 - WARNING - Duplicate patient ID found: gpi26, skipping additional entry
2026-01-05 20:00:14,181 - WARNING - Duplicate patient ID found: stn13, skipping additional entry
2026-01-05 20:00:14,182 - WARNING - Duplicate patient ID found: gpi06, skipping additional entry
2026-01-05 20:00:14,182 - WARNING - Duplicate patient ID found: stn30, skipping additional entry
2026-01-05 20:00:14,182 - WARNING - Duplicate patient ID found: stn18, skipping additional entry
2026-01-05 20:00:14,182 - WARNING - Duplicate patient ID found: gpi24, skipping additional entry
2026-01-05 20:00:14,182 - WARNING - Duplicate patient ID found: gpi13, skipping additional entry
2026-01-05 20:00:14,182 - WARNING - Duplicate patient ID found: stn07, skipping additional entry
2026-01-05 20:00:14,182 - WARNING - Duplicate patient ID found: stn20, skipping additional entry
2026-01-05 20:00:14,183 - WARNING - Duplicate patient ID found: gpi12, skipping additional entry
2026-01-05 20:00:14,183 - WARNING - Duplicate patient ID found: stn01, skipping additional entry
2026-01-05 20:00:14,183 - WARNING - Duplicate patient ID found: gpi22, skipping additional entry
2026-01-05 20:00:14,183 - WARNING - Duplicate patient ID found: gpi18, skipping additional entry
2026-01-05 20:00:14,183 - WARNING - Duplicate patient ID found: gpi09, skipping additional entry
2026-01-05 20:00:14,183 - WARNING - Duplicate patient ID found: gpi25, skipping additional entry
2026-01-05 20:00:14,184 - WARNING - Duplicate patient ID found: stn29, skipping additional entry
2026-01-05 20:00:14,184 - WARNING - Duplicate patient ID found: gpi31, skipping additional entry
2026-01-05 20:00:14,184 - WARNING - Duplicate patient ID found: stn10, skipping additional entry
2026-01-05 20:00:14,184 - WARNING - Duplicate patient ID found: gpi28, skipping additional entry
2026-01-05 20:00:14,184 - WARNING - Duplicate patient ID found: stn31, skipping additional entry
2026-01-05 20:00:14,184 - WARNING - Duplicate patient ID found: gpi03, skipping additional entry
2026-01-05 20:00:14,184 - WARNING - Duplicate patient ID found: gpi05, skipping additional entry
2026-01-05 20:00:14,184 - WARNING - Duplicate patient ID found: stn25, skipping additional entry
2026-01-05 20:00:14,184 - WARNING - Duplicate patient ID found: gpi08, skipping additional entry
2026-01-05 20:00:14,184 - WARNING - Duplicate patient ID found: gpi27, skipping additional entry
2026-01-05 20:00:14,185 - WARNING - Duplicate patient ID found: stn16, skipping additional entry
2026-01-05 20:00:14,185 - WARNING - Duplicate patient ID found: gpi23, skipping additional entry
2026-01-05 20:00:14,185 - WARNING - Duplicate patient ID found: stn09, skipping additional entry
2026-01-05 20:00:14,185 - WARNING - Duplicate patient ID found: stn28, skipping additional entry
2026-01-05 20:00:14,185 - WARNING - Duplicate patient ID found: stn06, skipping additional entry
2026-01-05 20:00:14,185 - WARNING - Duplicate patient ID found: stn12, skipping additional entry
2026-01-05 20:00:14,185 - WARNING - Duplicate patient ID found: gpi16, skipping additional entry
2026-01-05 20:00:14,185 - WARNING - Duplicate patient ID found: gpi30, skipping additional entry
2026-01-05 20:00:14,185 - WARNING - Duplicate patient ID found: stn21, skipping additional entry
2026-01-05 20:00:14,186 - WARNING - Duplicate patient ID found: stn22, skipping additional entry
2026-01-05 20:00:14,186 - WARNING - Duplicate patient ID found: stn14, skipping additional entry
2026-01-05 20:00:14,186 - WARNING - Duplicate patient ID found: gpi17, skipping additional entry
2026-01-05 20:00:14,186 - WARNING - Duplicate patient ID found: gpi21, skipping additional entry
2026-01-05 20:00:14,186 - WARNING - Duplicate patient ID found: gpi32, skipping additional entry
2026-01-05 20:00:14,186 - WARNING - Duplicate patient ID found: stn15, skipping additional entry
2026-01-05 20:00:14,186 - INFO - Built diff index with 71 patients
2026-01-05 20:00:14,186 - INFO - 2) Parsing UPDRS CSV ...
2026-01-05 20:00:14,199 - INFO - Found 55 valid samples
2026-01-05 20:00:14,199 - INFO - 3) Preparing data matrix ...
2026-01-05 20:00:14,232 - INFO - Feature matrix shape: (55, 365), Class distribution: [24 31]
2026-01-05 20:00:14,232 - INFO - 4) Training final model on all data (with train/val split) ...
2026-01-05 20:00:14,957 - INFO - Start training final model. Train=53, Val=2
2026-01-05 20:00:15,103 - INFO - Epoch 1/200 | train loss=0.766651 | val loss=0.583059 | best=inf
2026-01-05 20:00:15,325 - INFO - Epoch 10/200 | train loss=0.156107 | val loss=4.980486 | best=inf
2026-01-05 20:00:15,573 - INFO - Epoch 20/200 | train loss=0.011193 | val loss=2.986970 | best=inf
2026-01-05 20:00:15,818 - INFO - Epoch 30/200 | train loss=0.002197 | val loss=3.480561 | best=inf
2026-01-05 20:00:16,063 - INFO - Epoch 40/200 | train loss=0.000080 | val loss=5.812450 | best=inf
2026-01-05 20:00:16,309 - INFO - Epoch 50/200 | train loss=0.000012 | val loss=6.102359 | best=inf
2026-01-05 20:00:16,554 - INFO - Epoch 60/200 | train loss=0.000015 | val loss=6.126754 | best=inf
2026-01-05 20:00:16,801 - INFO - Epoch 70/200 | train loss=0.000013 | val loss=6.126754 | best=inf
2026-01-05 20:00:17,047 - INFO - Epoch 80/200 | train loss=0.000006 | val loss=6.193520 | best=inf
2026-01-05 20:00:17,292 - INFO - Epoch 90/200 | train loss=0.000008 | val loss=6.222939 | best=inf
2026-01-05 20:00:17,537 - INFO - Epoch 100/200 | train loss=0.000004 | val loss=6.287545 | best=inf
2026-01-05 20:00:17,782 - INFO - Epoch 110/200 | train loss=0.000008 | val loss=6.342145 | best=inf
2026-01-05 20:00:18,029 - INFO - Epoch 120/200 | train loss=0.000009 | val loss=6.382166 | best=inf
2026-01-05 20:00:18,275 - INFO - Epoch 130/200 | train loss=0.000010 | val loss=6.448932 | best=inf
2026-01-05 20:00:18,519 - INFO - Epoch 140/200 | train loss=0.000019 | val loss=6.498973 | best=inf
2026-01-05 20:00:18,764 - INFO - Epoch 150/200 | train loss=0.000002 | val loss=6.554586 | best=inf
2026-01-05 20:00:19,009 - INFO - Epoch 160/200 | train loss=0.000003 | val loss=6.584898 | best=inf
2026-01-05 20:00:19,254 - INFO - Epoch 170/200 | train loss=0.000008 | val loss=6.617168 | best=inf
2026-01-05 20:00:19,498 - INFO - Epoch 180/200 | train loss=0.000003 | val loss=6.651664 | best=inf
2026-01-05 20:00:19,742 - INFO - Epoch 190/200 | train loss=0.000006 | val loss=6.688718 | best=inf
2026-01-05 20:00:19,986 - INFO - Epoch 200/200 | train loss=0.000007 | val loss=6.728740 | best=inf
2026-01-05 20:00:20,001 - INFO - Loaded best model from results/model/best_model.pth (epoch 0)
2026-01-05 20:00:20,017 - INFO - Saved final model to: results/model/final_model_20260105_200020.pth
2026-01-05 20:00:20,027 - INFO - Validation metrics: {
  "val_threshold": 0.9999983310699463,
  "val_acc": 1.0,
  "val_f1": 1.0,
  "val_precision": 1.0,
  "val_recall": 1.0,
  "val_auc": 1.0,
  "val_ap": 1.0
}
2026-01-05 20:00:20,032 - INFO - 5) Running SHAP ...
2026-01-05 20:00:43,171 - INFO - SHAP outputs saved to: results/shap
2026-01-05 20:00:43,171 - INFO - Done. Total time: 28.99s
2026-01-05 20:00:43,171 - INFO - Output dir: results
2026-01-05 20:01:34,310 - INFO - Using device: cuda
2026-01-05 20:01:34,310 - INFO - Hyperparameters: {
  "batch_size": 8,
  "learning_rate": 0.0005,
  "num_epochs": 200,
  "hidden_dim": 512,
  "num_blocks": 6,
  "dropout": 0.3,
  "feature_type": "ALL",
  "improvement_threshold": 0.25,
  "val_ratio": 0.2,
  "early_stop_patience": 100,
  "early_stop_min_epochs": 100
}
2026-01-05 20:01:34,310 - INFO - 1) Building diff index ...
2026-01-05 20:01:34,311 - WARNING - Duplicate patient ID found: stn02, skipping additional entry
2026-01-05 20:01:34,312 - WARNING - Skipping folder with invalid name format: healthy_virtual_brain
2026-01-05 20:01:34,312 - WARNING - Duplicate patient ID found: gpi11, skipping additional entry
2026-01-05 20:01:34,312 - WARNING - Duplicate patient ID found: gpi02, skipping additional entry
2026-01-05 20:01:34,312 - WARNING - Duplicate patient ID found: gpi19, skipping additional entry
2026-01-05 20:01:34,312 - WARNING - Duplicate patient ID found: stn23, skipping additional entry
2026-01-05 20:01:34,312 - WARNING - Duplicate patient ID found: stn03, skipping additional entry
2026-01-05 20:01:34,313 - WARNING - Duplicate patient ID found: gpi20, skipping additional entry
2026-01-05 20:01:34,313 - WARNING - Duplicate patient ID found: stn04, skipping additional entry
2026-01-05 20:01:34,313 - WARNING - Duplicate patient ID found: stn24, skipping additional entry
2026-01-05 20:01:34,313 - WARNING - Duplicate patient ID found: gpi04, skipping additional entry
2026-01-05 20:01:34,313 - WARNING - Duplicate patient ID found: gpi15, skipping additional entry
2026-01-05 20:01:34,313 - WARNING - Duplicate patient ID found: stn19, skipping additional entry
2026-01-05 20:01:34,313 - WARNING - Duplicate patient ID found: stn08, skipping additional entry
2026-01-05 20:01:34,313 - WARNING - Duplicate patient ID found: stn11, skipping additional entry
2026-01-05 20:01:34,313 - WARNING - Duplicate patient ID found: gpi07, skipping additional entry
2026-01-05 20:01:34,313 - WARNING - Duplicate patient ID found: gpi26, skipping additional entry
2026-01-05 20:01:34,314 - WARNING - Duplicate patient ID found: stn13, skipping additional entry
2026-01-05 20:01:34,314 - WARNING - Duplicate patient ID found: gpi06, skipping additional entry
2026-01-05 20:01:34,314 - WARNING - Duplicate patient ID found: stn30, skipping additional entry
2026-01-05 20:01:34,314 - WARNING - Duplicate patient ID found: stn18, skipping additional entry
2026-01-05 20:01:34,314 - WARNING - Duplicate patient ID found: gpi24, skipping additional entry
2026-01-05 20:01:34,314 - WARNING - Duplicate patient ID found: gpi13, skipping additional entry
2026-01-05 20:01:34,314 - WARNING - Duplicate patient ID found: stn07, skipping additional entry
2026-01-05 20:01:34,314 - WARNING - Duplicate patient ID found: stn20, skipping additional entry
2026-01-05 20:01:34,314 - WARNING - Duplicate patient ID found: gpi12, skipping additional entry
2026-01-05 20:01:34,315 - WARNING - Duplicate patient ID found: stn01, skipping additional entry
2026-01-05 20:01:34,315 - WARNING - Duplicate patient ID found: gpi22, skipping additional entry
2026-01-05 20:01:34,315 - WARNING - Duplicate patient ID found: gpi18, skipping additional entry
2026-01-05 20:01:34,315 - WARNING - Duplicate patient ID found: gpi09, skipping additional entry
2026-01-05 20:01:34,315 - WARNING - Duplicate patient ID found: gpi25, skipping additional entry
2026-01-05 20:01:34,315 - WARNING - Duplicate patient ID found: stn29, skipping additional entry
2026-01-05 20:01:34,315 - WARNING - Duplicate patient ID found: gpi31, skipping additional entry
2026-01-05 20:01:34,315 - WARNING - Duplicate patient ID found: stn10, skipping additional entry
2026-01-05 20:01:34,315 - WARNING - Duplicate patient ID found: gpi28, skipping additional entry
2026-01-05 20:01:34,315 - WARNING - Duplicate patient ID found: stn31, skipping additional entry
2026-01-05 20:01:34,315 - WARNING - Duplicate patient ID found: gpi03, skipping additional entry
2026-01-05 20:01:34,316 - WARNING - Duplicate patient ID found: gpi05, skipping additional entry
2026-01-05 20:01:34,316 - WARNING - Duplicate patient ID found: stn25, skipping additional entry
2026-01-05 20:01:34,316 - WARNING - Duplicate patient ID found: gpi08, skipping additional entry
2026-01-05 20:01:34,316 - WARNING - Duplicate patient ID found: gpi27, skipping additional entry
2026-01-05 20:01:34,316 - WARNING - Duplicate patient ID found: stn16, skipping additional entry
2026-01-05 20:01:34,316 - WARNING - Duplicate patient ID found: gpi23, skipping additional entry
2026-01-05 20:01:34,316 - WARNING - Duplicate patient ID found: stn09, skipping additional entry
2026-01-05 20:01:34,316 - WARNING - Duplicate patient ID found: stn28, skipping additional entry
2026-01-05 20:01:34,316 - WARNING - Duplicate patient ID found: stn06, skipping additional entry
2026-01-05 20:01:34,316 - WARNING - Duplicate patient ID found: stn12, skipping additional entry
2026-01-05 20:01:34,316 - WARNING - Duplicate patient ID found: gpi16, skipping additional entry
2026-01-05 20:01:34,316 - WARNING - Duplicate patient ID found: gpi30, skipping additional entry
2026-01-05 20:01:34,316 - WARNING - Duplicate patient ID found: stn21, skipping additional entry
2026-01-05 20:01:34,317 - WARNING - Duplicate patient ID found: stn22, skipping additional entry
2026-01-05 20:01:34,317 - WARNING - Duplicate patient ID found: stn14, skipping additional entry
2026-01-05 20:01:34,317 - WARNING - Duplicate patient ID found: gpi17, skipping additional entry
2026-01-05 20:01:34,317 - WARNING - Duplicate patient ID found: gpi21, skipping additional entry
2026-01-05 20:01:34,317 - WARNING - Duplicate patient ID found: gpi32, skipping additional entry
2026-01-05 20:01:34,317 - WARNING - Duplicate patient ID found: stn15, skipping additional entry
2026-01-05 20:01:34,317 - INFO - Built diff index with 71 patients
2026-01-05 20:01:34,317 - INFO - 2) Parsing UPDRS CSV ...
2026-01-05 20:01:34,330 - INFO - Found 55 valid samples
2026-01-05 20:01:34,330 - INFO - 3) Preparing data matrix ...
2026-01-05 20:01:34,362 - INFO - Feature matrix shape: (55, 365), Class distribution: [24 31]
2026-01-05 20:01:34,362 - INFO - 4) Training final model on all data (with train/val split) ...
2026-01-05 20:01:35,094 - INFO - Start training final model. Train=44, Val=11
2026-01-05 20:01:35,235 - INFO - Epoch 1/200 | train loss=0.732180 | val loss=1.292977 | best=inf
2026-01-05 20:01:35,430 - INFO - Epoch 10/200 | train loss=0.010993 | val loss=2.566091 | best=inf
2026-01-05 20:01:35,647 - INFO - Epoch 20/200 | train loss=0.012948 | val loss=1.134322 | best=inf
2026-01-05 20:01:35,864 - INFO - Epoch 30/200 | train loss=0.000136 | val loss=3.241001 | best=inf
2026-01-05 20:01:36,081 - INFO - Epoch 40/200 | train loss=0.000158 | val loss=3.568924 | best=inf
2026-01-05 20:01:36,297 - INFO - Epoch 50/200 | train loss=0.000052 | val loss=3.718748 | best=inf
2026-01-05 20:01:36,513 - INFO - Epoch 60/200 | train loss=0.000033 | val loss=3.802977 | best=inf
2026-01-05 20:01:36,732 - INFO - Epoch 70/200 | train loss=0.000028 | val loss=3.877620 | best=inf
2026-01-05 20:01:36,948 - INFO - Epoch 80/200 | train loss=0.000040 | val loss=3.940325 | best=inf
2026-01-05 20:01:37,164 - INFO - Epoch 90/200 | train loss=0.000019 | val loss=3.991569 | best=inf
2026-01-05 20:01:37,380 - INFO - Epoch 100/200 | train loss=0.000017 | val loss=4.040806 | best=inf
2026-01-05 20:01:37,615 - INFO - Epoch 110/200 | train loss=0.000020 | val loss=4.095811 | best=4.045433
2026-01-05 20:01:37,831 - INFO - Epoch 120/200 | train loss=0.000006 | val loss=4.139363 | best=4.045433
2026-01-05 20:01:38,049 - INFO - Epoch 130/200 | train loss=0.000017 | val loss=4.192829 | best=4.045433
2026-01-05 20:01:38,265 - INFO - Epoch 140/200 | train loss=0.000006 | val loss=4.241466 | best=4.045433
2026-01-05 20:01:38,482 - INFO - Epoch 150/200 | train loss=0.000010 | val loss=4.279315 | best=4.045433
2026-01-05 20:01:38,699 - INFO - Epoch 160/200 | train loss=0.000010 | val loss=4.313926 | best=4.045433
2026-01-05 20:01:38,915 - INFO - Epoch 170/200 | train loss=0.000007 | val loss=4.350182 | best=4.045433
2026-01-05 20:01:39,132 - INFO - Epoch 180/200 | train loss=0.000005 | val loss=4.390448 | best=4.045433
2026-01-05 20:01:39,347 - INFO - Epoch 190/200 | train loss=0.000008 | val loss=4.430876 | best=4.045433
2026-01-05 20:01:39,561 - INFO - Epoch 200/200 | train loss=0.000014 | val loss=4.455175 | best=4.045433
2026-01-05 20:01:39,575 - INFO - Loaded best model from results/model/best_model.pth (epoch 101)
2026-01-05 20:01:39,592 - INFO - Saved final model to: results/model/final_model_20260105_200139.pth
2026-01-05 20:01:39,602 - INFO - Validation metrics: {
  "val_threshold": 1.955529114638921e-05,
  "val_acc": 0.7272727272727273,
  "val_f1": 0.8,
  "val_precision": 0.6666666666666666,
  "val_recall": 1.0,
  "val_auc": 0.6333333333333333,
  "val_ap": 0.7041666666666666
}
2026-01-05 20:01:39,604 - INFO - 5) Running SHAP ...
2026-01-05 20:02:02,724 - INFO - SHAP outputs saved to: results/shap
2026-01-05 20:02:02,724 - INFO - Done. Total time: 28.41s
2026-01-05 20:02:02,724 - INFO - Output dir: results
2026-01-05 20:03:31,307 - INFO - Using device: cuda
2026-01-05 20:03:31,307 - INFO - Hyperparameters: {
  "batch_size": 8,
  "learning_rate": 0.0005,
  "num_epochs": 200,
  "hidden_dim": 512,
  "num_blocks": 6,
  "dropout": 0.3,
  "feature_type": "ALL",
  "improvement_threshold": 0.25,
  "val_ratio": 0.2,
  "early_stop_patience": 100,
  "early_stop_min_epochs": 100
}
2026-01-05 20:03:31,307 - INFO - 1) Building diff index ...
2026-01-05 20:03:31,308 - WARNING - Duplicate patient ID found: stn02, skipping additional entry
2026-01-05 20:03:31,309 - WARNING - Skipping folder with invalid name format: healthy_virtual_brain
2026-01-05 20:03:31,309 - WARNING - Duplicate patient ID found: gpi11, skipping additional entry
2026-01-05 20:03:31,309 - WARNING - Duplicate patient ID found: gpi02, skipping additional entry
2026-01-05 20:03:31,309 - WARNING - Duplicate patient ID found: gpi19, skipping additional entry
2026-01-05 20:03:31,309 - WARNING - Duplicate patient ID found: stn23, skipping additional entry
2026-01-05 20:03:31,309 - WARNING - Duplicate patient ID found: stn03, skipping additional entry
2026-01-05 20:03:31,309 - WARNING - Duplicate patient ID found: gpi20, skipping additional entry
2026-01-05 20:03:31,310 - WARNING - Duplicate patient ID found: stn04, skipping additional entry
2026-01-05 20:03:31,310 - WARNING - Duplicate patient ID found: stn24, skipping additional entry
2026-01-05 20:03:31,310 - WARNING - Duplicate patient ID found: gpi04, skipping additional entry
2026-01-05 20:03:31,310 - WARNING - Duplicate patient ID found: gpi15, skipping additional entry
2026-01-05 20:03:31,310 - WARNING - Duplicate patient ID found: stn19, skipping additional entry
2026-01-05 20:03:31,310 - WARNING - Duplicate patient ID found: stn08, skipping additional entry
2026-01-05 20:03:31,310 - WARNING - Duplicate patient ID found: stn11, skipping additional entry
2026-01-05 20:03:31,310 - WARNING - Duplicate patient ID found: gpi07, skipping additional entry
2026-01-05 20:03:31,310 - WARNING - Duplicate patient ID found: gpi26, skipping additional entry
2026-01-05 20:03:31,311 - WARNING - Duplicate patient ID found: stn13, skipping additional entry
2026-01-05 20:03:31,311 - WARNING - Duplicate patient ID found: gpi06, skipping additional entry
2026-01-05 20:03:31,311 - WARNING - Duplicate patient ID found: stn30, skipping additional entry
2026-01-05 20:03:31,311 - WARNING - Duplicate patient ID found: stn18, skipping additional entry
2026-01-05 20:03:31,311 - WARNING - Duplicate patient ID found: gpi24, skipping additional entry
2026-01-05 20:03:31,311 - WARNING - Duplicate patient ID found: gpi13, skipping additional entry
2026-01-05 20:03:31,311 - WARNING - Duplicate patient ID found: stn07, skipping additional entry
2026-01-05 20:03:31,311 - WARNING - Duplicate patient ID found: stn20, skipping additional entry
2026-01-05 20:03:31,311 - WARNING - Duplicate patient ID found: gpi12, skipping additional entry
2026-01-05 20:03:31,312 - WARNING - Duplicate patient ID found: stn01, skipping additional entry
2026-01-05 20:03:31,312 - WARNING - Duplicate patient ID found: gpi22, skipping additional entry
2026-01-05 20:03:31,312 - WARNING - Duplicate patient ID found: gpi18, skipping additional entry
2026-01-05 20:03:31,312 - WARNING - Duplicate patient ID found: gpi09, skipping additional entry
2026-01-05 20:03:31,312 - WARNING - Duplicate patient ID found: gpi25, skipping additional entry
2026-01-05 20:03:31,312 - WARNING - Duplicate patient ID found: stn29, skipping additional entry
2026-01-05 20:03:31,312 - WARNING - Duplicate patient ID found: gpi31, skipping additional entry
2026-01-05 20:03:31,312 - WARNING - Duplicate patient ID found: stn10, skipping additional entry
2026-01-05 20:03:31,312 - WARNING - Duplicate patient ID found: gpi28, skipping additional entry
2026-01-05 20:03:31,312 - WARNING - Duplicate patient ID found: stn31, skipping additional entry
2026-01-05 20:03:31,312 - WARNING - Duplicate patient ID found: gpi03, skipping additional entry
2026-01-05 20:03:31,312 - WARNING - Duplicate patient ID found: gpi05, skipping additional entry
2026-01-05 20:03:31,313 - WARNING - Duplicate patient ID found: stn25, skipping additional entry
2026-01-05 20:03:31,313 - WARNING - Duplicate patient ID found: gpi08, skipping additional entry
2026-01-05 20:03:31,313 - WARNING - Duplicate patient ID found: gpi27, skipping additional entry
2026-01-05 20:03:31,313 - WARNING - Duplicate patient ID found: stn16, skipping additional entry
2026-01-05 20:03:31,313 - WARNING - Duplicate patient ID found: gpi23, skipping additional entry
2026-01-05 20:03:31,313 - WARNING - Duplicate patient ID found: stn09, skipping additional entry
2026-01-05 20:03:31,313 - WARNING - Duplicate patient ID found: stn28, skipping additional entry
2026-01-05 20:03:31,313 - WARNING - Duplicate patient ID found: stn06, skipping additional entry
2026-01-05 20:03:31,313 - WARNING - Duplicate patient ID found: stn12, skipping additional entry
2026-01-05 20:03:31,313 - WARNING - Duplicate patient ID found: gpi16, skipping additional entry
2026-01-05 20:03:31,313 - WARNING - Duplicate patient ID found: gpi30, skipping additional entry
2026-01-05 20:03:31,313 - WARNING - Duplicate patient ID found: stn21, skipping additional entry
2026-01-05 20:03:31,313 - WARNING - Duplicate patient ID found: stn22, skipping additional entry
2026-01-05 20:03:31,314 - WARNING - Duplicate patient ID found: stn14, skipping additional entry
2026-01-05 20:03:31,314 - WARNING - Duplicate patient ID found: gpi17, skipping additional entry
2026-01-05 20:03:31,314 - WARNING - Duplicate patient ID found: gpi21, skipping additional entry
2026-01-05 20:03:31,314 - WARNING - Duplicate patient ID found: gpi32, skipping additional entry
2026-01-05 20:03:31,314 - WARNING - Duplicate patient ID found: stn15, skipping additional entry
2026-01-05 20:03:31,314 - INFO - Built diff index with 71 patients
2026-01-05 20:03:31,314 - INFO - 2) Parsing UPDRS CSV ...
2026-01-05 20:03:31,327 - INFO - Found 55 valid samples
2026-01-05 20:03:31,327 - INFO - 3) Preparing data matrix ...
2026-01-05 20:03:31,359 - INFO - Feature matrix shape: (55, 365), Class distribution: [24 31]
2026-01-05 20:03:31,359 - INFO - 4) Training final model on all data (with train/val split) ...
2026-01-05 20:03:32,092 - INFO - Start training final model. Train=44, Val=11
2026-01-05 20:03:32,234 - INFO - Epoch 1/200 | train loss=0.732180 | val loss=1.292977 | best=inf
2026-01-05 20:03:32,431 - INFO - Epoch 10/200 | train loss=0.010993 | val loss=2.566091 | best=inf
2026-01-05 20:03:32,649 - INFO - Epoch 20/200 | train loss=0.012948 | val loss=1.134322 | best=inf
2026-01-05 20:03:32,866 - INFO - Epoch 30/200 | train loss=0.000136 | val loss=3.241001 | best=inf
2026-01-05 20:03:33,083 - INFO - Epoch 40/200 | train loss=0.000158 | val loss=3.568924 | best=inf
2026-01-05 20:03:33,300 - INFO - Epoch 50/200 | train loss=0.000052 | val loss=3.718748 | best=inf
2026-01-05 20:03:33,517 - INFO - Epoch 60/200 | train loss=0.000033 | val loss=3.802977 | best=inf
2026-01-05 20:03:33,736 - INFO - Epoch 70/200 | train loss=0.000028 | val loss=3.877620 | best=inf
2026-01-05 20:03:33,954 - INFO - Epoch 80/200 | train loss=0.000040 | val loss=3.940325 | best=inf
2026-01-05 20:03:34,171 - INFO - Epoch 90/200 | train loss=0.000019 | val loss=3.991569 | best=inf
2026-01-05 20:03:34,387 - INFO - Epoch 100/200 | train loss=0.000017 | val loss=4.040806 | best=inf
2026-01-05 20:03:34,623 - INFO - Epoch 110/200 | train loss=0.000020 | val loss=4.095811 | best=4.045433
2026-01-05 20:03:34,840 - INFO - Epoch 120/200 | train loss=0.000006 | val loss=4.139363 | best=4.045433
2026-01-05 20:03:35,059 - INFO - Epoch 130/200 | train loss=0.000017 | val loss=4.192829 | best=4.045433
2026-01-05 20:03:35,276 - INFO - Epoch 140/200 | train loss=0.000006 | val loss=4.241466 | best=4.045433
2026-01-05 20:03:35,494 - INFO - Epoch 150/200 | train loss=0.000010 | val loss=4.279315 | best=4.045433
2026-01-05 20:03:35,711 - INFO - Epoch 160/200 | train loss=0.000010 | val loss=4.313926 | best=4.045433
2026-01-05 20:03:35,929 - INFO - Epoch 170/200 | train loss=0.000007 | val loss=4.350182 | best=4.045433
2026-01-05 20:03:36,147 - INFO - Epoch 180/200 | train loss=0.000005 | val loss=4.390448 | best=4.045433
2026-01-05 20:03:36,362 - INFO - Epoch 190/200 | train loss=0.000008 | val loss=4.430876 | best=4.045433
2026-01-05 20:03:36,578 - INFO - Epoch 200/200 | train loss=0.000014 | val loss=4.455175 | best=4.045433
2026-01-05 20:03:36,591 - INFO - Loaded best model from results/model/best_model.pth (epoch 101)
2026-01-05 20:03:36,607 - INFO - Saved final model to: results/model/final_model_20260105_200336.pth
2026-01-05 20:03:36,617 - INFO - Validation metrics: {
  "val_threshold": 1.955529114638921e-05,
  "val_acc": 0.7272727272727273,
  "val_f1": 0.8,
  "val_precision": 0.6666666666666666,
  "val_recall": 1.0,
  "val_auc": 0.6333333333333333,
  "val_ap": 0.7041666666666666
}
2026-01-05 20:03:36,620 - INFO - 5) Running SHAP ...
2026-01-05 20:04:00,097 - INFO - SHAP outputs saved to: results/shap
2026-01-05 20:04:00,097 - INFO - Done. Total time: 28.79s
2026-01-05 20:04:00,097 - INFO - Output dir: results
2026-01-05 20:04:42,948 - INFO - Using device: cuda
2026-01-05 20:04:42,948 - INFO - Hyperparameters: {
  "batch_size": 8,
  "learning_rate": 0.0005,
  "num_epochs": 200,
  "hidden_dim": 512,
  "num_blocks": 6,
  "dropout": 0.3,
  "feature_type": "ALL",
  "improvement_threshold": 0.25,
  "val_ratio": 0.2,
  "early_stop_patience": 100,
  "early_stop_min_epochs": 100
}
2026-01-05 20:04:42,948 - INFO - 1) Building diff index ...
2026-01-05 20:04:42,949 - WARNING - Duplicate patient ID found: stn02, skipping additional entry
2026-01-05 20:04:42,950 - WARNING - Skipping folder with invalid name format: healthy_virtual_brain
2026-01-05 20:04:42,950 - WARNING - Duplicate patient ID found: gpi11, skipping additional entry
2026-01-05 20:04:42,950 - WARNING - Duplicate patient ID found: gpi02, skipping additional entry
2026-01-05 20:04:42,950 - WARNING - Duplicate patient ID found: gpi19, skipping additional entry
2026-01-05 20:04:42,950 - WARNING - Duplicate patient ID found: stn23, skipping additional entry
2026-01-05 20:04:42,950 - WARNING - Duplicate patient ID found: stn03, skipping additional entry
2026-01-05 20:04:42,950 - WARNING - Duplicate patient ID found: gpi20, skipping additional entry
2026-01-05 20:04:42,951 - WARNING - Duplicate patient ID found: stn04, skipping additional entry
2026-01-05 20:04:42,951 - WARNING - Duplicate patient ID found: stn24, skipping additional entry
2026-01-05 20:04:42,951 - WARNING - Duplicate patient ID found: gpi04, skipping additional entry
2026-01-05 20:04:42,951 - WARNING - Duplicate patient ID found: gpi15, skipping additional entry
2026-01-05 20:04:42,951 - WARNING - Duplicate patient ID found: stn19, skipping additional entry
2026-01-05 20:04:42,951 - WARNING - Duplicate patient ID found: stn08, skipping additional entry
2026-01-05 20:04:42,951 - WARNING - Duplicate patient ID found: stn11, skipping additional entry
2026-01-05 20:04:42,951 - WARNING - Duplicate patient ID found: gpi07, skipping additional entry
2026-01-05 20:04:42,951 - WARNING - Duplicate patient ID found: gpi26, skipping additional entry
2026-01-05 20:04:42,952 - WARNING - Duplicate patient ID found: stn13, skipping additional entry
2026-01-05 20:04:42,952 - WARNING - Duplicate patient ID found: gpi06, skipping additional entry
2026-01-05 20:04:42,952 - WARNING - Duplicate patient ID found: stn30, skipping additional entry
2026-01-05 20:04:42,952 - WARNING - Duplicate patient ID found: stn18, skipping additional entry
2026-01-05 20:04:42,952 - WARNING - Duplicate patient ID found: gpi24, skipping additional entry
2026-01-05 20:04:42,952 - WARNING - Duplicate patient ID found: gpi13, skipping additional entry
2026-01-05 20:04:42,952 - WARNING - Duplicate patient ID found: stn07, skipping additional entry
2026-01-05 20:04:42,952 - WARNING - Duplicate patient ID found: stn20, skipping additional entry
2026-01-05 20:04:42,952 - WARNING - Duplicate patient ID found: gpi12, skipping additional entry
2026-01-05 20:04:42,953 - WARNING - Duplicate patient ID found: stn01, skipping additional entry
2026-01-05 20:04:42,953 - WARNING - Duplicate patient ID found: gpi22, skipping additional entry
2026-01-05 20:04:42,953 - WARNING - Duplicate patient ID found: gpi18, skipping additional entry
2026-01-05 20:04:42,953 - WARNING - Duplicate patient ID found: gpi09, skipping additional entry
2026-01-05 20:04:42,953 - WARNING - Duplicate patient ID found: gpi25, skipping additional entry
2026-01-05 20:04:42,953 - WARNING - Duplicate patient ID found: stn29, skipping additional entry
2026-01-05 20:04:42,953 - WARNING - Duplicate patient ID found: gpi31, skipping additional entry
2026-01-05 20:04:42,953 - WARNING - Duplicate patient ID found: stn10, skipping additional entry
2026-01-05 20:04:42,953 - WARNING - Duplicate patient ID found: gpi28, skipping additional entry
2026-01-05 20:04:42,953 - WARNING - Duplicate patient ID found: stn31, skipping additional entry
2026-01-05 20:04:42,953 - WARNING - Duplicate patient ID found: gpi03, skipping additional entry
2026-01-05 20:04:42,953 - WARNING - Duplicate patient ID found: gpi05, skipping additional entry
2026-01-05 20:04:42,954 - WARNING - Duplicate patient ID found: stn25, skipping additional entry
2026-01-05 20:04:42,954 - WARNING - Duplicate patient ID found: gpi08, skipping additional entry
2026-01-05 20:04:42,954 - WARNING - Duplicate patient ID found: gpi27, skipping additional entry
2026-01-05 20:04:42,954 - WARNING - Duplicate patient ID found: stn16, skipping additional entry
2026-01-05 20:04:42,954 - WARNING - Duplicate patient ID found: gpi23, skipping additional entry
2026-01-05 20:04:42,954 - WARNING - Duplicate patient ID found: stn09, skipping additional entry
2026-01-05 20:04:42,954 - WARNING - Duplicate patient ID found: stn28, skipping additional entry
2026-01-05 20:04:42,954 - WARNING - Duplicate patient ID found: stn06, skipping additional entry
2026-01-05 20:04:42,954 - WARNING - Duplicate patient ID found: stn12, skipping additional entry
2026-01-05 20:04:42,954 - WARNING - Duplicate patient ID found: gpi16, skipping additional entry
2026-01-05 20:04:42,954 - WARNING - Duplicate patient ID found: gpi30, skipping additional entry
2026-01-05 20:04:42,954 - WARNING - Duplicate patient ID found: stn21, skipping additional entry
2026-01-05 20:04:42,954 - WARNING - Duplicate patient ID found: stn22, skipping additional entry
2026-01-05 20:04:42,955 - WARNING - Duplicate patient ID found: stn14, skipping additional entry
2026-01-05 20:04:42,955 - WARNING - Duplicate patient ID found: gpi17, skipping additional entry
2026-01-05 20:04:42,955 - WARNING - Duplicate patient ID found: gpi21, skipping additional entry
2026-01-05 20:04:42,955 - WARNING - Duplicate patient ID found: gpi32, skipping additional entry
2026-01-05 20:04:42,955 - WARNING - Duplicate patient ID found: stn15, skipping additional entry
2026-01-05 20:04:42,955 - INFO - Built diff index with 71 patients
2026-01-05 20:04:42,955 - INFO - 2) Parsing UPDRS CSV ...
2026-01-05 20:04:42,968 - INFO - Found 55 valid samples
2026-01-05 20:04:42,968 - INFO - 3) Preparing data matrix ...
2026-01-05 20:04:43,001 - INFO - Feature matrix shape: (55, 365), Class distribution: [24 31]
2026-01-05 20:04:43,001 - INFO - 4) Training final model on all data (with train/val split) ...
2026-01-05 20:04:43,723 - INFO - Start training final model. Train=44, Val=11
2026-01-05 20:04:43,865 - INFO - Epoch 1/200 | train loss=0.732180 | val loss=1.292977 | best=inf
2026-01-05 20:04:44,062 - INFO - Epoch 10/200 | train loss=0.010993 | val loss=2.566091 | best=inf
2026-01-05 20:04:44,280 - INFO - Epoch 20/200 | train loss=0.012948 | val loss=1.134322 | best=inf
2026-01-05 20:04:44,497 - INFO - Epoch 30/200 | train loss=0.000136 | val loss=3.241001 | best=inf
2026-01-05 20:04:44,714 - INFO - Epoch 40/200 | train loss=0.000158 | val loss=3.568924 | best=inf
2026-01-05 20:04:44,931 - INFO - Epoch 50/200 | train loss=0.000052 | val loss=3.718748 | best=inf
2026-01-05 20:04:45,149 - INFO - Epoch 60/200 | train loss=0.000033 | val loss=3.802977 | best=inf
2026-01-05 20:04:45,368 - INFO - Epoch 70/200 | train loss=0.000028 | val loss=3.877620 | best=inf
2026-01-05 20:04:45,585 - INFO - Epoch 80/200 | train loss=0.000040 | val loss=3.940325 | best=inf
2026-01-05 20:04:45,802 - INFO - Epoch 90/200 | train loss=0.000019 | val loss=3.991569 | best=inf
2026-01-05 20:04:46,019 - INFO - Epoch 100/200 | train loss=0.000017 | val loss=4.040806 | best=inf
2026-01-05 20:04:46,268 - INFO - Epoch 110/200 | train loss=0.000020 | val loss=4.095811 | best=4.045433
2026-01-05 20:04:46,485 - INFO - Epoch 120/200 | train loss=0.000006 | val loss=4.139363 | best=4.045433
2026-01-05 20:04:46,704 - INFO - Epoch 130/200 | train loss=0.000017 | val loss=4.192829 | best=4.045433
2026-01-05 20:04:46,921 - INFO - Epoch 140/200 | train loss=0.000006 | val loss=4.241466 | best=4.045433
2026-01-05 20:04:47,138 - INFO - Epoch 150/200 | train loss=0.000010 | val loss=4.279315 | best=4.045433
2026-01-05 20:04:47,354 - INFO - Epoch 160/200 | train loss=0.000010 | val loss=4.313926 | best=4.045433
2026-01-05 20:04:47,571 - INFO - Epoch 170/200 | train loss=0.000007 | val loss=4.350182 | best=4.045433
2026-01-05 20:04:47,789 - INFO - Epoch 180/200 | train loss=0.000005 | val loss=4.390448 | best=4.045433
2026-01-05 20:04:48,005 - INFO - Epoch 190/200 | train loss=0.000008 | val loss=4.430876 | best=4.045433
2026-01-05 20:04:48,221 - INFO - Epoch 200/200 | train loss=0.000014 | val loss=4.455175 | best=4.045433
2026-01-05 20:04:48,234 - INFO - Loaded best model from results/model/best_model.pth (epoch 101)
2026-01-05 20:04:48,252 - INFO - Saved final model to: results/model/final_model_20260105_200448.pth
2026-01-05 20:04:48,263 - INFO - Validation metrics: {
  "val_threshold": 1.955529114638921e-05,
  "val_acc": 0.7272727272727273,
  "val_f1": 0.8,
  "val_precision": 0.6666666666666666,
  "val_recall": 1.0,
  "val_auc": 0.6333333333333333,
  "val_ap": 0.7041666666666666
}
2026-01-05 20:04:48,265 - INFO - 5) Running SHAP ...
2026-01-05 20:05:12,155 - INFO - SHAP outputs saved to: results/shap
2026-01-05 20:05:12,155 - INFO - Done. Total time: 29.21s
2026-01-05 20:05:12,155 - INFO - Output dir: results
2026-01-05 20:12:05,793 - INFO - Using device: cuda
2026-01-05 20:12:05,795 - INFO - Hyperparameters: {
  "batch_size": 8,
  "learning_rate": 0.0005,
  "num_epochs": 200,
  "hidden_dim": 512,
  "num_blocks": 6,
  "dropout": 0.3,
  "feature_type": "ALL",
  "improvement_threshold": 0.25,
  "val_ratio": 0.2,
  "early_stop_patience": 100,
  "early_stop_min_epochs": 100
}
2026-01-05 20:12:05,795 - INFO - 1) Building diff index ...
2026-01-05 20:12:05,796 - WARNING - Duplicate patient ID found: stn02, skipping additional entry
2026-01-05 20:12:05,796 - WARNING - Skipping folder with invalid name format: healthy_virtual_brain
2026-01-05 20:12:05,797 - WARNING - Duplicate patient ID found: gpi11, skipping additional entry
2026-01-05 20:12:05,797 - WARNING - Duplicate patient ID found: gpi02, skipping additional entry
2026-01-05 20:12:05,797 - WARNING - Duplicate patient ID found: gpi19, skipping additional entry
2026-01-05 20:12:05,797 - WARNING - Duplicate patient ID found: stn23, skipping additional entry
2026-01-05 20:12:05,797 - WARNING - Duplicate patient ID found: stn03, skipping additional entry
2026-01-05 20:12:05,797 - WARNING - Duplicate patient ID found: gpi20, skipping additional entry
2026-01-05 20:12:05,798 - WARNING - Duplicate patient ID found: stn04, skipping additional entry
2026-01-05 20:12:05,798 - WARNING - Duplicate patient ID found: stn24, skipping additional entry
2026-01-05 20:12:05,798 - WARNING - Duplicate patient ID found: gpi04, skipping additional entry
2026-01-05 20:12:05,798 - WARNING - Duplicate patient ID found: gpi15, skipping additional entry
2026-01-05 20:12:05,798 - WARNING - Duplicate patient ID found: stn19, skipping additional entry
2026-01-05 20:12:05,798 - WARNING - Duplicate patient ID found: stn08, skipping additional entry
2026-01-05 20:12:05,798 - WARNING - Duplicate patient ID found: stn11, skipping additional entry
2026-01-05 20:12:05,798 - WARNING - Duplicate patient ID found: gpi07, skipping additional entry
2026-01-05 20:12:05,798 - WARNING - Duplicate patient ID found: gpi26, skipping additional entry
2026-01-05 20:12:05,798 - WARNING - Duplicate patient ID found: stn13, skipping additional entry
2026-01-05 20:12:05,799 - WARNING - Duplicate patient ID found: gpi06, skipping additional entry
2026-01-05 20:12:05,799 - WARNING - Duplicate patient ID found: stn30, skipping additional entry
2026-01-05 20:12:05,799 - WARNING - Duplicate patient ID found: stn18, skipping additional entry
2026-01-05 20:12:05,799 - WARNING - Duplicate patient ID found: gpi24, skipping additional entry
2026-01-05 20:12:05,799 - WARNING - Duplicate patient ID found: gpi13, skipping additional entry
2026-01-05 20:12:05,799 - WARNING - Duplicate patient ID found: stn07, skipping additional entry
2026-01-05 20:12:05,799 - WARNING - Duplicate patient ID found: stn20, skipping additional entry
2026-01-05 20:12:05,799 - WARNING - Duplicate patient ID found: gpi12, skipping additional entry
2026-01-05 20:12:05,799 - WARNING - Duplicate patient ID found: stn01, skipping additional entry
2026-01-05 20:12:05,800 - WARNING - Duplicate patient ID found: gpi22, skipping additional entry
2026-01-05 20:12:05,800 - WARNING - Duplicate patient ID found: gpi18, skipping additional entry
2026-01-05 20:12:05,800 - WARNING - Duplicate patient ID found: gpi09, skipping additional entry
2026-01-05 20:12:05,800 - WARNING - Duplicate patient ID found: gpi25, skipping additional entry
2026-01-05 20:12:05,800 - WARNING - Duplicate patient ID found: stn29, skipping additional entry
2026-01-05 20:12:05,800 - WARNING - Duplicate patient ID found: gpi31, skipping additional entry
2026-01-05 20:12:05,800 - WARNING - Duplicate patient ID found: stn10, skipping additional entry
2026-01-05 20:12:05,800 - WARNING - Duplicate patient ID found: gpi28, skipping additional entry
2026-01-05 20:12:05,800 - WARNING - Duplicate patient ID found: stn31, skipping additional entry
2026-01-05 20:12:05,800 - WARNING - Duplicate patient ID found: gpi03, skipping additional entry
2026-01-05 20:12:05,800 - WARNING - Duplicate patient ID found: gpi05, skipping additional entry
2026-01-05 20:12:05,800 - WARNING - Duplicate patient ID found: stn25, skipping additional entry
2026-01-05 20:12:05,801 - WARNING - Duplicate patient ID found: gpi08, skipping additional entry
2026-01-05 20:12:05,801 - WARNING - Duplicate patient ID found: gpi27, skipping additional entry
2026-01-05 20:12:05,801 - WARNING - Duplicate patient ID found: stn16, skipping additional entry
2026-01-05 20:12:05,801 - WARNING - Duplicate patient ID found: gpi23, skipping additional entry
2026-01-05 20:12:05,801 - WARNING - Duplicate patient ID found: stn09, skipping additional entry
2026-01-05 20:12:05,801 - WARNING - Duplicate patient ID found: stn28, skipping additional entry
2026-01-05 20:12:05,801 - WARNING - Duplicate patient ID found: stn06, skipping additional entry
2026-01-05 20:12:05,801 - WARNING - Duplicate patient ID found: stn12, skipping additional entry
2026-01-05 20:12:05,801 - WARNING - Duplicate patient ID found: gpi16, skipping additional entry
2026-01-05 20:12:05,801 - WARNING - Duplicate patient ID found: gpi30, skipping additional entry
2026-01-05 20:12:05,801 - WARNING - Duplicate patient ID found: stn21, skipping additional entry
2026-01-05 20:12:05,801 - WARNING - Duplicate patient ID found: stn22, skipping additional entry
2026-01-05 20:12:05,801 - WARNING - Duplicate patient ID found: stn14, skipping additional entry
2026-01-05 20:12:05,801 - WARNING - Duplicate patient ID found: gpi17, skipping additional entry
2026-01-05 20:12:05,802 - WARNING - Duplicate patient ID found: gpi21, skipping additional entry
2026-01-05 20:12:05,802 - WARNING - Duplicate patient ID found: gpi32, skipping additional entry
2026-01-05 20:12:05,802 - WARNING - Duplicate patient ID found: stn15, skipping additional entry
2026-01-05 20:12:05,802 - INFO - Built diff index with 71 patients
2026-01-05 20:12:05,802 - INFO - 2) Parsing UPDRS CSV ...
2026-01-05 20:12:05,815 - INFO - Found 55 valid samples
2026-01-05 20:12:05,815 - INFO - 3) Preparing data matrix ...
2026-01-05 20:12:05,847 - INFO - Feature matrix shape: (55, 365), Class distribution: [24 31]
2026-01-05 20:12:05,847 - INFO - 4) Training final model on all data (with train/val split) ...
2026-01-05 20:12:06,577 - INFO - Start training final model. Train=44, Val=11
2026-01-05 20:12:06,720 - INFO - Epoch 1/200 | train loss=0.732180 | val loss=1.292977 | best=inf
2026-01-05 20:12:06,918 - INFO - Epoch 10/200 | train loss=0.010993 | val loss=2.566091 | best=inf
2026-01-05 20:12:07,138 - INFO - Epoch 20/200 | train loss=0.012948 | val loss=1.134322 | best=inf
2026-01-05 20:12:07,357 - INFO - Epoch 30/200 | train loss=0.000136 | val loss=3.241001 | best=inf
2026-01-05 20:12:07,576 - INFO - Epoch 40/200 | train loss=0.000158 | val loss=3.568924 | best=inf
2026-01-05 20:12:07,796 - INFO - Epoch 50/200 | train loss=0.000052 | val loss=3.718748 | best=inf
2026-01-05 20:12:08,014 - INFO - Epoch 60/200 | train loss=0.000033 | val loss=3.802977 | best=inf
2026-01-05 20:12:08,235 - INFO - Epoch 70/200 | train loss=0.000028 | val loss=3.877620 | best=inf
2026-01-05 20:12:08,456 - INFO - Epoch 80/200 | train loss=0.000040 | val loss=3.940325 | best=inf
2026-01-05 20:12:08,676 - INFO - Epoch 90/200 | train loss=0.000019 | val loss=3.991569 | best=inf
2026-01-05 20:12:08,895 - INFO - Epoch 100/200 | train loss=0.000017 | val loss=4.040806 | best=inf
2026-01-05 20:12:09,133 - INFO - Epoch 110/200 | train loss=0.000020 | val loss=4.095811 | best=4.045433
2026-01-05 20:12:09,353 - INFO - Epoch 120/200 | train loss=0.000006 | val loss=4.139363 | best=4.045433
2026-01-05 20:12:09,574 - INFO - Epoch 130/200 | train loss=0.000017 | val loss=4.192829 | best=4.045433
2026-01-05 20:12:09,793 - INFO - Epoch 140/200 | train loss=0.000006 | val loss=4.241466 | best=4.045433
2026-01-05 20:12:10,011 - INFO - Epoch 150/200 | train loss=0.000010 | val loss=4.279315 | best=4.045433
2026-01-05 20:12:10,229 - INFO - Epoch 160/200 | train loss=0.000010 | val loss=4.313926 | best=4.045433
2026-01-05 20:12:10,447 - INFO - Epoch 170/200 | train loss=0.000007 | val loss=4.350182 | best=4.045433
2026-01-05 20:12:10,667 - INFO - Epoch 180/200 | train loss=0.000005 | val loss=4.390448 | best=4.045433
2026-01-05 20:12:10,884 - INFO - Epoch 190/200 | train loss=0.000008 | val loss=4.430876 | best=4.045433
2026-01-05 20:12:11,101 - INFO - Epoch 200/200 | train loss=0.000014 | val loss=4.455175 | best=4.045433
2026-01-05 20:12:11,115 - INFO - Loaded best model from results/model/best_model.pth (epoch 101)
2026-01-05 20:12:11,130 - INFO - Saved final model to: results/model/final_model_20260105_201211.pth
2026-01-05 20:12:11,140 - INFO - Validation metrics: {
  "val_threshold": 1.955529114638921e-05,
  "val_acc": 0.7272727272727273,
  "val_f1": 0.8,
  "val_precision": 0.6666666666666666,
  "val_recall": 1.0,
  "val_auc": 0.6333333333333333,
  "val_ap": 0.7041666666666666
}
2026-01-05 20:12:11,142 - INFO - 5) Running SHAP ...
2026-01-05 20:12:34,858 - INFO - SHAP outputs saved to: results/shap
2026-01-05 20:12:34,859 - INFO - Done. Total time: 29.06s
2026-01-05 20:12:34,859 - INFO - Output dir: results
2026-01-05 20:15:51,154 - INFO - Using device: cuda
2026-01-05 20:15:51,154 - INFO - Hyperparameters: {
  "batch_size": 8,
  "learning_rate": 0.0005,
  "num_epochs": 200,
  "hidden_dim": 512,
  "num_blocks": 6,
  "dropout": 0.3,
  "feature_type": "ALL",
  "improvement_threshold": 0.25,
  "val_ratio": 0.2,
  "early_stop_patience": 100,
  "early_stop_min_epochs": 100
}
2026-01-05 20:15:51,154 - INFO - 1) Building diff index ...
2026-01-05 20:15:51,156 - WARNING - Duplicate patient ID found: stn02, skipping additional entry
2026-01-05 20:15:51,156 - WARNING - Skipping folder with invalid name format: healthy_virtual_brain
2026-01-05 20:15:51,156 - WARNING - Duplicate patient ID found: gpi11, skipping additional entry
2026-01-05 20:15:51,156 - WARNING - Duplicate patient ID found: gpi02, skipping additional entry
2026-01-05 20:15:51,156 - WARNING - Duplicate patient ID found: gpi19, skipping additional entry
2026-01-05 20:15:51,156 - WARNING - Duplicate patient ID found: stn23, skipping additional entry
2026-01-05 20:15:51,157 - WARNING - Duplicate patient ID found: stn03, skipping additional entry
2026-01-05 20:15:51,157 - WARNING - Duplicate patient ID found: gpi20, skipping additional entry
2026-01-05 20:15:51,157 - WARNING - Duplicate patient ID found: stn04, skipping additional entry
2026-01-05 20:15:51,157 - WARNING - Duplicate patient ID found: stn24, skipping additional entry
2026-01-05 20:15:51,157 - WARNING - Duplicate patient ID found: gpi04, skipping additional entry
2026-01-05 20:15:51,157 - WARNING - Duplicate patient ID found: gpi15, skipping additional entry
2026-01-05 20:15:51,157 - WARNING - Duplicate patient ID found: stn19, skipping additional entry
2026-01-05 20:15:51,157 - WARNING - Duplicate patient ID found: stn08, skipping additional entry
2026-01-05 20:15:51,157 - WARNING - Duplicate patient ID found: stn11, skipping additional entry
2026-01-05 20:15:51,158 - WARNING - Duplicate patient ID found: gpi07, skipping additional entry
2026-01-05 20:15:51,158 - WARNING - Duplicate patient ID found: gpi26, skipping additional entry
2026-01-05 20:15:51,158 - WARNING - Duplicate patient ID found: stn13, skipping additional entry
2026-01-05 20:15:51,158 - WARNING - Duplicate patient ID found: gpi06, skipping additional entry
2026-01-05 20:15:51,158 - WARNING - Duplicate patient ID found: stn30, skipping additional entry
2026-01-05 20:15:51,158 - WARNING - Duplicate patient ID found: stn18, skipping additional entry
2026-01-05 20:15:51,158 - WARNING - Duplicate patient ID found: gpi24, skipping additional entry
2026-01-05 20:15:51,158 - WARNING - Duplicate patient ID found: gpi13, skipping additional entry
2026-01-05 20:15:51,158 - WARNING - Duplicate patient ID found: stn07, skipping additional entry
2026-01-05 20:15:51,158 - WARNING - Duplicate patient ID found: stn20, skipping additional entry
2026-01-05 20:15:51,159 - WARNING - Duplicate patient ID found: gpi12, skipping additional entry
2026-01-05 20:15:51,159 - WARNING - Duplicate patient ID found: stn01, skipping additional entry
2026-01-05 20:15:51,159 - WARNING - Duplicate patient ID found: gpi22, skipping additional entry
2026-01-05 20:15:51,159 - WARNING - Duplicate patient ID found: gpi18, skipping additional entry
2026-01-05 20:15:51,159 - WARNING - Duplicate patient ID found: gpi09, skipping additional entry
2026-01-05 20:15:51,159 - WARNING - Duplicate patient ID found: gpi25, skipping additional entry
2026-01-05 20:15:51,159 - WARNING - Duplicate patient ID found: stn29, skipping additional entry
2026-01-05 20:15:51,159 - WARNING - Duplicate patient ID found: gpi31, skipping additional entry
2026-01-05 20:15:51,159 - WARNING - Duplicate patient ID found: stn10, skipping additional entry
2026-01-05 20:15:51,159 - WARNING - Duplicate patient ID found: gpi28, skipping additional entry
2026-01-05 20:15:51,160 - WARNING - Duplicate patient ID found: stn31, skipping additional entry
2026-01-05 20:15:51,160 - WARNING - Duplicate patient ID found: gpi03, skipping additional entry
2026-01-05 20:15:51,160 - WARNING - Duplicate patient ID found: gpi05, skipping additional entry
2026-01-05 20:15:51,160 - WARNING - Duplicate patient ID found: stn25, skipping additional entry
2026-01-05 20:15:51,160 - WARNING - Duplicate patient ID found: gpi08, skipping additional entry
2026-01-05 20:15:51,160 - WARNING - Duplicate patient ID found: gpi27, skipping additional entry
2026-01-05 20:15:51,160 - WARNING - Duplicate patient ID found: stn16, skipping additional entry
2026-01-05 20:15:51,160 - WARNING - Duplicate patient ID found: gpi23, skipping additional entry
2026-01-05 20:15:51,160 - WARNING - Duplicate patient ID found: stn09, skipping additional entry
2026-01-05 20:15:51,160 - WARNING - Duplicate patient ID found: stn28, skipping additional entry
2026-01-05 20:15:51,160 - WARNING - Duplicate patient ID found: stn06, skipping additional entry
2026-01-05 20:15:51,160 - WARNING - Duplicate patient ID found: stn12, skipping additional entry
2026-01-05 20:15:51,161 - WARNING - Duplicate patient ID found: gpi16, skipping additional entry
2026-01-05 20:15:51,161 - WARNING - Duplicate patient ID found: gpi30, skipping additional entry
2026-01-05 20:15:51,161 - WARNING - Duplicate patient ID found: stn21, skipping additional entry
2026-01-05 20:15:51,161 - WARNING - Duplicate patient ID found: stn22, skipping additional entry
2026-01-05 20:15:51,161 - WARNING - Duplicate patient ID found: stn14, skipping additional entry
2026-01-05 20:15:51,161 - WARNING - Duplicate patient ID found: gpi17, skipping additional entry
2026-01-05 20:15:51,161 - WARNING - Duplicate patient ID found: gpi21, skipping additional entry
2026-01-05 20:15:51,161 - WARNING - Duplicate patient ID found: gpi32, skipping additional entry
2026-01-05 20:15:51,161 - WARNING - Duplicate patient ID found: stn15, skipping additional entry
2026-01-05 20:15:51,161 - INFO - Built diff index with 71 patients
2026-01-05 20:15:51,161 - INFO - 2) Parsing UPDRS CSV ...
2026-01-05 20:15:51,174 - INFO - Found 55 valid samples
2026-01-05 20:15:51,174 - INFO - 3) Preparing data matrix ...
2026-01-05 20:15:51,207 - INFO - Feature matrix shape: (55, 365), Class distribution: [24 31]
2026-01-05 20:15:51,207 - INFO - 4) Training final model on all data (with train/val split) ...
2026-01-05 20:15:51,940 - INFO - Start training final model. Train=44, Val=11
2026-01-05 20:15:52,080 - INFO - Epoch 1/200 | train loss=0.732180 | val loss=1.292977 | best=inf
2026-01-05 20:15:52,277 - INFO - Epoch 10/200 | train loss=0.010993 | val loss=2.566091 | best=inf
2026-01-05 20:15:52,495 - INFO - Epoch 20/200 | train loss=0.012948 | val loss=1.134322 | best=inf
2026-01-05 20:15:52,713 - INFO - Epoch 30/200 | train loss=0.000136 | val loss=3.241001 | best=inf
2026-01-05 20:15:52,931 - INFO - Epoch 40/200 | train loss=0.000158 | val loss=3.568924 | best=inf
2026-01-05 20:15:53,149 - INFO - Epoch 50/200 | train loss=0.000052 | val loss=3.718748 | best=inf
2026-01-05 20:15:53,366 - INFO - Epoch 60/200 | train loss=0.000033 | val loss=3.802977 | best=inf
2026-01-05 20:15:53,589 - INFO - Epoch 70/200 | train loss=0.000028 | val loss=3.877620 | best=inf
2026-01-05 20:15:53,806 - INFO - Epoch 80/200 | train loss=0.000040 | val loss=3.940325 | best=inf
2026-01-05 20:15:54,024 - INFO - Epoch 90/200 | train loss=0.000019 | val loss=3.991569 | best=inf
2026-01-05 20:15:54,241 - INFO - Epoch 100/200 | train loss=0.000017 | val loss=4.040806 | best=inf
2026-01-05 20:15:54,478 - INFO - Epoch 110/200 | train loss=0.000020 | val loss=4.095811 | best=4.045433
2026-01-05 20:15:54,695 - INFO - Epoch 120/200 | train loss=0.000006 | val loss=4.139363 | best=4.045433
2026-01-05 20:15:54,914 - INFO - Epoch 130/200 | train loss=0.000017 | val loss=4.192829 | best=4.045433
2026-01-05 20:15:55,131 - INFO - Epoch 140/200 | train loss=0.000006 | val loss=4.241466 | best=4.045433
2026-01-05 20:15:55,348 - INFO - Epoch 150/200 | train loss=0.000010 | val loss=4.279315 | best=4.045433
2026-01-05 20:15:55,565 - INFO - Epoch 160/200 | train loss=0.000010 | val loss=4.313926 | best=4.045433
2026-01-05 20:15:55,783 - INFO - Epoch 170/200 | train loss=0.000007 | val loss=4.350182 | best=4.045433
2026-01-05 20:15:56,000 - INFO - Epoch 180/200 | train loss=0.000005 | val loss=4.390448 | best=4.045433
2026-01-05 20:15:56,217 - INFO - Epoch 190/200 | train loss=0.000008 | val loss=4.430876 | best=4.045433
2026-01-05 20:15:56,431 - INFO - Epoch 200/200 | train loss=0.000014 | val loss=4.455175 | best=4.045433
2026-01-05 20:15:56,445 - INFO - Loaded best model from results/model/best_model.pth (epoch 101)
2026-01-05 20:15:56,460 - INFO - Saved final model to: results/model/final_model_20260105_201556.pth
2026-01-05 20:15:56,470 - INFO - Validation metrics: {
  "val_threshold": 1.955529114638921e-05,
  "val_acc": 0.7272727272727273,
  "val_f1": 0.8,
  "val_precision": 0.6666666666666666,
  "val_recall": 1.0,
  "val_auc": 0.6333333333333333,
  "val_ap": 0.7041666666666666
}
2026-01-05 20:15:56,474 - INFO - 5) Running SHAP ...
2026-01-05 20:16:19,738 - INFO - SHAP outputs saved to: results/shap
2026-01-05 20:16:19,738 - INFO - Done. Total time: 28.58s
2026-01-05 20:16:19,738 - INFO - Output dir: results
2026-01-05 20:26:10,367 - INFO - Using device: cuda
2026-01-05 20:26:10,380 - INFO - Hyperparameters: {
  "batch_size": 8,
  "learning_rate": 0.0005,
  "num_epochs": 200,
  "hidden_dim": 512,
  "num_blocks": 6,
  "dropout": 0.3,
  "feature_type": "ALL",
  "improvement_threshold": 0.25,
  "val_ratio": 0.2,
  "early_stop_patience": 100,
  "early_stop_min_epochs": 100
}
2026-01-05 20:26:10,380 - INFO - 1) Building diff index ...
2026-01-05 20:26:10,381 - WARNING - Duplicate patient ID found: stn02, skipping additional entry
2026-01-05 20:26:10,381 - WARNING - Skipping folder with invalid name format: healthy_virtual_brain
2026-01-05 20:26:10,381 - WARNING - Duplicate patient ID found: gpi11, skipping additional entry
2026-01-05 20:26:10,381 - WARNING - Duplicate patient ID found: gpi02, skipping additional entry
2026-01-05 20:26:10,381 - WARNING - Duplicate patient ID found: gpi19, skipping additional entry
2026-01-05 20:26:10,382 - WARNING - Duplicate patient ID found: stn23, skipping additional entry
2026-01-05 20:26:10,382 - WARNING - Duplicate patient ID found: stn03, skipping additional entry
2026-01-05 20:26:10,382 - WARNING - Duplicate patient ID found: gpi20, skipping additional entry
2026-01-05 20:26:10,382 - WARNING - Duplicate patient ID found: stn04, skipping additional entry
2026-01-05 20:26:10,382 - WARNING - Duplicate patient ID found: stn24, skipping additional entry
2026-01-05 20:26:10,382 - WARNING - Duplicate patient ID found: gpi04, skipping additional entry
2026-01-05 20:26:10,382 - WARNING - Duplicate patient ID found: gpi15, skipping additional entry
2026-01-05 20:26:10,382 - WARNING - Duplicate patient ID found: stn19, skipping additional entry
2026-01-05 20:26:10,383 - WARNING - Duplicate patient ID found: stn08, skipping additional entry
2026-01-05 20:26:10,383 - WARNING - Duplicate patient ID found: stn11, skipping additional entry
2026-01-05 20:26:10,383 - WARNING - Duplicate patient ID found: gpi07, skipping additional entry
2026-01-05 20:26:10,383 - WARNING - Duplicate patient ID found: gpi26, skipping additional entry
2026-01-05 20:26:10,383 - WARNING - Duplicate patient ID found: stn13, skipping additional entry
2026-01-05 20:26:10,383 - WARNING - Duplicate patient ID found: gpi06, skipping additional entry
2026-01-05 20:26:10,383 - WARNING - Duplicate patient ID found: stn30, skipping additional entry
2026-01-05 20:26:10,383 - WARNING - Duplicate patient ID found: stn18, skipping additional entry
2026-01-05 20:26:10,383 - WARNING - Duplicate patient ID found: gpi24, skipping additional entry
2026-01-05 20:26:10,383 - WARNING - Duplicate patient ID found: gpi13, skipping additional entry
2026-01-05 20:26:10,383 - WARNING - Duplicate patient ID found: stn07, skipping additional entry
2026-01-05 20:26:10,384 - WARNING - Duplicate patient ID found: stn20, skipping additional entry
2026-01-05 20:26:10,384 - WARNING - Duplicate patient ID found: gpi12, skipping additional entry
2026-01-05 20:26:10,384 - WARNING - Duplicate patient ID found: stn01, skipping additional entry
2026-01-05 20:26:10,384 - WARNING - Duplicate patient ID found: gpi22, skipping additional entry
2026-01-05 20:26:10,384 - WARNING - Duplicate patient ID found: gpi18, skipping additional entry
2026-01-05 20:26:10,384 - WARNING - Duplicate patient ID found: gpi09, skipping additional entry
2026-01-05 20:26:10,384 - WARNING - Duplicate patient ID found: gpi25, skipping additional entry
2026-01-05 20:26:10,384 - WARNING - Duplicate patient ID found: stn29, skipping additional entry
2026-01-05 20:26:10,384 - WARNING - Duplicate patient ID found: gpi31, skipping additional entry
2026-01-05 20:26:10,385 - WARNING - Duplicate patient ID found: stn10, skipping additional entry
2026-01-05 20:26:10,385 - WARNING - Duplicate patient ID found: gpi28, skipping additional entry
2026-01-05 20:26:10,385 - WARNING - Duplicate patient ID found: stn31, skipping additional entry
2026-01-05 20:26:10,385 - WARNING - Duplicate patient ID found: gpi03, skipping additional entry
2026-01-05 20:26:10,385 - WARNING - Duplicate patient ID found: gpi05, skipping additional entry
2026-01-05 20:26:10,385 - WARNING - Duplicate patient ID found: stn25, skipping additional entry
2026-01-05 20:26:10,385 - WARNING - Duplicate patient ID found: gpi08, skipping additional entry
2026-01-05 20:26:10,385 - WARNING - Duplicate patient ID found: gpi27, skipping additional entry
2026-01-05 20:26:10,385 - WARNING - Duplicate patient ID found: stn16, skipping additional entry
2026-01-05 20:26:10,385 - WARNING - Duplicate patient ID found: gpi23, skipping additional entry
2026-01-05 20:26:10,385 - WARNING - Duplicate patient ID found: stn09, skipping additional entry
2026-01-05 20:26:10,385 - WARNING - Duplicate patient ID found: stn28, skipping additional entry
2026-01-05 20:26:10,386 - WARNING - Duplicate patient ID found: stn06, skipping additional entry
2026-01-05 20:26:10,386 - WARNING - Duplicate patient ID found: stn12, skipping additional entry
2026-01-05 20:26:10,386 - WARNING - Duplicate patient ID found: gpi16, skipping additional entry
2026-01-05 20:26:10,386 - WARNING - Duplicate patient ID found: gpi30, skipping additional entry
2026-01-05 20:26:10,386 - WARNING - Duplicate patient ID found: stn21, skipping additional entry
2026-01-05 20:26:10,386 - WARNING - Duplicate patient ID found: stn22, skipping additional entry
2026-01-05 20:26:10,386 - WARNING - Duplicate patient ID found: stn14, skipping additional entry
2026-01-05 20:26:10,386 - WARNING - Duplicate patient ID found: gpi17, skipping additional entry
2026-01-05 20:26:10,386 - WARNING - Duplicate patient ID found: gpi21, skipping additional entry
2026-01-05 20:26:10,386 - WARNING - Duplicate patient ID found: gpi32, skipping additional entry
2026-01-05 20:26:10,386 - WARNING - Duplicate patient ID found: stn15, skipping additional entry
2026-01-05 20:26:10,386 - INFO - Built diff index with 71 patients
2026-01-05 20:26:10,386 - INFO - 2) Parsing UPDRS CSV ...
2026-01-05 20:26:10,399 - INFO - Found 55 valid samples
2026-01-05 20:26:10,399 - INFO - 3) Preparing data matrix ...
2026-01-05 20:26:10,432 - INFO - Feature matrix shape: (55, 365), Class distribution: [24 31]
2026-01-05 20:26:10,432 - INFO - 4) Training final model on all data (with train/val split) ...
2026-01-05 20:26:11,155 - INFO - Start training final model. Train=44, Val=11
2026-01-05 20:26:11,296 - INFO - Epoch 1/200 | train loss=0.732180 | val loss=1.292977 | best=inf
2026-01-05 20:26:11,491 - INFO - Epoch 10/200 | train loss=0.010993 | val loss=2.566091 | best=inf
2026-01-05 20:26:11,707 - INFO - Epoch 20/200 | train loss=0.012948 | val loss=1.134322 | best=inf
2026-01-05 20:26:11,923 - INFO - Epoch 30/200 | train loss=0.000136 | val loss=3.241001 | best=inf
2026-01-05 20:26:12,139 - INFO - Epoch 40/200 | train loss=0.000158 | val loss=3.568924 | best=inf
2026-01-05 20:26:12,354 - INFO - Epoch 50/200 | train loss=0.000052 | val loss=3.718748 | best=inf
2026-01-05 20:26:12,570 - INFO - Epoch 60/200 | train loss=0.000033 | val loss=3.802977 | best=inf
2026-01-05 20:26:12,787 - INFO - Epoch 70/200 | train loss=0.000028 | val loss=3.877620 | best=inf
2026-01-05 20:26:13,003 - INFO - Epoch 80/200 | train loss=0.000040 | val loss=3.940325 | best=inf
2026-01-05 20:26:13,219 - INFO - Epoch 90/200 | train loss=0.000019 | val loss=3.991569 | best=inf
2026-01-05 20:26:13,435 - INFO - Epoch 100/200 | train loss=0.000017 | val loss=4.040806 | best=inf
2026-01-05 20:26:13,669 - INFO - Epoch 110/200 | train loss=0.000020 | val loss=4.095811 | best=4.045433
2026-01-05 20:26:13,884 - INFO - Epoch 120/200 | train loss=0.000006 | val loss=4.139363 | best=4.045433
2026-01-05 20:26:14,101 - INFO - Epoch 130/200 | train loss=0.000017 | val loss=4.192829 | best=4.045433
2026-01-05 20:26:14,316 - INFO - Epoch 140/200 | train loss=0.000006 | val loss=4.241466 | best=4.045433
2026-01-05 20:26:14,530 - INFO - Epoch 150/200 | train loss=0.000010 | val loss=4.279315 | best=4.045433
2026-01-05 20:26:14,745 - INFO - Epoch 160/200 | train loss=0.000010 | val loss=4.313926 | best=4.045433
2026-01-05 20:26:14,960 - INFO - Epoch 170/200 | train loss=0.000007 | val loss=4.350182 | best=4.045433
2026-01-05 20:26:15,175 - INFO - Epoch 180/200 | train loss=0.000005 | val loss=4.390448 | best=4.045433
2026-01-05 20:26:15,389 - INFO - Epoch 190/200 | train loss=0.000008 | val loss=4.430876 | best=4.045433
2026-01-05 20:26:15,604 - INFO - Epoch 200/200 | train loss=0.000014 | val loss=4.455175 | best=4.045433
2026-01-05 20:26:15,617 - INFO - Loaded best model from results/model/best_model.pth (epoch 101)
2026-01-05 20:26:15,633 - INFO - Saved final model to: results/model/final_model_20260105_202615.pth
2026-01-05 20:26:15,643 - INFO - Validation metrics: {
  "val_threshold": 1.955529114638921e-05,
  "val_acc": 0.7272727272727273,
  "val_f1": 0.8,
  "val_precision": 0.6666666666666666,
  "val_recall": 1.0,
  "val_auc": 0.6333333333333333,
  "val_ap": 0.7041666666666666
}
2026-01-05 20:26:15,646 - INFO - 5) Running SHAP ...
2026-01-05 20:26:39,382 - INFO - SHAP outputs saved to: results/shap
2026-01-05 20:26:39,382 - INFO - Done. Total time: 29.00s
2026-01-05 20:26:39,382 - INFO - Output dir: results
2026-01-08 18:24:02,450 - INFO - Using device: cuda
2026-01-08 18:24:02,451 - INFO - Hyperparameters: {
  "batch_size": 8,
  "learning_rate": 0.0005,
  "num_epochs": 200,
  "hidden_dim": 512,
  "num_blocks": 6,
  "dropout": 0.3,
  "feature_type": "ALL",
  "improvement_threshold": 0.25,
  "val_ratio": 0.2,
  "early_stop_patience": 100,
  "early_stop_min_epochs": 100
}
2026-01-08 18:24:02,452 - INFO - 1) Building diff index ...
2026-01-08 18:24:02,550 - WARNING - Duplicate patient ID found: stn02, skipping additional entry
2026-01-08 18:24:02,604 - WARNING - Duplicate patient ID found: gpi11, skipping additional entry
2026-01-08 18:24:02,660 - WARNING - Duplicate patient ID found: gpi02, skipping additional entry
2026-01-08 18:24:02,660 - WARNING - Duplicate patient ID found: gpi19, skipping additional entry
2026-01-08 18:24:02,660 - WARNING - Duplicate patient ID found: stn23, skipping additional entry
2026-01-08 18:24:02,692 - WARNING - Duplicate patient ID found: stn03, skipping additional entry
2026-01-08 18:24:02,692 - WARNING - Duplicate patient ID found: gpi20, skipping additional entry
2026-01-08 18:24:02,693 - WARNING - Duplicate patient ID found: stn04, skipping additional entry
2026-01-08 18:24:02,716 - WARNING - Duplicate patient ID found: stn24, skipping additional entry
2026-01-08 18:24:02,749 - WARNING - Duplicate patient ID found: gpi04, skipping additional entry
2026-01-08 18:24:02,749 - WARNING - Duplicate patient ID found: gpi15, skipping additional entry
2026-01-08 18:24:02,749 - WARNING - Duplicate patient ID found: stn19, skipping additional entry
2026-01-08 18:24:02,749 - WARNING - Duplicate patient ID found: stn08, skipping additional entry
2026-01-08 18:24:02,749 - WARNING - Duplicate patient ID found: stn11, skipping additional entry
2026-01-08 18:24:02,749 - WARNING - Duplicate patient ID found: gpi07, skipping additional entry
2026-01-08 18:24:02,750 - WARNING - Duplicate patient ID found: gpi26, skipping additional entry
2026-01-08 18:24:02,821 - WARNING - Duplicate patient ID found: stn13, skipping additional entry
2026-01-08 18:24:02,821 - WARNING - Duplicate patient ID found: gpi06, skipping additional entry
2026-01-08 18:24:02,871 - WARNING - Duplicate patient ID found: stn30, skipping additional entry
2026-01-08 18:24:02,871 - WARNING - Duplicate patient ID found: stn18, skipping additional entry
2026-01-08 18:24:02,871 - WARNING - Duplicate patient ID found: gpi24, skipping additional entry
2026-01-08 18:24:02,871 - WARNING - Duplicate patient ID found: gpi13, skipping additional entry
2026-01-08 18:24:02,871 - WARNING - Duplicate patient ID found: stn07, skipping additional entry
2026-01-08 18:24:02,872 - WARNING - Duplicate patient ID found: stn20, skipping additional entry
2026-01-08 18:24:02,964 - WARNING - Duplicate patient ID found: gpi12, skipping additional entry
2026-01-08 18:24:02,990 - WARNING - Duplicate patient ID found: stn01, skipping additional entry
2026-01-08 18:24:03,067 - WARNING - Duplicate patient ID found: gpi22, skipping additional entry
2026-01-08 18:24:03,067 - WARNING - Duplicate patient ID found: gpi18, skipping additional entry
2026-01-08 18:24:03,067 - WARNING - Duplicate patient ID found: gpi09, skipping additional entry
2026-01-08 18:24:03,067 - WARNING - Duplicate patient ID found: gpi25, skipping additional entry
2026-01-08 18:24:03,067 - WARNING - Duplicate patient ID found: stn29, skipping additional entry
2026-01-08 18:24:03,067 - WARNING - Duplicate patient ID found: gpi31, skipping additional entry
2026-01-08 18:24:03,067 - WARNING - Duplicate patient ID found: stn10, skipping additional entry
2026-01-08 18:24:03,067 - WARNING - Duplicate patient ID found: gpi28, skipping additional entry
2026-01-08 18:24:03,067 - WARNING - Duplicate patient ID found: stn31, skipping additional entry
2026-01-08 18:24:03,067 - WARNING - Duplicate patient ID found: gpi03, skipping additional entry
2026-01-08 18:24:03,068 - WARNING - Duplicate patient ID found: gpi05, skipping additional entry
2026-01-08 18:24:03,068 - WARNING - Duplicate patient ID found: stn25, skipping additional entry
2026-01-08 18:24:03,068 - WARNING - Duplicate patient ID found: gpi08, skipping additional entry
2026-01-08 18:24:03,068 - WARNING - Duplicate patient ID found: gpi27, skipping additional entry
2026-01-08 18:24:03,068 - WARNING - Duplicate patient ID found: stn16, skipping additional entry
2026-01-08 18:24:03,068 - WARNING - Duplicate patient ID found: gpi23, skipping additional entry
2026-01-08 18:24:03,082 - WARNING - Duplicate patient ID found: stn09, skipping additional entry
2026-01-08 18:24:03,082 - WARNING - Duplicate patient ID found: stn28, skipping additional entry
2026-01-08 18:24:03,082 - WARNING - Duplicate patient ID found: stn06, skipping additional entry
2026-01-08 18:24:03,082 - WARNING - Duplicate patient ID found: stn12, skipping additional entry
2026-01-08 18:24:03,082 - WARNING - Duplicate patient ID found: gpi16, skipping additional entry
2026-01-08 18:24:03,082 - WARNING - Duplicate patient ID found: gpi30, skipping additional entry
2026-01-08 18:24:03,082 - WARNING - Duplicate patient ID found: stn21, skipping additional entry
2026-01-08 18:24:03,082 - WARNING - Duplicate patient ID found: stn22, skipping additional entry
2026-01-08 18:24:03,083 - WARNING - Duplicate patient ID found: stn14, skipping additional entry
2026-01-08 18:24:03,083 - WARNING - Duplicate patient ID found: gpi17, skipping additional entry
2026-01-08 18:24:03,083 - WARNING - Duplicate patient ID found: gpi21, skipping additional entry
2026-01-08 18:24:03,083 - WARNING - Duplicate patient ID found: gpi32, skipping additional entry
2026-01-08 18:24:03,117 - WARNING - Duplicate patient ID found: stn15, skipping additional entry
2026-01-08 18:24:03,117 - INFO - Built diff index with 71 patients
2026-01-08 18:24:03,117 - INFO - 2) Parsing UPDRS CSV ...
2026-01-08 18:24:03,174 - INFO - Found 55 valid samples
2026-01-08 18:24:03,174 - INFO - 3) Preparing data matrix ...
2026-01-08 18:24:03,208 - INFO - Feature matrix shape: (55, 365), Class distribution: [24 31]
2026-01-08 18:24:03,208 - INFO - 4) Training final model on all data (with train/val split) ...
2026-01-08 18:24:04,317 - INFO - Start training final model. Train=44, Val=11
2026-01-08 18:24:04,638 - INFO - Epoch 1/200 | train loss=0.732180 | val loss=1.292977 | best=inf
2026-01-08 18:24:04,830 - INFO - Epoch 10/200 | train loss=0.010993 | val loss=2.566091 | best=inf
2026-01-08 18:24:05,043 - INFO - Epoch 20/200 | train loss=0.012948 | val loss=1.134322 | best=inf
2026-01-08 18:24:05,256 - INFO - Epoch 30/200 | train loss=0.000136 | val loss=3.241001 | best=inf
2026-01-08 18:24:05,468 - INFO - Epoch 40/200 | train loss=0.000158 | val loss=3.568924 | best=inf
2026-01-08 18:24:05,683 - INFO - Epoch 50/200 | train loss=0.000052 | val loss=3.718748 | best=inf
2026-01-08 18:24:05,895 - INFO - Epoch 60/200 | train loss=0.000033 | val loss=3.802977 | best=inf
2026-01-08 18:24:06,108 - INFO - Epoch 70/200 | train loss=0.000028 | val loss=3.877620 | best=inf
2026-01-08 18:24:06,320 - INFO - Epoch 80/200 | train loss=0.000040 | val loss=3.940325 | best=inf
2026-01-08 18:24:06,532 - INFO - Epoch 90/200 | train loss=0.000019 | val loss=3.991569 | best=inf
2026-01-08 18:24:06,745 - INFO - Epoch 100/200 | train loss=0.000017 | val loss=4.040806 | best=inf
2026-01-08 18:24:06,976 - INFO - Epoch 110/200 | train loss=0.000020 | val loss=4.095811 | best=4.045433
2026-01-08 18:24:07,188 - INFO - Epoch 120/200 | train loss=0.000006 | val loss=4.139363 | best=4.045433
2026-01-08 18:24:07,400 - INFO - Epoch 130/200 | train loss=0.000017 | val loss=4.192829 | best=4.045433
2026-01-08 18:24:07,612 - INFO - Epoch 140/200 | train loss=0.000006 | val loss=4.241466 | best=4.045433
2026-01-08 18:24:07,826 - INFO - Epoch 150/200 | train loss=0.000010 | val loss=4.279315 | best=4.045433
2026-01-08 18:24:08,038 - INFO - Epoch 160/200 | train loss=0.000010 | val loss=4.313926 | best=4.045433
2026-01-08 18:24:08,251 - INFO - Epoch 170/200 | train loss=0.000007 | val loss=4.350182 | best=4.045433
2026-01-08 18:24:08,462 - INFO - Epoch 180/200 | train loss=0.000005 | val loss=4.390448 | best=4.045433
2026-01-08 18:24:08,674 - INFO - Epoch 190/200 | train loss=0.000008 | val loss=4.430876 | best=4.045433
2026-01-08 18:24:08,886 - INFO - Epoch 200/200 | train loss=0.000014 | val loss=4.455175 | best=4.045433
2026-01-08 18:24:08,899 - INFO - Loaded best model from results/model/best_model.pth (epoch 101)
2026-01-08 18:24:08,918 - INFO - Saved final model to: results/model/final_model_20260108_182408.pth
2026-01-08 18:24:08,928 - INFO - Validation metrics: {
  "val_threshold": 1.955529114638921e-05,
  "val_acc": 0.7272727272727273,
  "val_f1": 0.8,
  "val_precision": 0.6666666666666666,
  "val_recall": 1.0,
  "val_auc": 0.6333333333333333,
  "val_ap": 0.7041666666666666
}
2026-01-08 18:24:08,930 - INFO - 5) Running SHAP ...
2026-01-08 18:24:32,131 - INFO - SHAP outputs saved to: results/shap
2026-01-08 18:24:32,131 - INFO - Done. Total time: 29.68s
2026-01-08 18:24:32,131 - INFO - Output dir: results
2026-01-08 18:24:46,822 - INFO - Using device: cuda
2026-01-08 18:24:46,822 - INFO - Hyperparameters: {
  "batch_size": 8,
  "learning_rate": 0.0005,
  "num_epochs": 200,
  "hidden_dim": 512,
  "num_blocks": 6,
  "dropout": 0.3,
  "feature_type": "ALL",
  "improvement_threshold": 0.25,
  "val_ratio": 0.2,
  "early_stop_patience": 100,
  "early_stop_min_epochs": 100
}
2026-01-08 18:24:46,822 - INFO - 1) Building diff index ...
2026-01-08 18:24:46,823 - WARNING - Duplicate patient ID found: stn02, skipping additional entry
2026-01-08 18:24:46,823 - WARNING - Duplicate patient ID found: gpi11, skipping additional entry
2026-01-08 18:24:46,824 - WARNING - Duplicate patient ID found: gpi02, skipping additional entry
2026-01-08 18:24:46,824 - WARNING - Duplicate patient ID found: gpi19, skipping additional entry
2026-01-08 18:24:46,824 - WARNING - Duplicate patient ID found: stn23, skipping additional entry
2026-01-08 18:24:46,824 - WARNING - Duplicate patient ID found: stn03, skipping additional entry
2026-01-08 18:24:46,824 - WARNING - Duplicate patient ID found: gpi20, skipping additional entry
2026-01-08 18:24:46,824 - WARNING - Duplicate patient ID found: stn04, skipping additional entry
2026-01-08 18:24:46,825 - WARNING - Duplicate patient ID found: stn24, skipping additional entry
2026-01-08 18:24:46,825 - WARNING - Duplicate patient ID found: gpi04, skipping additional entry
2026-01-08 18:24:46,825 - WARNING - Duplicate patient ID found: gpi15, skipping additional entry
2026-01-08 18:24:46,825 - WARNING - Duplicate patient ID found: stn19, skipping additional entry
2026-01-08 18:24:46,825 - WARNING - Duplicate patient ID found: stn08, skipping additional entry
2026-01-08 18:24:46,825 - WARNING - Duplicate patient ID found: stn11, skipping additional entry
2026-01-08 18:24:46,825 - WARNING - Duplicate patient ID found: gpi07, skipping additional entry
2026-01-08 18:24:46,825 - WARNING - Duplicate patient ID found: gpi26, skipping additional entry
2026-01-08 18:24:46,825 - WARNING - Duplicate patient ID found: stn13, skipping additional entry
2026-01-08 18:24:46,825 - WARNING - Duplicate patient ID found: gpi06, skipping additional entry
2026-01-08 18:24:46,825 - WARNING - Duplicate patient ID found: stn30, skipping additional entry
2026-01-08 18:24:46,826 - WARNING - Duplicate patient ID found: stn18, skipping additional entry
2026-01-08 18:24:46,826 - WARNING - Duplicate patient ID found: gpi24, skipping additional entry
2026-01-08 18:24:46,826 - WARNING - Duplicate patient ID found: gpi13, skipping additional entry
2026-01-08 18:24:46,826 - WARNING - Duplicate patient ID found: stn07, skipping additional entry
2026-01-08 18:24:46,826 - WARNING - Duplicate patient ID found: stn20, skipping additional entry
2026-01-08 18:24:46,826 - WARNING - Duplicate patient ID found: gpi12, skipping additional entry
2026-01-08 18:24:46,826 - WARNING - Duplicate patient ID found: stn01, skipping additional entry
2026-01-08 18:24:46,826 - WARNING - Duplicate patient ID found: gpi22, skipping additional entry
2026-01-08 18:24:46,826 - WARNING - Duplicate patient ID found: gpi18, skipping additional entry
2026-01-08 18:24:46,827 - WARNING - Duplicate patient ID found: gpi09, skipping additional entry
2026-01-08 18:24:46,827 - WARNING - Duplicate patient ID found: gpi25, skipping additional entry
2026-01-08 18:24:46,827 - WARNING - Duplicate patient ID found: stn29, skipping additional entry
2026-01-08 18:24:46,827 - WARNING - Duplicate patient ID found: gpi31, skipping additional entry
2026-01-08 18:24:46,827 - WARNING - Duplicate patient ID found: stn10, skipping additional entry
2026-01-08 18:24:46,827 - WARNING - Duplicate patient ID found: gpi28, skipping additional entry
2026-01-08 18:24:46,827 - WARNING - Duplicate patient ID found: stn31, skipping additional entry
2026-01-08 18:24:46,827 - WARNING - Duplicate patient ID found: gpi03, skipping additional entry
2026-01-08 18:24:46,827 - WARNING - Duplicate patient ID found: gpi05, skipping additional entry
2026-01-08 18:24:46,827 - WARNING - Duplicate patient ID found: stn25, skipping additional entry
2026-01-08 18:24:46,827 - WARNING - Duplicate patient ID found: gpi08, skipping additional entry
2026-01-08 18:24:46,827 - WARNING - Duplicate patient ID found: gpi27, skipping additional entry
2026-01-08 18:24:46,827 - WARNING - Duplicate patient ID found: stn16, skipping additional entry
2026-01-08 18:24:46,828 - WARNING - Duplicate patient ID found: gpi23, skipping additional entry
2026-01-08 18:24:46,828 - WARNING - Duplicate patient ID found: stn09, skipping additional entry
2026-01-08 18:24:46,828 - WARNING - Duplicate patient ID found: stn28, skipping additional entry
2026-01-08 18:24:46,828 - WARNING - Duplicate patient ID found: stn06, skipping additional entry
2026-01-08 18:24:46,828 - WARNING - Duplicate patient ID found: stn12, skipping additional entry
2026-01-08 18:24:46,828 - WARNING - Duplicate patient ID found: gpi16, skipping additional entry
2026-01-08 18:24:46,828 - WARNING - Duplicate patient ID found: gpi30, skipping additional entry
2026-01-08 18:24:46,828 - WARNING - Duplicate patient ID found: stn21, skipping additional entry
2026-01-08 18:24:46,828 - WARNING - Duplicate patient ID found: stn22, skipping additional entry
2026-01-08 18:24:46,828 - WARNING - Duplicate patient ID found: stn14, skipping additional entry
2026-01-08 18:24:46,828 - WARNING - Duplicate patient ID found: gpi17, skipping additional entry
2026-01-08 18:24:46,828 - WARNING - Duplicate patient ID found: gpi21, skipping additional entry
2026-01-08 18:24:46,828 - WARNING - Duplicate patient ID found: gpi32, skipping additional entry
2026-01-08 18:24:46,829 - WARNING - Duplicate patient ID found: stn15, skipping additional entry
2026-01-08 18:24:46,829 - INFO - Built diff index with 71 patients
2026-01-08 18:24:46,829 - INFO - 2) Parsing UPDRS CSV ...
2026-01-08 18:24:46,842 - INFO - Found 55 valid samples
2026-01-08 18:24:46,842 - INFO - 3) Preparing data matrix ...
2026-01-08 18:24:46,875 - INFO - Feature matrix shape: (55, 365), Class distribution: [24 31]
2026-01-08 18:24:46,875 - INFO - 4) Training final model on all data (with train/val split) ...
2026-01-08 18:24:47,637 - INFO - Start training final model. Train=44, Val=11
2026-01-08 18:24:47,781 - INFO - Epoch 1/200 | train loss=0.732180 | val loss=1.292977 | best=inf
2026-01-08 18:24:47,980 - INFO - Epoch 10/200 | train loss=0.010993 | val loss=2.566091 | best=inf
2026-01-08 18:24:48,201 - INFO - Epoch 20/200 | train loss=0.012948 | val loss=1.134322 | best=inf
2026-01-08 18:24:48,422 - INFO - Epoch 30/200 | train loss=0.000136 | val loss=3.241001 | best=inf
2026-01-08 18:24:48,642 - INFO - Epoch 40/200 | train loss=0.000158 | val loss=3.568924 | best=inf
2026-01-08 18:24:48,863 - INFO - Epoch 50/200 | train loss=0.000052 | val loss=3.718748 | best=inf
2026-01-08 18:24:49,085 - INFO - Epoch 60/200 | train loss=0.000033 | val loss=3.802977 | best=inf
2026-01-08 18:24:49,305 - INFO - Epoch 70/200 | train loss=0.000028 | val loss=3.877620 | best=inf
2026-01-08 18:24:49,525 - INFO - Epoch 80/200 | train loss=0.000040 | val loss=3.940325 | best=inf
2026-01-08 18:24:49,745 - INFO - Epoch 90/200 | train loss=0.000019 | val loss=3.991569 | best=inf
2026-01-08 18:24:49,965 - INFO - Epoch 100/200 | train loss=0.000017 | val loss=4.040806 | best=inf
2026-01-08 18:24:50,204 - INFO - Epoch 110/200 | train loss=0.000020 | val loss=4.095811 | best=4.045433
2026-01-08 18:24:50,424 - INFO - Epoch 120/200 | train loss=0.000006 | val loss=4.139363 | best=4.045433
2026-01-08 18:24:50,643 - INFO - Epoch 130/200 | train loss=0.000017 | val loss=4.192829 | best=4.045433
2026-01-08 18:24:50,863 - INFO - Epoch 140/200 | train loss=0.000006 | val loss=4.241466 | best=4.045433
2026-01-08 18:24:51,082 - INFO - Epoch 150/200 | train loss=0.000010 | val loss=4.279315 | best=4.045433
2026-01-08 18:24:51,304 - INFO - Epoch 160/200 | train loss=0.000010 | val loss=4.313926 | best=4.045433
2026-01-08 18:24:51,524 - INFO - Epoch 170/200 | train loss=0.000007 | val loss=4.350182 | best=4.045433
2026-01-08 18:24:51,743 - INFO - Epoch 180/200 | train loss=0.000005 | val loss=4.390448 | best=4.045433
2026-01-08 18:24:51,962 - INFO - Epoch 190/200 | train loss=0.000008 | val loss=4.430876 | best=4.045433
2026-01-08 18:24:52,181 - INFO - Epoch 200/200 | train loss=0.000014 | val loss=4.455175 | best=4.045433
2026-01-08 18:24:52,194 - INFO - Loaded best model from results/model/best_model.pth (epoch 101)
2026-01-08 18:24:52,210 - INFO - Saved final model to: results/model/final_model_20260108_182452.pth
2026-01-08 18:24:52,220 - INFO - Validation metrics: {
  "val_threshold": 1.955529114638921e-05,
  "val_acc": 0.7272727272727273,
  "val_f1": 0.8,
  "val_precision": 0.6666666666666666,
  "val_recall": 1.0,
  "val_auc": 0.6333333333333333,
  "val_ap": 0.7041666666666666
}
2026-01-08 18:24:52,223 - INFO - 5) Running SHAP ...
2026-01-08 18:25:15,537 - INFO - SHAP outputs saved to: results/shap
2026-01-08 18:25:15,537 - INFO - Done. Total time: 28.72s
2026-01-08 18:25:15,537 - INFO - Output dir: results
2026-01-08 18:28:47,806 - INFO - Using device: cuda
2026-01-08 18:28:47,807 - INFO - Hyperparameters: {
  "batch_size": 8,
  "learning_rate": 0.0005,
  "num_epochs": 200,
  "hidden_dim": 512,
  "num_blocks": 6,
  "dropout": 0.3,
  "feature_type": "ALL",
  "improvement_threshold": 0.25,
  "val_ratio": 0.2,
  "early_stop_patience": 100,
  "early_stop_min_epochs": 100
}
2026-01-08 18:28:47,807 - INFO - 1) Building diff index ...
2026-01-08 18:28:47,808 - WARNING - Duplicate patient ID found: stn02, skipping additional entry
2026-01-08 18:28:47,808 - WARNING - Duplicate patient ID found: gpi11, skipping additional entry
2026-01-08 18:28:47,808 - WARNING - Duplicate patient ID found: gpi02, skipping additional entry
2026-01-08 18:28:47,809 - WARNING - Duplicate patient ID found: gpi19, skipping additional entry
2026-01-08 18:28:47,809 - WARNING - Duplicate patient ID found: stn23, skipping additional entry
2026-01-08 18:28:47,809 - WARNING - Duplicate patient ID found: stn03, skipping additional entry
2026-01-08 18:28:47,809 - WARNING - Duplicate patient ID found: gpi20, skipping additional entry
2026-01-08 18:28:47,809 - WARNING - Duplicate patient ID found: stn04, skipping additional entry
2026-01-08 18:28:47,809 - WARNING - Duplicate patient ID found: stn24, skipping additional entry
2026-01-08 18:28:47,809 - WARNING - Duplicate patient ID found: gpi04, skipping additional entry
2026-01-08 18:28:47,810 - WARNING - Duplicate patient ID found: gpi15, skipping additional entry
2026-01-08 18:28:47,810 - WARNING - Duplicate patient ID found: stn19, skipping additional entry
2026-01-08 18:28:47,810 - WARNING - Duplicate patient ID found: stn08, skipping additional entry
2026-01-08 18:28:47,810 - WARNING - Duplicate patient ID found: stn11, skipping additional entry
2026-01-08 18:28:47,810 - WARNING - Duplicate patient ID found: gpi07, skipping additional entry
2026-01-08 18:28:47,810 - WARNING - Duplicate patient ID found: gpi26, skipping additional entry
2026-01-08 18:28:47,810 - WARNING - Duplicate patient ID found: stn13, skipping additional entry
2026-01-08 18:28:47,810 - WARNING - Duplicate patient ID found: gpi06, skipping additional entry
2026-01-08 18:28:47,810 - WARNING - Duplicate patient ID found: stn30, skipping additional entry
2026-01-08 18:28:47,810 - WARNING - Duplicate patient ID found: stn18, skipping additional entry
2026-01-08 18:28:47,810 - WARNING - Duplicate patient ID found: gpi24, skipping additional entry
2026-01-08 18:28:47,810 - WARNING - Duplicate patient ID found: gpi13, skipping additional entry
2026-01-08 18:28:47,811 - WARNING - Duplicate patient ID found: stn07, skipping additional entry
2026-01-08 18:28:47,811 - WARNING - Duplicate patient ID found: stn20, skipping additional entry
2026-01-08 18:28:47,811 - WARNING - Duplicate patient ID found: gpi12, skipping additional entry
2026-01-08 18:28:47,811 - WARNING - Duplicate patient ID found: stn01, skipping additional entry
2026-01-08 18:28:47,811 - WARNING - Duplicate patient ID found: gpi22, skipping additional entry
2026-01-08 18:28:47,811 - WARNING - Duplicate patient ID found: gpi18, skipping additional entry
2026-01-08 18:28:47,811 - WARNING - Duplicate patient ID found: gpi09, skipping additional entry
2026-01-08 18:28:47,811 - WARNING - Duplicate patient ID found: gpi25, skipping additional entry
2026-01-08 18:28:47,812 - WARNING - Duplicate patient ID found: stn29, skipping additional entry
2026-01-08 18:28:47,812 - WARNING - Duplicate patient ID found: gpi31, skipping additional entry
2026-01-08 18:28:47,812 - WARNING - Duplicate patient ID found: stn10, skipping additional entry
2026-01-08 18:28:47,812 - WARNING - Duplicate patient ID found: gpi28, skipping additional entry
2026-01-08 18:28:47,812 - WARNING - Duplicate patient ID found: stn31, skipping additional entry
2026-01-08 18:28:47,812 - WARNING - Duplicate patient ID found: gpi03, skipping additional entry
2026-01-08 18:28:47,812 - WARNING - Duplicate patient ID found: gpi05, skipping additional entry
2026-01-08 18:28:47,812 - WARNING - Duplicate patient ID found: stn25, skipping additional entry
2026-01-08 18:28:47,812 - WARNING - Duplicate patient ID found: gpi08, skipping additional entry
2026-01-08 18:28:47,812 - WARNING - Duplicate patient ID found: gpi27, skipping additional entry
2026-01-08 18:28:47,812 - WARNING - Duplicate patient ID found: stn16, skipping additional entry
2026-01-08 18:28:47,812 - WARNING - Duplicate patient ID found: gpi23, skipping additional entry
2026-01-08 18:28:47,812 - WARNING - Duplicate patient ID found: stn09, skipping additional entry
2026-01-08 18:28:47,813 - WARNING - Duplicate patient ID found: stn28, skipping additional entry
2026-01-08 18:28:47,813 - WARNING - Duplicate patient ID found: stn06, skipping additional entry
2026-01-08 18:28:47,813 - WARNING - Duplicate patient ID found: stn12, skipping additional entry
2026-01-08 18:28:47,813 - WARNING - Duplicate patient ID found: gpi16, skipping additional entry
2026-01-08 18:28:47,813 - WARNING - Duplicate patient ID found: gpi30, skipping additional entry
2026-01-08 18:28:47,813 - WARNING - Duplicate patient ID found: stn21, skipping additional entry
2026-01-08 18:28:47,813 - WARNING - Duplicate patient ID found: stn22, skipping additional entry
2026-01-08 18:28:47,813 - WARNING - Duplicate patient ID found: stn14, skipping additional entry
2026-01-08 18:28:47,813 - WARNING - Duplicate patient ID found: gpi17, skipping additional entry
2026-01-08 18:28:47,813 - WARNING - Duplicate patient ID found: gpi21, skipping additional entry
2026-01-08 18:28:47,813 - WARNING - Duplicate patient ID found: gpi32, skipping additional entry
2026-01-08 18:28:47,813 - WARNING - Duplicate patient ID found: stn15, skipping additional entry
2026-01-08 18:28:47,813 - INFO - Built diff index with 71 patients
2026-01-08 18:28:47,813 - INFO - 2) Parsing UPDRS CSV ...
2026-01-08 18:28:47,826 - INFO - Found 55 valid samples
2026-01-08 18:28:47,826 - INFO - 3) Preparing data matrix ...
2026-01-08 18:28:47,859 - INFO - Feature matrix shape: (55, 365), Class distribution: [24 31]
2026-01-08 18:28:47,860 - INFO - 4) Training final model on all data (with train/val split) ...
2026-01-08 18:28:48,591 - INFO - Start training final model. Train=44, Val=11
2026-01-08 18:28:48,734 - INFO - Epoch 1/200 | train loss=0.732180 | val loss=1.292977 | best=inf
2026-01-08 18:28:48,931 - INFO - Epoch 10/200 | train loss=0.010993 | val loss=2.566091 | best=inf
2026-01-08 18:28:49,149 - INFO - Epoch 20/200 | train loss=0.012948 | val loss=1.134322 | best=inf
2026-01-08 18:28:49,366 - INFO - Epoch 30/200 | train loss=0.000136 | val loss=3.241001 | best=inf
2026-01-08 18:28:49,584 - INFO - Epoch 40/200 | train loss=0.000158 | val loss=3.568924 | best=inf
2026-01-08 18:28:49,802 - INFO - Epoch 50/200 | train loss=0.000052 | val loss=3.718748 | best=inf
2026-01-08 18:28:50,019 - INFO - Epoch 60/200 | train loss=0.000033 | val loss=3.802977 | best=inf
2026-01-08 18:28:50,240 - INFO - Epoch 70/200 | train loss=0.000028 | val loss=3.877620 | best=inf
2026-01-08 18:28:50,458 - INFO - Epoch 80/200 | train loss=0.000040 | val loss=3.940325 | best=inf
2026-01-08 18:28:50,675 - INFO - Epoch 90/200 | train loss=0.000019 | val loss=3.991569 | best=inf
2026-01-08 18:28:50,893 - INFO - Epoch 100/200 | train loss=0.000017 | val loss=4.040806 | best=inf
2026-01-08 18:28:51,128 - INFO - Epoch 110/200 | train loss=0.000020 | val loss=4.095811 | best=4.045433
2026-01-08 18:28:51,345 - INFO - Epoch 120/200 | train loss=0.000006 | val loss=4.139363 | best=4.045433
2026-01-08 18:28:51,564 - INFO - Epoch 130/200 | train loss=0.000017 | val loss=4.192829 | best=4.045433
2026-01-08 18:28:51,782 - INFO - Epoch 140/200 | train loss=0.000006 | val loss=4.241466 | best=4.045433
2026-01-08 18:28:51,999 - INFO - Epoch 150/200 | train loss=0.000010 | val loss=4.279315 | best=4.045433
2026-01-08 18:28:52,216 - INFO - Epoch 160/200 | train loss=0.000010 | val loss=4.313926 | best=4.045433
2026-01-08 18:28:52,433 - INFO - Epoch 170/200 | train loss=0.000007 | val loss=4.350182 | best=4.045433
2026-01-08 18:28:52,651 - INFO - Epoch 180/200 | train loss=0.000005 | val loss=4.390448 | best=4.045433
2026-01-08 18:28:52,868 - INFO - Epoch 190/200 | train loss=0.000008 | val loss=4.430876 | best=4.045433
2026-01-08 18:28:53,084 - INFO - Epoch 200/200 | train loss=0.000014 | val loss=4.455175 | best=4.045433
2026-01-08 18:28:53,097 - INFO - Loaded best model from results/model/best_model.pth (epoch 101)
2026-01-08 18:28:53,114 - INFO - Saved final model to: results/model/final_model_20260108_182853.pth
2026-01-08 18:28:53,124 - INFO - Validation metrics: {
  "val_threshold": 1.955529114638921e-05,
  "val_acc": 0.7272727272727273,
  "val_f1": 0.8,
  "val_precision": 0.6666666666666666,
  "val_recall": 1.0,
  "val_auc": 0.6333333333333333,
  "val_ap": 0.7041666666666666
}
2026-01-08 18:28:53,127 - INFO - 5) Running SHAP ...
2026-01-08 18:29:17,168 - INFO - SHAP outputs saved to: results/shap
2026-01-08 18:29:17,169 - INFO - Done. Total time: 29.36s
2026-01-08 18:29:17,169 - INFO - Output dir: results
2026-01-08 18:30:46,425 - INFO - Using device: cuda
2026-01-08 18:30:46,425 - INFO - Hyperparameters: {
  "batch_size": 8,
  "learning_rate": 0.0005,
  "num_epochs": 200,
  "hidden_dim": 512,
  "num_blocks": 6,
  "dropout": 0.3,
  "feature_type": "ALL",
  "improvement_threshold": 0.25,
  "val_ratio": 0.2,
  "early_stop_patience": 100,
  "early_stop_min_epochs": 100
}
2026-01-08 18:30:46,425 - INFO - 1) Building diff index ...
2026-01-08 18:30:46,426 - WARNING - Duplicate patient ID found: stn02, skipping additional entry
2026-01-08 18:30:46,427 - WARNING - Duplicate patient ID found: gpi11, skipping additional entry
2026-01-08 18:30:46,427 - WARNING - Duplicate patient ID found: gpi02, skipping additional entry
2026-01-08 18:30:46,427 - WARNING - Duplicate patient ID found: gpi19, skipping additional entry
2026-01-08 18:30:46,427 - WARNING - Duplicate patient ID found: stn23, skipping additional entry
2026-01-08 18:30:46,427 - WARNING - Duplicate patient ID found: stn03, skipping additional entry
2026-01-08 18:30:46,428 - WARNING - Duplicate patient ID found: gpi20, skipping additional entry
2026-01-08 18:30:46,428 - WARNING - Duplicate patient ID found: stn04, skipping additional entry
2026-01-08 18:30:46,428 - WARNING - Duplicate patient ID found: stn24, skipping additional entry
2026-01-08 18:30:46,428 - WARNING - Duplicate patient ID found: gpi04, skipping additional entry
2026-01-08 18:30:46,428 - WARNING - Duplicate patient ID found: gpi15, skipping additional entry
2026-01-08 18:30:46,428 - WARNING - Duplicate patient ID found: stn19, skipping additional entry
2026-01-08 18:30:46,428 - WARNING - Duplicate patient ID found: stn08, skipping additional entry
2026-01-08 18:30:46,428 - WARNING - Duplicate patient ID found: stn11, skipping additional entry
2026-01-08 18:30:46,428 - WARNING - Duplicate patient ID found: gpi07, skipping additional entry
2026-01-08 18:30:46,429 - WARNING - Duplicate patient ID found: gpi26, skipping additional entry
2026-01-08 18:30:46,429 - WARNING - Duplicate patient ID found: stn13, skipping additional entry
2026-01-08 18:30:46,429 - WARNING - Duplicate patient ID found: gpi06, skipping additional entry
2026-01-08 18:30:46,429 - WARNING - Duplicate patient ID found: stn30, skipping additional entry
2026-01-08 18:30:46,429 - WARNING - Duplicate patient ID found: stn18, skipping additional entry
2026-01-08 18:30:46,429 - WARNING - Duplicate patient ID found: gpi24, skipping additional entry
2026-01-08 18:30:46,429 - WARNING - Duplicate patient ID found: gpi13, skipping additional entry
2026-01-08 18:30:46,429 - WARNING - Duplicate patient ID found: stn07, skipping additional entry
2026-01-08 18:30:46,429 - WARNING - Duplicate patient ID found: stn20, skipping additional entry
2026-01-08 18:30:46,430 - WARNING - Duplicate patient ID found: gpi12, skipping additional entry
2026-01-08 18:30:46,430 - WARNING - Duplicate patient ID found: stn01, skipping additional entry
2026-01-08 18:30:46,430 - WARNING - Duplicate patient ID found: gpi22, skipping additional entry
2026-01-08 18:30:46,430 - WARNING - Duplicate patient ID found: gpi18, skipping additional entry
2026-01-08 18:30:46,430 - WARNING - Duplicate patient ID found: gpi09, skipping additional entry
2026-01-08 18:30:46,430 - WARNING - Duplicate patient ID found: gpi25, skipping additional entry
2026-01-08 18:30:46,430 - WARNING - Duplicate patient ID found: stn29, skipping additional entry
2026-01-08 18:30:46,430 - WARNING - Duplicate patient ID found: gpi31, skipping additional entry
2026-01-08 18:30:46,430 - WARNING - Duplicate patient ID found: stn10, skipping additional entry
2026-01-08 18:30:46,430 - WARNING - Duplicate patient ID found: gpi28, skipping additional entry
2026-01-08 18:30:46,430 - WARNING - Duplicate patient ID found: stn31, skipping additional entry
2026-01-08 18:30:46,431 - WARNING - Duplicate patient ID found: gpi03, skipping additional entry
2026-01-08 18:30:46,431 - WARNING - Duplicate patient ID found: gpi05, skipping additional entry
2026-01-08 18:30:46,431 - WARNING - Duplicate patient ID found: stn25, skipping additional entry
2026-01-08 18:30:46,431 - WARNING - Duplicate patient ID found: gpi08, skipping additional entry
2026-01-08 18:30:46,431 - WARNING - Duplicate patient ID found: gpi27, skipping additional entry
2026-01-08 18:30:46,431 - WARNING - Duplicate patient ID found: stn16, skipping additional entry
2026-01-08 18:30:46,431 - WARNING - Duplicate patient ID found: gpi23, skipping additional entry
2026-01-08 18:30:46,431 - WARNING - Duplicate patient ID found: stn09, skipping additional entry
2026-01-08 18:30:46,431 - WARNING - Duplicate patient ID found: stn28, skipping additional entry
2026-01-08 18:30:46,431 - WARNING - Duplicate patient ID found: stn06, skipping additional entry
2026-01-08 18:30:46,431 - WARNING - Duplicate patient ID found: stn12, skipping additional entry
2026-01-08 18:30:46,431 - WARNING - Duplicate patient ID found: gpi16, skipping additional entry
2026-01-08 18:30:46,432 - WARNING - Duplicate patient ID found: gpi30, skipping additional entry
2026-01-08 18:30:46,432 - WARNING - Duplicate patient ID found: stn21, skipping additional entry
2026-01-08 18:30:46,432 - WARNING - Duplicate patient ID found: stn22, skipping additional entry
2026-01-08 18:30:46,432 - WARNING - Duplicate patient ID found: stn14, skipping additional entry
2026-01-08 18:30:46,432 - WARNING - Duplicate patient ID found: gpi17, skipping additional entry
2026-01-08 18:30:46,432 - WARNING - Duplicate patient ID found: gpi21, skipping additional entry
2026-01-08 18:30:46,432 - WARNING - Duplicate patient ID found: gpi32, skipping additional entry
2026-01-08 18:30:46,432 - WARNING - Duplicate patient ID found: stn15, skipping additional entry
2026-01-08 18:30:46,432 - INFO - Built diff index with 71 patients
2026-01-08 18:30:46,432 - INFO - 2) Parsing UPDRS CSV ...
2026-01-08 18:30:46,445 - INFO - Found 55 valid samples
2026-01-08 18:30:46,445 - INFO - 3) Preparing data matrix ...
2026-01-08 18:30:46,479 - INFO - Feature matrix shape: (55, 365), Class distribution: [24 31]
2026-01-08 18:30:46,479 - INFO - 4) Training final model on all data (with train/val split) ...
2026-01-08 18:30:47,213 - INFO - Start training final model. Train=44, Val=11
2026-01-08 18:30:47,355 - INFO - Epoch 1/200 | train loss=0.732180 | val loss=1.292977 | best=inf
2026-01-08 18:30:47,553 - INFO - Epoch 10/200 | train loss=0.010993 | val loss=2.566091 | best=inf
2026-01-08 18:30:47,772 - INFO - Epoch 20/200 | train loss=0.012948 | val loss=1.134322 | best=inf
2026-01-08 18:30:47,990 - INFO - Epoch 30/200 | train loss=0.000136 | val loss=3.241001 | best=inf
2026-01-08 18:30:48,209 - INFO - Epoch 40/200 | train loss=0.000158 | val loss=3.568924 | best=inf
2026-01-08 18:30:48,427 - INFO - Epoch 50/200 | train loss=0.000052 | val loss=3.718748 | best=inf
2026-01-08 18:30:48,646 - INFO - Epoch 60/200 | train loss=0.000033 | val loss=3.802977 | best=inf
2026-01-08 18:30:48,866 - INFO - Epoch 70/200 | train loss=0.000028 | val loss=3.877620 | best=inf
2026-01-08 18:30:49,085 - INFO - Epoch 80/200 | train loss=0.000040 | val loss=3.940325 | best=inf
2026-01-08 18:30:49,303 - INFO - Epoch 90/200 | train loss=0.000019 | val loss=3.991569 | best=inf
2026-01-08 18:30:49,521 - INFO - Epoch 100/200 | train loss=0.000017 | val loss=4.040806 | best=inf
2026-01-08 18:30:49,763 - INFO - Epoch 110/200 | train loss=0.000020 | val loss=4.095811 | best=4.045433
2026-01-08 18:30:49,981 - INFO - Epoch 120/200 | train loss=0.000006 | val loss=4.139363 | best=4.045433
2026-01-08 18:30:50,200 - INFO - Epoch 130/200 | train loss=0.000017 | val loss=4.192829 | best=4.045433
2026-01-08 18:30:50,418 - INFO - Epoch 140/200 | train loss=0.000006 | val loss=4.241466 | best=4.045433
2026-01-08 18:30:50,636 - INFO - Epoch 150/200 | train loss=0.000010 | val loss=4.279315 | best=4.045433
2026-01-08 18:30:50,854 - INFO - Epoch 160/200 | train loss=0.000010 | val loss=4.313926 | best=4.045433
2026-01-08 18:30:51,071 - INFO - Epoch 170/200 | train loss=0.000007 | val loss=4.350182 | best=4.045433
2026-01-08 18:30:51,290 - INFO - Epoch 180/200 | train loss=0.000005 | val loss=4.390448 | best=4.045433
2026-01-08 18:30:51,507 - INFO - Epoch 190/200 | train loss=0.000008 | val loss=4.430876 | best=4.045433
2026-01-08 18:30:51,724 - INFO - Epoch 200/200 | train loss=0.000014 | val loss=4.455175 | best=4.045433
2026-01-08 18:30:51,738 - INFO - Loaded best model from results/model/best_model.pth (epoch 101)
2026-01-08 18:30:51,754 - INFO - Saved final model to: results/model/final_model_20260108_183051.pth
2026-01-08 18:30:51,764 - INFO - Validation metrics: {
  "val_threshold": 1.955529114638921e-05,
  "val_acc": 0.7272727272727273,
  "val_f1": 0.8,
  "val_precision": 0.6666666666666666,
  "val_recall": 1.0,
  "val_auc": 0.6333333333333333,
  "val_ap": 0.7041666666666666
}
2026-01-08 18:30:51,768 - INFO - 5) Running SHAP ...
2026-01-08 18:31:15,635 - INFO - SHAP outputs saved to: results/shap
2026-01-08 18:31:15,635 - INFO - Done. Total time: 29.21s
2026-01-08 18:31:15,635 - INFO - Output dir: results
2026-01-08 18:33:14,207 - INFO - Using device: cuda
2026-01-08 18:33:14,207 - INFO - Hyperparameters: {
  "batch_size": 8,
  "learning_rate": 0.0005,
  "num_epochs": 200,
  "hidden_dim": 512,
  "num_blocks": 6,
  "dropout": 0.3,
  "feature_type": "ALL",
  "improvement_threshold": 0.25,
  "val_ratio": 0.2,
  "early_stop_patience": 100,
  "early_stop_min_epochs": 100
}
2026-01-08 18:33:14,207 - INFO - 1) Building diff index ...
2026-01-08 18:33:14,208 - WARNING - Duplicate patient ID found: stn02, skipping additional entry
2026-01-08 18:33:14,209 - WARNING - Duplicate patient ID found: gpi11, skipping additional entry
2026-01-08 18:33:14,209 - WARNING - Duplicate patient ID found: gpi02, skipping additional entry
2026-01-08 18:33:14,209 - WARNING - Duplicate patient ID found: gpi19, skipping additional entry
2026-01-08 18:33:14,209 - WARNING - Duplicate patient ID found: stn23, skipping additional entry
2026-01-08 18:33:14,209 - WARNING - Duplicate patient ID found: stn03, skipping additional entry
2026-01-08 18:33:14,209 - WARNING - Duplicate patient ID found: gpi20, skipping additional entry
2026-01-08 18:33:14,210 - WARNING - Duplicate patient ID found: stn04, skipping additional entry
2026-01-08 18:33:14,210 - WARNING - Duplicate patient ID found: stn24, skipping additional entry
2026-01-08 18:33:14,210 - WARNING - Duplicate patient ID found: gpi04, skipping additional entry
2026-01-08 18:33:14,210 - WARNING - Duplicate patient ID found: gpi15, skipping additional entry
2026-01-08 18:33:14,210 - WARNING - Duplicate patient ID found: stn19, skipping additional entry
2026-01-08 18:33:14,210 - WARNING - Duplicate patient ID found: stn08, skipping additional entry
2026-01-08 18:33:14,210 - WARNING - Duplicate patient ID found: stn11, skipping additional entry
2026-01-08 18:33:14,210 - WARNING - Duplicate patient ID found: gpi07, skipping additional entry
2026-01-08 18:33:14,210 - WARNING - Duplicate patient ID found: gpi26, skipping additional entry
2026-01-08 18:33:14,211 - WARNING - Duplicate patient ID found: stn13, skipping additional entry
2026-01-08 18:33:14,211 - WARNING - Duplicate patient ID found: gpi06, skipping additional entry
2026-01-08 18:33:14,211 - WARNING - Duplicate patient ID found: stn30, skipping additional entry
2026-01-08 18:33:14,211 - WARNING - Duplicate patient ID found: stn18, skipping additional entry
2026-01-08 18:33:14,211 - WARNING - Duplicate patient ID found: gpi24, skipping additional entry
2026-01-08 18:33:14,211 - WARNING - Duplicate patient ID found: gpi13, skipping additional entry
2026-01-08 18:33:14,211 - WARNING - Duplicate patient ID found: stn07, skipping additional entry
2026-01-08 18:33:14,211 - WARNING - Duplicate patient ID found: stn20, skipping additional entry
2026-01-08 18:33:14,211 - WARNING - Duplicate patient ID found: gpi12, skipping additional entry
2026-01-08 18:33:14,212 - WARNING - Duplicate patient ID found: stn01, skipping additional entry
2026-01-08 18:33:14,212 - WARNING - Duplicate patient ID found: gpi22, skipping additional entry
2026-01-08 18:33:14,212 - WARNING - Duplicate patient ID found: gpi18, skipping additional entry
2026-01-08 18:33:14,212 - WARNING - Duplicate patient ID found: gpi09, skipping additional entry
2026-01-08 18:33:14,212 - WARNING - Duplicate patient ID found: gpi25, skipping additional entry
2026-01-08 18:33:14,212 - WARNING - Duplicate patient ID found: stn29, skipping additional entry
2026-01-08 18:33:14,212 - WARNING - Duplicate patient ID found: gpi31, skipping additional entry
2026-01-08 18:33:14,212 - WARNING - Duplicate patient ID found: stn10, skipping additional entry
2026-01-08 18:33:14,212 - WARNING - Duplicate patient ID found: gpi28, skipping additional entry
2026-01-08 18:33:14,212 - WARNING - Duplicate patient ID found: stn31, skipping additional entry
2026-01-08 18:33:14,212 - WARNING - Duplicate patient ID found: gpi03, skipping additional entry
2026-01-08 18:33:14,212 - WARNING - Duplicate patient ID found: gpi05, skipping additional entry
2026-01-08 18:33:14,213 - WARNING - Duplicate patient ID found: stn25, skipping additional entry
2026-01-08 18:33:14,213 - WARNING - Duplicate patient ID found: gpi08, skipping additional entry
2026-01-08 18:33:14,213 - WARNING - Duplicate patient ID found: gpi27, skipping additional entry
2026-01-08 18:33:14,213 - WARNING - Duplicate patient ID found: stn16, skipping additional entry
2026-01-08 18:33:14,213 - WARNING - Duplicate patient ID found: gpi23, skipping additional entry
2026-01-08 18:33:14,213 - WARNING - Duplicate patient ID found: stn09, skipping additional entry
2026-01-08 18:33:14,213 - WARNING - Duplicate patient ID found: stn28, skipping additional entry
2026-01-08 18:33:14,213 - WARNING - Duplicate patient ID found: stn06, skipping additional entry
2026-01-08 18:33:14,213 - WARNING - Duplicate patient ID found: stn12, skipping additional entry
2026-01-08 18:33:14,213 - WARNING - Duplicate patient ID found: gpi16, skipping additional entry
2026-01-08 18:33:14,213 - WARNING - Duplicate patient ID found: gpi30, skipping additional entry
2026-01-08 18:33:14,213 - WARNING - Duplicate patient ID found: stn21, skipping additional entry
2026-01-08 18:33:14,214 - WARNING - Duplicate patient ID found: stn22, skipping additional entry
2026-01-08 18:33:14,214 - WARNING - Duplicate patient ID found: stn14, skipping additional entry
2026-01-08 18:33:14,214 - WARNING - Duplicate patient ID found: gpi17, skipping additional entry
2026-01-08 18:33:14,214 - WARNING - Duplicate patient ID found: gpi21, skipping additional entry
2026-01-08 18:33:14,214 - WARNING - Duplicate patient ID found: gpi32, skipping additional entry
2026-01-08 18:33:14,214 - WARNING - Duplicate patient ID found: stn15, skipping additional entry
2026-01-08 18:33:14,214 - INFO - Built diff index with 71 patients
2026-01-08 18:33:14,214 - INFO - 2) Parsing UPDRS CSV ...
2026-01-08 18:33:14,227 - INFO - Found 55 valid samples
2026-01-08 18:33:14,227 - INFO - 3) Preparing data matrix ...
2026-01-08 18:33:14,260 - INFO - Feature matrix shape: (55, 365), Class distribution: [24 31]
2026-01-08 18:33:14,260 - INFO - 4) Training final model on all data (with train/val split) ...
2026-01-08 18:33:14,985 - INFO - Start training final model. Train=44, Val=11
2026-01-08 18:33:15,129 - INFO - Epoch 1/200 | train loss=0.732180 | val loss=1.292977 | best=inf
2026-01-08 18:33:15,327 - INFO - Epoch 10/200 | train loss=0.010993 | val loss=2.566091 | best=inf
2026-01-08 18:33:15,547 - INFO - Epoch 20/200 | train loss=0.012948 | val loss=1.134322 | best=inf
2026-01-08 18:33:15,767 - INFO - Epoch 30/200 | train loss=0.000136 | val loss=3.241001 | best=inf
2026-01-08 18:33:15,986 - INFO - Epoch 40/200 | train loss=0.000158 | val loss=3.568924 | best=inf
2026-01-08 18:33:16,206 - INFO - Epoch 50/200 | train loss=0.000052 | val loss=3.718748 | best=inf
2026-01-08 18:33:16,425 - INFO - Epoch 60/200 | train loss=0.000033 | val loss=3.802977 | best=inf
2026-01-08 18:33:16,647 - INFO - Epoch 70/200 | train loss=0.000028 | val loss=3.877620 | best=inf
2026-01-08 18:33:16,873 - INFO - Epoch 80/200 | train loss=0.000040 | val loss=3.940325 | best=inf
2026-01-08 18:33:17,101 - INFO - Epoch 90/200 | train loss=0.000019 | val loss=3.991569 | best=inf
2026-01-08 18:33:17,330 - INFO - Epoch 100/200 | train loss=0.000017 | val loss=4.040806 | best=inf
2026-01-08 18:33:17,577 - INFO - Epoch 110/200 | train loss=0.000020 | val loss=4.095811 | best=4.045433
2026-01-08 18:33:17,805 - INFO - Epoch 120/200 | train loss=0.000006 | val loss=4.139363 | best=4.045433
2026-01-08 18:33:18,035 - INFO - Epoch 130/200 | train loss=0.000017 | val loss=4.192829 | best=4.045433
2026-01-08 18:33:18,263 - INFO - Epoch 140/200 | train loss=0.000006 | val loss=4.241466 | best=4.045433
2026-01-08 18:33:18,490 - INFO - Epoch 150/200 | train loss=0.000010 | val loss=4.279315 | best=4.045433
2026-01-08 18:33:18,717 - INFO - Epoch 160/200 | train loss=0.000010 | val loss=4.313926 | best=4.045433
2026-01-08 18:33:18,946 - INFO - Epoch 170/200 | train loss=0.000007 | val loss=4.350182 | best=4.045433
2026-01-08 18:33:19,175 - INFO - Epoch 180/200 | train loss=0.000005 | val loss=4.390448 | best=4.045433
2026-01-08 18:33:19,392 - INFO - Epoch 190/200 | train loss=0.000008 | val loss=4.430876 | best=4.045433
2026-01-08 18:33:19,609 - INFO - Epoch 200/200 | train loss=0.000014 | val loss=4.455175 | best=4.045433
2026-01-08 18:33:19,622 - INFO - Loaded best model from results/model/best_model.pth (epoch 101)
2026-01-08 18:33:19,638 - INFO - Saved final model to: results/model/final_model_20260108_183319.pth
2026-01-08 18:33:19,648 - INFO - Validation metrics: {
  "val_threshold": 1.955529114638921e-05,
  "val_acc": 0.7272727272727273,
  "val_f1": 0.8,
  "val_precision": 0.6666666666666666,
  "val_recall": 1.0,
  "val_auc": 0.6333333333333333,
  "val_ap": 0.7041666666666666
}
2026-01-08 18:33:19,651 - INFO - 5) Running SHAP ...
2026-01-08 18:33:42,992 - INFO - SHAP outputs saved to: results/shap
2026-01-08 18:33:42,992 - INFO - Done. Total time: 28.78s
2026-01-08 18:33:42,992 - INFO - Output dir: results
2026-01-26 19:13:52,730 - INFO - Using device: cuda
2026-01-26 19:13:52,736 - INFO - Hyperparameters: {
  "batch_size": 8,
  "learning_rate": 0.0005,
  "num_epochs": 200,
  "hidden_dim": 512,
  "num_blocks": 6,
  "dropout": 0.3,
  "feature_type": "ALL",
  "improvement_threshold": 0.25,
  "val_ratio": 0.2,
  "early_stop_patience": 100,
  "early_stop_min_epochs": 100
}
2026-01-26 19:13:52,736 - INFO - 1) Building diff index ...
2026-01-26 19:13:53,441 - WARNING - Duplicate patient ID found: stn02, skipping additional entry
2026-01-26 19:13:53,911 - WARNING - Duplicate patient ID found: gpi11, skipping additional entry
2026-01-26 19:13:54,112 - WARNING - Duplicate patient ID found: gpi02, skipping additional entry
2026-01-26 19:13:54,152 - WARNING - Duplicate patient ID found: gpi19, skipping additional entry
2026-01-26 19:13:54,254 - WARNING - Duplicate patient ID found: stn23, skipping additional entry
2026-01-26 19:13:54,432 - WARNING - Duplicate patient ID found: stn03, skipping additional entry
2026-01-26 19:13:54,525 - WARNING - Duplicate patient ID found: gpi20, skipping additional entry
2026-01-26 19:13:54,669 - WARNING - Duplicate patient ID found: stn04, skipping additional entry
2026-01-26 19:13:54,920 - WARNING - Duplicate patient ID found: stn24, skipping additional entry
2026-01-26 19:13:54,981 - WARNING - Duplicate patient ID found: gpi04, skipping additional entry
2026-01-26 19:13:55,000 - WARNING - Duplicate patient ID found: gpi15, skipping additional entry
2026-01-26 19:13:55,067 - WARNING - Duplicate patient ID found: stn19, skipping additional entry
2026-01-26 19:13:55,084 - WARNING - Duplicate patient ID found: stn08, skipping additional entry
2026-01-26 19:13:55,113 - WARNING - Duplicate patient ID found: stn11, skipping additional entry
2026-01-26 19:13:55,149 - WARNING - Duplicate patient ID found: gpi07, skipping additional entry
2026-01-26 19:13:55,227 - WARNING - Duplicate patient ID found: gpi26, skipping additional entry
2026-01-26 19:13:55,264 - WARNING - Duplicate patient ID found: stn13, skipping additional entry
2026-01-26 19:13:55,330 - WARNING - Duplicate patient ID found: gpi06, skipping additional entry
2026-01-26 19:13:55,423 - WARNING - Duplicate patient ID found: stn30, skipping additional entry
2026-01-26 19:13:55,478 - WARNING - Duplicate patient ID found: stn18, skipping additional entry
2026-01-26 19:13:55,499 - WARNING - Duplicate patient ID found: gpi24, skipping additional entry
2026-01-26 19:13:55,527 - WARNING - Duplicate patient ID found: gpi13, skipping additional entry
2026-01-26 19:13:55,645 - WARNING - Duplicate patient ID found: stn07, skipping additional entry
2026-01-26 19:13:55,733 - WARNING - Duplicate patient ID found: stn20, skipping additional entry
2026-01-26 19:13:55,897 - WARNING - Duplicate patient ID found: gpi12, skipping additional entry
2026-01-26 19:13:56,052 - WARNING - Duplicate patient ID found: stn01, skipping additional entry
2026-01-26 19:13:56,093 - WARNING - Duplicate patient ID found: gpi22, skipping additional entry
2026-01-26 19:13:56,097 - WARNING - Duplicate patient ID found: gpi18, skipping additional entry
2026-01-26 19:13:56,167 - WARNING - Duplicate patient ID found: gpi09, skipping additional entry
2026-01-26 19:13:56,211 - WARNING - Duplicate patient ID found: gpi25, skipping additional entry
2026-01-26 19:13:56,222 - WARNING - Duplicate patient ID found: stn29, skipping additional entry
2026-01-26 19:13:56,236 - WARNING - Duplicate patient ID found: gpi31, skipping additional entry
2026-01-26 19:13:56,273 - WARNING - Duplicate patient ID found: stn10, skipping additional entry
2026-01-26 19:13:56,282 - WARNING - Duplicate patient ID found: gpi28, skipping additional entry
2026-01-26 19:13:56,314 - WARNING - Duplicate patient ID found: stn31, skipping additional entry
2026-01-26 19:13:56,369 - WARNING - Duplicate patient ID found: gpi03, skipping additional entry
2026-01-26 19:13:56,405 - WARNING - Duplicate patient ID found: gpi05, skipping additional entry
2026-01-26 19:13:56,451 - WARNING - Duplicate patient ID found: stn25, skipping additional entry
2026-01-26 19:13:56,487 - WARNING - Duplicate patient ID found: gpi08, skipping additional entry
2026-01-26 19:13:56,502 - WARNING - Duplicate patient ID found: gpi27, skipping additional entry
2026-01-26 19:13:56,535 - WARNING - Duplicate patient ID found: stn16, skipping additional entry
2026-01-26 19:13:56,555 - WARNING - Duplicate patient ID found: gpi23, skipping additional entry
2026-01-26 19:13:56,671 - WARNING - Duplicate patient ID found: stn09, skipping additional entry
2026-01-26 19:13:56,689 - WARNING - Duplicate patient ID found: stn28, skipping additional entry
2026-01-26 19:13:56,691 - WARNING - Duplicate patient ID found: stn06, skipping additional entry
2026-01-26 19:13:56,723 - WARNING - Duplicate patient ID found: stn12, skipping additional entry
2026-01-26 19:13:56,765 - WARNING - Duplicate patient ID found: gpi16, skipping additional entry
2026-01-26 19:13:56,793 - WARNING - Duplicate patient ID found: gpi30, skipping additional entry
2026-01-26 19:13:56,811 - WARNING - Duplicate patient ID found: stn21, skipping additional entry
2026-01-26 19:13:56,834 - WARNING - Duplicate patient ID found: stn22, skipping additional entry
2026-01-26 19:13:56,861 - WARNING - Duplicate patient ID found: stn14, skipping additional entry
2026-01-26 19:13:56,868 - WARNING - Duplicate patient ID found: gpi17, skipping additional entry
2026-01-26 19:13:56,895 - WARNING - Duplicate patient ID found: gpi21, skipping additional entry
2026-01-26 19:13:56,928 - WARNING - Duplicate patient ID found: gpi32, skipping additional entry
2026-01-26 19:13:56,997 - WARNING - Duplicate patient ID found: stn15, skipping additional entry
2026-01-26 19:13:56,997 - INFO - Built diff index with 71 patients
2026-01-26 19:13:56,997 - INFO - 2) Parsing UPDRS CSV ...
2026-01-26 19:13:57,037 - INFO - Found 55 valid samples
2026-01-26 19:13:57,037 - INFO - 3) Preparing data matrix ...
2026-01-26 19:13:58,835 - INFO - Feature matrix shape: (55, 365), Class distribution: [24 31]
2026-01-26 19:13:58,836 - INFO - 4) Training final model on all data (with train/val split) ...
2026-01-26 19:13:59,567 - INFO - Start training final model. Train=44, Val=11
2026-01-26 19:13:59,709 - INFO - Epoch 1/200 | train loss=0.732180 | val loss=1.292977 | best=inf
2026-01-26 19:13:59,904 - INFO - Epoch 10/200 | train loss=0.010993 | val loss=2.566091 | best=inf
2026-01-26 19:14:00,119 - INFO - Epoch 20/200 | train loss=0.012948 | val loss=1.134322 | best=inf
2026-01-26 19:14:00,334 - INFO - Epoch 30/200 | train loss=0.000136 | val loss=3.241001 | best=inf
2026-01-26 19:14:00,549 - INFO - Epoch 40/200 | train loss=0.000158 | val loss=3.568924 | best=inf
2026-01-26 19:14:00,764 - INFO - Epoch 50/200 | train loss=0.000052 | val loss=3.718748 | best=inf
2026-01-26 19:14:00,979 - INFO - Epoch 60/200 | train loss=0.000033 | val loss=3.802977 | best=inf
2026-01-26 19:14:01,197 - INFO - Epoch 70/200 | train loss=0.000028 | val loss=3.877620 | best=inf
2026-01-26 19:14:01,412 - INFO - Epoch 80/200 | train loss=0.000040 | val loss=3.940325 | best=inf
2026-01-26 19:14:01,627 - INFO - Epoch 90/200 | train loss=0.000019 | val loss=3.991569 | best=inf
2026-01-26 19:14:01,842 - INFO - Epoch 100/200 | train loss=0.000017 | val loss=4.040806 | best=inf
2026-01-26 19:14:02,073 - INFO - Epoch 110/200 | train loss=0.000020 | val loss=4.095811 | best=4.045433
2026-01-26 19:14:02,288 - INFO - Epoch 120/200 | train loss=0.000006 | val loss=4.139363 | best=4.045433
2026-01-26 19:14:02,505 - INFO - Epoch 130/200 | train loss=0.000017 | val loss=4.192829 | best=4.045433
2026-01-26 19:14:02,719 - INFO - Epoch 140/200 | train loss=0.000006 | val loss=4.241466 | best=4.045433
2026-01-26 19:14:02,933 - INFO - Epoch 150/200 | train loss=0.000010 | val loss=4.279315 | best=4.045433
2026-01-26 19:14:03,148 - INFO - Epoch 160/200 | train loss=0.000010 | val loss=4.313926 | best=4.045433
2026-01-26 19:14:03,362 - INFO - Epoch 170/200 | train loss=0.000007 | val loss=4.350182 | best=4.045433
2026-01-26 19:14:03,578 - INFO - Epoch 180/200 | train loss=0.000005 | val loss=4.390448 | best=4.045433
2026-01-26 19:14:03,791 - INFO - Epoch 190/200 | train loss=0.000008 | val loss=4.430876 | best=4.045433
2026-01-26 19:14:04,005 - INFO - Epoch 200/200 | train loss=0.000014 | val loss=4.455175 | best=4.045433
2026-01-26 19:14:04,019 - INFO - Loaded best model from results/model/best_model.pth (epoch 101)
2026-01-26 19:14:04,035 - INFO - Saved final model to: results/model/final_model_20260126_191404.pth
2026-01-26 19:14:04,045 - INFO - Validation metrics: {
  "val_threshold": 1.955529114638921e-05,
  "val_acc": 0.7272727272727273,
  "val_f1": 0.8,
  "val_precision": 0.6666666666666666,
  "val_recall": 1.0,
  "val_auc": 0.6333333333333333,
  "val_ap": 0.7041666666666666
}
2026-01-26 19:14:04,047 - INFO - 5) Running SHAP ...
2026-01-26 19:14:20,497 - INFO - Using device: cuda
2026-01-26 19:14:20,497 - INFO - Hyperparameters: {
  "batch_size": 8,
  "learning_rate": 0.0005,
  "num_epochs": 200,
  "hidden_dim": 512,
  "num_blocks": 6,
  "dropout": 0.3,
  "feature_type": "ALL",
  "improvement_threshold": 0.25,
  "val_ratio": 0.2,
  "early_stop_patience": 100,
  "early_stop_min_epochs": 100
}
2026-01-26 19:14:20,497 - INFO - 1) Building diff index ...
2026-01-26 19:14:20,498 - WARNING - Duplicate patient ID found: stn02, skipping additional entry
2026-01-26 19:14:20,498 - WARNING - Duplicate patient ID found: gpi11, skipping additional entry
2026-01-26 19:14:20,499 - WARNING - Duplicate patient ID found: gpi02, skipping additional entry
2026-01-26 19:14:20,499 - WARNING - Duplicate patient ID found: gpi19, skipping additional entry
2026-01-26 19:14:20,499 - WARNING - Duplicate patient ID found: stn23, skipping additional entry
2026-01-26 19:14:20,499 - WARNING - Duplicate patient ID found: stn03, skipping additional entry
2026-01-26 19:14:20,499 - WARNING - Duplicate patient ID found: gpi20, skipping additional entry
2026-01-26 19:14:20,499 - WARNING - Duplicate patient ID found: stn04, skipping additional entry
2026-01-26 19:14:20,499 - WARNING - Duplicate patient ID found: stn24, skipping additional entry
2026-01-26 19:14:20,500 - WARNING - Duplicate patient ID found: gpi04, skipping additional entry
2026-01-26 19:14:20,500 - WARNING - Duplicate patient ID found: gpi15, skipping additional entry
2026-01-26 19:14:20,500 - WARNING - Duplicate patient ID found: stn19, skipping additional entry
2026-01-26 19:14:20,500 - WARNING - Duplicate patient ID found: stn08, skipping additional entry
2026-01-26 19:14:20,500 - WARNING - Duplicate patient ID found: stn11, skipping additional entry
2026-01-26 19:14:20,500 - WARNING - Duplicate patient ID found: gpi07, skipping additional entry
2026-01-26 19:14:20,500 - WARNING - Duplicate patient ID found: gpi26, skipping additional entry
2026-01-26 19:14:20,500 - WARNING - Duplicate patient ID found: stn13, skipping additional entry
2026-01-26 19:14:20,500 - WARNING - Duplicate patient ID found: gpi06, skipping additional entry
2026-01-26 19:14:20,500 - WARNING - Duplicate patient ID found: stn30, skipping additional entry
2026-01-26 19:14:20,500 - WARNING - Duplicate patient ID found: stn18, skipping additional entry
2026-01-26 19:14:20,500 - WARNING - Duplicate patient ID found: gpi24, skipping additional entry
2026-01-26 19:14:20,500 - WARNING - Duplicate patient ID found: gpi13, skipping additional entry
2026-01-26 19:14:20,501 - WARNING - Duplicate patient ID found: stn07, skipping additional entry
2026-01-26 19:14:20,501 - WARNING - Duplicate patient ID found: stn20, skipping additional entry
2026-01-26 19:14:20,501 - WARNING - Duplicate patient ID found: gpi12, skipping additional entry
2026-01-26 19:14:20,501 - WARNING - Duplicate patient ID found: stn01, skipping additional entry
2026-01-26 19:14:20,501 - WARNING - Duplicate patient ID found: gpi22, skipping additional entry
2026-01-26 19:14:20,501 - WARNING - Duplicate patient ID found: gpi18, skipping additional entry
2026-01-26 19:14:20,501 - WARNING - Duplicate patient ID found: gpi09, skipping additional entry
2026-01-26 19:14:20,501 - WARNING - Duplicate patient ID found: gpi25, skipping additional entry
2026-01-26 19:14:20,501 - WARNING - Duplicate patient ID found: stn29, skipping additional entry
2026-01-26 19:14:20,501 - WARNING - Duplicate patient ID found: gpi31, skipping additional entry
2026-01-26 19:14:20,502 - WARNING - Duplicate patient ID found: stn10, skipping additional entry
2026-01-26 19:14:20,502 - WARNING - Duplicate patient ID found: gpi28, skipping additional entry
2026-01-26 19:14:20,502 - WARNING - Duplicate patient ID found: stn31, skipping additional entry
2026-01-26 19:14:20,502 - WARNING - Duplicate patient ID found: gpi03, skipping additional entry
2026-01-26 19:14:20,502 - WARNING - Duplicate patient ID found: gpi05, skipping additional entry
2026-01-26 19:14:20,502 - WARNING - Duplicate patient ID found: stn25, skipping additional entry
2026-01-26 19:14:20,502 - WARNING - Duplicate patient ID found: gpi08, skipping additional entry
2026-01-26 19:14:20,502 - WARNING - Duplicate patient ID found: gpi27, skipping additional entry
2026-01-26 19:14:20,502 - WARNING - Duplicate patient ID found: stn16, skipping additional entry
2026-01-26 19:14:20,502 - WARNING - Duplicate patient ID found: gpi23, skipping additional entry
2026-01-26 19:14:20,502 - WARNING - Duplicate patient ID found: stn09, skipping additional entry
2026-01-26 19:14:20,502 - WARNING - Duplicate patient ID found: stn28, skipping additional entry
2026-01-26 19:14:20,502 - WARNING - Duplicate patient ID found: stn06, skipping additional entry
2026-01-26 19:14:20,503 - WARNING - Duplicate patient ID found: stn12, skipping additional entry
2026-01-26 19:14:20,503 - WARNING - Duplicate patient ID found: gpi16, skipping additional entry
2026-01-26 19:14:20,503 - WARNING - Duplicate patient ID found: gpi30, skipping additional entry
2026-01-26 19:14:20,503 - WARNING - Duplicate patient ID found: stn21, skipping additional entry
2026-01-26 19:14:20,503 - WARNING - Duplicate patient ID found: stn22, skipping additional entry
2026-01-26 19:14:20,503 - WARNING - Duplicate patient ID found: stn14, skipping additional entry
2026-01-26 19:14:20,503 - WARNING - Duplicate patient ID found: gpi17, skipping additional entry
2026-01-26 19:14:20,503 - WARNING - Duplicate patient ID found: gpi21, skipping additional entry
2026-01-26 19:14:20,503 - WARNING - Duplicate patient ID found: gpi32, skipping additional entry
2026-01-26 19:14:20,503 - WARNING - Duplicate patient ID found: stn15, skipping additional entry
2026-01-26 19:14:20,503 - INFO - Built diff index with 71 patients
2026-01-26 19:14:20,503 - INFO - 2) Parsing UPDRS CSV ...
2026-01-26 19:14:20,516 - INFO - Found 55 valid samples
2026-01-26 19:14:20,516 - INFO - 3) Preparing data matrix ...
2026-01-26 19:14:20,549 - INFO - Feature matrix shape: (55, 365), Class distribution: [24 31]
2026-01-26 19:14:20,549 - INFO - 4) Training final model on all data (with train/val split) ...
2026-01-26 19:14:21,274 - INFO - Start training final model. Train=44, Val=11
2026-01-26 19:14:21,419 - INFO - Epoch 1/200 | train loss=0.732180 | val loss=1.292977 | best=inf
2026-01-26 19:14:21,615 - INFO - Epoch 10/200 | train loss=0.010993 | val loss=2.566091 | best=inf
2026-01-26 19:14:21,832 - INFO - Epoch 20/200 | train loss=0.012948 | val loss=1.134322 | best=inf
2026-01-26 19:14:22,050 - INFO - Epoch 30/200 | train loss=0.000136 | val loss=3.241001 | best=inf
2026-01-26 19:14:22,267 - INFO - Epoch 40/200 | train loss=0.000158 | val loss=3.568924 | best=inf
2026-01-26 19:14:22,484 - INFO - Epoch 50/200 | train loss=0.000052 | val loss=3.718748 | best=inf
2026-01-26 19:14:22,701 - INFO - Epoch 60/200 | train loss=0.000033 | val loss=3.802977 | best=inf
2026-01-26 19:14:22,920 - INFO - Epoch 70/200 | train loss=0.000028 | val loss=3.877620 | best=inf
2026-01-26 19:14:23,137 - INFO - Epoch 80/200 | train loss=0.000040 | val loss=3.940325 | best=inf
2026-01-26 19:14:23,354 - INFO - Epoch 90/200 | train loss=0.000019 | val loss=3.991569 | best=inf
2026-01-26 19:14:23,571 - INFO - Epoch 100/200 | train loss=0.000017 | val loss=4.040806 | best=inf
2026-01-26 19:14:23,807 - INFO - Epoch 110/200 | train loss=0.000020 | val loss=4.095811 | best=4.045433
2026-01-26 19:14:24,024 - INFO - Epoch 120/200 | train loss=0.000006 | val loss=4.139363 | best=4.045433
2026-01-26 19:14:24,241 - INFO - Epoch 130/200 | train loss=0.000017 | val loss=4.192829 | best=4.045433
2026-01-26 19:14:24,457 - INFO - Epoch 140/200 | train loss=0.000006 | val loss=4.241466 | best=4.045433
2026-01-26 19:14:24,673 - INFO - Epoch 150/200 | train loss=0.000010 | val loss=4.279315 | best=4.045433
2026-01-26 19:14:24,888 - INFO - Epoch 160/200 | train loss=0.000010 | val loss=4.313926 | best=4.045433
2026-01-26 19:14:25,104 - INFO - Epoch 170/200 | train loss=0.000007 | val loss=4.350182 | best=4.045433
2026-01-26 19:14:25,320 - INFO - Epoch 180/200 | train loss=0.000005 | val loss=4.390448 | best=4.045433
2026-01-26 19:14:25,536 - INFO - Epoch 190/200 | train loss=0.000008 | val loss=4.430876 | best=4.045433
2026-01-26 19:14:25,752 - INFO - Epoch 200/200 | train loss=0.000014 | val loss=4.455175 | best=4.045433
2026-01-26 19:14:25,766 - INFO - Loaded best model from results/model/best_model.pth (epoch 101)
2026-01-26 19:14:25,782 - INFO - Saved final model to: results/model/final_model_20260126_191425.pth
2026-01-26 19:14:25,793 - INFO - Validation metrics: {
  "val_threshold": 1.955529114638921e-05,
  "val_acc": 0.7272727272727273,
  "val_f1": 0.8,
  "val_precision": 0.6666666666666666,
  "val_recall": 1.0,
  "val_auc": 0.6333333333333333,
  "val_ap": 0.7041666666666666
}
2026-01-26 19:14:25,795 - INFO - 5) Running SHAP ...
2026-01-26 19:14:49,100 - INFO - SHAP outputs saved to: results/shap
2026-01-26 19:14:49,101 - INFO - Done. Total time: 28.60s
2026-01-26 19:14:49,101 - INFO - Output dir: results
2026-01-26 19:17:34,721 - INFO - Using device: cuda
2026-01-26 19:17:34,721 - INFO - Hyperparameters: {
  "batch_size": 8,
  "learning_rate": 0.0005,
  "num_epochs": 200,
  "hidden_dim": 512,
  "num_blocks": 6,
  "dropout": 0.3,
  "feature_type": "ALL",
  "improvement_threshold": 0.25,
  "val_ratio": 0.2,
  "early_stop_patience": 100,
  "early_stop_min_epochs": 100
}
2026-01-26 19:17:34,721 - INFO - 1) Building diff index ...
2026-01-26 19:17:34,722 - WARNING - Duplicate patient ID found: stn02, skipping additional entry
2026-01-26 19:17:34,723 - WARNING - Duplicate patient ID found: gpi11, skipping additional entry
2026-01-26 19:17:34,723 - WARNING - Duplicate patient ID found: gpi02, skipping additional entry
2026-01-26 19:17:34,723 - WARNING - Duplicate patient ID found: gpi19, skipping additional entry
2026-01-26 19:17:34,723 - WARNING - Duplicate patient ID found: stn23, skipping additional entry
2026-01-26 19:17:34,723 - WARNING - Duplicate patient ID found: stn03, skipping additional entry
2026-01-26 19:17:34,723 - WARNING - Duplicate patient ID found: gpi20, skipping additional entry
2026-01-26 19:17:34,724 - WARNING - Duplicate patient ID found: stn04, skipping additional entry
2026-01-26 19:17:34,724 - WARNING - Duplicate patient ID found: stn24, skipping additional entry
2026-01-26 19:17:34,724 - WARNING - Duplicate patient ID found: gpi04, skipping additional entry
2026-01-26 19:17:34,724 - WARNING - Duplicate patient ID found: gpi15, skipping additional entry
2026-01-26 19:17:34,724 - WARNING - Duplicate patient ID found: stn19, skipping additional entry
2026-01-26 19:17:34,724 - WARNING - Duplicate patient ID found: stn08, skipping additional entry
2026-01-26 19:17:34,724 - WARNING - Duplicate patient ID found: stn11, skipping additional entry
2026-01-26 19:17:34,724 - WARNING - Duplicate patient ID found: gpi07, skipping additional entry
2026-01-26 19:17:34,724 - WARNING - Duplicate patient ID found: gpi26, skipping additional entry
2026-01-26 19:17:34,724 - WARNING - Duplicate patient ID found: stn13, skipping additional entry
2026-01-26 19:17:34,724 - WARNING - Duplicate patient ID found: gpi06, skipping additional entry
2026-01-26 19:17:34,725 - WARNING - Duplicate patient ID found: stn30, skipping additional entry
2026-01-26 19:17:34,725 - WARNING - Duplicate patient ID found: stn18, skipping additional entry
2026-01-26 19:17:34,725 - WARNING - Duplicate patient ID found: gpi24, skipping additional entry
2026-01-26 19:17:34,725 - WARNING - Duplicate patient ID found: gpi13, skipping additional entry
2026-01-26 19:17:34,725 - WARNING - Duplicate patient ID found: stn07, skipping additional entry
2026-01-26 19:17:34,725 - WARNING - Duplicate patient ID found: stn20, skipping additional entry
2026-01-26 19:17:34,725 - WARNING - Duplicate patient ID found: gpi12, skipping additional entry
2026-01-26 19:17:34,725 - WARNING - Duplicate patient ID found: stn01, skipping additional entry
2026-01-26 19:17:34,726 - WARNING - Duplicate patient ID found: gpi22, skipping additional entry
2026-01-26 19:17:34,726 - WARNING - Duplicate patient ID found: gpi18, skipping additional entry
2026-01-26 19:17:34,726 - WARNING - Duplicate patient ID found: gpi09, skipping additional entry
2026-01-26 19:17:34,726 - WARNING - Duplicate patient ID found: gpi25, skipping additional entry
2026-01-26 19:17:34,726 - WARNING - Duplicate patient ID found: stn29, skipping additional entry
2026-01-26 19:17:34,726 - WARNING - Duplicate patient ID found: gpi31, skipping additional entry
2026-01-26 19:17:34,726 - WARNING - Duplicate patient ID found: stn10, skipping additional entry
2026-01-26 19:17:34,726 - WARNING - Duplicate patient ID found: gpi28, skipping additional entry
2026-01-26 19:17:34,726 - WARNING - Duplicate patient ID found: stn31, skipping additional entry
2026-01-26 19:17:34,726 - WARNING - Duplicate patient ID found: gpi03, skipping additional entry
2026-01-26 19:17:34,726 - WARNING - Duplicate patient ID found: gpi05, skipping additional entry
2026-01-26 19:17:34,726 - WARNING - Duplicate patient ID found: stn25, skipping additional entry
2026-01-26 19:17:34,726 - WARNING - Duplicate patient ID found: gpi08, skipping additional entry
2026-01-26 19:17:34,726 - WARNING - Duplicate patient ID found: gpi27, skipping additional entry
2026-01-26 19:17:34,727 - WARNING - Duplicate patient ID found: stn16, skipping additional entry
2026-01-26 19:17:34,727 - WARNING - Duplicate patient ID found: gpi23, skipping additional entry
2026-01-26 19:17:34,727 - WARNING - Duplicate patient ID found: stn09, skipping additional entry
2026-01-26 19:17:34,727 - WARNING - Duplicate patient ID found: stn28, skipping additional entry
2026-01-26 19:17:34,727 - WARNING - Duplicate patient ID found: stn06, skipping additional entry
2026-01-26 19:17:34,727 - WARNING - Duplicate patient ID found: stn12, skipping additional entry
2026-01-26 19:17:34,727 - WARNING - Duplicate patient ID found: gpi16, skipping additional entry
2026-01-26 19:17:34,727 - WARNING - Duplicate patient ID found: gpi30, skipping additional entry
2026-01-26 19:17:34,727 - WARNING - Duplicate patient ID found: stn21, skipping additional entry
2026-01-26 19:17:34,727 - WARNING - Duplicate patient ID found: stn22, skipping additional entry
2026-01-26 19:17:34,727 - WARNING - Duplicate patient ID found: stn14, skipping additional entry
2026-01-26 19:17:34,727 - WARNING - Duplicate patient ID found: gpi17, skipping additional entry
2026-01-26 19:17:34,727 - WARNING - Duplicate patient ID found: gpi21, skipping additional entry
2026-01-26 19:17:34,727 - WARNING - Duplicate patient ID found: gpi32, skipping additional entry
2026-01-26 19:17:34,728 - WARNING - Duplicate patient ID found: stn15, skipping additional entry
2026-01-26 19:17:34,728 - INFO - Built diff index with 71 patients
2026-01-26 19:17:34,728 - INFO - 2) Parsing UPDRS CSV ...
2026-01-26 19:17:34,740 - INFO - Found 55 valid samples
2026-01-26 19:17:34,741 - INFO - 3) Preparing data matrix ...
2026-01-26 19:17:34,772 - INFO - Feature matrix shape: (55, 365), Class distribution: [24 31]
2026-01-26 19:17:34,772 - INFO - 4) Training final model on all data (with train/val split) ...
2026-01-26 19:17:35,499 - INFO - Start training final model. Train=44, Val=11
2026-01-26 19:17:35,643 - INFO - Epoch 1/200 | train loss=0.732180 | val loss=1.292977 | best=inf
2026-01-26 19:17:35,838 - INFO - Epoch 10/200 | train loss=0.010993 | val loss=2.566091 | best=inf
2026-01-26 19:17:36,054 - INFO - Epoch 20/200 | train loss=0.012948 | val loss=1.134322 | best=inf
2026-01-26 19:17:36,269 - INFO - Epoch 30/200 | train loss=0.000136 | val loss=3.241001 | best=inf
2026-01-26 19:17:36,484 - INFO - Epoch 40/200 | train loss=0.000158 | val loss=3.568924 | best=inf
2026-01-26 19:17:36,699 - INFO - Epoch 50/200 | train loss=0.000052 | val loss=3.718748 | best=inf
2026-01-26 19:17:36,914 - INFO - Epoch 60/200 | train loss=0.000033 | val loss=3.802977 | best=inf
2026-01-26 19:17:37,132 - INFO - Epoch 70/200 | train loss=0.000028 | val loss=3.877620 | best=inf
2026-01-26 19:17:37,347 - INFO - Epoch 80/200 | train loss=0.000040 | val loss=3.940325 | best=inf
2026-01-26 19:17:37,563 - INFO - Epoch 90/200 | train loss=0.000019 | val loss=3.991569 | best=inf
2026-01-26 19:17:37,778 - INFO - Epoch 100/200 | train loss=0.000017 | val loss=4.040806 | best=inf
2026-01-26 19:17:38,012 - INFO - Epoch 110/200 | train loss=0.000020 | val loss=4.095811 | best=4.045433
2026-01-26 19:17:38,227 - INFO - Epoch 120/200 | train loss=0.000006 | val loss=4.139363 | best=4.045433
2026-01-26 19:17:38,443 - INFO - Epoch 130/200 | train loss=0.000017 | val loss=4.192829 | best=4.045433
2026-01-26 19:17:38,658 - INFO - Epoch 140/200 | train loss=0.000006 | val loss=4.241466 | best=4.045433
2026-01-26 19:17:38,873 - INFO - Epoch 150/200 | train loss=0.000010 | val loss=4.279315 | best=4.045433
2026-01-26 19:17:39,087 - INFO - Epoch 160/200 | train loss=0.000010 | val loss=4.313926 | best=4.045433
2026-01-26 19:17:39,302 - INFO - Epoch 170/200 | train loss=0.000007 | val loss=4.350182 | best=4.045433
2026-01-26 19:17:39,518 - INFO - Epoch 180/200 | train loss=0.000005 | val loss=4.390448 | best=4.045433
2026-01-26 19:17:39,732 - INFO - Epoch 190/200 | train loss=0.000008 | val loss=4.430876 | best=4.045433
2026-01-26 19:17:39,946 - INFO - Epoch 200/200 | train loss=0.000014 | val loss=4.455175 | best=4.045433
2026-01-26 19:17:39,961 - INFO - Loaded best model from results/model/best_model.pth (epoch 101)
2026-01-26 19:17:39,977 - INFO - Saved final model to: results/model/final_model_20260126_191739.pth
2026-01-26 19:17:39,988 - INFO - Validation metrics: {
  "val_threshold": 1.955529114638921e-05,
  "val_acc": 0.7272727272727273,
  "val_f1": 0.8,
  "val_precision": 0.6666666666666666,
  "val_recall": 1.0,
  "val_auc": 0.6333333333333333,
  "val_ap": 0.7041666666666666
}
2026-01-26 19:17:39,989 - INFO - 5) Running SHAP ...
2026-01-26 19:18:03,118 - INFO - SHAP outputs saved to: results/shap
2026-01-26 19:18:03,119 - INFO - Done. Total time: 28.40s
2026-01-26 19:18:03,119 - INFO - Output dir: results
2026-01-26 19:18:34,983 - INFO - Using device: cuda
2026-01-26 19:18:34,983 - INFO - Hyperparameters: {
  "batch_size": 8,
  "learning_rate": 0.0005,
  "num_epochs": 200,
  "hidden_dim": 512,
  "num_blocks": 6,
  "dropout": 0.3,
  "feature_type": "ALL",
  "improvement_threshold": 0.25,
  "val_ratio": 0.2,
  "early_stop_patience": 100,
  "early_stop_min_epochs": 100
}
2026-01-26 19:18:34,984 - INFO - 1) Building diff index ...
2026-01-26 19:18:34,985 - WARNING - Duplicate patient ID found: stn02, skipping additional entry
2026-01-26 19:18:34,985 - WARNING - Duplicate patient ID found: gpi11, skipping additional entry
2026-01-26 19:18:34,985 - WARNING - Duplicate patient ID found: gpi02, skipping additional entry
2026-01-26 19:18:34,985 - WARNING - Duplicate patient ID found: gpi19, skipping additional entry
2026-01-26 19:18:34,985 - WARNING - Duplicate patient ID found: stn23, skipping additional entry
2026-01-26 19:18:34,986 - WARNING - Duplicate patient ID found: stn03, skipping additional entry
2026-01-26 19:18:34,986 - WARNING - Duplicate patient ID found: gpi20, skipping additional entry
2026-01-26 19:18:34,986 - WARNING - Duplicate patient ID found: stn04, skipping additional entry
2026-01-26 19:18:34,986 - WARNING - Duplicate patient ID found: stn24, skipping additional entry
2026-01-26 19:18:34,986 - WARNING - Duplicate patient ID found: gpi04, skipping additional entry
2026-01-26 19:18:34,986 - WARNING - Duplicate patient ID found: gpi15, skipping additional entry
2026-01-26 19:18:34,986 - WARNING - Duplicate patient ID found: stn19, skipping additional entry
2026-01-26 19:18:34,986 - WARNING - Duplicate patient ID found: stn08, skipping additional entry
2026-01-26 19:18:34,986 - WARNING - Duplicate patient ID found: stn11, skipping additional entry
2026-01-26 19:18:34,986 - WARNING - Duplicate patient ID found: gpi07, skipping additional entry
2026-01-26 19:18:34,987 - WARNING - Duplicate patient ID found: gpi26, skipping additional entry
2026-01-26 19:18:34,987 - WARNING - Duplicate patient ID found: stn13, skipping additional entry
2026-01-26 19:18:34,987 - WARNING - Duplicate patient ID found: gpi06, skipping additional entry
2026-01-26 19:18:34,987 - WARNING - Duplicate patient ID found: stn30, skipping additional entry
2026-01-26 19:18:34,987 - WARNING - Duplicate patient ID found: stn18, skipping additional entry
2026-01-26 19:18:34,987 - WARNING - Duplicate patient ID found: gpi24, skipping additional entry
2026-01-26 19:18:34,987 - WARNING - Duplicate patient ID found: gpi13, skipping additional entry
2026-01-26 19:18:34,987 - WARNING - Duplicate patient ID found: stn07, skipping additional entry
2026-01-26 19:18:34,987 - WARNING - Duplicate patient ID found: stn20, skipping additional entry
2026-01-26 19:18:34,987 - WARNING - Duplicate patient ID found: gpi12, skipping additional entry
2026-01-26 19:18:34,988 - WARNING - Duplicate patient ID found: stn01, skipping additional entry
2026-01-26 19:18:34,988 - WARNING - Duplicate patient ID found: gpi22, skipping additional entry
2026-01-26 19:18:34,988 - WARNING - Duplicate patient ID found: gpi18, skipping additional entry
2026-01-26 19:18:34,988 - WARNING - Duplicate patient ID found: gpi09, skipping additional entry
2026-01-26 19:18:34,988 - WARNING - Duplicate patient ID found: gpi25, skipping additional entry
2026-01-26 19:18:34,988 - WARNING - Duplicate patient ID found: stn29, skipping additional entry
2026-01-26 19:18:34,988 - WARNING - Duplicate patient ID found: gpi31, skipping additional entry
2026-01-26 19:18:34,988 - WARNING - Duplicate patient ID found: stn10, skipping additional entry
2026-01-26 19:18:34,988 - WARNING - Duplicate patient ID found: gpi28, skipping additional entry
2026-01-26 19:18:34,988 - WARNING - Duplicate patient ID found: stn31, skipping additional entry
2026-01-26 19:18:34,988 - WARNING - Duplicate patient ID found: gpi03, skipping additional entry
2026-01-26 19:18:34,988 - WARNING - Duplicate patient ID found: gpi05, skipping additional entry
2026-01-26 19:18:34,989 - WARNING - Duplicate patient ID found: stn25, skipping additional entry
2026-01-26 19:18:34,989 - WARNING - Duplicate patient ID found: gpi08, skipping additional entry
2026-01-26 19:18:34,989 - WARNING - Duplicate patient ID found: gpi27, skipping additional entry
2026-01-26 19:18:34,989 - WARNING - Duplicate patient ID found: stn16, skipping additional entry
2026-01-26 19:18:34,989 - WARNING - Duplicate patient ID found: gpi23, skipping additional entry
2026-01-26 19:18:34,989 - WARNING - Duplicate patient ID found: stn09, skipping additional entry
2026-01-26 19:18:34,989 - WARNING - Duplicate patient ID found: stn28, skipping additional entry
2026-01-26 19:18:34,989 - WARNING - Duplicate patient ID found: stn06, skipping additional entry
2026-01-26 19:18:34,989 - WARNING - Duplicate patient ID found: stn12, skipping additional entry
2026-01-26 19:18:34,989 - WARNING - Duplicate patient ID found: gpi16, skipping additional entry
2026-01-26 19:18:34,989 - WARNING - Duplicate patient ID found: gpi30, skipping additional entry
2026-01-26 19:18:34,989 - WARNING - Duplicate patient ID found: stn21, skipping additional entry
2026-01-26 19:18:34,989 - WARNING - Duplicate patient ID found: stn22, skipping additional entry
2026-01-26 19:18:34,989 - WARNING - Duplicate patient ID found: stn14, skipping additional entry
2026-01-26 19:18:34,990 - WARNING - Duplicate patient ID found: gpi17, skipping additional entry
2026-01-26 19:18:34,990 - WARNING - Duplicate patient ID found: gpi21, skipping additional entry
2026-01-26 19:18:34,990 - WARNING - Duplicate patient ID found: gpi32, skipping additional entry
2026-01-26 19:18:34,990 - WARNING - Duplicate patient ID found: stn15, skipping additional entry
2026-01-26 19:18:34,990 - INFO - Built diff index with 71 patients
2026-01-26 19:18:34,990 - INFO - 2) Parsing UPDRS CSV ...
2026-01-26 19:18:35,003 - INFO - Found 55 valid samples
2026-01-26 19:18:35,003 - INFO - 3) Preparing data matrix ...
2026-01-26 19:18:35,035 - INFO - Feature matrix shape: (55, 365), Class distribution: [24 31]
2026-01-26 19:18:35,035 - INFO - 4) Training final model on all data (with train/val split) ...
2026-01-26 19:18:35,759 - INFO - Start training final model. Train=44, Val=11
2026-01-26 19:18:35,902 - INFO - Epoch 1/200 | train loss=0.732180 | val loss=1.292977 | best=inf
2026-01-26 19:18:36,095 - INFO - Epoch 10/200 | train loss=0.010993 | val loss=2.566091 | best=inf
2026-01-26 19:18:36,310 - INFO - Epoch 20/200 | train loss=0.012948 | val loss=1.134322 | best=inf
2026-01-26 19:18:36,524 - INFO - Epoch 30/200 | train loss=0.000136 | val loss=3.241001 | best=inf
2026-01-26 19:18:36,739 - INFO - Epoch 40/200 | train loss=0.000158 | val loss=3.568924 | best=inf
2026-01-26 19:18:37,004 - INFO - Epoch 50/200 | train loss=0.000052 | val loss=3.718748 | best=inf
2026-01-26 19:18:37,217 - INFO - Epoch 60/200 | train loss=0.000033 | val loss=3.802977 | best=inf
2026-01-26 19:18:37,432 - INFO - Epoch 70/200 | train loss=0.000028 | val loss=3.877620 | best=inf
2026-01-26 19:18:37,646 - INFO - Epoch 80/200 | train loss=0.000040 | val loss=3.940325 | best=inf
2026-01-26 19:18:37,859 - INFO - Epoch 90/200 | train loss=0.000019 | val loss=3.991569 | best=inf
2026-01-26 19:18:38,072 - INFO - Epoch 100/200 | train loss=0.000017 | val loss=4.040806 | best=inf
2026-01-26 19:18:38,316 - INFO - Epoch 110/200 | train loss=0.000020 | val loss=4.095811 | best=4.045433
2026-01-26 19:18:38,529 - INFO - Epoch 120/200 | train loss=0.000006 | val loss=4.139363 | best=4.045433
2026-01-26 19:18:38,744 - INFO - Epoch 130/200 | train loss=0.000017 | val loss=4.192829 | best=4.045433
2026-01-26 19:18:38,998 - INFO - Epoch 140/200 | train loss=0.000006 | val loss=4.241466 | best=4.045433
2026-01-26 19:18:39,211 - INFO - Epoch 150/200 | train loss=0.000010 | val loss=4.279315 | best=4.045433
2026-01-26 19:18:39,425 - INFO - Epoch 160/200 | train loss=0.000010 | val loss=4.313926 | best=4.045433
2026-01-26 19:18:39,703 - INFO - Epoch 170/200 | train loss=0.000007 | val loss=4.350182 | best=4.045433
2026-01-26 19:18:39,921 - INFO - Epoch 180/200 | train loss=0.000005 | val loss=4.390448 | best=4.045433
2026-01-26 19:18:40,137 - INFO - Epoch 190/200 | train loss=0.000008 | val loss=4.430876 | best=4.045433
2026-01-26 19:18:40,366 - INFO - Epoch 200/200 | train loss=0.000014 | val loss=4.455175 | best=4.045433
2026-01-26 19:18:40,382 - INFO - Loaded best model from results/model/best_model.pth (epoch 101)
2026-01-26 19:18:40,397 - INFO - Saved final model to: results/model/final_model_20260126_191840.pth
2026-01-26 19:18:40,408 - INFO - Validation metrics: {
  "val_threshold": 1.955529114638921e-05,
  "val_acc": 0.7272727272727273,
  "val_f1": 0.8,
  "val_precision": 0.6666666666666666,
  "val_recall": 1.0,
  "val_auc": 0.6333333333333333,
  "val_ap": 0.7041666666666666
}
2026-01-26 19:18:40,410 - INFO - 5) Running SHAP ...
2026-01-28 15:24:34,474 - INFO - Using device: cuda
2026-01-28 15:24:34,476 - INFO - Hyperparameters: {
  "batch_size": 8,
  "learning_rate": 0.0005,
  "num_epochs": 200,
  "hidden_dim": 512,
  "num_blocks": 6,
  "dropout": 0.3,
  "feature_type": "ALL",
  "improvement_threshold": 0.25,
  "val_ratio": 0.2,
  "early_stop_patience": 100,
  "early_stop_min_epochs": 100
}
2026-01-28 15:24:34,476 - INFO - 1) Building diff index ...
2026-01-28 15:24:35,135 - WARNING - Duplicate patient ID found: stn02, skipping additional entry
2026-01-28 15:24:35,596 - WARNING - Duplicate patient ID found: gpi11, skipping additional entry
2026-01-28 15:24:35,794 - WARNING - Duplicate patient ID found: gpi02, skipping additional entry
2026-01-28 15:24:35,817 - WARNING - Duplicate patient ID found: gpi19, skipping additional entry
2026-01-28 15:24:35,902 - WARNING - Duplicate patient ID found: stn23, skipping additional entry
2026-01-28 15:24:36,063 - WARNING - Duplicate patient ID found: stn03, skipping additional entry
2026-01-28 15:24:36,166 - WARNING - Duplicate patient ID found: gpi20, skipping additional entry
2026-01-28 15:24:36,232 - WARNING - Duplicate patient ID found: stn04, skipping additional entry
2026-01-28 15:24:36,519 - WARNING - Duplicate patient ID found: stn24, skipping additional entry
2026-01-28 15:24:36,576 - WARNING - Duplicate patient ID found: gpi04, skipping additional entry
2026-01-28 15:24:36,615 - WARNING - Duplicate patient ID found: gpi15, skipping additional entry
2026-01-28 15:24:36,691 - WARNING - Duplicate patient ID found: stn19, skipping additional entry
2026-01-28 15:24:36,748 - WARNING - Duplicate patient ID found: stn08, skipping additional entry
2026-01-28 15:24:36,787 - WARNING - Duplicate patient ID found: stn11, skipping additional entry
2026-01-28 15:24:36,842 - WARNING - Duplicate patient ID found: gpi07, skipping additional entry
2026-01-28 15:24:36,893 - WARNING - Duplicate patient ID found: gpi26, skipping additional entry
2026-01-28 15:24:36,965 - WARNING - Duplicate patient ID found: stn13, skipping additional entry
2026-01-28 15:24:37,054 - WARNING - Duplicate patient ID found: gpi06, skipping additional entry
2026-01-28 15:24:37,191 - WARNING - Duplicate patient ID found: stn30, skipping additional entry
2026-01-28 15:24:37,239 - WARNING - Duplicate patient ID found: stn18, skipping additional entry
2026-01-28 15:24:37,248 - WARNING - Duplicate patient ID found: gpi24, skipping additional entry
2026-01-28 15:24:37,277 - WARNING - Duplicate patient ID found: gpi13, skipping additional entry
2026-01-28 15:24:37,392 - WARNING - Duplicate patient ID found: stn07, skipping additional entry
2026-01-28 15:24:37,496 - WARNING - Duplicate patient ID found: stn20, skipping additional entry
2026-01-28 15:24:37,631 - WARNING - Duplicate patient ID found: gpi12, skipping additional entry
2026-01-28 15:24:37,786 - WARNING - Duplicate patient ID found: stn01, skipping additional entry
2026-01-28 15:24:37,826 - WARNING - Duplicate patient ID found: gpi22, skipping additional entry
2026-01-28 15:24:37,836 - WARNING - Duplicate patient ID found: gpi18, skipping additional entry
2026-01-28 15:24:37,876 - WARNING - Duplicate patient ID found: gpi09, skipping additional entry
2026-01-28 15:24:37,942 - WARNING - Duplicate patient ID found: gpi25, skipping additional entry
2026-01-28 15:24:37,945 - WARNING - Duplicate patient ID found: stn29, skipping additional entry
2026-01-28 15:24:37,963 - WARNING - Duplicate patient ID found: gpi31, skipping additional entry
2026-01-28 15:24:38,015 - WARNING - Duplicate patient ID found: stn10, skipping additional entry
2026-01-28 15:24:38,031 - WARNING - Duplicate patient ID found: gpi28, skipping additional entry
2026-01-28 15:24:38,043 - WARNING - Duplicate patient ID found: stn31, skipping additional entry
2026-01-28 15:24:38,105 - WARNING - Duplicate patient ID found: gpi03, skipping additional entry
2026-01-28 15:24:38,155 - WARNING - Duplicate patient ID found: gpi05, skipping additional entry
2026-01-28 15:24:38,205 - WARNING - Duplicate patient ID found: stn25, skipping additional entry
2026-01-28 15:24:38,228 - WARNING - Duplicate patient ID found: gpi08, skipping additional entry
2026-01-28 15:24:38,230 - WARNING - Duplicate patient ID found: gpi27, skipping additional entry
2026-01-28 15:24:38,255 - WARNING - Duplicate patient ID found: stn16, skipping additional entry
2026-01-28 15:24:38,301 - WARNING - Duplicate patient ID found: gpi23, skipping additional entry
2026-01-28 15:24:38,756 - WARNING - Duplicate patient ID found: stn09, skipping additional entry
2026-01-28 15:24:38,847 - WARNING - Duplicate patient ID found: stn28, skipping additional entry
2026-01-28 15:24:38,893 - WARNING - Duplicate patient ID found: stn06, skipping additional entry
2026-01-28 15:24:38,924 - WARNING - Duplicate patient ID found: stn12, skipping additional entry
2026-01-28 15:24:38,935 - WARNING - Duplicate patient ID found: gpi16, skipping additional entry
2026-01-28 15:24:38,958 - WARNING - Duplicate patient ID found: gpi30, skipping additional entry
2026-01-28 15:24:38,988 - WARNING - Duplicate patient ID found: stn21, skipping additional entry
2026-01-28 15:24:39,020 - WARNING - Duplicate patient ID found: stn22, skipping additional entry
2026-01-28 15:24:39,046 - WARNING - Duplicate patient ID found: stn14, skipping additional entry
2026-01-28 15:24:39,057 - WARNING - Duplicate patient ID found: gpi17, skipping additional entry
2026-01-28 15:24:39,087 - WARNING - Duplicate patient ID found: gpi21, skipping additional entry
2026-01-28 15:24:39,129 - WARNING - Duplicate patient ID found: gpi32, skipping additional entry
2026-01-28 15:24:39,189 - WARNING - Duplicate patient ID found: stn15, skipping additional entry
2026-01-28 15:24:39,189 - INFO - Built diff index with 71 patients
2026-01-28 15:24:39,189 - INFO - 2) Parsing UPDRS CSV ...
2026-01-28 15:24:39,249 - INFO - Found 55 valid samples
2026-01-28 15:24:39,249 - INFO - 3) Preparing data matrix ...
2026-01-28 15:24:41,279 - INFO - Feature matrix shape: (55, 365), Class distribution: [24 31]
2026-01-28 15:24:41,279 - INFO - 4) Training final model on all data (with train/val split) ...
2026-01-28 15:24:42,003 - INFO - Start training final model. Train=44, Val=11
2026-01-28 15:24:42,142 - INFO - Epoch 1/200 | train loss=0.732180 | val loss=1.292977 | best=inf
2026-01-28 15:24:42,337 - INFO - Epoch 10/200 | train loss=0.010993 | val loss=2.566091 | best=inf
2026-01-28 15:24:42,553 - INFO - Epoch 20/200 | train loss=0.012948 | val loss=1.134322 | best=inf
2026-01-28 15:24:42,769 - INFO - Epoch 30/200 | train loss=0.000136 | val loss=3.241001 | best=inf
2026-01-28 15:24:42,984 - INFO - Epoch 40/200 | train loss=0.000158 | val loss=3.568924 | best=inf
2026-01-28 15:24:43,200 - INFO - Epoch 50/200 | train loss=0.000052 | val loss=3.718748 | best=inf
2026-01-28 15:24:43,416 - INFO - Epoch 60/200 | train loss=0.000033 | val loss=3.802977 | best=inf
2026-01-28 15:24:43,633 - INFO - Epoch 70/200 | train loss=0.000028 | val loss=3.877620 | best=inf
2026-01-28 15:24:43,849 - INFO - Epoch 80/200 | train loss=0.000040 | val loss=3.940325 | best=inf
2026-01-28 15:24:44,064 - INFO - Epoch 90/200 | train loss=0.000019 | val loss=3.991569 | best=inf
2026-01-28 15:24:44,279 - INFO - Epoch 100/200 | train loss=0.000017 | val loss=4.040806 | best=inf
2026-01-28 15:24:44,511 - INFO - Epoch 110/200 | train loss=0.000020 | val loss=4.095811 | best=4.045433
2026-01-28 15:24:44,727 - INFO - Epoch 120/200 | train loss=0.000006 | val loss=4.139363 | best=4.045433
2026-01-28 15:24:44,944 - INFO - Epoch 130/200 | train loss=0.000017 | val loss=4.192829 | best=4.045433
2026-01-28 15:24:45,159 - INFO - Epoch 140/200 | train loss=0.000006 | val loss=4.241466 | best=4.045433
2026-01-28 15:24:45,374 - INFO - Epoch 150/200 | train loss=0.000010 | val loss=4.279315 | best=4.045433
2026-01-28 15:24:45,589 - INFO - Epoch 160/200 | train loss=0.000010 | val loss=4.313926 | best=4.045433
2026-01-28 15:24:45,803 - INFO - Epoch 170/200 | train loss=0.000007 | val loss=4.350182 | best=4.045433
2026-01-28 15:24:46,019 - INFO - Epoch 180/200 | train loss=0.000005 | val loss=4.390448 | best=4.045433
2026-01-28 15:24:46,234 - INFO - Epoch 190/200 | train loss=0.000008 | val loss=4.430876 | best=4.045433
2026-01-28 15:24:46,448 - INFO - Epoch 200/200 | train loss=0.000014 | val loss=4.455175 | best=4.045433
2026-01-28 15:24:46,461 - INFO - Loaded best model from results/model/best_model.pth (epoch 101)
2026-01-28 15:24:46,477 - INFO - Saved final model to: results/model/final_model_20260128_152446.pth
2026-01-28 15:24:46,487 - INFO - Validation metrics: {
  "val_threshold": 1.955529114638921e-05,
  "val_acc": 0.7272727272727273,
  "val_f1": 0.8,
  "val_precision": 0.6666666666666666,
  "val_recall": 1.0,
  "val_auc": 0.6333333333333333,
  "val_ap": 0.7041666666666666
}
2026-01-28 15:24:46,490 - INFO - 5) Running SHAP ...
2026-01-28 15:26:10,767 - INFO - Using device: cuda
2026-01-28 15:26:10,768 - INFO - Hyperparameters: {
  "batch_size": 8,
  "learning_rate": 0.0005,
  "num_epochs": 200,
  "hidden_dim": 512,
  "num_blocks": 6,
  "dropout": 0.3,
  "feature_type": "ALL",
  "improvement_threshold": 0.25,
  "val_ratio": 0.2,
  "early_stop_patience": 100,
  "early_stop_min_epochs": 100
}
2026-01-28 15:26:10,768 - INFO - 1) Building diff index ...
2026-01-28 15:26:10,769 - WARNING - Duplicate patient ID found: stn02, skipping additional entry
2026-01-28 15:26:10,769 - WARNING - Duplicate patient ID found: gpi11, skipping additional entry
2026-01-28 15:26:10,769 - WARNING - Duplicate patient ID found: gpi02, skipping additional entry
2026-01-28 15:26:10,769 - WARNING - Duplicate patient ID found: gpi19, skipping additional entry
2026-01-28 15:26:10,770 - WARNING - Duplicate patient ID found: stn23, skipping additional entry
2026-01-28 15:26:10,770 - WARNING - Duplicate patient ID found: stn03, skipping additional entry
2026-01-28 15:26:10,770 - WARNING - Duplicate patient ID found: gpi20, skipping additional entry
2026-01-28 15:26:10,770 - WARNING - Duplicate patient ID found: stn04, skipping additional entry
2026-01-28 15:26:10,770 - WARNING - Duplicate patient ID found: stn24, skipping additional entry
2026-01-28 15:26:10,770 - WARNING - Duplicate patient ID found: gpi04, skipping additional entry
2026-01-28 15:26:10,770 - WARNING - Duplicate patient ID found: gpi15, skipping additional entry
2026-01-28 15:26:10,771 - WARNING - Duplicate patient ID found: stn19, skipping additional entry
2026-01-28 15:26:10,771 - WARNING - Duplicate patient ID found: stn08, skipping additional entry
2026-01-28 15:26:10,771 - WARNING - Duplicate patient ID found: stn11, skipping additional entry
2026-01-28 15:26:10,771 - WARNING - Duplicate patient ID found: gpi07, skipping additional entry
2026-01-28 15:26:10,771 - WARNING - Duplicate patient ID found: gpi26, skipping additional entry
2026-01-28 15:26:10,771 - WARNING - Duplicate patient ID found: stn13, skipping additional entry
2026-01-28 15:26:10,771 - WARNING - Duplicate patient ID found: gpi06, skipping additional entry
2026-01-28 15:26:10,771 - WARNING - Duplicate patient ID found: stn30, skipping additional entry
2026-01-28 15:26:10,771 - WARNING - Duplicate patient ID found: stn18, skipping additional entry
2026-01-28 15:26:10,771 - WARNING - Duplicate patient ID found: gpi24, skipping additional entry
2026-01-28 15:26:10,771 - WARNING - Duplicate patient ID found: gpi13, skipping additional entry
2026-01-28 15:26:10,772 - WARNING - Duplicate patient ID found: stn07, skipping additional entry
2026-01-28 15:26:10,772 - WARNING - Duplicate patient ID found: stn20, skipping additional entry
2026-01-28 15:26:10,772 - WARNING - Duplicate patient ID found: gpi12, skipping additional entry
2026-01-28 15:26:10,772 - WARNING - Duplicate patient ID found: stn01, skipping additional entry
2026-01-28 15:26:10,772 - WARNING - Duplicate patient ID found: gpi22, skipping additional entry
2026-01-28 15:26:10,772 - WARNING - Duplicate patient ID found: gpi18, skipping additional entry
2026-01-28 15:26:10,772 - WARNING - Duplicate patient ID found: gpi09, skipping additional entry
2026-01-28 15:26:10,772 - WARNING - Duplicate patient ID found: gpi25, skipping additional entry
2026-01-28 15:26:10,772 - WARNING - Duplicate patient ID found: stn29, skipping additional entry
2026-01-28 15:26:10,773 - WARNING - Duplicate patient ID found: gpi31, skipping additional entry
2026-01-28 15:26:10,773 - WARNING - Duplicate patient ID found: stn10, skipping additional entry
2026-01-28 15:26:10,773 - WARNING - Duplicate patient ID found: gpi28, skipping additional entry
2026-01-28 15:26:10,773 - WARNING - Duplicate patient ID found: stn31, skipping additional entry
2026-01-28 15:26:10,773 - WARNING - Duplicate patient ID found: gpi03, skipping additional entry
2026-01-28 15:26:10,773 - WARNING - Duplicate patient ID found: gpi05, skipping additional entry
2026-01-28 15:26:10,773 - WARNING - Duplicate patient ID found: stn25, skipping additional entry
2026-01-28 15:26:10,773 - WARNING - Duplicate patient ID found: gpi08, skipping additional entry
2026-01-28 15:26:10,773 - WARNING - Duplicate patient ID found: gpi27, skipping additional entry
2026-01-28 15:26:10,773 - WARNING - Duplicate patient ID found: stn16, skipping additional entry
2026-01-28 15:26:10,773 - WARNING - Duplicate patient ID found: gpi23, skipping additional entry
2026-01-28 15:26:10,773 - WARNING - Duplicate patient ID found: stn09, skipping additional entry
2026-01-28 15:26:10,774 - WARNING - Duplicate patient ID found: stn28, skipping additional entry
2026-01-28 15:26:10,774 - WARNING - Duplicate patient ID found: stn06, skipping additional entry
2026-01-28 15:26:10,774 - WARNING - Duplicate patient ID found: stn12, skipping additional entry
2026-01-28 15:26:10,774 - WARNING - Duplicate patient ID found: gpi16, skipping additional entry
2026-01-28 15:26:10,774 - WARNING - Duplicate patient ID found: gpi30, skipping additional entry
2026-01-28 15:26:10,774 - WARNING - Duplicate patient ID found: stn21, skipping additional entry
2026-01-28 15:26:10,774 - WARNING - Duplicate patient ID found: stn22, skipping additional entry
2026-01-28 15:26:10,774 - WARNING - Duplicate patient ID found: stn14, skipping additional entry
2026-01-28 15:26:10,774 - WARNING - Duplicate patient ID found: gpi17, skipping additional entry
2026-01-28 15:26:10,774 - WARNING - Duplicate patient ID found: gpi21, skipping additional entry
2026-01-28 15:26:10,774 - WARNING - Duplicate patient ID found: gpi32, skipping additional entry
2026-01-28 15:26:10,774 - WARNING - Duplicate patient ID found: stn15, skipping additional entry
2026-01-28 15:26:10,774 - INFO - Built diff index with 71 patients
2026-01-28 15:26:10,774 - INFO - 2) Parsing UPDRS CSV ...
2026-01-28 15:26:10,787 - INFO - Found 55 valid samples
2026-01-28 15:26:10,787 - INFO - 3) Preparing data matrix ...
2026-01-28 15:26:10,819 - INFO - Feature matrix shape: (55, 365), Class distribution: [24 31]
2026-01-28 15:26:10,820 - INFO - 4) Training final model on all data (with train/val split) ...
2026-01-28 15:26:11,530 - INFO - Start training final model. Train=44, Val=11
2026-01-28 15:26:11,668 - INFO - Epoch 1/200 | train loss=0.732180 | val loss=1.292977 | best=inf
2026-01-28 15:26:11,865 - INFO - Epoch 10/200 | train loss=0.010993 | val loss=2.566091 | best=inf
2026-01-28 15:26:12,083 - INFO - Epoch 20/200 | train loss=0.012948 | val loss=1.134322 | best=inf
2026-01-28 15:26:12,301 - INFO - Epoch 30/200 | train loss=0.000136 | val loss=3.241001 | best=inf
2026-01-28 15:26:12,519 - INFO - Epoch 40/200 | train loss=0.000158 | val loss=3.568924 | best=inf
2026-01-28 15:26:12,737 - INFO - Epoch 50/200 | train loss=0.000052 | val loss=3.718748 | best=inf
2026-01-28 15:26:12,955 - INFO - Epoch 60/200 | train loss=0.000033 | val loss=3.802977 | best=inf
2026-01-28 15:26:13,175 - INFO - Epoch 70/200 | train loss=0.000028 | val loss=3.877620 | best=inf
2026-01-28 15:26:13,393 - INFO - Epoch 80/200 | train loss=0.000040 | val loss=3.940325 | best=inf
2026-01-28 15:26:13,611 - INFO - Epoch 90/200 | train loss=0.000019 | val loss=3.991569 | best=inf
2026-01-28 15:26:13,828 - INFO - Epoch 100/200 | train loss=0.000017 | val loss=4.040806 | best=inf
2026-01-28 15:26:14,063 - INFO - Epoch 110/200 | train loss=0.000020 | val loss=4.095811 | best=4.045433
2026-01-28 15:26:14,281 - INFO - Epoch 120/200 | train loss=0.000006 | val loss=4.139363 | best=4.045433
2026-01-28 15:26:14,500 - INFO - Epoch 130/200 | train loss=0.000017 | val loss=4.192829 | best=4.045433
2026-01-28 15:26:14,719 - INFO - Epoch 140/200 | train loss=0.000006 | val loss=4.241466 | best=4.045433
2026-01-28 15:26:14,937 - INFO - Epoch 150/200 | train loss=0.000010 | val loss=4.279315 | best=4.045433
2026-01-28 15:26:15,156 - INFO - Epoch 160/200 | train loss=0.000010 | val loss=4.313926 | best=4.045433
2026-01-28 15:26:15,374 - INFO - Epoch 170/200 | train loss=0.000007 | val loss=4.350182 | best=4.045433
2026-01-28 15:26:15,594 - INFO - Epoch 180/200 | train loss=0.000005 | val loss=4.390448 | best=4.045433
2026-01-28 15:26:15,812 - INFO - Epoch 190/200 | train loss=0.000008 | val loss=4.430876 | best=4.045433
2026-01-28 15:26:16,030 - INFO - Epoch 200/200 | train loss=0.000014 | val loss=4.455175 | best=4.045433
2026-01-28 15:26:16,042 - INFO - Loaded best model from results/model/best_model.pth (epoch 101)
2026-01-28 15:26:16,058 - INFO - Saved final model to: results/model/final_model_20260128_152616.pth
2026-01-28 15:26:16,068 - INFO - Validation metrics: {
  "val_threshold": 1.955529114638921e-05,
  "val_acc": 0.7272727272727273,
  "val_f1": 0.8,
  "val_precision": 0.6666666666666666,
  "val_recall": 1.0,
  "val_auc": 0.6333333333333333,
  "val_ap": 0.7041666666666666
}
2026-01-28 15:26:16,071 - INFO - 5) Running SHAP ...
2026-01-28 15:26:29,646 - INFO - SHAP outputs saved to: results/shap
2026-01-28 15:26:29,647 - INFO - Done. Total time: 18.88s
2026-01-28 15:26:29,647 - INFO - Output dir: results
2026-01-28 15:41:33,202 - INFO - Using device: cuda
2026-01-28 15:41:33,202 - INFO - Hyperparameters: {
  "batch_size": 8,
  "learning_rate": 0.0005,
  "num_epochs": 200,
  "hidden_dim": 512,
  "num_blocks": 6,
  "dropout": 0.3,
  "feature_type": "ALL",
  "improvement_threshold": 0.25,
  "val_ratio": 0.2,
  "early_stop_patience": 100,
  "early_stop_min_epochs": 100
}
2026-01-28 15:41:33,202 - INFO - 1) Building diff index ...
2026-01-28 15:41:33,210 - WARNING - Duplicate patient ID found: stn02, skipping additional entry
2026-01-28 15:41:33,210 - WARNING - Duplicate patient ID found: gpi11, skipping additional entry
2026-01-28 15:41:33,210 - WARNING - Duplicate patient ID found: gpi02, skipping additional entry
2026-01-28 15:41:33,211 - WARNING - Duplicate patient ID found: gpi19, skipping additional entry
2026-01-28 15:41:33,211 - WARNING - Duplicate patient ID found: stn23, skipping additional entry
2026-01-28 15:41:33,211 - WARNING - Duplicate patient ID found: stn03, skipping additional entry
2026-01-28 15:41:33,211 - WARNING - Duplicate patient ID found: gpi20, skipping additional entry
2026-01-28 15:41:33,211 - WARNING - Duplicate patient ID found: stn04, skipping additional entry
2026-01-28 15:41:33,211 - WARNING - Duplicate patient ID found: stn24, skipping additional entry
2026-01-28 15:41:33,211 - WARNING - Duplicate patient ID found: gpi04, skipping additional entry
2026-01-28 15:41:33,212 - WARNING - Duplicate patient ID found: gpi15, skipping additional entry
2026-01-28 15:41:33,212 - WARNING - Duplicate patient ID found: stn19, skipping additional entry
2026-01-28 15:41:33,212 - WARNING - Duplicate patient ID found: stn08, skipping additional entry
2026-01-28 15:41:33,212 - WARNING - Duplicate patient ID found: stn11, skipping additional entry
2026-01-28 15:41:33,212 - WARNING - Duplicate patient ID found: gpi07, skipping additional entry
2026-01-28 15:41:33,212 - WARNING - Duplicate patient ID found: gpi26, skipping additional entry
2026-01-28 15:41:33,212 - WARNING - Duplicate patient ID found: stn13, skipping additional entry
2026-01-28 15:41:33,212 - WARNING - Duplicate patient ID found: gpi06, skipping additional entry
2026-01-28 15:41:33,212 - WARNING - Duplicate patient ID found: stn30, skipping additional entry
2026-01-28 15:41:33,212 - WARNING - Duplicate patient ID found: stn18, skipping additional entry
2026-01-28 15:41:33,212 - WARNING - Duplicate patient ID found: gpi24, skipping additional entry
2026-01-28 15:41:33,213 - WARNING - Duplicate patient ID found: gpi13, skipping additional entry
2026-01-28 15:41:33,213 - WARNING - Duplicate patient ID found: stn07, skipping additional entry
2026-01-28 15:41:33,213 - WARNING - Duplicate patient ID found: stn20, skipping additional entry
2026-01-28 15:41:33,213 - WARNING - Duplicate patient ID found: gpi12, skipping additional entry
2026-01-28 15:41:33,213 - WARNING - Duplicate patient ID found: stn01, skipping additional entry
2026-01-28 15:41:33,213 - WARNING - Duplicate patient ID found: gpi22, skipping additional entry
2026-01-28 15:41:33,213 - WARNING - Duplicate patient ID found: gpi18, skipping additional entry
2026-01-28 15:41:33,213 - WARNING - Duplicate patient ID found: gpi09, skipping additional entry
2026-01-28 15:41:33,214 - WARNING - Duplicate patient ID found: gpi25, skipping additional entry
2026-01-28 15:41:33,214 - WARNING - Duplicate patient ID found: stn29, skipping additional entry
2026-01-28 15:41:33,214 - WARNING - Duplicate patient ID found: gpi31, skipping additional entry
2026-01-28 15:41:33,214 - WARNING - Duplicate patient ID found: stn10, skipping additional entry
2026-01-28 15:41:33,214 - WARNING - Duplicate patient ID found: gpi28, skipping additional entry
2026-01-28 15:41:33,214 - WARNING - Duplicate patient ID found: stn31, skipping additional entry
2026-01-28 15:41:33,214 - WARNING - Duplicate patient ID found: gpi03, skipping additional entry
2026-01-28 15:41:33,214 - WARNING - Duplicate patient ID found: gpi05, skipping additional entry
2026-01-28 15:41:33,214 - WARNING - Duplicate patient ID found: stn25, skipping additional entry
2026-01-28 15:41:33,214 - WARNING - Duplicate patient ID found: gpi08, skipping additional entry
2026-01-28 15:41:33,214 - WARNING - Duplicate patient ID found: gpi27, skipping additional entry
2026-01-28 15:41:33,214 - WARNING - Duplicate patient ID found: stn16, skipping additional entry
2026-01-28 15:41:33,214 - WARNING - Duplicate patient ID found: gpi23, skipping additional entry
2026-01-28 15:41:33,215 - WARNING - Duplicate patient ID found: stn09, skipping additional entry
2026-01-28 15:41:33,215 - WARNING - Duplicate patient ID found: stn28, skipping additional entry
2026-01-28 15:41:33,215 - WARNING - Duplicate patient ID found: stn06, skipping additional entry
2026-01-28 15:41:33,215 - WARNING - Duplicate patient ID found: stn12, skipping additional entry
2026-01-28 15:41:33,215 - WARNING - Duplicate patient ID found: gpi16, skipping additional entry
2026-01-28 15:41:33,215 - WARNING - Duplicate patient ID found: gpi30, skipping additional entry
2026-01-28 15:41:33,215 - WARNING - Duplicate patient ID found: stn21, skipping additional entry
2026-01-28 15:41:33,215 - WARNING - Duplicate patient ID found: stn22, skipping additional entry
2026-01-28 15:41:33,215 - WARNING - Duplicate patient ID found: stn14, skipping additional entry
2026-01-28 15:41:33,215 - WARNING - Duplicate patient ID found: gpi17, skipping additional entry
2026-01-28 15:41:33,215 - WARNING - Duplicate patient ID found: gpi21, skipping additional entry
2026-01-28 15:41:33,215 - WARNING - Duplicate patient ID found: gpi32, skipping additional entry
2026-01-28 15:41:33,215 - WARNING - Duplicate patient ID found: stn15, skipping additional entry
2026-01-28 15:41:33,215 - INFO - Built diff index with 71 patients
2026-01-28 15:41:33,215 - INFO - 2) Parsing UPDRS CSV ...
2026-01-28 15:41:33,228 - INFO - Found 55 valid samples
2026-01-28 15:41:33,229 - INFO - 3) Preparing data matrix ...
2026-01-28 15:41:33,262 - INFO - Feature matrix shape: (55, 365), Class distribution: [24 31]
2026-01-28 15:41:33,262 - INFO - 4) Training final model on all data (with train/val split) ...
2026-01-28 15:41:33,980 - INFO - Start training final model. Train=44, Val=11
2026-01-28 15:41:34,124 - INFO - Epoch 1/200 | train loss=0.732180 | val loss=1.292977 | best=inf
2026-01-28 15:41:34,323 - INFO - Epoch 10/200 | train loss=0.010993 | val loss=2.566091 | best=inf
2026-01-28 15:41:34,544 - INFO - Epoch 20/200 | train loss=0.012948 | val loss=1.134322 | best=inf
2026-01-28 15:41:34,764 - INFO - Epoch 30/200 | train loss=0.000136 | val loss=3.241001 | best=inf
2026-01-28 15:41:34,984 - INFO - Epoch 40/200 | train loss=0.000158 | val loss=3.568924 | best=inf
2026-01-28 15:41:35,204 - INFO - Epoch 50/200 | train loss=0.000052 | val loss=3.718748 | best=inf
2026-01-28 15:41:35,424 - INFO - Epoch 60/200 | train loss=0.000033 | val loss=3.802977 | best=inf
2026-01-28 15:41:35,646 - INFO - Epoch 70/200 | train loss=0.000028 | val loss=3.877620 | best=inf
2026-01-28 15:41:35,866 - INFO - Epoch 80/200 | train loss=0.000040 | val loss=3.940325 | best=inf
2026-01-28 15:41:36,086 - INFO - Epoch 90/200 | train loss=0.000019 | val loss=3.991569 | best=inf
2026-01-28 15:41:36,306 - INFO - Epoch 100/200 | train loss=0.000017 | val loss=4.040806 | best=inf
2026-01-28 15:41:36,550 - INFO - Epoch 110/200 | train loss=0.000020 | val loss=4.095811 | best=4.045433
2026-01-28 15:41:36,769 - INFO - Epoch 120/200 | train loss=0.000006 | val loss=4.139363 | best=4.045433
2026-01-28 15:41:36,991 - INFO - Epoch 130/200 | train loss=0.000017 | val loss=4.192829 | best=4.045433
2026-01-28 15:41:37,211 - INFO - Epoch 140/200 | train loss=0.000006 | val loss=4.241466 | best=4.045433
2026-01-28 15:41:37,431 - INFO - Epoch 150/200 | train loss=0.000010 | val loss=4.279315 | best=4.045433
2026-01-28 15:41:37,650 - INFO - Epoch 160/200 | train loss=0.000010 | val loss=4.313926 | best=4.045433
2026-01-28 15:41:37,870 - INFO - Epoch 170/200 | train loss=0.000007 | val loss=4.350182 | best=4.045433
2026-01-28 15:41:38,090 - INFO - Epoch 180/200 | train loss=0.000005 | val loss=4.390448 | best=4.045433
2026-01-28 15:41:38,309 - INFO - Epoch 190/200 | train loss=0.000008 | val loss=4.430876 | best=4.045433
2026-01-28 15:41:38,529 - INFO - Epoch 200/200 | train loss=0.000014 | val loss=4.455175 | best=4.045433
2026-01-28 15:41:38,543 - INFO - Loaded best model from results/model/best_model.pth (epoch 101)
2026-01-28 15:41:38,560 - INFO - Saved final model to: results/model/final_model_20260128_154138.pth
2026-01-28 15:41:38,570 - INFO - Validation metrics: {
  "val_threshold": 1.955529114638921e-05,
  "val_acc": 0.7272727272727273,
  "val_f1": 0.8,
  "val_precision": 0.6666666666666666,
  "val_recall": 1.0,
  "val_auc": 0.6333333333333333,
  "val_ap": 0.7041666666666666
}
2026-01-28 15:41:38,572 - INFO - 5) Running SHAP ...
2026-01-28 15:41:52,137 - INFO - SHAP outputs saved to: results/shap
2026-01-28 15:41:52,138 - INFO - Done. Total time: 18.94s
2026-01-28 15:41:52,138 - INFO - Output dir: results
2026-01-28 15:47:59,217 - INFO - Using device: cuda
2026-01-28 15:47:59,217 - INFO - Hyperparameters: {
  "batch_size": 8,
  "learning_rate": 0.0005,
  "num_epochs": 200,
  "hidden_dim": 512,
  "num_blocks": 6,
  "dropout": 0.3,
  "feature_type": "ALL",
  "improvement_threshold": 0.25,
  "val_ratio": 0.2,
  "early_stop_patience": 100,
  "early_stop_min_epochs": 100
}
2026-01-28 15:47:59,217 - INFO - 1) Building diff index ...
2026-01-28 15:47:59,218 - WARNING - Duplicate patient ID found: stn02, skipping additional entry
2026-01-28 15:47:59,219 - WARNING - Duplicate patient ID found: gpi11, skipping additional entry
2026-01-28 15:47:59,219 - WARNING - Duplicate patient ID found: gpi02, skipping additional entry
2026-01-28 15:47:59,219 - WARNING - Duplicate patient ID found: gpi19, skipping additional entry
2026-01-28 15:47:59,219 - WARNING - Duplicate patient ID found: stn23, skipping additional entry
2026-01-28 15:47:59,219 - WARNING - Duplicate patient ID found: stn03, skipping additional entry
2026-01-28 15:47:59,219 - WARNING - Duplicate patient ID found: gpi20, skipping additional entry
2026-01-28 15:47:59,219 - WARNING - Duplicate patient ID found: stn04, skipping additional entry
2026-01-28 15:47:59,220 - WARNING - Duplicate patient ID found: stn24, skipping additional entry
2026-01-28 15:47:59,220 - WARNING - Duplicate patient ID found: gpi04, skipping additional entry
2026-01-28 15:47:59,220 - WARNING - Duplicate patient ID found: gpi15, skipping additional entry
2026-01-28 15:47:59,220 - WARNING - Duplicate patient ID found: stn19, skipping additional entry
2026-01-28 15:47:59,220 - WARNING - Duplicate patient ID found: stn08, skipping additional entry
2026-01-28 15:47:59,220 - WARNING - Duplicate patient ID found: stn11, skipping additional entry
2026-01-28 15:47:59,220 - WARNING - Duplicate patient ID found: gpi07, skipping additional entry
2026-01-28 15:47:59,220 - WARNING - Duplicate patient ID found: gpi26, skipping additional entry
2026-01-28 15:47:59,220 - WARNING - Duplicate patient ID found: stn13, skipping additional entry
2026-01-28 15:47:59,220 - WARNING - Duplicate patient ID found: gpi06, skipping additional entry
2026-01-28 15:47:59,221 - WARNING - Duplicate patient ID found: stn30, skipping additional entry
2026-01-28 15:47:59,221 - WARNING - Duplicate patient ID found: stn18, skipping additional entry
2026-01-28 15:47:59,221 - WARNING - Duplicate patient ID found: gpi24, skipping additional entry
2026-01-28 15:47:59,221 - WARNING - Duplicate patient ID found: gpi13, skipping additional entry
2026-01-28 15:47:59,221 - WARNING - Duplicate patient ID found: stn07, skipping additional entry
2026-01-28 15:47:59,221 - WARNING - Duplicate patient ID found: stn20, skipping additional entry
2026-01-28 15:47:59,221 - WARNING - Duplicate patient ID found: gpi12, skipping additional entry
2026-01-28 15:47:59,221 - WARNING - Duplicate patient ID found: stn01, skipping additional entry
2026-01-28 15:47:59,222 - WARNING - Duplicate patient ID found: gpi22, skipping additional entry
2026-01-28 15:47:59,222 - WARNING - Duplicate patient ID found: gpi18, skipping additional entry
2026-01-28 15:47:59,222 - WARNING - Duplicate patient ID found: gpi09, skipping additional entry
2026-01-28 15:47:59,222 - WARNING - Duplicate patient ID found: gpi25, skipping additional entry
2026-01-28 15:47:59,222 - WARNING - Duplicate patient ID found: stn29, skipping additional entry
2026-01-28 15:47:59,222 - WARNING - Duplicate patient ID found: gpi31, skipping additional entry
2026-01-28 15:47:59,222 - WARNING - Duplicate patient ID found: stn10, skipping additional entry
2026-01-28 15:47:59,222 - WARNING - Duplicate patient ID found: gpi28, skipping additional entry
2026-01-28 15:47:59,222 - WARNING - Duplicate patient ID found: stn31, skipping additional entry
2026-01-28 15:47:59,222 - WARNING - Duplicate patient ID found: gpi03, skipping additional entry
2026-01-28 15:47:59,222 - WARNING - Duplicate patient ID found: gpi05, skipping additional entry
2026-01-28 15:47:59,222 - WARNING - Duplicate patient ID found: stn25, skipping additional entry
2026-01-28 15:47:59,222 - WARNING - Duplicate patient ID found: gpi08, skipping additional entry
2026-01-28 15:47:59,223 - WARNING - Duplicate patient ID found: gpi27, skipping additional entry
2026-01-28 15:47:59,223 - WARNING - Duplicate patient ID found: stn16, skipping additional entry
2026-01-28 15:47:59,223 - WARNING - Duplicate patient ID found: gpi23, skipping additional entry
2026-01-28 15:47:59,223 - WARNING - Duplicate patient ID found: stn09, skipping additional entry
2026-01-28 15:47:59,223 - WARNING - Duplicate patient ID found: stn28, skipping additional entry
2026-01-28 15:47:59,223 - WARNING - Duplicate patient ID found: stn06, skipping additional entry
2026-01-28 15:47:59,223 - WARNING - Duplicate patient ID found: stn12, skipping additional entry
2026-01-28 15:47:59,223 - WARNING - Duplicate patient ID found: gpi16, skipping additional entry
2026-01-28 15:47:59,223 - WARNING - Duplicate patient ID found: gpi30, skipping additional entry
2026-01-28 15:47:59,223 - WARNING - Duplicate patient ID found: stn21, skipping additional entry
2026-01-28 15:47:59,223 - WARNING - Duplicate patient ID found: stn22, skipping additional entry
2026-01-28 15:47:59,223 - WARNING - Duplicate patient ID found: stn14, skipping additional entry
2026-01-28 15:47:59,223 - WARNING - Duplicate patient ID found: gpi17, skipping additional entry
2026-01-28 15:47:59,223 - WARNING - Duplicate patient ID found: gpi21, skipping additional entry
2026-01-28 15:47:59,224 - WARNING - Duplicate patient ID found: gpi32, skipping additional entry
2026-01-28 15:47:59,224 - WARNING - Duplicate patient ID found: stn15, skipping additional entry
2026-01-28 15:47:59,224 - INFO - Built diff index with 71 patients
2026-01-28 15:47:59,224 - INFO - 2) Parsing UPDRS CSV ...
2026-01-28 15:47:59,237 - INFO - Found 55 valid samples
2026-01-28 15:47:59,237 - INFO - 3) Preparing data matrix ...
2026-01-28 15:47:59,270 - INFO - Feature matrix shape: (55, 365), Class distribution: [24 31]
2026-01-28 15:47:59,270 - INFO - 4) Training final model on all data (with train/val split) ...
2026-01-28 15:47:59,989 - INFO - Start training final model. Train=44, Val=11
2026-01-28 15:48:00,130 - INFO - Epoch 1/200 | train loss=0.732180 | val loss=1.292977 | best=inf
2026-01-28 15:48:00,327 - INFO - Epoch 10/200 | train loss=0.010993 | val loss=2.566091 | best=inf
2026-01-28 15:48:00,544 - INFO - Epoch 20/200 | train loss=0.012948 | val loss=1.134322 | best=inf
2026-01-28 15:48:00,761 - INFO - Epoch 30/200 | train loss=0.000136 | val loss=3.241001 | best=inf
2026-01-28 15:48:00,979 - INFO - Epoch 40/200 | train loss=0.000158 | val loss=3.568924 | best=inf
2026-01-28 15:48:01,196 - INFO - Epoch 50/200 | train loss=0.000052 | val loss=3.718748 | best=inf
2026-01-28 15:48:01,413 - INFO - Epoch 60/200 | train loss=0.000033 | val loss=3.802977 | best=inf
2026-01-28 15:48:01,632 - INFO - Epoch 70/200 | train loss=0.000028 | val loss=3.877620 | best=inf
2026-01-28 15:48:01,850 - INFO - Epoch 80/200 | train loss=0.000040 | val loss=3.940325 | best=inf
2026-01-28 15:48:02,067 - INFO - Epoch 90/200 | train loss=0.000019 | val loss=3.991569 | best=inf
2026-01-28 15:48:02,284 - INFO - Epoch 100/200 | train loss=0.000017 | val loss=4.040806 | best=inf
2026-01-28 15:48:02,526 - INFO - Epoch 110/200 | train loss=0.000020 | val loss=4.095811 | best=4.045433
2026-01-28 15:48:02,743 - INFO - Epoch 120/200 | train loss=0.000006 | val loss=4.139363 | best=4.045433
2026-01-28 15:48:02,962 - INFO - Epoch 130/200 | train loss=0.000017 | val loss=4.192829 | best=4.045433
2026-01-28 15:48:03,178 - INFO - Epoch 140/200 | train loss=0.000006 | val loss=4.241466 | best=4.045433
2026-01-28 15:48:03,395 - INFO - Epoch 150/200 | train loss=0.000010 | val loss=4.279315 | best=4.045433
2026-01-28 15:48:03,611 - INFO - Epoch 160/200 | train loss=0.000010 | val loss=4.313926 | best=4.045433
2026-01-28 15:48:03,828 - INFO - Epoch 170/200 | train loss=0.000007 | val loss=4.350182 | best=4.045433
2026-01-28 15:48:04,045 - INFO - Epoch 180/200 | train loss=0.000005 | val loss=4.390448 | best=4.045433
2026-01-28 15:48:04,261 - INFO - Epoch 190/200 | train loss=0.000008 | val loss=4.430876 | best=4.045433
2026-01-28 15:48:04,477 - INFO - Epoch 200/200 | train loss=0.000014 | val loss=4.455175 | best=4.045433
2026-01-28 15:48:04,490 - INFO - Loaded best model from results/model/best_model.pth (epoch 101)
2026-01-28 15:48:04,505 - INFO - Saved final model to: results/model/final_model_20260128_154804.pth
2026-01-28 15:48:04,515 - INFO - Validation metrics: {
  "val_threshold": 1.955529114638921e-05,
  "val_acc": 0.7272727272727273,
  "val_f1": 0.8,
  "val_precision": 0.6666666666666666,
  "val_recall": 1.0,
  "val_auc": 0.6333333333333333,
  "val_ap": 0.7041666666666666
}
2026-01-28 15:48:04,517 - INFO - 5) Running SHAP ...
2026-01-28 15:49:33,712 - INFO - Using device: cuda
2026-01-28 15:49:33,712 - INFO - Hyperparameters: {
  "batch_size": 8,
  "learning_rate": 0.0005,
  "num_epochs": 200,
  "hidden_dim": 512,
  "num_blocks": 6,
  "dropout": 0.3,
  "feature_type": "ALL",
  "improvement_threshold": 0.25,
  "val_ratio": 0.2,
  "early_stop_patience": 100,
  "early_stop_min_epochs": 100
}
2026-01-28 15:49:33,713 - INFO - 1) Building diff index ...
2026-01-28 15:49:33,714 - WARNING - Duplicate patient ID found: stn02, skipping additional entry
2026-01-28 15:49:33,714 - WARNING - Duplicate patient ID found: gpi11, skipping additional entry
2026-01-28 15:49:33,714 - WARNING - Duplicate patient ID found: gpi02, skipping additional entry
2026-01-28 15:49:33,714 - WARNING - Duplicate patient ID found: gpi19, skipping additional entry
2026-01-28 15:49:33,714 - WARNING - Duplicate patient ID found: stn23, skipping additional entry
2026-01-28 15:49:33,715 - WARNING - Duplicate patient ID found: stn03, skipping additional entry
2026-01-28 15:49:33,715 - WARNING - Duplicate patient ID found: gpi20, skipping additional entry
2026-01-28 15:49:33,715 - WARNING - Duplicate patient ID found: stn04, skipping additional entry
2026-01-28 15:49:33,715 - WARNING - Duplicate patient ID found: stn24, skipping additional entry
2026-01-28 15:49:33,715 - WARNING - Duplicate patient ID found: gpi04, skipping additional entry
2026-01-28 15:49:33,715 - WARNING - Duplicate patient ID found: gpi15, skipping additional entry
2026-01-28 15:49:33,715 - WARNING - Duplicate patient ID found: stn19, skipping additional entry
2026-01-28 15:49:33,715 - WARNING - Duplicate patient ID found: stn08, skipping additional entry
2026-01-28 15:49:33,715 - WARNING - Duplicate patient ID found: stn11, skipping additional entry
2026-01-28 15:49:33,715 - WARNING - Duplicate patient ID found: gpi07, skipping additional entry
2026-01-28 15:49:33,716 - WARNING - Duplicate patient ID found: gpi26, skipping additional entry
2026-01-28 15:49:33,716 - WARNING - Duplicate patient ID found: stn13, skipping additional entry
2026-01-28 15:49:33,716 - WARNING - Duplicate patient ID found: gpi06, skipping additional entry
2026-01-28 15:49:33,716 - WARNING - Duplicate patient ID found: stn30, skipping additional entry
2026-01-28 15:49:33,716 - WARNING - Duplicate patient ID found: stn18, skipping additional entry
2026-01-28 15:49:33,716 - WARNING - Duplicate patient ID found: gpi24, skipping additional entry
2026-01-28 15:49:33,716 - WARNING - Duplicate patient ID found: gpi13, skipping additional entry
2026-01-28 15:49:33,716 - WARNING - Duplicate patient ID found: stn07, skipping additional entry
2026-01-28 15:49:33,716 - WARNING - Duplicate patient ID found: stn20, skipping additional entry
2026-01-28 15:49:33,717 - WARNING - Duplicate patient ID found: gpi12, skipping additional entry
2026-01-28 15:49:33,717 - WARNING - Duplicate patient ID found: stn01, skipping additional entry
2026-01-28 15:49:33,717 - WARNING - Duplicate patient ID found: gpi22, skipping additional entry
2026-01-28 15:49:33,717 - WARNING - Duplicate patient ID found: gpi18, skipping additional entry
2026-01-28 15:49:33,717 - WARNING - Duplicate patient ID found: gpi09, skipping additional entry
2026-01-28 15:49:33,717 - WARNING - Duplicate patient ID found: gpi25, skipping additional entry
2026-01-28 15:49:33,717 - WARNING - Duplicate patient ID found: stn29, skipping additional entry
2026-01-28 15:49:33,717 - WARNING - Duplicate patient ID found: gpi31, skipping additional entry
2026-01-28 15:49:33,717 - WARNING - Duplicate patient ID found: stn10, skipping additional entry
2026-01-28 15:49:33,717 - WARNING - Duplicate patient ID found: gpi28, skipping additional entry
2026-01-28 15:49:33,717 - WARNING - Duplicate patient ID found: stn31, skipping additional entry
2026-01-28 15:49:33,717 - WARNING - Duplicate patient ID found: gpi03, skipping additional entry
2026-01-28 15:49:33,718 - WARNING - Duplicate patient ID found: gpi05, skipping additional entry
2026-01-28 15:49:33,718 - WARNING - Duplicate patient ID found: stn25, skipping additional entry
2026-01-28 15:49:33,718 - WARNING - Duplicate patient ID found: gpi08, skipping additional entry
2026-01-28 15:49:33,718 - WARNING - Duplicate patient ID found: gpi27, skipping additional entry
2026-01-28 15:49:33,718 - WARNING - Duplicate patient ID found: stn16, skipping additional entry
2026-01-28 15:49:33,718 - WARNING - Duplicate patient ID found: gpi23, skipping additional entry
2026-01-28 15:49:33,718 - WARNING - Duplicate patient ID found: stn09, skipping additional entry
2026-01-28 15:49:33,718 - WARNING - Duplicate patient ID found: stn28, skipping additional entry
2026-01-28 15:49:33,718 - WARNING - Duplicate patient ID found: stn06, skipping additional entry
2026-01-28 15:49:33,718 - WARNING - Duplicate patient ID found: stn12, skipping additional entry
2026-01-28 15:49:33,718 - WARNING - Duplicate patient ID found: gpi16, skipping additional entry
2026-01-28 15:49:33,718 - WARNING - Duplicate patient ID found: gpi30, skipping additional entry
2026-01-28 15:49:33,718 - WARNING - Duplicate patient ID found: stn21, skipping additional entry
2026-01-28 15:49:33,719 - WARNING - Duplicate patient ID found: stn22, skipping additional entry
2026-01-28 15:49:33,719 - WARNING - Duplicate patient ID found: stn14, skipping additional entry
2026-01-28 15:49:33,719 - WARNING - Duplicate patient ID found: gpi17, skipping additional entry
2026-01-28 15:49:33,719 - WARNING - Duplicate patient ID found: gpi21, skipping additional entry
2026-01-28 15:49:33,719 - WARNING - Duplicate patient ID found: gpi32, skipping additional entry
2026-01-28 15:49:33,719 - WARNING - Duplicate patient ID found: stn15, skipping additional entry
2026-01-28 15:49:33,719 - INFO - Built diff index with 71 patients
2026-01-28 15:49:33,719 - INFO - 2) Parsing UPDRS CSV ...
2026-01-28 15:49:33,732 - INFO - Found 55 valid samples
2026-01-28 15:49:33,732 - INFO - 3) Preparing data matrix ...
2026-01-28 15:49:33,765 - INFO - Feature matrix shape: (55, 365), Class distribution: [24 31]
2026-01-28 15:49:33,765 - INFO - 4) Training final model on all data (with train/val split) ...
2026-01-28 15:49:34,481 - INFO - Start training final model. Train=44, Val=11
2026-01-28 15:49:34,624 - INFO - Epoch 1/200 | train loss=0.732180 | val loss=1.292977 | best=inf
2026-01-28 15:49:34,823 - INFO - Epoch 10/200 | train loss=0.010993 | val loss=2.566091 | best=inf
2026-01-28 15:49:35,044 - INFO - Epoch 20/200 | train loss=0.012948 | val loss=1.134322 | best=inf
2026-01-28 15:49:35,264 - INFO - Epoch 30/200 | train loss=0.000136 | val loss=3.241001 | best=inf
2026-01-28 15:49:35,485 - INFO - Epoch 40/200 | train loss=0.000158 | val loss=3.568924 | best=inf
2026-01-28 15:49:35,706 - INFO - Epoch 50/200 | train loss=0.000052 | val loss=3.718748 | best=inf
2026-01-28 15:49:35,926 - INFO - Epoch 60/200 | train loss=0.000033 | val loss=3.802977 | best=inf
2026-01-28 15:49:36,149 - INFO - Epoch 70/200 | train loss=0.000028 | val loss=3.877620 | best=inf
2026-01-28 15:49:36,370 - INFO - Epoch 80/200 | train loss=0.000040 | val loss=3.940325 | best=inf
2026-01-28 15:49:36,590 - INFO - Epoch 90/200 | train loss=0.000019 | val loss=3.991569 | best=inf
2026-01-28 15:49:36,811 - INFO - Epoch 100/200 | train loss=0.000017 | val loss=4.040806 | best=inf
2026-01-28 15:49:37,050 - INFO - Epoch 110/200 | train loss=0.000020 | val loss=4.095811 | best=4.045433
2026-01-28 15:49:37,271 - INFO - Epoch 120/200 | train loss=0.000006 | val loss=4.139363 | best=4.045433
2026-01-28 15:49:37,493 - INFO - Epoch 130/200 | train loss=0.000017 | val loss=4.192829 | best=4.045433
2026-01-28 15:49:37,713 - INFO - Epoch 140/200 | train loss=0.000006 | val loss=4.241466 | best=4.045433
2026-01-28 15:49:37,933 - INFO - Epoch 150/200 | train loss=0.000010 | val loss=4.279315 | best=4.045433
2026-01-28 15:49:38,153 - INFO - Epoch 160/200 | train loss=0.000010 | val loss=4.313926 | best=4.045433
2026-01-28 15:49:38,373 - INFO - Epoch 170/200 | train loss=0.000007 | val loss=4.350182 | best=4.045433
2026-01-28 15:49:38,597 - INFO - Epoch 180/200 | train loss=0.000005 | val loss=4.390448 | best=4.045433
2026-01-28 15:49:38,816 - INFO - Epoch 190/200 | train loss=0.000008 | val loss=4.430876 | best=4.045433
2026-01-28 15:49:39,036 - INFO - Epoch 200/200 | train loss=0.000014 | val loss=4.455175 | best=4.045433
2026-01-28 15:49:39,050 - INFO - Loaded best model from results/model/best_model.pth (epoch 101)
2026-01-28 15:49:39,066 - INFO - Saved final model to: results/model/final_model_20260128_154939.pth
2026-01-28 15:49:39,077 - INFO - Validation metrics: {
  "val_threshold": 1.955529114638921e-05,
  "val_acc": 0.7272727272727273,
  "val_f1": 0.8,
  "val_precision": 0.6666666666666666,
  "val_recall": 1.0,
  "val_auc": 0.6333333333333333,
  "val_ap": 0.7041666666666666
}
2026-01-28 15:49:39,079 - INFO - 5) Running SHAP ...
2026-01-28 15:49:52,758 - INFO - SHAP outputs saved to: results/shap
2026-01-28 15:49:52,758 - INFO - Done. Total time: 19.05s
2026-01-28 15:49:52,759 - INFO - Output dir: results
2026-02-07 21:42:17,446 - INFO - Using device: cuda
2026-02-07 21:42:17,449 - INFO - Hyperparameters: {
  "batch_size": 8,
  "learning_rate": 0.0005,
  "num_epochs": 200,
  "hidden_dim": 512,
  "num_blocks": 6,
  "dropout": 0.3,
  "feature_type": "ALL",
  "improvement_threshold": 0.25,
  "val_ratio": 0.2,
  "early_stop_patience": 100,
  "early_stop_min_epochs": 100
}
2026-02-07 21:42:17,450 - INFO - 1) Building diff index ...
2026-02-07 21:42:18,328 - WARNING - Duplicate patient ID found: stn02, skipping additional entry
2026-02-07 21:42:19,168 - WARNING - Duplicate patient ID found: gpi11, skipping additional entry
2026-02-07 21:42:19,478 - WARNING - Duplicate patient ID found: gpi02, skipping additional entry
2026-02-07 21:42:19,549 - WARNING - Duplicate patient ID found: gpi19, skipping additional entry
2026-02-07 21:42:19,701 - WARNING - Duplicate patient ID found: stn23, skipping additional entry
2026-02-07 21:42:20,020 - WARNING - Duplicate patient ID found: stn03, skipping additional entry
2026-02-07 21:42:20,133 - WARNING - Duplicate patient ID found: gpi20, skipping additional entry
2026-02-07 21:42:20,278 - WARNING - Duplicate patient ID found: stn04, skipping additional entry
2026-02-07 21:42:20,604 - WARNING - Duplicate patient ID found: stn24, skipping additional entry
2026-02-07 21:42:20,686 - WARNING - Duplicate patient ID found: gpi04, skipping additional entry
2026-02-07 21:42:20,770 - WARNING - Duplicate patient ID found: gpi15, skipping additional entry
2026-02-07 21:42:20,861 - WARNING - Duplicate patient ID found: stn19, skipping additional entry
2026-02-07 21:42:20,924 - WARNING - Duplicate patient ID found: stn08, skipping additional entry
2026-02-07 21:42:20,948 - WARNING - Duplicate patient ID found: stn11, skipping additional entry
2026-02-07 21:42:21,006 - WARNING - Duplicate patient ID found: gpi07, skipping additional entry
2026-02-07 21:42:21,079 - WARNING - Duplicate patient ID found: gpi26, skipping additional entry
2026-02-07 21:42:21,148 - WARNING - Duplicate patient ID found: stn13, skipping additional entry
2026-02-07 21:42:21,272 - WARNING - Duplicate patient ID found: gpi06, skipping additional entry
2026-02-07 21:42:21,475 - WARNING - Duplicate patient ID found: stn30, skipping additional entry
2026-02-07 21:42:21,517 - WARNING - Duplicate patient ID found: stn18, skipping additional entry
2026-02-07 21:42:21,535 - WARNING - Duplicate patient ID found: gpi24, skipping additional entry
2026-02-07 21:42:21,581 - WARNING - Duplicate patient ID found: gpi13, skipping additional entry
2026-02-07 21:42:21,742 - WARNING - Duplicate patient ID found: stn07, skipping additional entry
2026-02-07 21:42:22,197 - WARNING - Duplicate patient ID found: stn20, skipping additional entry
2026-02-07 21:42:22,376 - WARNING - Duplicate patient ID found: gpi12, skipping additional entry
2026-02-07 21:42:22,580 - WARNING - Duplicate patient ID found: stn01, skipping additional entry
2026-02-07 21:42:22,711 - WARNING - Duplicate patient ID found: gpi22, skipping additional entry
2026-02-07 21:42:22,745 - WARNING - Duplicate patient ID found: gpi18, skipping additional entry
2026-02-07 21:42:22,835 - WARNING - Duplicate patient ID found: gpi09, skipping additional entry
2026-02-07 21:42:23,035 - WARNING - Duplicate patient ID found: gpi25, skipping additional entry
2026-02-07 21:42:23,067 - WARNING - Duplicate patient ID found: stn29, skipping additional entry
2026-02-07 21:42:23,114 - WARNING - Duplicate patient ID found: gpi31, skipping additional entry
2026-02-07 21:42:23,173 - WARNING - Duplicate patient ID found: stn10, skipping additional entry
2026-02-07 21:42:23,188 - WARNING - Duplicate patient ID found: gpi28, skipping additional entry
2026-02-07 21:42:23,306 - WARNING - Duplicate patient ID found: stn31, skipping additional entry
2026-02-07 21:42:23,361 - WARNING - Duplicate patient ID found: gpi03, skipping additional entry
2026-02-07 21:42:23,386 - WARNING - Duplicate patient ID found: gpi05, skipping additional entry
2026-02-07 21:42:23,471 - WARNING - Duplicate patient ID found: stn25, skipping additional entry
2026-02-07 21:42:23,523 - WARNING - Duplicate patient ID found: gpi08, skipping additional entry
2026-02-07 21:42:23,561 - WARNING - Duplicate patient ID found: gpi27, skipping additional entry
2026-02-07 21:42:23,629 - WARNING - Duplicate patient ID found: stn16, skipping additional entry
2026-02-07 21:42:23,638 - WARNING - Duplicate patient ID found: gpi23, skipping additional entry
2026-02-07 21:42:23,818 - WARNING - Duplicate patient ID found: stn09, skipping additional entry
2026-02-07 21:42:23,862 - WARNING - Duplicate patient ID found: stn28, skipping additional entry
2026-02-07 21:42:23,873 - WARNING - Duplicate patient ID found: stn06, skipping additional entry
2026-02-07 21:42:23,927 - WARNING - Duplicate patient ID found: stn12, skipping additional entry
2026-02-07 21:42:23,973 - WARNING - Duplicate patient ID found: gpi16, skipping additional entry
2026-02-07 21:42:24,046 - WARNING - Duplicate patient ID found: gpi30, skipping additional entry
2026-02-07 21:42:24,099 - WARNING - Duplicate patient ID found: stn21, skipping additional entry
2026-02-07 21:42:24,135 - WARNING - Duplicate patient ID found: stn22, skipping additional entry
2026-02-07 21:42:24,157 - WARNING - Duplicate patient ID found: stn14, skipping additional entry
2026-02-07 21:42:24,191 - WARNING - Duplicate patient ID found: gpi17, skipping additional entry
2026-02-07 21:42:24,206 - WARNING - Duplicate patient ID found: gpi21, skipping additional entry
2026-02-07 21:42:24,221 - WARNING - Duplicate patient ID found: gpi32, skipping additional entry
2026-02-07 21:42:24,317 - WARNING - Duplicate patient ID found: stn15, skipping additional entry
2026-02-07 21:42:24,317 - INFO - Built diff index with 71 patients
2026-02-07 21:42:24,317 - INFO - 2) Parsing UPDRS CSV ...
2026-02-07 21:42:24,379 - INFO - Found 55 valid samples
2026-02-07 21:42:24,379 - INFO - 3) Preparing data matrix ...
2026-02-07 21:42:26,359 - INFO - Feature matrix shape: (55, 365), Class distribution: [24 31]
2026-02-07 21:42:26,359 - INFO - 4) Training final model on all data (with train/val split) ...
2026-02-07 21:42:27,180 - INFO - Start training final model. Train=44, Val=11
2026-02-07 21:42:27,326 - INFO - Epoch 1/200 | train loss=0.732180 | val loss=1.292977 | best=inf
2026-02-07 21:42:27,520 - INFO - Epoch 10/200 | train loss=0.010993 | val loss=2.566091 | best=inf
2026-02-07 21:42:27,737 - INFO - Epoch 20/200 | train loss=0.012948 | val loss=1.134322 | best=inf
2026-02-07 21:42:27,953 - INFO - Epoch 30/200 | train loss=0.000136 | val loss=3.241001 | best=inf
2026-02-07 21:42:28,168 - INFO - Epoch 40/200 | train loss=0.000158 | val loss=3.568924 | best=inf
2026-02-07 21:42:28,384 - INFO - Epoch 50/200 | train loss=0.000052 | val loss=3.718748 | best=inf
2026-02-07 21:42:28,600 - INFO - Epoch 60/200 | train loss=0.000033 | val loss=3.802977 | best=inf
2026-02-07 21:42:28,815 - INFO - Epoch 70/200 | train loss=0.000028 | val loss=3.877620 | best=inf
2026-02-07 21:42:29,033 - INFO - Epoch 80/200 | train loss=0.000040 | val loss=3.940325 | best=inf
2026-02-07 21:42:29,249 - INFO - Epoch 90/200 | train loss=0.000019 | val loss=3.991569 | best=inf
2026-02-07 21:42:29,464 - INFO - Epoch 100/200 | train loss=0.000017 | val loss=4.040806 | best=inf
2026-02-07 21:42:29,697 - INFO - Epoch 110/200 | train loss=0.000020 | val loss=4.095811 | best=4.045433
2026-02-07 21:42:29,912 - INFO - Epoch 120/200 | train loss=0.000006 | val loss=4.139363 | best=4.045433
2026-02-07 21:42:30,127 - INFO - Epoch 130/200 | train loss=0.000017 | val loss=4.192829 | best=4.045433
2026-02-07 21:42:30,344 - INFO - Epoch 140/200 | train loss=0.000006 | val loss=4.241466 | best=4.045433
2026-02-07 21:42:30,559 - INFO - Epoch 150/200 | train loss=0.000010 | val loss=4.279315 | best=4.045433
2026-02-07 21:42:30,775 - INFO - Epoch 160/200 | train loss=0.000010 | val loss=4.313926 | best=4.045433
2026-02-07 21:42:30,990 - INFO - Epoch 170/200 | train loss=0.000007 | val loss=4.350182 | best=4.045433
2026-02-07 21:42:31,207 - INFO - Epoch 180/200 | train loss=0.000005 | val loss=4.390448 | best=4.045433
2026-02-07 21:42:31,421 - INFO - Epoch 190/200 | train loss=0.000008 | val loss=4.430876 | best=4.045433
2026-02-07 21:42:31,635 - INFO - Epoch 200/200 | train loss=0.000014 | val loss=4.455175 | best=4.045433
2026-02-07 21:42:31,649 - INFO - Loaded best model from results/model/best_model.pth (epoch 101)
2026-02-07 21:42:31,672 - INFO - Saved final model to: results/model/final_model_20260207_214231.pth
2026-02-07 21:42:31,683 - INFO - Validation metrics: {
  "val_threshold": 1.955529114638921e-05,
  "val_acc": 0.7272727272727273,
  "val_f1": 0.8,
  "val_precision": 0.6666666666666666,
  "val_recall": 1.0,
  "val_auc": 0.6333333333333333,
  "val_ap": 0.7041666666666666
}
2026-02-07 21:42:31,684 - INFO - 5) Running SHAP ...
2026-02-07 21:42:45,036 - INFO - SHAP outputs saved to: results/shap
2026-02-07 21:42:45,036 - INFO - Done. Total time: 27.59s
2026-02-07 21:42:45,036 - INFO - Output dir: results
2026-02-08 10:18:37,071 - INFO - Using device: cuda
2026-02-08 10:18:37,074 - INFO - Hyperparameters: {
  "batch_size": 8,
  "learning_rate": 0.0005,
  "num_epochs": 200,
  "hidden_dim": 512,
  "num_blocks": 6,
  "dropout": 0.3,
  "feature_type": "ALL",
  "improvement_threshold": 0.25,
  "val_ratio": 0.2,
  "early_stop_patience": 100,
  "early_stop_min_epochs": 100
}
2026-02-08 10:18:37,074 - INFO - 1) Building diff index ...
2026-02-08 10:18:37,746 - WARNING - Duplicate patient ID found: stn02, skipping additional entry
2026-02-08 10:18:38,253 - WARNING - Duplicate patient ID found: gpi11, skipping additional entry
2026-02-08 10:18:38,495 - WARNING - Duplicate patient ID found: gpi02, skipping additional entry
2026-02-08 10:18:38,547 - WARNING - Duplicate patient ID found: gpi19, skipping additional entry
2026-02-08 10:18:38,661 - WARNING - Duplicate patient ID found: stn23, skipping additional entry
2026-02-08 10:18:38,942 - WARNING - Duplicate patient ID found: stn03, skipping additional entry
2026-02-08 10:18:39,034 - WARNING - Duplicate patient ID found: gpi20, skipping additional entry
2026-02-08 10:18:39,125 - WARNING - Duplicate patient ID found: stn04, skipping additional entry
2026-02-08 10:18:39,432 - WARNING - Duplicate patient ID found: stn24, skipping additional entry
2026-02-08 10:18:39,502 - WARNING - Duplicate patient ID found: gpi04, skipping additional entry
2026-02-08 10:18:39,553 - WARNING - Duplicate patient ID found: gpi15, skipping additional entry
2026-02-08 10:18:39,641 - WARNING - Duplicate patient ID found: stn19, skipping additional entry
2026-02-08 10:18:39,685 - WARNING - Duplicate patient ID found: stn08, skipping additional entry
2026-02-08 10:18:39,714 - WARNING - Duplicate patient ID found: stn11, skipping additional entry
2026-02-08 10:18:39,785 - WARNING - Duplicate patient ID found: gpi07, skipping additional entry
2026-02-08 10:18:39,902 - WARNING - Duplicate patient ID found: gpi26, skipping additional entry
2026-02-08 10:18:40,008 - WARNING - Duplicate patient ID found: stn13, skipping additional entry
2026-02-08 10:18:40,086 - WARNING - Duplicate patient ID found: gpi06, skipping additional entry
2026-02-08 10:18:40,271 - WARNING - Duplicate patient ID found: stn30, skipping additional entry
2026-02-08 10:18:40,305 - WARNING - Duplicate patient ID found: stn18, skipping additional entry
2026-02-08 10:18:40,338 - WARNING - Duplicate patient ID found: gpi24, skipping additional entry
2026-02-08 10:18:40,366 - WARNING - Duplicate patient ID found: gpi13, skipping additional entry
2026-02-08 10:18:40,436 - WARNING - Duplicate patient ID found: stn07, skipping additional entry
2026-02-08 10:18:40,520 - WARNING - Duplicate patient ID found: stn20, skipping additional entry
2026-02-08 10:18:40,665 - WARNING - Duplicate patient ID found: gpi12, skipping additional entry
2026-02-08 10:18:40,883 - WARNING - Duplicate patient ID found: stn01, skipping additional entry
2026-02-08 10:18:40,958 - WARNING - Duplicate patient ID found: gpi22, skipping additional entry
2026-02-08 10:18:40,973 - WARNING - Duplicate patient ID found: gpi18, skipping additional entry
2026-02-08 10:18:41,043 - WARNING - Duplicate patient ID found: gpi09, skipping additional entry
2026-02-08 10:18:41,181 - WARNING - Duplicate patient ID found: gpi25, skipping additional entry
2026-02-08 10:18:41,275 - WARNING - Duplicate patient ID found: stn29, skipping additional entry
2026-02-08 10:18:41,332 - WARNING - Duplicate patient ID found: gpi31, skipping additional entry
2026-02-08 10:18:41,363 - WARNING - Duplicate patient ID found: stn10, skipping additional entry
2026-02-08 10:18:41,378 - WARNING - Duplicate patient ID found: gpi28, skipping additional entry
2026-02-08 10:18:41,407 - WARNING - Duplicate patient ID found: stn31, skipping additional entry
2026-02-08 10:18:41,455 - WARNING - Duplicate patient ID found: gpi03, skipping additional entry
2026-02-08 10:18:41,485 - WARNING - Duplicate patient ID found: gpi05, skipping additional entry
2026-02-08 10:18:41,566 - WARNING - Duplicate patient ID found: stn25, skipping additional entry
2026-02-08 10:18:41,598 - WARNING - Duplicate patient ID found: gpi08, skipping additional entry
2026-02-08 10:18:41,615 - WARNING - Duplicate patient ID found: gpi27, skipping additional entry
2026-02-08 10:18:41,672 - WARNING - Duplicate patient ID found: stn16, skipping additional entry
2026-02-08 10:18:41,702 - WARNING - Duplicate patient ID found: gpi23, skipping additional entry
2026-02-08 10:18:41,919 - WARNING - Duplicate patient ID found: stn09, skipping additional entry
2026-02-08 10:18:41,972 - WARNING - Duplicate patient ID found: stn28, skipping additional entry
2026-02-08 10:18:41,992 - WARNING - Duplicate patient ID found: stn06, skipping additional entry
2026-02-08 10:18:42,047 - WARNING - Duplicate patient ID found: stn12, skipping additional entry
2026-02-08 10:18:42,087 - WARNING - Duplicate patient ID found: gpi16, skipping additional entry
2026-02-08 10:18:42,216 - WARNING - Duplicate patient ID found: gpi30, skipping additional entry
2026-02-08 10:18:42,235 - WARNING - Duplicate patient ID found: stn21, skipping additional entry
2026-02-08 10:18:42,266 - WARNING - Duplicate patient ID found: stn22, skipping additional entry
2026-02-08 10:18:42,286 - WARNING - Duplicate patient ID found: stn14, skipping additional entry
2026-02-08 10:18:42,322 - WARNING - Duplicate patient ID found: gpi17, skipping additional entry
2026-02-08 10:18:42,383 - WARNING - Duplicate patient ID found: gpi21, skipping additional entry
2026-02-08 10:18:42,398 - WARNING - Duplicate patient ID found: gpi32, skipping additional entry
2026-02-08 10:18:42,453 - WARNING - Duplicate patient ID found: stn15, skipping additional entry
2026-02-08 10:18:42,453 - INFO - Built diff index with 71 patients
2026-02-08 10:18:42,453 - INFO - 2) Parsing UPDRS CSV ...
2026-02-08 10:18:42,534 - INFO - Found 55 valid samples
2026-02-08 10:18:42,535 - INFO - 3) Preparing data matrix ...
2026-02-08 10:18:44,339 - INFO - Feature matrix shape: (55, 365), Class distribution: [24 31]
2026-02-08 10:18:44,340 - INFO - 4) Training final model on all data (with train/val split) ...
2026-02-08 10:18:45,145 - INFO - Start training final model. Train=44, Val=11
2026-02-08 10:18:45,290 - INFO - Epoch 1/200 | train loss=0.732180 | val loss=1.292977 | best=inf
2026-02-08 10:18:45,487 - INFO - Epoch 10/200 | train loss=0.010993 | val loss=2.566091 | best=inf
2026-02-08 10:18:45,705 - INFO - Epoch 20/200 | train loss=0.012948 | val loss=1.134322 | best=inf
2026-02-08 10:18:45,923 - INFO - Epoch 30/200 | train loss=0.000136 | val loss=3.241001 | best=inf
2026-02-08 10:18:46,140 - INFO - Epoch 40/200 | train loss=0.000158 | val loss=3.568924 | best=inf
2026-02-08 10:18:46,358 - INFO - Epoch 50/200 | train loss=0.000052 | val loss=3.718748 | best=inf
2026-02-08 10:18:46,576 - INFO - Epoch 60/200 | train loss=0.000033 | val loss=3.802977 | best=inf
2026-02-08 10:18:46,796 - INFO - Epoch 70/200 | train loss=0.000028 | val loss=3.877620 | best=inf
2026-02-08 10:18:47,014 - INFO - Epoch 80/200 | train loss=0.000040 | val loss=3.940325 | best=inf
2026-02-08 10:18:47,231 - INFO - Epoch 90/200 | train loss=0.000019 | val loss=3.991569 | best=inf
2026-02-08 10:18:47,449 - INFO - Epoch 100/200 | train loss=0.000017 | val loss=4.040806 | best=inf
2026-02-08 10:18:47,682 - INFO - Epoch 110/200 | train loss=0.000020 | val loss=4.095811 | best=4.045433
2026-02-08 10:18:47,899 - INFO - Epoch 120/200 | train loss=0.000006 | val loss=4.139363 | best=4.045433
2026-02-08 10:18:48,118 - INFO - Epoch 130/200 | train loss=0.000017 | val loss=4.192829 | best=4.045433
2026-02-08 10:18:48,334 - INFO - Epoch 140/200 | train loss=0.000006 | val loss=4.241466 | best=4.045433
2026-02-08 10:18:48,551 - INFO - Epoch 150/200 | train loss=0.000010 | val loss=4.279315 | best=4.045433
2026-02-08 10:18:48,768 - INFO - Epoch 160/200 | train loss=0.000010 | val loss=4.313926 | best=4.045433
2026-02-08 10:18:48,984 - INFO - Epoch 170/200 | train loss=0.000007 | val loss=4.350182 | best=4.045433
2026-02-08 10:18:49,203 - INFO - Epoch 180/200 | train loss=0.000005 | val loss=4.390448 | best=4.045433
2026-02-08 10:18:49,420 - INFO - Epoch 190/200 | train loss=0.000008 | val loss=4.430876 | best=4.045433
2026-02-08 10:18:49,636 - INFO - Epoch 200/200 | train loss=0.000014 | val loss=4.455175 | best=4.045433
2026-02-08 10:18:49,650 - INFO - Loaded best model from results/model/best_model.pth (epoch 101)
2026-02-08 10:18:49,666 - INFO - Saved final model to: results/model/final_model_20260208_101849.pth
2026-02-08 10:18:49,676 - INFO - Validation metrics: {
  "val_threshold": 1.955529114638921e-05,
  "val_acc": 0.7272727272727273,
  "val_f1": 0.8,
  "val_precision": 0.6666666666666666,
  "val_recall": 1.0,
  "val_auc": 0.6333333333333333,
  "val_ap": 0.7041666666666666
}
2026-02-08 10:18:49,678 - INFO - 5) Running SHAP ...
2026-02-08 10:19:02,943 - INFO - SHAP outputs saved to: results/shap
2026-02-08 10:19:02,944 - INFO - Done. Total time: 25.87s
2026-02-08 10:19:02,944 - INFO - Output dir: results
