2026-01-20 16:35:38,116 - INFO - Using device: cuda
2026-01-20 16:35:38,116 - INFO - Hyperparameters: {
  "batch_size": 8,
  "learning_rate": 0.0005,
  "num_epochs": 200,
  "hidden_dim": 512,
  "num_blocks": 6,
  "dropout": 0.3,
  "feature_type": "ALL",
  "improvement_threshold": 0.25,
  "model_type": "GCN",
  "svm_params": {
    "C": 1.0,
    "kernel": "rbf",
    "gamma": "scale",
    "probability": true
  },
  "transformer_params": {
    "embed_dim": 64,
    "num_heads": 4,
    "num_layers": 2,
    "ffn_dim": 128,
    "dropout": 0.2
  },
  "gcn_params": {
    "hidden_dim": 64,
    "num_layers": 2,
    "dropout": 0.5
  },
  "early_stopping_patience": 15,
  "validation_split": 0.2
}
2026-01-20 16:35:38,117 - INFO - Starting treatment response prediction pipeline
2026-01-20 16:35:38,117 - INFO - Building FC file index...
2026-01-20 16:35:38,564 - WARNING - Duplicate patient ID found: stn02, skipping additional entry
2026-01-20 16:35:38,810 - WARNING - Duplicate patient ID found: gpi11, skipping additional entry
2026-01-20 16:35:39,037 - WARNING - Duplicate patient ID found: gpi02, skipping additional entry
2026-01-20 16:35:39,055 - WARNING - Duplicate patient ID found: gpi19, skipping additional entry
2026-01-20 16:35:39,136 - WARNING - Duplicate patient ID found: stn23, skipping additional entry
2026-01-20 16:35:39,267 - WARNING - Duplicate patient ID found: stn03, skipping additional entry
2026-01-20 16:35:39,333 - WARNING - Duplicate patient ID found: gpi20, skipping additional entry
2026-01-20 16:35:39,405 - WARNING - Duplicate patient ID found: stn04, skipping additional entry
2026-01-20 16:35:39,567 - WARNING - Duplicate patient ID found: stn24, skipping additional entry
2026-01-20 16:35:39,620 - WARNING - Duplicate patient ID found: gpi04, skipping additional entry
2026-01-20 16:35:39,623 - WARNING - Duplicate patient ID found: gpi15, skipping additional entry
2026-01-20 16:35:39,651 - WARNING - Duplicate patient ID found: stn19, skipping additional entry
2026-01-20 16:35:39,653 - WARNING - Duplicate patient ID found: stn08, skipping additional entry
2026-01-20 16:35:39,664 - WARNING - Duplicate patient ID found: stn11, skipping additional entry
2026-01-20 16:35:39,698 - WARNING - Duplicate patient ID found: gpi07, skipping additional entry
2026-01-20 16:35:39,705 - WARNING - Duplicate patient ID found: gpi26, skipping additional entry
2026-01-20 16:35:39,745 - WARNING - Duplicate patient ID found: stn13, skipping additional entry
2026-01-20 16:35:39,760 - WARNING - Duplicate patient ID found: gpi06, skipping additional entry
2026-01-20 16:35:39,874 - WARNING - Duplicate patient ID found: stn30, skipping additional entry
2026-01-20 16:35:39,888 - WARNING - Duplicate patient ID found: stn18, skipping additional entry
2026-01-20 16:35:39,924 - WARNING - Duplicate patient ID found: gpi24, skipping additional entry
2026-01-20 16:35:39,930 - WARNING - Duplicate patient ID found: gpi13, skipping additional entry
2026-01-20 16:35:40,016 - WARNING - Duplicate patient ID found: stn07, skipping additional entry
2026-01-20 16:35:40,077 - WARNING - Duplicate patient ID found: stn20, skipping additional entry
2026-01-20 16:35:40,175 - WARNING - Duplicate patient ID found: gpi12, skipping additional entry
2026-01-20 16:35:40,289 - WARNING - Duplicate patient ID found: stn01, skipping additional entry
2026-01-20 16:35:40,319 - WARNING - Duplicate patient ID found: gpi22, skipping additional entry
2026-01-20 16:35:40,336 - WARNING - Duplicate patient ID found: gpi18, skipping additional entry
2026-01-20 16:35:40,344 - WARNING - Duplicate patient ID found: gpi09, skipping additional entry
2026-01-20 16:35:40,373 - WARNING - Duplicate patient ID found: gpi25, skipping additional entry
2026-01-20 16:35:40,388 - WARNING - Duplicate patient ID found: stn29, skipping additional entry
2026-01-20 16:35:40,393 - WARNING - Duplicate patient ID found: gpi31, skipping additional entry
2026-01-20 16:35:40,442 - WARNING - Duplicate patient ID found: stn10, skipping additional entry
2026-01-20 16:35:40,453 - WARNING - Duplicate patient ID found: gpi28, skipping additional entry
2026-01-20 16:35:40,455 - WARNING - Duplicate patient ID found: stn31, skipping additional entry
2026-01-20 16:35:40,463 - WARNING - Duplicate patient ID found: gpi03, skipping additional entry
2026-01-20 16:35:40,484 - WARNING - Duplicate patient ID found: gpi05, skipping additional entry
2026-01-20 16:35:40,526 - WARNING - Duplicate patient ID found: stn25, skipping additional entry
2026-01-20 16:35:40,563 - WARNING - Duplicate patient ID found: gpi08, skipping additional entry
2026-01-20 16:35:40,591 - WARNING - Duplicate patient ID found: gpi27, skipping additional entry
2026-01-20 16:35:40,647 - WARNING - Duplicate patient ID found: stn16, skipping additional entry
2026-01-20 16:35:40,666 - WARNING - Duplicate patient ID found: gpi23, skipping additional entry
2026-01-20 16:35:40,732 - WARNING - Duplicate patient ID found: stn09, skipping additional entry
2026-01-20 16:35:40,756 - WARNING - Duplicate patient ID found: stn28, skipping additional entry
2026-01-20 16:35:40,771 - WARNING - Duplicate patient ID found: stn06, skipping additional entry
2026-01-20 16:35:40,791 - WARNING - Duplicate patient ID found: stn12, skipping additional entry
2026-01-20 16:35:40,798 - WARNING - Duplicate patient ID found: gpi16, skipping additional entry
2026-01-20 16:35:40,800 - WARNING - Duplicate patient ID found: gpi30, skipping additional entry
2026-01-20 16:35:40,838 - WARNING - Duplicate patient ID found: stn21, skipping additional entry
2026-01-20 16:35:40,847 - WARNING - Duplicate patient ID found: stn22, skipping additional entry
2026-01-20 16:35:40,867 - WARNING - Duplicate patient ID found: stn14, skipping additional entry
2026-01-20 16:35:40,890 - WARNING - Duplicate patient ID found: gpi17, skipping additional entry
2026-01-20 16:35:40,902 - WARNING - Duplicate patient ID found: gpi21, skipping additional entry
2026-01-20 16:35:40,939 - WARNING - Duplicate patient ID found: gpi32, skipping additional entry
2026-01-20 16:35:40,946 - WARNING - Duplicate patient ID found: stn15, skipping additional entry
2026-01-20 16:35:40,946 - INFO - Built FC index with 71 patients
2026-01-20 16:35:40,946 - INFO - Parsing UPDRS data with FC features...
2026-01-20 16:35:41,009 - INFO - Found 55 valid samples
2026-01-20 16:35:41,009 - INFO - Preparing dataset for GCN model...
2026-01-20 16:35:41,009 - INFO - 
============================================================
2026-01-20 16:35:41,009 - INFO - Starting Cross-Validation for Deep Learning Models: Treatment_Response_ALL_GCN_Thresh0.25
2026-01-20 16:35:41,009 - INFO - Total samples: 55 | Model type: GCN
2026-01-20 16:35:41,010 - INFO - 
--- Fold 1/5 ---
2026-01-20 16:35:41,011 - INFO - Train size: 35, Val size: 9, Test size: 11
2026-01-20 16:35:41,011 - INFO - Train class balance - 0: 15, 1: 20
2026-01-20 16:35:41,011 - INFO - Val class balance   - 0: 4, 1: 5
2026-01-20 16:35:41,011 - INFO - Test class balance  - 0: 5, 1: 6
2026-01-20 16:35:42,169 - INFO - Training GCN model for fold 1...
2026-01-20 16:35:58,610 - INFO - Using device: cuda
2026-01-20 16:35:58,610 - INFO - Hyperparameters: {
  "batch_size": 8,
  "learning_rate": 0.0005,
  "num_epochs": 200,
  "hidden_dim": 512,
  "num_blocks": 6,
  "dropout": 0.3,
  "feature_type": "ALL",
  "improvement_threshold": 0.25,
  "model_type": "Transformer",
  "svm_params": {
    "C": 1.0,
    "kernel": "rbf",
    "gamma": "scale",
    "probability": true
  },
  "transformer_params": {
    "embed_dim": 64,
    "num_heads": 4,
    "num_layers": 2,
    "ffn_dim": 128,
    "dropout": 0.2
  },
  "gcn_params": {
    "hidden_dim": 64,
    "num_layers": 2,
    "dropout": 0.5
  },
  "early_stopping_patience": 15,
  "validation_split": 0.2
}
2026-01-20 16:35:58,610 - INFO - Starting treatment response prediction pipeline
2026-01-20 16:35:58,610 - INFO - Building FC file index...
2026-01-20 16:35:58,611 - WARNING - Duplicate patient ID found: stn02, skipping additional entry
2026-01-20 16:35:58,611 - WARNING - Duplicate patient ID found: gpi11, skipping additional entry
2026-01-20 16:35:58,611 - WARNING - Duplicate patient ID found: gpi02, skipping additional entry
2026-01-20 16:35:58,611 - WARNING - Duplicate patient ID found: gpi19, skipping additional entry
2026-01-20 16:35:58,611 - WARNING - Duplicate patient ID found: stn23, skipping additional entry
2026-01-20 16:35:58,612 - WARNING - Duplicate patient ID found: stn03, skipping additional entry
2026-01-20 16:35:58,612 - WARNING - Duplicate patient ID found: gpi20, skipping additional entry
2026-01-20 16:35:58,612 - WARNING - Duplicate patient ID found: stn04, skipping additional entry
2026-01-20 16:35:58,612 - WARNING - Duplicate patient ID found: stn24, skipping additional entry
2026-01-20 16:35:58,612 - WARNING - Duplicate patient ID found: gpi04, skipping additional entry
2026-01-20 16:35:58,612 - WARNING - Duplicate patient ID found: gpi15, skipping additional entry
2026-01-20 16:35:58,612 - WARNING - Duplicate patient ID found: stn19, skipping additional entry
2026-01-20 16:35:58,612 - WARNING - Duplicate patient ID found: stn08, skipping additional entry
2026-01-20 16:35:58,612 - WARNING - Duplicate patient ID found: stn11, skipping additional entry
2026-01-20 16:35:58,612 - WARNING - Duplicate patient ID found: gpi07, skipping additional entry
2026-01-20 16:35:58,612 - WARNING - Duplicate patient ID found: gpi26, skipping additional entry
2026-01-20 16:35:58,612 - WARNING - Duplicate patient ID found: stn13, skipping additional entry
2026-01-20 16:35:58,612 - WARNING - Duplicate patient ID found: gpi06, skipping additional entry
2026-01-20 16:35:58,613 - WARNING - Duplicate patient ID found: stn30, skipping additional entry
2026-01-20 16:35:58,613 - WARNING - Duplicate patient ID found: stn18, skipping additional entry
2026-01-20 16:35:58,613 - WARNING - Duplicate patient ID found: gpi24, skipping additional entry
2026-01-20 16:35:58,613 - WARNING - Duplicate patient ID found: gpi13, skipping additional entry
2026-01-20 16:35:58,613 - WARNING - Duplicate patient ID found: stn07, skipping additional entry
2026-01-20 16:35:58,613 - WARNING - Duplicate patient ID found: stn20, skipping additional entry
2026-01-20 16:35:58,613 - WARNING - Duplicate patient ID found: gpi12, skipping additional entry
2026-01-20 16:35:58,613 - WARNING - Duplicate patient ID found: stn01, skipping additional entry
2026-01-20 16:35:58,613 - WARNING - Duplicate patient ID found: gpi22, skipping additional entry
2026-01-20 16:35:58,613 - WARNING - Duplicate patient ID found: gpi18, skipping additional entry
2026-01-20 16:35:58,613 - WARNING - Duplicate patient ID found: gpi09, skipping additional entry
2026-01-20 16:35:58,613 - WARNING - Duplicate patient ID found: gpi25, skipping additional entry
2026-01-20 16:35:58,613 - WARNING - Duplicate patient ID found: stn29, skipping additional entry
2026-01-20 16:35:58,614 - WARNING - Duplicate patient ID found: gpi31, skipping additional entry
2026-01-20 16:35:58,614 - WARNING - Duplicate patient ID found: stn10, skipping additional entry
2026-01-20 16:35:58,614 - WARNING - Duplicate patient ID found: gpi28, skipping additional entry
2026-01-20 16:35:58,614 - WARNING - Duplicate patient ID found: stn31, skipping additional entry
2026-01-20 16:35:58,614 - WARNING - Duplicate patient ID found: gpi03, skipping additional entry
2026-01-20 16:35:58,614 - WARNING - Duplicate patient ID found: gpi05, skipping additional entry
2026-01-20 16:35:58,614 - WARNING - Duplicate patient ID found: stn25, skipping additional entry
2026-01-20 16:35:58,614 - WARNING - Duplicate patient ID found: gpi08, skipping additional entry
2026-01-20 16:35:58,614 - WARNING - Duplicate patient ID found: gpi27, skipping additional entry
2026-01-20 16:35:58,614 - WARNING - Duplicate patient ID found: stn16, skipping additional entry
2026-01-20 16:35:58,614 - WARNING - Duplicate patient ID found: gpi23, skipping additional entry
2026-01-20 16:35:58,614 - WARNING - Duplicate patient ID found: stn09, skipping additional entry
2026-01-20 16:35:58,614 - WARNING - Duplicate patient ID found: stn28, skipping additional entry
2026-01-20 16:35:58,614 - WARNING - Duplicate patient ID found: stn06, skipping additional entry
2026-01-20 16:35:58,614 - WARNING - Duplicate patient ID found: stn12, skipping additional entry
2026-01-20 16:35:58,614 - WARNING - Duplicate patient ID found: gpi16, skipping additional entry
2026-01-20 16:35:58,614 - WARNING - Duplicate patient ID found: gpi30, skipping additional entry
2026-01-20 16:35:58,615 - WARNING - Duplicate patient ID found: stn21, skipping additional entry
2026-01-20 16:35:58,615 - WARNING - Duplicate patient ID found: stn22, skipping additional entry
2026-01-20 16:35:58,615 - WARNING - Duplicate patient ID found: stn14, skipping additional entry
2026-01-20 16:35:58,615 - WARNING - Duplicate patient ID found: gpi17, skipping additional entry
2026-01-20 16:35:58,615 - WARNING - Duplicate patient ID found: gpi21, skipping additional entry
2026-01-20 16:35:58,615 - WARNING - Duplicate patient ID found: gpi32, skipping additional entry
2026-01-20 16:35:58,615 - WARNING - Duplicate patient ID found: stn15, skipping additional entry
2026-01-20 16:35:58,615 - INFO - Built FC index with 71 patients
2026-01-20 16:35:58,615 - INFO - Parsing UPDRS data with FC features...
2026-01-20 16:35:58,628 - INFO - Found 55 valid samples
2026-01-20 16:35:58,628 - INFO - Preparing dataset for TRANSFORMER model...
2026-01-20 16:35:58,628 - INFO - 
============================================================
2026-01-20 16:35:58,628 - INFO - Starting Cross-Validation for Deep Learning Models: Treatment_Response_ALL_TRANSFORMER_Thresh0.25
2026-01-20 16:35:58,628 - INFO - Total samples: 55 | Model type: Transformer
2026-01-20 16:35:58,629 - INFO - 
--- Fold 1/5 ---
2026-01-20 16:35:58,629 - INFO - Train size: 35, Val size: 9, Test size: 11
2026-01-20 16:35:58,629 - INFO - Train class balance - 0: 15, 1: 20
2026-01-20 16:35:58,630 - INFO - Val class balance   - 0: 4, 1: 5
2026-01-20 16:35:58,630 - INFO - Test class balance  - 0: 5, 1: 6
2026-01-20 16:35:59,464 - INFO - Training Transformer model for fold 1...
2026-01-20 16:36:00,731 - INFO - Epoch 1/200 | Train Loss: 0.7194, Acc: 0.5143 | Val Loss: 0.6682, Acc: 0.7778 | Best Val Loss: 0.6682
2026-01-20 16:36:01,260 - INFO - Epoch 10/200 | Train Loss: 0.4530, Acc: 0.8857 | Val Loss: 0.5253, Acc: 0.7778 | Best Val Loss: 0.5253
2026-01-20 16:36:01,845 - INFO - Epoch 20/200 | Train Loss: 0.0093, Acc: 1.0000 | Val Loss: 1.0634, Acc: 0.6667 | Best Val Loss: 0.5090
2026-01-20 16:36:02,197 - INFO - Early stopping at epoch 26
2026-01-20 16:36:02,427 - INFO - Optimal Youden threshold: 0.9167
2026-01-20 16:36:02,436 - INFO - Fold 1 Results - Acc: 0.5455, F1: 0.6667, AUC: 0.2333, AP: 0.4494
2026-01-20 16:36:02,436 - INFO - 
--- Fold 2/5 ---
2026-01-20 16:36:02,437 - INFO - Train size: 35, Val size: 9, Test size: 11
2026-01-20 16:36:02,437 - INFO - Train class balance - 0: 15, 1: 20
2026-01-20 16:36:02,437 - INFO - Val class balance   - 0: 4, 1: 5
2026-01-20 16:36:02,437 - INFO - Test class balance  - 0: 5, 1: 6
2026-01-20 16:36:02,516 - INFO - Training Transformer model for fold 2...
2026-01-20 16:36:02,577 - INFO - Epoch 1/200 | Train Loss: 0.7078, Acc: 0.5429 | Val Loss: 0.6974, Acc: 0.5556 | Best Val Loss: 0.6974
2026-01-20 16:36:03,099 - INFO - Epoch 10/200 | Train Loss: 0.4268, Acc: 0.8857 | Val Loss: 0.9687, Acc: 0.4444 | Best Val Loss: 0.6914
2026-01-20 16:36:03,503 - INFO - Early stopping at epoch 17
2026-01-20 16:36:03,523 - INFO - Optimal Youden threshold: 0.5394
2026-01-20 16:36:03,532 - INFO - Fold 2 Results - Acc: 0.6364, F1: 0.6667, AUC: 0.5333, AP: 0.6006
2026-01-20 16:36:03,532 - INFO - 
--- Fold 3/5 ---
2026-01-20 16:36:03,533 - INFO - Train size: 35, Val size: 9, Test size: 11
2026-01-20 16:36:03,533 - INFO - Train class balance - 0: 15, 1: 20
2026-01-20 16:36:03,533 - INFO - Val class balance   - 0: 4, 1: 5
2026-01-20 16:36:03,533 - INFO - Test class balance  - 0: 5, 1: 6
2026-01-20 16:36:03,621 - INFO - Training Transformer model for fold 3...
2026-01-20 16:36:03,681 - INFO - Epoch 1/200 | Train Loss: 0.6545, Acc: 0.5714 | Val Loss: 0.6924, Acc: 0.5556 | Best Val Loss: 0.6924
2026-01-20 16:36:04,205 - INFO - Epoch 10/200 | Train Loss: 0.3990, Acc: 0.9143 | Val Loss: 0.6128, Acc: 0.6667 | Best Val Loss: 0.6088
2026-01-20 16:36:04,784 - INFO - Epoch 20/200 | Train Loss: 0.0224, Acc: 1.0000 | Val Loss: 1.2390, Acc: 0.4444 | Best Val Loss: 0.6088
2026-01-20 16:36:05,018 - INFO - Early stopping at epoch 24
2026-01-20 16:36:05,038 - INFO - Optimal Youden threshold: 0.2808
2026-01-20 16:36:05,047 - INFO - Fold 3 Results - Acc: 0.7273, F1: 0.7692, AUC: 0.6000, AP: 0.6246
2026-01-20 16:36:05,047 - INFO - 
--- Fold 4/5 ---
2026-01-20 16:36:05,048 - INFO - Train size: 35, Val size: 9, Test size: 11
2026-01-20 16:36:05,048 - INFO - Train class balance - 0: 15, 1: 20
2026-01-20 16:36:05,048 - INFO - Val class balance   - 0: 4, 1: 5
2026-01-20 16:36:05,048 - INFO - Test class balance  - 0: 5, 1: 6
2026-01-20 16:36:05,123 - INFO - Training Transformer model for fold 4...
2026-01-20 16:36:05,183 - INFO - Epoch 1/200 | Train Loss: 0.6828, Acc: 0.5714 | Val Loss: 0.6901, Acc: 0.5556 | Best Val Loss: 0.6901
2026-01-20 16:36:05,702 - INFO - Epoch 10/200 | Train Loss: 0.4475, Acc: 0.9429 | Val Loss: 0.8408, Acc: 0.5556 | Best Val Loss: 0.6876
2026-01-20 16:36:06,114 - INFO - Early stopping at epoch 17
2026-01-20 16:36:06,134 - INFO - Optimal Youden threshold: 0.8551
2026-01-20 16:36:06,141 - INFO - Fold 4 Results - Acc: 0.7273, F1: 0.6667, AUC: 0.6000, AP: 0.7759
2026-01-20 16:36:06,141 - INFO - 
--- Fold 5/5 ---
2026-01-20 16:36:06,142 - INFO - Train size: 35, Val size: 9, Test size: 11
2026-01-20 16:36:06,142 - INFO - Train class balance - 0: 16, 1: 19
2026-01-20 16:36:06,142 - INFO - Val class balance   - 0: 4, 1: 5
2026-01-20 16:36:06,142 - INFO - Test class balance  - 0: 4, 1: 7
2026-01-20 16:36:06,225 - INFO - Training Transformer model for fold 5...
2026-01-20 16:36:06,287 - INFO - Epoch 1/200 | Train Loss: 0.7035, Acc: 0.4571 | Val Loss: 0.7118, Acc: 0.3333 | Best Val Loss: 0.7118
2026-01-20 16:36:06,819 - INFO - Epoch 10/200 | Train Loss: 0.4678, Acc: 0.9714 | Val Loss: 0.7526, Acc: 0.4444 | Best Val Loss: 0.6927
2026-01-20 16:36:07,347 - INFO - Early stopping at epoch 19
2026-01-20 16:36:07,367 - INFO - Optimal Youden threshold: 0.8802
2026-01-20 16:36:07,376 - INFO - Fold 5 Results - Acc: 0.4545, F1: 0.2500, AUC: 0.2143, AP: 0.6029
2026-01-20 16:36:07,376 - INFO - 
============================================================
2026-01-20 16:36:07,376 - INFO - FINAL CROSS-VALIDATION RESULTS FOR DEEP LEARNING: Treatment_Response_ALL_TRANSFORMER_Thresh0.25
2026-01-20 16:36:07,376 - INFO - ACC       : 0.6182 ± 0.1060
2026-01-20 16:36:07,376 - INFO - F1        : 0.6038 ± 0.1813
2026-01-20 16:36:07,376 - INFO - PRECISION : 0.7873 ± 0.1811
2026-01-20 16:36:07,376 - INFO - RECALL    : 0.5952 ± 0.2578
2026-01-20 16:36:07,376 - INFO - AUC       : 0.4362 ± 0.1752
2026-01-20 16:36:07,376 - INFO - AP        : 0.6107 ± 0.1036
2026-01-20 16:36:07,377 - INFO - ============================================================

2026-01-20 16:36:07,377 - INFO - Results saved to final_results_Treatment_Response_ALL_TRANSFORMER_Thresh0.25.json
2026-01-20 16:36:07,377 - INFO - Total execution time: 8.77 seconds
2026-01-20 16:36:35,083 - INFO - Using device: cuda
2026-01-20 16:36:35,083 - INFO - Hyperparameters: {
  "batch_size": 8,
  "learning_rate": 0.0005,
  "num_epochs": 200,
  "hidden_dim": 512,
  "num_blocks": 6,
  "dropout": 0.3,
  "feature_type": "ALL",
  "improvement_threshold": 0.25,
  "model_type": "Transformer",
  "svm_params": {
    "C": 1.0,
    "kernel": "rbf",
    "gamma": "scale",
    "probability": true
  },
  "transformer_params": {
    "embed_dim": 64,
    "num_heads": 4,
    "num_layers": 2,
    "ffn_dim": 128,
    "dropout": 0.2
  },
  "gcn_params": {
    "hidden_dim": 64,
    "num_layers": 2,
    "dropout": 0.5
  },
  "early_stopping_patience": 15,
  "validation_split": 0.2
}
2026-01-20 16:36:35,083 - INFO - Starting treatment response prediction pipeline
2026-01-20 16:36:35,083 - INFO - Building FC file index...
2026-01-20 16:36:35,084 - WARNING - Duplicate patient ID found: stn02, skipping additional entry
2026-01-20 16:36:35,085 - WARNING - Duplicate patient ID found: gpi11, skipping additional entry
2026-01-20 16:36:35,085 - WARNING - Duplicate patient ID found: gpi02, skipping additional entry
2026-01-20 16:36:35,085 - WARNING - Duplicate patient ID found: gpi19, skipping additional entry
2026-01-20 16:36:35,085 - WARNING - Duplicate patient ID found: stn23, skipping additional entry
2026-01-20 16:36:35,085 - WARNING - Duplicate patient ID found: stn03, skipping additional entry
2026-01-20 16:36:35,085 - WARNING - Duplicate patient ID found: gpi20, skipping additional entry
2026-01-20 16:36:35,085 - WARNING - Duplicate patient ID found: stn04, skipping additional entry
2026-01-20 16:36:35,085 - WARNING - Duplicate patient ID found: stn24, skipping additional entry
2026-01-20 16:36:35,085 - WARNING - Duplicate patient ID found: gpi04, skipping additional entry
2026-01-20 16:36:35,085 - WARNING - Duplicate patient ID found: gpi15, skipping additional entry
2026-01-20 16:36:35,086 - WARNING - Duplicate patient ID found: stn19, skipping additional entry
2026-01-20 16:36:35,086 - WARNING - Duplicate patient ID found: stn08, skipping additional entry
2026-01-20 16:36:35,086 - WARNING - Duplicate patient ID found: stn11, skipping additional entry
2026-01-20 16:36:35,086 - WARNING - Duplicate patient ID found: gpi07, skipping additional entry
2026-01-20 16:36:35,086 - WARNING - Duplicate patient ID found: gpi26, skipping additional entry
2026-01-20 16:36:35,086 - WARNING - Duplicate patient ID found: stn13, skipping additional entry
2026-01-20 16:36:35,086 - WARNING - Duplicate patient ID found: gpi06, skipping additional entry
2026-01-20 16:36:35,086 - WARNING - Duplicate patient ID found: stn30, skipping additional entry
2026-01-20 16:36:35,086 - WARNING - Duplicate patient ID found: stn18, skipping additional entry
2026-01-20 16:36:35,086 - WARNING - Duplicate patient ID found: gpi24, skipping additional entry
2026-01-20 16:36:35,086 - WARNING - Duplicate patient ID found: gpi13, skipping additional entry
2026-01-20 16:36:35,086 - WARNING - Duplicate patient ID found: stn07, skipping additional entry
2026-01-20 16:36:35,086 - WARNING - Duplicate patient ID found: stn20, skipping additional entry
2026-01-20 16:36:35,086 - WARNING - Duplicate patient ID found: gpi12, skipping additional entry
2026-01-20 16:36:35,087 - WARNING - Duplicate patient ID found: stn01, skipping additional entry
2026-01-20 16:36:35,087 - WARNING - Duplicate patient ID found: gpi22, skipping additional entry
2026-01-20 16:36:35,087 - WARNING - Duplicate patient ID found: gpi18, skipping additional entry
2026-01-20 16:36:35,087 - WARNING - Duplicate patient ID found: gpi09, skipping additional entry
2026-01-20 16:36:35,087 - WARNING - Duplicate patient ID found: gpi25, skipping additional entry
2026-01-20 16:36:35,087 - WARNING - Duplicate patient ID found: stn29, skipping additional entry
2026-01-20 16:36:35,087 - WARNING - Duplicate patient ID found: gpi31, skipping additional entry
2026-01-20 16:36:35,087 - WARNING - Duplicate patient ID found: stn10, skipping additional entry
2026-01-20 16:36:35,087 - WARNING - Duplicate patient ID found: gpi28, skipping additional entry
2026-01-20 16:36:35,087 - WARNING - Duplicate patient ID found: stn31, skipping additional entry
2026-01-20 16:36:35,087 - WARNING - Duplicate patient ID found: gpi03, skipping additional entry
2026-01-20 16:36:35,087 - WARNING - Duplicate patient ID found: gpi05, skipping additional entry
2026-01-20 16:36:35,087 - WARNING - Duplicate patient ID found: stn25, skipping additional entry
2026-01-20 16:36:35,087 - WARNING - Duplicate patient ID found: gpi08, skipping additional entry
2026-01-20 16:36:35,087 - WARNING - Duplicate patient ID found: gpi27, skipping additional entry
2026-01-20 16:36:35,088 - WARNING - Duplicate patient ID found: stn16, skipping additional entry
2026-01-20 16:36:35,088 - WARNING - Duplicate patient ID found: gpi23, skipping additional entry
2026-01-20 16:36:35,088 - WARNING - Duplicate patient ID found: stn09, skipping additional entry
2026-01-20 16:36:35,088 - WARNING - Duplicate patient ID found: stn28, skipping additional entry
2026-01-20 16:36:35,088 - WARNING - Duplicate patient ID found: stn06, skipping additional entry
2026-01-20 16:36:35,088 - WARNING - Duplicate patient ID found: stn12, skipping additional entry
2026-01-20 16:36:35,088 - WARNING - Duplicate patient ID found: gpi16, skipping additional entry
2026-01-20 16:36:35,088 - WARNING - Duplicate patient ID found: gpi30, skipping additional entry
2026-01-20 16:36:35,088 - WARNING - Duplicate patient ID found: stn21, skipping additional entry
2026-01-20 16:36:35,088 - WARNING - Duplicate patient ID found: stn22, skipping additional entry
2026-01-20 16:36:35,088 - WARNING - Duplicate patient ID found: stn14, skipping additional entry
2026-01-20 16:36:35,088 - WARNING - Duplicate patient ID found: gpi17, skipping additional entry
2026-01-20 16:36:35,088 - WARNING - Duplicate patient ID found: gpi21, skipping additional entry
2026-01-20 16:36:35,088 - WARNING - Duplicate patient ID found: gpi32, skipping additional entry
2026-01-20 16:36:35,088 - WARNING - Duplicate patient ID found: stn15, skipping additional entry
2026-01-20 16:36:35,088 - INFO - Built FC index with 71 patients
2026-01-20 16:36:35,088 - INFO - Parsing UPDRS data with FC features...
2026-01-20 16:36:35,101 - INFO - Found 55 valid samples
2026-01-20 16:36:35,102 - INFO - Preparing dataset for TRANSFORMER model...
2026-01-20 16:36:35,102 - INFO - 
============================================================
2026-01-20 16:36:35,102 - INFO - Starting Cross-Validation for Deep Learning Models: Treatment_Response_ALL_TRANSFORMER_Thresh0.25
2026-01-20 16:36:35,102 - INFO - Total samples: 55 | Model type: Transformer
2026-01-20 16:36:35,102 - INFO - 
--- Fold 1/5 ---
2026-01-20 16:36:35,103 - INFO - Train size: 35, Val size: 9, Test size: 11
2026-01-20 16:36:35,103 - INFO - Train class balance - 0: 15, 1: 20
2026-01-20 16:36:35,103 - INFO - Val class balance   - 0: 4, 1: 5
2026-01-20 16:36:35,103 - INFO - Test class balance  - 0: 5, 1: 6
2026-01-20 16:36:35,912 - INFO - Training Transformer model for fold 1...
2026-01-20 16:36:36,123 - INFO - Epoch 1/200 | Train Loss: 0.7194, Acc: 0.5143 | Val Loss: 0.6682, Acc: 0.7778 | Best Val Loss: 0.6682
2026-01-20 16:36:36,651 - INFO - Epoch 10/200 | Train Loss: 0.4530, Acc: 0.8857 | Val Loss: 0.5253, Acc: 0.7778 | Best Val Loss: 0.5253
2026-01-20 16:36:37,232 - INFO - Epoch 20/200 | Train Loss: 0.0093, Acc: 1.0000 | Val Loss: 1.0634, Acc: 0.6667 | Best Val Loss: 0.5090
2026-01-20 16:36:37,581 - INFO - Early stopping at epoch 26
2026-01-20 16:36:37,601 - INFO - Optimal Youden threshold: 0.9167
2026-01-20 16:36:37,612 - INFO - Fold 1 Results - Acc: 0.5455, F1: 0.6667, AUC: 0.2333, AP: 0.4494
2026-01-20 16:36:37,612 - INFO - 
--- Fold 2/5 ---
2026-01-20 16:36:37,613 - INFO - Train size: 35, Val size: 9, Test size: 11
2026-01-20 16:36:37,613 - INFO - Train class balance - 0: 15, 1: 20
2026-01-20 16:36:37,613 - INFO - Val class balance   - 0: 4, 1: 5
2026-01-20 16:36:37,613 - INFO - Test class balance  - 0: 5, 1: 6
2026-01-20 16:36:37,696 - INFO - Training Transformer model for fold 2...
2026-01-20 16:36:37,757 - INFO - Epoch 1/200 | Train Loss: 0.7078, Acc: 0.5429 | Val Loss: 0.6974, Acc: 0.5556 | Best Val Loss: 0.6974
2026-01-20 16:36:38,279 - INFO - Epoch 10/200 | Train Loss: 0.4268, Acc: 0.8857 | Val Loss: 0.9687, Acc: 0.4444 | Best Val Loss: 0.6914
2026-01-20 16:36:38,685 - INFO - Early stopping at epoch 17
2026-01-20 16:36:38,705 - INFO - Optimal Youden threshold: 0.5394
2026-01-20 16:36:38,715 - INFO - Fold 2 Results - Acc: 0.6364, F1: 0.6667, AUC: 0.5333, AP: 0.6006
2026-01-20 16:36:38,715 - INFO - 
--- Fold 3/5 ---
2026-01-20 16:36:38,716 - INFO - Train size: 35, Val size: 9, Test size: 11
2026-01-20 16:36:38,716 - INFO - Train class balance - 0: 15, 1: 20
2026-01-20 16:36:38,716 - INFO - Val class balance   - 0: 4, 1: 5
2026-01-20 16:36:38,716 - INFO - Test class balance  - 0: 5, 1: 6
2026-01-20 16:36:38,797 - INFO - Training Transformer model for fold 3...
2026-01-20 16:36:38,857 - INFO - Epoch 1/200 | Train Loss: 0.6545, Acc: 0.5714 | Val Loss: 0.6924, Acc: 0.5556 | Best Val Loss: 0.6924
2026-01-20 16:36:39,385 - INFO - Epoch 10/200 | Train Loss: 0.3990, Acc: 0.9143 | Val Loss: 0.6128, Acc: 0.6667 | Best Val Loss: 0.6088
2026-01-20 16:36:40,084 - INFO - Epoch 20/200 | Train Loss: 0.0224, Acc: 1.0000 | Val Loss: 1.2390, Acc: 0.4444 | Best Val Loss: 0.6088
2026-01-20 16:36:40,317 - INFO - Early stopping at epoch 24
2026-01-20 16:36:40,337 - INFO - Optimal Youden threshold: 0.2808
2026-01-20 16:36:40,347 - INFO - Fold 3 Results - Acc: 0.7273, F1: 0.7692, AUC: 0.6000, AP: 0.6246
2026-01-20 16:36:40,348 - INFO - 
--- Fold 4/5 ---
2026-01-20 16:36:40,348 - INFO - Train size: 35, Val size: 9, Test size: 11
2026-01-20 16:36:40,349 - INFO - Train class balance - 0: 15, 1: 20
2026-01-20 16:36:40,349 - INFO - Val class balance   - 0: 4, 1: 5
2026-01-20 16:36:40,349 - INFO - Test class balance  - 0: 5, 1: 6
2026-01-20 16:36:40,431 - INFO - Training Transformer model for fold 4...
2026-01-20 16:36:40,491 - INFO - Epoch 1/200 | Train Loss: 0.6828, Acc: 0.5714 | Val Loss: 0.6901, Acc: 0.5556 | Best Val Loss: 0.6901
2026-01-20 16:36:41,016 - INFO - Epoch 10/200 | Train Loss: 0.4475, Acc: 0.9429 | Val Loss: 0.8408, Acc: 0.5556 | Best Val Loss: 0.6876
2026-01-20 16:36:41,423 - INFO - Early stopping at epoch 17
2026-01-20 16:36:41,443 - INFO - Optimal Youden threshold: 0.8551
2026-01-20 16:36:41,452 - INFO - Fold 4 Results - Acc: 0.7273, F1: 0.6667, AUC: 0.6000, AP: 0.7759
2026-01-20 16:36:41,452 - INFO - 
--- Fold 5/5 ---
2026-01-20 16:36:41,452 - INFO - Train size: 35, Val size: 9, Test size: 11
2026-01-20 16:36:41,453 - INFO - Train class balance - 0: 16, 1: 19
2026-01-20 16:36:41,453 - INFO - Val class balance   - 0: 4, 1: 5
2026-01-20 16:36:41,453 - INFO - Test class balance  - 0: 4, 1: 7
2026-01-20 16:36:41,535 - INFO - Training Transformer model for fold 5...
2026-01-20 16:36:41,594 - INFO - Epoch 1/200 | Train Loss: 0.7035, Acc: 0.4571 | Val Loss: 0.7118, Acc: 0.3333 | Best Val Loss: 0.7118
2026-01-20 16:36:42,118 - INFO - Epoch 10/200 | Train Loss: 0.4678, Acc: 0.9714 | Val Loss: 0.7526, Acc: 0.4444 | Best Val Loss: 0.6927
2026-01-20 16:36:42,640 - INFO - Early stopping at epoch 19
2026-01-20 16:36:42,660 - INFO - Optimal Youden threshold: 0.8802
2026-01-20 16:36:42,669 - INFO - Fold 5 Results - Acc: 0.4545, F1: 0.2500, AUC: 0.2143, AP: 0.6029
2026-01-20 16:36:42,670 - INFO - 
============================================================
2026-01-20 16:36:42,670 - INFO - FINAL CROSS-VALIDATION RESULTS FOR DEEP LEARNING: Treatment_Response_ALL_TRANSFORMER_Thresh0.25
2026-01-20 16:36:42,670 - INFO - ACC       : 0.6182 ± 0.1060
2026-01-20 16:36:42,670 - INFO - F1        : 0.6038 ± 0.1813
2026-01-20 16:36:42,670 - INFO - PRECISION : 0.7873 ± 0.1811
2026-01-20 16:36:42,670 - INFO - RECALL    : 0.5952 ± 0.2578
2026-01-20 16:36:42,670 - INFO - AUC       : 0.4362 ± 0.1752
2026-01-20 16:36:42,670 - INFO - AP        : 0.6107 ± 0.1036
2026-01-20 16:36:42,670 - INFO - ============================================================

2026-01-20 16:36:42,672 - INFO - Results saved to final_results_Treatment_Response_ALL_TRANSFORMER_Thresh0.25.json
2026-01-20 16:36:42,672 - INFO - Total execution time: 7.59 seconds
2026-01-20 16:36:55,912 - INFO - Using device: cuda
2026-01-20 16:36:55,913 - INFO - Hyperparameters: {
  "batch_size": 8,
  "learning_rate": 0.0005,
  "num_epochs": 200,
  "hidden_dim": 512,
  "num_blocks": 6,
  "dropout": 0.3,
  "feature_type": "ALL",
  "improvement_threshold": 0.25,
  "model_type": "Transformer",
  "svm_params": {
    "C": 1.0,
    "kernel": "rbf",
    "gamma": "scale",
    "probability": true
  },
  "transformer_params": {
    "embed_dim": 64,
    "num_heads": 4,
    "num_layers": 2,
    "ffn_dim": 128,
    "dropout": 0.2
  },
  "gcn_params": {
    "hidden_dim": 64,
    "num_layers": 2,
    "dropout": 0.5
  },
  "early_stopping_patience": 15,
  "validation_split": 0.2
}
2026-01-20 16:36:55,913 - INFO - Starting treatment response prediction pipeline
2026-01-20 16:36:55,913 - INFO - Building FC file index...
2026-01-20 16:36:55,914 - WARNING - Duplicate patient ID found: stn02, skipping additional entry
2026-01-20 16:36:55,914 - WARNING - Duplicate patient ID found: gpi11, skipping additional entry
2026-01-20 16:36:55,914 - WARNING - Duplicate patient ID found: gpi02, skipping additional entry
2026-01-20 16:36:55,914 - WARNING - Duplicate patient ID found: gpi19, skipping additional entry
2026-01-20 16:36:55,914 - WARNING - Duplicate patient ID found: stn23, skipping additional entry
2026-01-20 16:36:55,914 - WARNING - Duplicate patient ID found: stn03, skipping additional entry
2026-01-20 16:36:55,915 - WARNING - Duplicate patient ID found: gpi20, skipping additional entry
2026-01-20 16:36:55,915 - WARNING - Duplicate patient ID found: stn04, skipping additional entry
2026-01-20 16:36:55,915 - WARNING - Duplicate patient ID found: stn24, skipping additional entry
2026-01-20 16:36:55,915 - WARNING - Duplicate patient ID found: gpi04, skipping additional entry
2026-01-20 16:36:55,915 - WARNING - Duplicate patient ID found: gpi15, skipping additional entry
2026-01-20 16:36:55,915 - WARNING - Duplicate patient ID found: stn19, skipping additional entry
2026-01-20 16:36:55,915 - WARNING - Duplicate patient ID found: stn08, skipping additional entry
2026-01-20 16:36:55,915 - WARNING - Duplicate patient ID found: stn11, skipping additional entry
2026-01-20 16:36:55,915 - WARNING - Duplicate patient ID found: gpi07, skipping additional entry
2026-01-20 16:36:55,915 - WARNING - Duplicate patient ID found: gpi26, skipping additional entry
2026-01-20 16:36:55,915 - WARNING - Duplicate patient ID found: stn13, skipping additional entry
2026-01-20 16:36:55,915 - WARNING - Duplicate patient ID found: gpi06, skipping additional entry
2026-01-20 16:36:55,915 - WARNING - Duplicate patient ID found: stn30, skipping additional entry
2026-01-20 16:36:55,916 - WARNING - Duplicate patient ID found: stn18, skipping additional entry
2026-01-20 16:36:55,916 - WARNING - Duplicate patient ID found: gpi24, skipping additional entry
2026-01-20 16:36:55,916 - WARNING - Duplicate patient ID found: gpi13, skipping additional entry
2026-01-20 16:36:55,916 - WARNING - Duplicate patient ID found: stn07, skipping additional entry
2026-01-20 16:36:55,916 - WARNING - Duplicate patient ID found: stn20, skipping additional entry
2026-01-20 16:36:55,916 - WARNING - Duplicate patient ID found: gpi12, skipping additional entry
2026-01-20 16:36:55,916 - WARNING - Duplicate patient ID found: stn01, skipping additional entry
2026-01-20 16:36:55,916 - WARNING - Duplicate patient ID found: gpi22, skipping additional entry
2026-01-20 16:36:55,916 - WARNING - Duplicate patient ID found: gpi18, skipping additional entry
2026-01-20 16:36:55,916 - WARNING - Duplicate patient ID found: gpi09, skipping additional entry
2026-01-20 16:36:55,916 - WARNING - Duplicate patient ID found: gpi25, skipping additional entry
2026-01-20 16:36:55,916 - WARNING - Duplicate patient ID found: stn29, skipping additional entry
2026-01-20 16:36:55,916 - WARNING - Duplicate patient ID found: gpi31, skipping additional entry
2026-01-20 16:36:55,917 - WARNING - Duplicate patient ID found: stn10, skipping additional entry
2026-01-20 16:36:55,917 - WARNING - Duplicate patient ID found: gpi28, skipping additional entry
2026-01-20 16:36:55,917 - WARNING - Duplicate patient ID found: stn31, skipping additional entry
2026-01-20 16:36:55,917 - WARNING - Duplicate patient ID found: gpi03, skipping additional entry
2026-01-20 16:36:55,917 - WARNING - Duplicate patient ID found: gpi05, skipping additional entry
2026-01-20 16:36:55,917 - WARNING - Duplicate patient ID found: stn25, skipping additional entry
2026-01-20 16:36:55,917 - WARNING - Duplicate patient ID found: gpi08, skipping additional entry
2026-01-20 16:36:55,917 - WARNING - Duplicate patient ID found: gpi27, skipping additional entry
2026-01-20 16:36:55,917 - WARNING - Duplicate patient ID found: stn16, skipping additional entry
2026-01-20 16:36:55,917 - WARNING - Duplicate patient ID found: gpi23, skipping additional entry
2026-01-20 16:36:55,917 - WARNING - Duplicate patient ID found: stn09, skipping additional entry
2026-01-20 16:36:55,917 - WARNING - Duplicate patient ID found: stn28, skipping additional entry
2026-01-20 16:36:55,917 - WARNING - Duplicate patient ID found: stn06, skipping additional entry
2026-01-20 16:36:55,917 - WARNING - Duplicate patient ID found: stn12, skipping additional entry
2026-01-20 16:36:55,917 - WARNING - Duplicate patient ID found: gpi16, skipping additional entry
2026-01-20 16:36:55,917 - WARNING - Duplicate patient ID found: gpi30, skipping additional entry
2026-01-20 16:36:55,917 - WARNING - Duplicate patient ID found: stn21, skipping additional entry
2026-01-20 16:36:55,917 - WARNING - Duplicate patient ID found: stn22, skipping additional entry
2026-01-20 16:36:55,918 - WARNING - Duplicate patient ID found: stn14, skipping additional entry
2026-01-20 16:36:55,918 - WARNING - Duplicate patient ID found: gpi17, skipping additional entry
2026-01-20 16:36:55,918 - WARNING - Duplicate patient ID found: gpi21, skipping additional entry
2026-01-20 16:36:55,918 - WARNING - Duplicate patient ID found: gpi32, skipping additional entry
2026-01-20 16:36:55,918 - WARNING - Duplicate patient ID found: stn15, skipping additional entry
2026-01-20 16:36:55,918 - INFO - Built FC index with 71 patients
2026-01-20 16:36:55,918 - INFO - Parsing UPDRS data with FC features...
2026-01-20 16:36:55,931 - INFO - Found 55 valid samples
2026-01-20 16:36:55,931 - INFO - Preparing dataset for TRANSFORMER model...
2026-01-20 16:36:55,931 - INFO - 
============================================================
2026-01-20 16:36:55,931 - INFO - Starting Cross-Validation for Deep Learning Models: Treatment_Response_ALL_TRANSFORMER_Thresh0.25
2026-01-20 16:36:55,931 - INFO - Total samples: 55 | Model type: Transformer
2026-01-20 16:36:55,932 - INFO - 
--- Fold 1/5 ---
2026-01-20 16:36:55,933 - INFO - Train size: 35, Val size: 9, Test size: 11
2026-01-20 16:36:55,933 - INFO - Train class balance - 0: 15, 1: 20
2026-01-20 16:36:55,933 - INFO - Val class balance   - 0: 4, 1: 5
2026-01-20 16:36:55,933 - INFO - Test class balance  - 0: 5, 1: 6
2026-01-20 16:36:56,726 - INFO - Training Transformer model for fold 1...
2026-01-20 16:36:56,935 - INFO - Epoch 1/200 | Train Loss: 0.6840, Acc: 0.5714 | Val Loss: 0.6940, Acc: 0.5556 | Best Val Loss: 0.6940
2026-01-20 16:36:57,458 - INFO - Epoch 10/200 | Train Loss: 0.4050, Acc: 0.9714 | Val Loss: 0.8574, Acc: 0.3333 | Best Val Loss: 0.6940
2026-01-20 16:36:57,804 - INFO - Early stopping at epoch 16
2026-01-20 16:36:57,824 - INFO - Optimal Youden threshold: 0.7646
2026-01-20 16:36:57,834 - INFO - Fold 1 Results - Acc: 0.9091, F1: 0.9231, AUC: 0.8667, AP: 0.8734
2026-01-20 16:36:57,834 - INFO - 
--- Fold 2/5 ---
2026-01-20 16:36:57,835 - INFO - Train size: 35, Val size: 9, Test size: 11
2026-01-20 16:36:57,835 - INFO - Train class balance - 0: 15, 1: 20
2026-01-20 16:36:57,835 - INFO - Val class balance   - 0: 4, 1: 5
2026-01-20 16:36:57,836 - INFO - Test class balance  - 0: 5, 1: 6
2026-01-20 16:36:57,908 - INFO - Training Transformer model for fold 2...
2026-01-20 16:36:57,967 - INFO - Epoch 1/200 | Train Loss: 0.7158, Acc: 0.3143 | Val Loss: 0.6831, Acc: 0.5556 | Best Val Loss: 0.6831
2026-01-20 16:36:58,489 - INFO - Epoch 10/200 | Train Loss: 0.4893, Acc: 0.8571 | Val Loss: 0.6663, Acc: 0.5556 | Best Val Loss: 0.6387
2026-01-20 16:36:59,066 - INFO - Epoch 20/200 | Train Loss: 0.0316, Acc: 1.0000 | Val Loss: 1.5389, Acc: 0.4444 | Best Val Loss: 0.6387
2026-01-20 16:36:59,296 - INFO - Early stopping at epoch 24
2026-01-20 16:36:59,316 - INFO - Optimal Youden threshold: 0.0250
2026-01-20 16:36:59,324 - INFO - Fold 2 Results - Acc: 0.6364, F1: 0.7500, AUC: 0.4000, AP: 0.5926
2026-01-20 16:36:59,325 - INFO - 
--- Fold 3/5 ---
2026-01-20 16:36:59,325 - INFO - Train size: 35, Val size: 9, Test size: 11
2026-01-20 16:36:59,325 - INFO - Train class balance - 0: 15, 1: 20
2026-01-20 16:36:59,326 - INFO - Val class balance   - 0: 4, 1: 5
2026-01-20 16:36:59,326 - INFO - Test class balance  - 0: 5, 1: 6
2026-01-20 16:36:59,409 - INFO - Training Transformer model for fold 3...
2026-01-20 16:36:59,468 - INFO - Epoch 1/200 | Train Loss: 0.6743, Acc: 0.5143 | Val Loss: 0.6419, Acc: 0.5556 | Best Val Loss: 0.6419
2026-01-20 16:36:59,987 - INFO - Epoch 10/200 | Train Loss: 0.4069, Acc: 0.9714 | Val Loss: 0.6557, Acc: 0.4444 | Best Val Loss: 0.6419
2026-01-20 16:37:00,332 - INFO - Early stopping at epoch 16
2026-01-20 16:37:00,352 - INFO - Optimal Youden threshold: 0.5887
2026-01-20 16:37:00,361 - INFO - Fold 3 Results - Acc: 0.7273, F1: 0.7692, AUC: 0.6333, AP: 0.7238
2026-01-20 16:37:00,361 - INFO - 
--- Fold 4/5 ---
2026-01-20 16:37:00,362 - INFO - Train size: 35, Val size: 9, Test size: 11
2026-01-20 16:37:00,362 - INFO - Train class balance - 0: 15, 1: 20
2026-01-20 16:37:00,362 - INFO - Val class balance   - 0: 4, 1: 5
2026-01-20 16:37:00,362 - INFO - Test class balance  - 0: 5, 1: 6
2026-01-20 16:37:00,445 - INFO - Training Transformer model for fold 4...
2026-01-20 16:37:00,505 - INFO - Epoch 1/200 | Train Loss: 0.7133, Acc: 0.5429 | Val Loss: 0.6991, Acc: 0.5556 | Best Val Loss: 0.6991
2026-01-20 16:37:01,025 - INFO - Epoch 10/200 | Train Loss: 0.3146, Acc: 0.9714 | Val Loss: 0.8374, Acc: 0.4444 | Best Val Loss: 0.6906
2026-01-20 16:37:01,487 - INFO - Early stopping at epoch 18
2026-01-20 16:37:01,507 - INFO - Optimal Youden threshold: 0.9677
2026-01-20 16:37:01,516 - INFO - Fold 4 Results - Acc: 0.5455, F1: 0.2857, AUC: 0.4000, AP: 0.6261
2026-01-20 16:37:01,516 - INFO - 
--- Fold 5/5 ---
2026-01-20 16:37:01,517 - INFO - Train size: 35, Val size: 9, Test size: 11
2026-01-20 16:37:01,517 - INFO - Train class balance - 0: 16, 1: 19
2026-01-20 16:37:01,517 - INFO - Val class balance   - 0: 4, 1: 5
2026-01-20 16:37:01,517 - INFO - Test class balance  - 0: 4, 1: 7
2026-01-20 16:37:01,586 - INFO - Training Transformer model for fold 5...
2026-01-20 16:37:01,646 - INFO - Epoch 1/200 | Train Loss: 0.6974, Acc: 0.5429 | Val Loss: 0.6763, Acc: 0.5556 | Best Val Loss: 0.6763
2026-01-20 16:37:02,247 - INFO - Epoch 10/200 | Train Loss: 0.3661, Acc: 0.9429 | Val Loss: 0.9868, Acc: 0.3333 | Best Val Loss: 0.6763
2026-01-20 16:37:02,592 - INFO - Early stopping at epoch 16
2026-01-20 16:37:02,612 - INFO - Optimal Youden threshold: 0.7561
2026-01-20 16:37:02,622 - INFO - Fold 5 Results - Acc: 0.6364, F1: 0.6667, AUC: 0.5000, AP: 0.7631
2026-01-20 16:37:02,623 - INFO - 
============================================================
2026-01-20 16:37:02,623 - INFO - FINAL CROSS-VALIDATION RESULTS FOR DEEP LEARNING: Treatment_Response_ALL_TRANSFORMER_Thresh0.25
2026-01-20 16:37:02,623 - INFO - ACC       : 0.6909 ± 0.1233
2026-01-20 16:37:02,623 - INFO - F1        : 0.6789 ± 0.2133
2026-01-20 16:37:02,623 - INFO - PRECISION : 0.7943 ± 0.1345
2026-01-20 16:37:02,623 - INFO - RECALL    : 0.7143 ± 0.3155
2026-01-20 16:37:02,623 - INFO - AUC       : 0.5600 ± 0.1756
2026-01-20 16:37:02,623 - INFO - AP        : 0.7158 ± 0.1004
2026-01-20 16:37:02,623 - INFO - ============================================================

2026-01-20 16:37:02,625 - INFO - Results saved to final_results_Treatment_Response_ALL_TRANSFORMER_Thresh0.25.json
2026-01-20 16:37:02,625 - INFO - Total execution time: 6.71 seconds
2026-01-20 16:37:45,816 - INFO - Using device: cuda
2026-01-20 16:37:45,817 - INFO - Hyperparameters: {
  "batch_size": 8,
  "learning_rate": 0.0005,
  "num_epochs": 200,
  "hidden_dim": 512,
  "num_blocks": 6,
  "dropout": 0.3,
  "feature_type": "ALL",
  "improvement_threshold": 0.25,
  "model_type": "Transformer",
  "svm_params": {
    "C": 1.0,
    "kernel": "rbf",
    "gamma": "scale",
    "probability": true
  },
  "transformer_params": {
    "embed_dim": 64,
    "num_heads": 4,
    "num_layers": 2,
    "ffn_dim": 128,
    "dropout": 0.2
  },
  "gcn_params": {
    "hidden_dim": 64,
    "num_layers": 2,
    "dropout": 0.5
  },
  "early_stopping_patience": 15,
  "validation_split": 0.2
}
2026-01-20 16:37:45,817 - INFO - Starting treatment response prediction pipeline
2026-01-20 16:37:45,817 - INFO - Building FC file index...
2026-01-20 16:37:45,818 - WARNING - Duplicate patient ID found: stn02, skipping additional entry
2026-01-20 16:37:45,818 - WARNING - Duplicate patient ID found: gpi11, skipping additional entry
2026-01-20 16:37:45,818 - WARNING - Duplicate patient ID found: gpi02, skipping additional entry
2026-01-20 16:37:45,818 - WARNING - Duplicate patient ID found: gpi19, skipping additional entry
2026-01-20 16:37:45,818 - WARNING - Duplicate patient ID found: stn23, skipping additional entry
2026-01-20 16:37:45,818 - WARNING - Duplicate patient ID found: stn03, skipping additional entry
2026-01-20 16:37:45,818 - WARNING - Duplicate patient ID found: gpi20, skipping additional entry
2026-01-20 16:37:45,819 - WARNING - Duplicate patient ID found: stn04, skipping additional entry
2026-01-20 16:37:45,819 - WARNING - Duplicate patient ID found: stn24, skipping additional entry
2026-01-20 16:37:45,819 - WARNING - Duplicate patient ID found: gpi04, skipping additional entry
2026-01-20 16:37:45,819 - WARNING - Duplicate patient ID found: gpi15, skipping additional entry
2026-01-20 16:37:45,819 - WARNING - Duplicate patient ID found: stn19, skipping additional entry
2026-01-20 16:37:45,819 - WARNING - Duplicate patient ID found: stn08, skipping additional entry
2026-01-20 16:37:45,819 - WARNING - Duplicate patient ID found: stn11, skipping additional entry
2026-01-20 16:37:45,819 - WARNING - Duplicate patient ID found: gpi07, skipping additional entry
2026-01-20 16:37:45,819 - WARNING - Duplicate patient ID found: gpi26, skipping additional entry
2026-01-20 16:37:45,819 - WARNING - Duplicate patient ID found: stn13, skipping additional entry
2026-01-20 16:37:45,819 - WARNING - Duplicate patient ID found: gpi06, skipping additional entry
2026-01-20 16:37:45,819 - WARNING - Duplicate patient ID found: stn30, skipping additional entry
2026-01-20 16:37:45,819 - WARNING - Duplicate patient ID found: stn18, skipping additional entry
2026-01-20 16:37:45,820 - WARNING - Duplicate patient ID found: gpi24, skipping additional entry
2026-01-20 16:37:45,820 - WARNING - Duplicate patient ID found: gpi13, skipping additional entry
2026-01-20 16:37:45,820 - WARNING - Duplicate patient ID found: stn07, skipping additional entry
2026-01-20 16:37:45,820 - WARNING - Duplicate patient ID found: stn20, skipping additional entry
2026-01-20 16:37:45,820 - WARNING - Duplicate patient ID found: gpi12, skipping additional entry
2026-01-20 16:37:45,820 - WARNING - Duplicate patient ID found: stn01, skipping additional entry
2026-01-20 16:37:45,820 - WARNING - Duplicate patient ID found: gpi22, skipping additional entry
2026-01-20 16:37:45,820 - WARNING - Duplicate patient ID found: gpi18, skipping additional entry
2026-01-20 16:37:45,820 - WARNING - Duplicate patient ID found: gpi09, skipping additional entry
2026-01-20 16:37:45,820 - WARNING - Duplicate patient ID found: gpi25, skipping additional entry
2026-01-20 16:37:45,820 - WARNING - Duplicate patient ID found: stn29, skipping additional entry
2026-01-20 16:37:45,820 - WARNING - Duplicate patient ID found: gpi31, skipping additional entry
2026-01-20 16:37:45,820 - WARNING - Duplicate patient ID found: stn10, skipping additional entry
2026-01-20 16:37:45,820 - WARNING - Duplicate patient ID found: gpi28, skipping additional entry
2026-01-20 16:37:45,821 - WARNING - Duplicate patient ID found: stn31, skipping additional entry
2026-01-20 16:37:45,821 - WARNING - Duplicate patient ID found: gpi03, skipping additional entry
2026-01-20 16:37:45,821 - WARNING - Duplicate patient ID found: gpi05, skipping additional entry
2026-01-20 16:37:45,821 - WARNING - Duplicate patient ID found: stn25, skipping additional entry
2026-01-20 16:37:45,821 - WARNING - Duplicate patient ID found: gpi08, skipping additional entry
2026-01-20 16:37:45,821 - WARNING - Duplicate patient ID found: gpi27, skipping additional entry
2026-01-20 16:37:45,821 - WARNING - Duplicate patient ID found: stn16, skipping additional entry
2026-01-20 16:37:45,821 - WARNING - Duplicate patient ID found: gpi23, skipping additional entry
2026-01-20 16:37:45,821 - WARNING - Duplicate patient ID found: stn09, skipping additional entry
2026-01-20 16:37:45,821 - WARNING - Duplicate patient ID found: stn28, skipping additional entry
2026-01-20 16:37:45,821 - WARNING - Duplicate patient ID found: stn06, skipping additional entry
2026-01-20 16:37:45,821 - WARNING - Duplicate patient ID found: stn12, skipping additional entry
2026-01-20 16:37:45,821 - WARNING - Duplicate patient ID found: gpi16, skipping additional entry
2026-01-20 16:37:45,821 - WARNING - Duplicate patient ID found: gpi30, skipping additional entry
2026-01-20 16:37:45,821 - WARNING - Duplicate patient ID found: stn21, skipping additional entry
2026-01-20 16:37:45,821 - WARNING - Duplicate patient ID found: stn22, skipping additional entry
2026-01-20 16:37:45,821 - WARNING - Duplicate patient ID found: stn14, skipping additional entry
2026-01-20 16:37:45,822 - WARNING - Duplicate patient ID found: gpi17, skipping additional entry
2026-01-20 16:37:45,822 - WARNING - Duplicate patient ID found: gpi21, skipping additional entry
2026-01-20 16:37:45,822 - WARNING - Duplicate patient ID found: gpi32, skipping additional entry
2026-01-20 16:37:45,822 - WARNING - Duplicate patient ID found: stn15, skipping additional entry
2026-01-20 16:37:45,822 - INFO - Built FC index with 71 patients
2026-01-20 16:37:45,822 - INFO - Parsing UPDRS data with FC features...
2026-01-20 16:37:45,834 - INFO - Found 55 valid samples
2026-01-20 16:37:45,835 - INFO - Preparing dataset for TRANSFORMER model...
2026-01-20 16:37:45,835 - INFO - 
============================================================
2026-01-20 16:37:45,835 - INFO - Starting Cross-Validation for Deep Learning Models: Treatment_Response_ALL_TRANSFORMER_Thresh0.25
2026-01-20 16:37:45,835 - INFO - Total samples: 55 | Model type: Transformer
2026-01-20 16:37:45,835 - INFO - 
--- Fold 1/5 ---
2026-01-20 16:37:45,836 - INFO - Train size: 35, Val size: 9, Test size: 11
2026-01-20 16:37:45,836 - INFO - Train class balance - 0: 15, 1: 20
2026-01-20 16:37:45,836 - INFO - Val class balance   - 0: 4, 1: 5
2026-01-20 16:37:45,836 - INFO - Test class balance  - 0: 5, 1: 6
2026-01-20 16:37:46,627 - INFO - Training Transformer model for fold 1...
2026-01-20 16:37:46,834 - INFO - Epoch 1/200 | Train Loss: 0.6778, Acc: 0.6286 | Val Loss: 0.6851, Acc: 0.5556 | Best Val Loss: 0.6851
2026-01-20 16:37:47,352 - INFO - Epoch 10/200 | Train Loss: 0.3867, Acc: 1.0000 | Val Loss: 0.8618, Acc: 0.4444 | Best Val Loss: 0.6574
2026-01-20 16:37:47,863 - INFO - Early stopping at epoch 19
2026-01-20 16:37:47,883 - INFO - Optimal Youden threshold: 0.9635
2026-01-20 16:37:47,893 - INFO - Fold 1 Results - Acc: 0.5455, F1: 0.2857, AUC: 0.3333, AP: 0.5975
2026-01-20 16:37:47,893 - INFO - 
--- Fold 2/5 ---
2026-01-20 16:37:47,894 - INFO - Train size: 35, Val size: 9, Test size: 11
2026-01-20 16:37:47,894 - INFO - Train class balance - 0: 15, 1: 20
2026-01-20 16:37:47,894 - INFO - Val class balance   - 0: 4, 1: 5
2026-01-20 16:37:47,894 - INFO - Test class balance  - 0: 5, 1: 6
2026-01-20 16:37:47,977 - INFO - Training Transformer model for fold 2...
2026-01-20 16:37:48,036 - INFO - Epoch 1/200 | Train Loss: 0.6847, Acc: 0.5714 | Val Loss: 0.7140, Acc: 0.3333 | Best Val Loss: 0.7140
2026-01-20 16:37:48,552 - INFO - Epoch 10/200 | Train Loss: 0.3487, Acc: 0.8571 | Val Loss: 0.8085, Acc: 0.4444 | Best Val Loss: 0.7073
2026-01-20 16:37:49,009 - INFO - Early stopping at epoch 18
2026-01-20 16:37:49,028 - INFO - Optimal Youden threshold: 0.9659
2026-01-20 16:37:49,038 - INFO - Fold 2 Results - Acc: 0.5455, F1: 0.2857, AUC: 0.3000, AP: 0.5605
2026-01-20 16:37:49,038 - INFO - 
--- Fold 3/5 ---
2026-01-20 16:37:49,039 - INFO - Train size: 35, Val size: 9, Test size: 11
2026-01-20 16:37:49,039 - INFO - Train class balance - 0: 15, 1: 20
2026-01-20 16:37:49,039 - INFO - Val class balance   - 0: 4, 1: 5
2026-01-20 16:37:49,039 - INFO - Test class balance  - 0: 5, 1: 6
2026-01-20 16:37:49,121 - INFO - Training Transformer model for fold 3...
2026-01-20 16:37:49,179 - INFO - Epoch 1/200 | Train Loss: 0.6763, Acc: 0.5429 | Val Loss: 0.6870, Acc: 0.5556 | Best Val Loss: 0.6870
2026-01-20 16:37:49,696 - INFO - Epoch 10/200 | Train Loss: 0.3549, Acc: 0.9714 | Val Loss: 0.5912, Acc: 0.6667 | Best Val Loss: 0.5912
2026-01-20 16:37:50,269 - INFO - Epoch 20/200 | Train Loss: 0.0084, Acc: 1.0000 | Val Loss: 1.0141, Acc: 0.6667 | Best Val Loss: 0.5571
2026-01-20 16:37:50,610 - INFO - Early stopping at epoch 26
2026-01-20 16:37:50,630 - INFO - Optimal Youden threshold: 0.9925
2026-01-20 16:37:50,640 - INFO - Fold 3 Results - Acc: 0.6364, F1: 0.5000, AUC: 0.5000, AP: 0.6954
2026-01-20 16:37:50,640 - INFO - 
--- Fold 4/5 ---
2026-01-20 16:37:50,641 - INFO - Train size: 35, Val size: 9, Test size: 11
2026-01-20 16:37:50,641 - INFO - Train class balance - 0: 15, 1: 20
2026-01-20 16:37:50,641 - INFO - Val class balance   - 0: 4, 1: 5
2026-01-20 16:37:50,641 - INFO - Test class balance  - 0: 5, 1: 6
2026-01-20 16:37:50,718 - INFO - Training Transformer model for fold 4...
2026-01-20 16:37:50,777 - INFO - Epoch 1/200 | Train Loss: 0.7035, Acc: 0.4857 | Val Loss: 0.7107, Acc: 0.3333 | Best Val Loss: 0.7107
2026-01-20 16:37:51,292 - INFO - Epoch 10/200 | Train Loss: 0.5527, Acc: 0.8571 | Val Loss: 0.6651, Acc: 0.6667 | Best Val Loss: 0.6651
2026-01-20 16:37:51,910 - INFO - Epoch 20/200 | Train Loss: 0.0107, Acc: 1.0000 | Val Loss: 1.7071, Acc: 0.5556 | Best Val Loss: 0.6292
2026-01-20 16:37:52,365 - INFO - Early stopping at epoch 28
2026-01-20 16:37:52,384 - INFO - Optimal Youden threshold: 0.9260
2026-01-20 16:37:52,393 - INFO - Fold 4 Results - Acc: 0.6364, F1: 0.7143, AUC: 0.5667, AP: 0.6772
2026-01-20 16:37:52,393 - INFO - 
--- Fold 5/5 ---
2026-01-20 16:37:52,394 - INFO - Train size: 35, Val size: 9, Test size: 11
2026-01-20 16:37:52,394 - INFO - Train class balance - 0: 16, 1: 19
2026-01-20 16:37:52,394 - INFO - Val class balance   - 0: 4, 1: 5
2026-01-20 16:37:52,394 - INFO - Test class balance  - 0: 4, 1: 7
2026-01-20 16:37:52,474 - INFO - Training Transformer model for fold 5...
2026-01-20 16:37:52,532 - INFO - Epoch 1/200 | Train Loss: 0.7220, Acc: 0.5429 | Val Loss: 0.6984, Acc: 0.5556 | Best Val Loss: 0.6984
2026-01-20 16:37:53,046 - INFO - Epoch 10/200 | Train Loss: 0.5518, Acc: 0.8571 | Val Loss: 0.6478, Acc: 0.6667 | Best Val Loss: 0.6478
2026-01-20 16:37:53,617 - INFO - Epoch 20/200 | Train Loss: 0.0294, Acc: 1.0000 | Val Loss: 1.0807, Acc: 0.5556 | Best Val Loss: 0.6333
2026-01-20 16:37:53,959 - INFO - Early stopping at epoch 26
2026-01-20 16:37:53,978 - INFO - Optimal Youden threshold: 0.9963
2026-01-20 16:37:53,987 - INFO - Fold 5 Results - Acc: 0.4545, F1: 0.2500, AUC: 0.3929, AP: 0.6750
2026-01-20 16:37:53,987 - INFO - 
============================================================
2026-01-20 16:37:53,987 - INFO - FINAL CROSS-VALIDATION RESULTS FOR DEEP LEARNING: Treatment_Response_ALL_TRANSFORMER_Thresh0.25
2026-01-20 16:37:53,987 - INFO - ACC       : 0.5636 ± 0.0680
2026-01-20 16:37:53,987 - INFO - F1        : 0.4071 ± 0.1773
2026-01-20 16:37:53,987 - INFO - PRECISION : 0.9250 ± 0.1500
2026-01-20 16:37:53,987 - INFO - RECALL    : 0.3286 ± 0.2614
2026-01-20 16:37:53,987 - INFO - AUC       : 0.4186 ± 0.1005
2026-01-20 16:37:53,987 - INFO - AP        : 0.6411 ± 0.0525
2026-01-20 16:37:53,987 - INFO - ============================================================

2026-01-20 16:37:53,989 - INFO - Results saved to final_results_Treatment_Response_ALL_TRANSFORMER_Thresh0.25.json
2026-01-20 16:37:53,989 - INFO - Total execution time: 8.17 seconds
2026-01-20 16:37:57,852 - INFO - Using device: cuda
2026-01-20 16:37:57,852 - INFO - Hyperparameters: {
  "batch_size": 8,
  "learning_rate": 0.0005,
  "num_epochs": 200,
  "hidden_dim": 512,
  "num_blocks": 6,
  "dropout": 0.3,
  "feature_type": "ALL",
  "improvement_threshold": 0.25,
  "model_type": "Transformer",
  "svm_params": {
    "C": 1.0,
    "kernel": "rbf",
    "gamma": "scale",
    "probability": true
  },
  "transformer_params": {
    "embed_dim": 64,
    "num_heads": 4,
    "num_layers": 2,
    "ffn_dim": 128,
    "dropout": 0.2
  },
  "gcn_params": {
    "hidden_dim": 64,
    "num_layers": 2,
    "dropout": 0.5
  },
  "early_stopping_patience": 15,
  "validation_split": 0.2
}
2026-01-20 16:37:57,852 - INFO - Starting treatment response prediction pipeline
2026-01-20 16:37:57,852 - INFO - Building FC file index...
2026-01-20 16:37:57,853 - WARNING - Duplicate patient ID found: stn02, skipping additional entry
2026-01-20 16:37:57,853 - WARNING - Duplicate patient ID found: gpi11, skipping additional entry
2026-01-20 16:37:57,853 - WARNING - Duplicate patient ID found: gpi02, skipping additional entry
2026-01-20 16:37:57,853 - WARNING - Duplicate patient ID found: gpi19, skipping additional entry
2026-01-20 16:37:57,854 - WARNING - Duplicate patient ID found: stn23, skipping additional entry
2026-01-20 16:37:57,854 - WARNING - Duplicate patient ID found: stn03, skipping additional entry
2026-01-20 16:37:57,854 - WARNING - Duplicate patient ID found: gpi20, skipping additional entry
2026-01-20 16:37:57,854 - WARNING - Duplicate patient ID found: stn04, skipping additional entry
2026-01-20 16:37:57,854 - WARNING - Duplicate patient ID found: stn24, skipping additional entry
2026-01-20 16:37:57,854 - WARNING - Duplicate patient ID found: gpi04, skipping additional entry
2026-01-20 16:37:57,854 - WARNING - Duplicate patient ID found: gpi15, skipping additional entry
2026-01-20 16:37:57,854 - WARNING - Duplicate patient ID found: stn19, skipping additional entry
2026-01-20 16:37:57,854 - WARNING - Duplicate patient ID found: stn08, skipping additional entry
2026-01-20 16:37:57,854 - WARNING - Duplicate patient ID found: stn11, skipping additional entry
2026-01-20 16:37:57,854 - WARNING - Duplicate patient ID found: gpi07, skipping additional entry
2026-01-20 16:37:57,854 - WARNING - Duplicate patient ID found: gpi26, skipping additional entry
2026-01-20 16:37:57,855 - WARNING - Duplicate patient ID found: stn13, skipping additional entry
2026-01-20 16:37:57,855 - WARNING - Duplicate patient ID found: gpi06, skipping additional entry
2026-01-20 16:37:57,855 - WARNING - Duplicate patient ID found: stn30, skipping additional entry
2026-01-20 16:37:57,855 - WARNING - Duplicate patient ID found: stn18, skipping additional entry
2026-01-20 16:37:57,855 - WARNING - Duplicate patient ID found: gpi24, skipping additional entry
2026-01-20 16:37:57,855 - WARNING - Duplicate patient ID found: gpi13, skipping additional entry
2026-01-20 16:37:57,855 - WARNING - Duplicate patient ID found: stn07, skipping additional entry
2026-01-20 16:37:57,855 - WARNING - Duplicate patient ID found: stn20, skipping additional entry
2026-01-20 16:37:57,855 - WARNING - Duplicate patient ID found: gpi12, skipping additional entry
2026-01-20 16:37:57,855 - WARNING - Duplicate patient ID found: stn01, skipping additional entry
2026-01-20 16:37:57,855 - WARNING - Duplicate patient ID found: gpi22, skipping additional entry
2026-01-20 16:37:57,855 - WARNING - Duplicate patient ID found: gpi18, skipping additional entry
2026-01-20 16:37:57,856 - WARNING - Duplicate patient ID found: gpi09, skipping additional entry
2026-01-20 16:37:57,856 - WARNING - Duplicate patient ID found: gpi25, skipping additional entry
2026-01-20 16:37:57,856 - WARNING - Duplicate patient ID found: stn29, skipping additional entry
2026-01-20 16:37:57,856 - WARNING - Duplicate patient ID found: gpi31, skipping additional entry
2026-01-20 16:37:57,856 - WARNING - Duplicate patient ID found: stn10, skipping additional entry
2026-01-20 16:37:57,856 - WARNING - Duplicate patient ID found: gpi28, skipping additional entry
2026-01-20 16:37:57,856 - WARNING - Duplicate patient ID found: stn31, skipping additional entry
2026-01-20 16:37:57,856 - WARNING - Duplicate patient ID found: gpi03, skipping additional entry
2026-01-20 16:37:57,856 - WARNING - Duplicate patient ID found: gpi05, skipping additional entry
2026-01-20 16:37:57,856 - WARNING - Duplicate patient ID found: stn25, skipping additional entry
2026-01-20 16:37:57,856 - WARNING - Duplicate patient ID found: gpi08, skipping additional entry
2026-01-20 16:37:57,856 - WARNING - Duplicate patient ID found: gpi27, skipping additional entry
2026-01-20 16:37:57,856 - WARNING - Duplicate patient ID found: stn16, skipping additional entry
2026-01-20 16:37:57,856 - WARNING - Duplicate patient ID found: gpi23, skipping additional entry
2026-01-20 16:37:57,856 - WARNING - Duplicate patient ID found: stn09, skipping additional entry
2026-01-20 16:37:57,856 - WARNING - Duplicate patient ID found: stn28, skipping additional entry
2026-01-20 16:37:57,856 - WARNING - Duplicate patient ID found: stn06, skipping additional entry
2026-01-20 16:37:57,857 - WARNING - Duplicate patient ID found: stn12, skipping additional entry
2026-01-20 16:37:57,857 - WARNING - Duplicate patient ID found: gpi16, skipping additional entry
2026-01-20 16:37:57,857 - WARNING - Duplicate patient ID found: gpi30, skipping additional entry
2026-01-20 16:37:57,857 - WARNING - Duplicate patient ID found: stn21, skipping additional entry
2026-01-20 16:37:57,857 - WARNING - Duplicate patient ID found: stn22, skipping additional entry
2026-01-20 16:37:57,857 - WARNING - Duplicate patient ID found: stn14, skipping additional entry
2026-01-20 16:37:57,857 - WARNING - Duplicate patient ID found: gpi17, skipping additional entry
2026-01-20 16:37:57,857 - WARNING - Duplicate patient ID found: gpi21, skipping additional entry
2026-01-20 16:37:57,857 - WARNING - Duplicate patient ID found: gpi32, skipping additional entry
2026-01-20 16:37:57,857 - WARNING - Duplicate patient ID found: stn15, skipping additional entry
2026-01-20 16:37:57,857 - INFO - Built FC index with 71 patients
2026-01-20 16:37:57,857 - INFO - Parsing UPDRS data with FC features...
2026-01-20 16:37:57,870 - INFO - Found 55 valid samples
2026-01-20 16:37:57,870 - INFO - Preparing dataset for TRANSFORMER model...
2026-01-20 16:37:57,870 - INFO - 
============================================================
2026-01-20 16:37:57,870 - INFO - Starting Cross-Validation for Deep Learning Models: Treatment_Response_ALL_TRANSFORMER_Thresh0.25
2026-01-20 16:37:57,870 - INFO - Total samples: 55 | Model type: Transformer
2026-01-20 16:37:57,871 - INFO - 
--- Fold 1/5 ---
2026-01-20 16:37:57,872 - INFO - Train size: 35, Val size: 9, Test size: 11
2026-01-20 16:37:57,872 - INFO - Train class balance - 0: 15, 1: 20
2026-01-20 16:37:57,872 - INFO - Val class balance   - 0: 4, 1: 5
2026-01-20 16:37:57,872 - INFO - Test class balance  - 0: 5, 1: 6
2026-01-20 16:37:58,635 - INFO - Training Transformer model for fold 1...
2026-01-20 16:37:58,842 - INFO - Epoch 1/200 | Train Loss: 0.7279, Acc: 0.5143 | Val Loss: 0.6896, Acc: 0.5556 | Best Val Loss: 0.6896
2026-01-20 16:37:59,369 - INFO - Epoch 10/200 | Train Loss: 0.3014, Acc: 1.0000 | Val Loss: 0.6594, Acc: 0.6667 | Best Val Loss: 0.6568
2026-01-20 16:37:59,950 - INFO - Epoch 20/200 | Train Loss: 0.0110, Acc: 1.0000 | Val Loss: 1.1731, Acc: 0.6667 | Best Val Loss: 0.6141
2026-01-20 16:38:00,416 - INFO - Early stopping at epoch 28
2026-01-20 16:38:00,437 - INFO - Optimal Youden threshold: 0.9568
2026-01-20 16:38:00,447 - INFO - Fold 1 Results - Acc: 0.6364, F1: 0.5000, AUC: 0.5333, AP: 0.7045
2026-01-20 16:38:00,447 - INFO - 
--- Fold 2/5 ---
2026-01-20 16:38:00,448 - INFO - Train size: 35, Val size: 9, Test size: 11
2026-01-20 16:38:00,448 - INFO - Train class balance - 0: 15, 1: 20
2026-01-20 16:38:00,448 - INFO - Val class balance   - 0: 4, 1: 5
2026-01-20 16:38:00,448 - INFO - Test class balance  - 0: 5, 1: 6
2026-01-20 16:38:00,521 - INFO - Training Transformer model for fold 2...
2026-01-20 16:38:00,580 - INFO - Epoch 1/200 | Train Loss: 0.7270, Acc: 0.4286 | Val Loss: 0.6975, Acc: 0.4444 | Best Val Loss: 0.6975
2026-01-20 16:38:01,101 - INFO - Epoch 10/200 | Train Loss: 0.4340, Acc: 0.9429 | Val Loss: 0.8256, Acc: 0.4444 | Best Val Loss: 0.6975
2026-01-20 16:38:01,449 - INFO - Early stopping at epoch 16
2026-01-20 16:38:01,468 - INFO - Optimal Youden threshold: 0.4669
2026-01-20 16:38:01,477 - INFO - Fold 2 Results - Acc: 0.8182, F1: 0.8571, AUC: 0.8000, AP: 0.8552
2026-01-20 16:38:01,477 - INFO - 
--- Fold 3/5 ---
2026-01-20 16:38:01,477 - INFO - Train size: 35, Val size: 9, Test size: 11
2026-01-20 16:38:01,478 - INFO - Train class balance - 0: 15, 1: 20
2026-01-20 16:38:01,478 - INFO - Val class balance   - 0: 4, 1: 5
2026-01-20 16:38:01,478 - INFO - Test class balance  - 0: 5, 1: 6
2026-01-20 16:38:01,553 - INFO - Training Transformer model for fold 3...
2026-01-20 16:38:01,613 - INFO - Epoch 1/200 | Train Loss: 0.7172, Acc: 0.4571 | Val Loss: 0.6716, Acc: 0.7778 | Best Val Loss: 0.6716
2026-01-20 16:38:02,137 - INFO - Epoch 10/200 | Train Loss: 0.3754, Acc: 0.9429 | Val Loss: 0.8824, Acc: 0.3333 | Best Val Loss: 0.6623
2026-01-20 16:38:02,717 - INFO - Early stopping at epoch 20
2026-01-20 16:38:02,737 - INFO - Optimal Youden threshold: 0.9755
2026-01-20 16:38:02,746 - INFO - Fold 3 Results - Acc: 0.5455, F1: 0.2857, AUC: 0.3667, AP: 0.5909
2026-01-20 16:38:02,746 - INFO - 
--- Fold 4/5 ---
2026-01-20 16:38:02,747 - INFO - Train size: 35, Val size: 9, Test size: 11
2026-01-20 16:38:02,747 - INFO - Train class balance - 0: 15, 1: 20
2026-01-20 16:38:02,747 - INFO - Val class balance   - 0: 4, 1: 5
2026-01-20 16:38:02,747 - INFO - Test class balance  - 0: 5, 1: 6
2026-01-20 16:38:02,818 - INFO - Training Transformer model for fold 4...
2026-01-20 16:38:02,877 - INFO - Epoch 1/200 | Train Loss: 0.6910, Acc: 0.5714 | Val Loss: 0.7025, Acc: 0.5556 | Best Val Loss: 0.7025
2026-01-20 16:38:03,403 - INFO - Epoch 10/200 | Train Loss: 0.4968, Acc: 0.8571 | Val Loss: 0.7140, Acc: 0.4444 | Best Val Loss: 0.6976
2026-01-20 16:38:03,926 - INFO - Early stopping at epoch 19
2026-01-20 16:38:03,946 - INFO - Optimal Youden threshold: 0.9118
2026-01-20 16:38:03,955 - INFO - Fold 4 Results - Acc: 0.5455, F1: 0.4444, AUC: 0.4333, AP: 0.5613
2026-01-20 16:38:03,955 - INFO - 
--- Fold 5/5 ---
2026-01-20 16:38:03,956 - INFO - Train size: 35, Val size: 9, Test size: 11
2026-01-20 16:38:03,956 - INFO - Train class balance - 0: 16, 1: 19
2026-01-20 16:38:03,956 - INFO - Val class balance   - 0: 4, 1: 5
2026-01-20 16:38:03,956 - INFO - Test class balance  - 0: 4, 1: 7
2026-01-20 16:38:04,033 - INFO - Training Transformer model for fold 5...
2026-01-20 16:38:04,094 - INFO - Epoch 1/200 | Train Loss: 0.7129, Acc: 0.4571 | Val Loss: 0.7025, Acc: 0.5556 | Best Val Loss: 0.7025
2026-01-20 16:38:04,611 - INFO - Epoch 10/200 | Train Loss: 0.2733, Acc: 0.9714 | Val Loss: 0.7925, Acc: 0.4444 | Best Val Loss: 0.6980
2026-01-20 16:38:05,012 - INFO - Early stopping at epoch 17
2026-01-20 16:38:05,031 - INFO - Optimal Youden threshold: 0.8376
2026-01-20 16:38:05,041 - INFO - Fold 5 Results - Acc: 0.5455, F1: 0.5455, AUC: 0.3929, AP: 0.6250
2026-01-20 16:38:05,041 - INFO - 
============================================================
2026-01-20 16:38:05,041 - INFO - FINAL CROSS-VALIDATION RESULTS FOR DEEP LEARNING: Treatment_Response_ALL_TRANSFORMER_Thresh0.25
2026-01-20 16:38:05,041 - INFO - ACC       : 0.6182 ± 0.1060
2026-01-20 16:38:05,041 - INFO - F1        : 0.5266 ± 0.1871
2026-01-20 16:38:05,041 - INFO - PRECISION : 0.8333 ± 0.1394
2026-01-20 16:38:05,041 - INFO - RECALL    : 0.4524 ± 0.2865
2026-01-20 16:38:05,041 - INFO - AUC       : 0.5052 ± 0.1579
2026-01-20 16:38:05,041 - INFO - AP        : 0.6674 ± 0.1054
2026-01-20 16:38:05,041 - INFO - ============================================================

2026-01-20 16:38:05,043 - INFO - Results saved to final_results_Treatment_Response_ALL_TRANSFORMER_Thresh0.25.json
2026-01-20 16:38:05,043 - INFO - Total execution time: 7.19 seconds
2026-01-20 16:38:35,708 - INFO - Using device: cuda
2026-01-20 16:38:35,708 - INFO - Hyperparameters: {
  "batch_size": 8,
  "learning_rate": 0.0005,
  "num_epochs": 200,
  "hidden_dim": 256,
  "num_blocks": 4,
  "dropout": 0.3,
  "feature_type": "ALL",
  "improvement_threshold": 0.25,
  "model_type": "LDA",
  "svm_params": {
    "C": 1.0,
    "kernel": "rbf",
    "gamma": "scale",
    "probability": true
  },
  "transformer_params": {
    "d_model": 128,
    "nhead": 8,
    "dim_feedforward": 256,
    "num_layers": 4,
    "use_cls_token": true
  },
  "gcn_params": {
    "gcn_hidden": 128,
    "gcn_layers": 2
  }
}
2026-01-20 16:38:35,708 - INFO - Starting treatment response prediction pipeline
2026-01-20 16:38:35,708 - INFO - Building FC file index...
2026-01-20 16:38:35,709 - WARNING - Duplicate patient ID found: stn02, skipping additional entry
2026-01-20 16:38:35,709 - WARNING - Duplicate patient ID found: gpi11, skipping additional entry
2026-01-20 16:38:35,710 - WARNING - Duplicate patient ID found: gpi02, skipping additional entry
2026-01-20 16:38:35,710 - WARNING - Duplicate patient ID found: gpi19, skipping additional entry
2026-01-20 16:38:35,710 - WARNING - Duplicate patient ID found: stn23, skipping additional entry
2026-01-20 16:38:35,710 - WARNING - Duplicate patient ID found: stn03, skipping additional entry
2026-01-20 16:38:35,710 - WARNING - Duplicate patient ID found: gpi20, skipping additional entry
2026-01-20 16:38:35,710 - WARNING - Duplicate patient ID found: stn04, skipping additional entry
2026-01-20 16:38:35,710 - WARNING - Duplicate patient ID found: stn24, skipping additional entry
2026-01-20 16:38:35,710 - WARNING - Duplicate patient ID found: gpi04, skipping additional entry
2026-01-20 16:38:35,710 - WARNING - Duplicate patient ID found: gpi15, skipping additional entry
2026-01-20 16:38:35,710 - WARNING - Duplicate patient ID found: stn19, skipping additional entry
2026-01-20 16:38:35,710 - WARNING - Duplicate patient ID found: stn08, skipping additional entry
2026-01-20 16:38:35,710 - WARNING - Duplicate patient ID found: stn11, skipping additional entry
2026-01-20 16:38:35,711 - WARNING - Duplicate patient ID found: gpi07, skipping additional entry
2026-01-20 16:38:35,711 - WARNING - Duplicate patient ID found: gpi26, skipping additional entry
2026-01-20 16:38:35,711 - WARNING - Duplicate patient ID found: stn13, skipping additional entry
2026-01-20 16:38:35,711 - WARNING - Duplicate patient ID found: gpi06, skipping additional entry
2026-01-20 16:38:35,711 - WARNING - Duplicate patient ID found: stn30, skipping additional entry
2026-01-20 16:38:35,711 - WARNING - Duplicate patient ID found: stn18, skipping additional entry
2026-01-20 16:38:35,711 - WARNING - Duplicate patient ID found: gpi24, skipping additional entry
2026-01-20 16:38:35,711 - WARNING - Duplicate patient ID found: gpi13, skipping additional entry
2026-01-20 16:38:35,711 - WARNING - Duplicate patient ID found: stn07, skipping additional entry
2026-01-20 16:38:35,711 - WARNING - Duplicate patient ID found: stn20, skipping additional entry
2026-01-20 16:38:35,711 - WARNING - Duplicate patient ID found: gpi12, skipping additional entry
2026-01-20 16:38:35,711 - WARNING - Duplicate patient ID found: stn01, skipping additional entry
2026-01-20 16:38:35,712 - WARNING - Duplicate patient ID found: gpi22, skipping additional entry
2026-01-20 16:38:35,712 - WARNING - Duplicate patient ID found: gpi18, skipping additional entry
2026-01-20 16:38:35,712 - WARNING - Duplicate patient ID found: gpi09, skipping additional entry
2026-01-20 16:38:35,712 - WARNING - Duplicate patient ID found: gpi25, skipping additional entry
2026-01-20 16:38:35,712 - WARNING - Duplicate patient ID found: stn29, skipping additional entry
2026-01-20 16:38:35,712 - WARNING - Duplicate patient ID found: gpi31, skipping additional entry
2026-01-20 16:38:35,712 - WARNING - Duplicate patient ID found: stn10, skipping additional entry
2026-01-20 16:38:35,712 - WARNING - Duplicate patient ID found: gpi28, skipping additional entry
2026-01-20 16:38:35,712 - WARNING - Duplicate patient ID found: stn31, skipping additional entry
2026-01-20 16:38:35,712 - WARNING - Duplicate patient ID found: gpi03, skipping additional entry
2026-01-20 16:38:35,712 - WARNING - Duplicate patient ID found: gpi05, skipping additional entry
2026-01-20 16:38:35,712 - WARNING - Duplicate patient ID found: stn25, skipping additional entry
2026-01-20 16:38:35,712 - WARNING - Duplicate patient ID found: gpi08, skipping additional entry
2026-01-20 16:38:35,712 - WARNING - Duplicate patient ID found: gpi27, skipping additional entry
2026-01-20 16:38:35,712 - WARNING - Duplicate patient ID found: stn16, skipping additional entry
2026-01-20 16:38:35,712 - WARNING - Duplicate patient ID found: gpi23, skipping additional entry
2026-01-20 16:38:35,712 - WARNING - Duplicate patient ID found: stn09, skipping additional entry
2026-01-20 16:38:35,713 - WARNING - Duplicate patient ID found: stn28, skipping additional entry
2026-01-20 16:38:35,713 - WARNING - Duplicate patient ID found: stn06, skipping additional entry
2026-01-20 16:38:35,713 - WARNING - Duplicate patient ID found: stn12, skipping additional entry
2026-01-20 16:38:35,713 - WARNING - Duplicate patient ID found: gpi16, skipping additional entry
2026-01-20 16:38:35,713 - WARNING - Duplicate patient ID found: gpi30, skipping additional entry
2026-01-20 16:38:35,713 - WARNING - Duplicate patient ID found: stn21, skipping additional entry
2026-01-20 16:38:35,713 - WARNING - Duplicate patient ID found: stn22, skipping additional entry
2026-01-20 16:38:35,713 - WARNING - Duplicate patient ID found: stn14, skipping additional entry
2026-01-20 16:38:35,713 - WARNING - Duplicate patient ID found: gpi17, skipping additional entry
2026-01-20 16:38:35,713 - WARNING - Duplicate patient ID found: gpi21, skipping additional entry
2026-01-20 16:38:35,713 - WARNING - Duplicate patient ID found: gpi32, skipping additional entry
2026-01-20 16:38:35,713 - WARNING - Duplicate patient ID found: stn15, skipping additional entry
2026-01-20 16:38:35,713 - INFO - Built FC index with 71 patients
2026-01-20 16:38:35,713 - INFO - Parsing UPDRS data with FC features...
2026-01-20 16:38:35,726 - INFO - Found 55 valid samples
2026-01-20 16:38:35,726 - INFO - Preparing feature matrices with FC features...
2026-01-20 16:38:35,752 - INFO - Feature matrix shape: (55, 199), Class distribution: [24 31]
2026-01-20 16:38:35,752 - INFO - 
============================================================
2026-01-20 16:38:35,752 - INFO - Starting Cross-Validation Experiment: Treatment_Response_ALL_LDA_Thresh0.25
2026-01-20 16:38:35,753 - INFO - Total samples: 55 | Class distribution: [24 31]
2026-01-20 16:38:35,753 - INFO - Using model type: LDA
2026-01-20 16:38:35,753 - INFO - 
--- Fold 1/5 ---
2026-01-20 16:38:35,753 - INFO - Train size: 44, Test size: 11
2026-01-20 16:38:35,753 - INFO - Train class balance - 0: 19, 1: 25
2026-01-20 16:38:35,753 - INFO - Test class balance  - 0: 5, 1: 6
2026-01-20 16:38:35,754 - INFO - Training LDA model for fold 1...
2026-01-20 16:38:35,887 - INFO - Optimal Youden threshold: 0.5185
2026-01-20 16:38:35,901 - INFO - Fold 1 Results - Acc: 0.6364, F1: 0.7143, AUC: 0.5333, AP: 0.6681
2026-01-20 16:38:35,901 - INFO - 
--- Fold 2/5 ---
2026-01-20 16:38:35,901 - INFO - Train size: 44, Test size: 11
2026-01-20 16:38:35,901 - INFO - Train class balance - 0: 19, 1: 25
2026-01-20 16:38:35,901 - INFO - Test class balance  - 0: 5, 1: 6
2026-01-20 16:38:35,902 - INFO - Training LDA model for fold 2...
2026-01-20 16:38:36,025 - INFO - Optimal Youden threshold: 0.7315
2026-01-20 16:38:36,038 - INFO - Fold 2 Results - Acc: 0.8182, F1: 0.8000, AUC: 0.7333, AP: 0.8617
2026-01-20 16:38:36,038 - INFO - 
--- Fold 3/5 ---
2026-01-20 16:38:36,038 - INFO - Train size: 44, Test size: 11
2026-01-20 16:38:36,038 - INFO - Train class balance - 0: 19, 1: 25
2026-01-20 16:38:36,038 - INFO - Test class balance  - 0: 5, 1: 6
2026-01-20 16:38:36,039 - INFO - Training LDA model for fold 3...
2026-01-20 16:38:36,155 - INFO - Optimal Youden threshold: 0.7741
2026-01-20 16:38:36,167 - INFO - Fold 3 Results - Acc: 0.5455, F1: 0.4444, AUC: 0.4333, AP: 0.5613
2026-01-20 16:38:36,167 - INFO - 
--- Fold 4/5 ---
2026-01-20 16:38:36,167 - INFO - Train size: 44, Test size: 11
2026-01-20 16:38:36,167 - INFO - Train class balance - 0: 19, 1: 25
2026-01-20 16:38:36,167 - INFO - Test class balance  - 0: 5, 1: 6
2026-01-20 16:38:36,168 - INFO - Training LDA model for fold 4...
2026-01-20 16:38:36,294 - INFO - Optimal Youden threshold: 0.6194
2026-01-20 16:38:36,306 - INFO - Fold 4 Results - Acc: 0.6364, F1: 0.7143, AUC: 0.5000, AP: 0.5772
2026-01-20 16:38:36,306 - INFO - 
--- Fold 5/5 ---
2026-01-20 16:38:36,306 - INFO - Train size: 44, Test size: 11
2026-01-20 16:38:36,306 - INFO - Train class balance - 0: 20, 1: 24
2026-01-20 16:38:36,306 - INFO - Test class balance  - 0: 4, 1: 7
2026-01-20 16:38:36,307 - INFO - Training LDA model for fold 5...
2026-01-20 16:38:36,440 - INFO - Optimal Youden threshold: 0.9669
2026-01-20 16:38:36,452 - INFO - Fold 5 Results - Acc: 0.4545, F1: 0.2500, AUC: 0.3571, AP: 0.6475
2026-01-20 16:38:36,453 - INFO - 
============================================================
2026-01-20 16:38:36,453 - INFO - FINAL CROSS-VALIDATION RESULTS FOR: Treatment_Response_ALL_LDA_Thresh0.25
2026-01-20 16:38:36,453 - INFO - ACC       : 0.6182 ± 0.1206
2026-01-20 16:38:36,453 - INFO - F1        : 0.5846 ± 0.2057
2026-01-20 16:38:36,453 - INFO - PRECISION : 0.7833 ± 0.1776
2026-01-20 16:38:36,453 - INFO - RECALL    : 0.5619 ± 0.2779
2026-01-20 16:38:36,453 - INFO - AUC       : 0.5114 ± 0.1263
2026-01-20 16:38:36,453 - INFO - AP        : 0.6632 ± 0.1072
2026-01-20 16:38:36,453 - INFO - ============================================================

2026-01-20 16:38:36,453 - INFO - Results saved to final_results_Treatment_Response_ALL_LDA_Thresh0.25.json
2026-01-20 16:38:36,453 - INFO - Total execution time: 0.75 seconds
2026-01-20 16:39:01,649 - INFO - Using device: cuda
2026-01-20 16:39:01,650 - INFO - Hyperparameters: {
  "batch_size": 8,
  "learning_rate": 0.0005,
  "num_epochs": 200,
  "hidden_dim": 256,
  "num_blocks": 4,
  "dropout": 0.3,
  "feature_type": "ALL",
  "improvement_threshold": 0.25,
  "model_type": "TRANSFORMER",
  "svm_params": {
    "C": 1.0,
    "kernel": "rbf",
    "gamma": "scale",
    "probability": true
  },
  "transformer_params": {
    "d_model": 128,
    "nhead": 8,
    "dim_feedforward": 256,
    "num_layers": 4,
    "use_cls_token": true
  },
  "gcn_params": {
    "gcn_hidden": 128,
    "gcn_layers": 2
  }
}
2026-01-20 16:39:01,650 - INFO - Starting treatment response prediction pipeline
2026-01-20 16:39:01,650 - INFO - Building FC file index...
2026-01-20 16:39:01,651 - WARNING - Duplicate patient ID found: stn02, skipping additional entry
2026-01-20 16:39:01,651 - WARNING - Duplicate patient ID found: gpi11, skipping additional entry
2026-01-20 16:39:01,651 - WARNING - Duplicate patient ID found: gpi02, skipping additional entry
2026-01-20 16:39:01,651 - WARNING - Duplicate patient ID found: gpi19, skipping additional entry
2026-01-20 16:39:01,651 - WARNING - Duplicate patient ID found: stn23, skipping additional entry
2026-01-20 16:39:01,651 - WARNING - Duplicate patient ID found: stn03, skipping additional entry
2026-01-20 16:39:01,652 - WARNING - Duplicate patient ID found: gpi20, skipping additional entry
2026-01-20 16:39:01,652 - WARNING - Duplicate patient ID found: stn04, skipping additional entry
2026-01-20 16:39:01,652 - WARNING - Duplicate patient ID found: stn24, skipping additional entry
2026-01-20 16:39:01,652 - WARNING - Duplicate patient ID found: gpi04, skipping additional entry
2026-01-20 16:39:01,652 - WARNING - Duplicate patient ID found: gpi15, skipping additional entry
2026-01-20 16:39:01,652 - WARNING - Duplicate patient ID found: stn19, skipping additional entry
2026-01-20 16:39:01,652 - WARNING - Duplicate patient ID found: stn08, skipping additional entry
2026-01-20 16:39:01,652 - WARNING - Duplicate patient ID found: stn11, skipping additional entry
2026-01-20 16:39:01,652 - WARNING - Duplicate patient ID found: gpi07, skipping additional entry
2026-01-20 16:39:01,652 - WARNING - Duplicate patient ID found: gpi26, skipping additional entry
2026-01-20 16:39:01,652 - WARNING - Duplicate patient ID found: stn13, skipping additional entry
2026-01-20 16:39:01,652 - WARNING - Duplicate patient ID found: gpi06, skipping additional entry
2026-01-20 16:39:01,652 - WARNING - Duplicate patient ID found: stn30, skipping additional entry
2026-01-20 16:39:01,653 - WARNING - Duplicate patient ID found: stn18, skipping additional entry
2026-01-20 16:39:01,653 - WARNING - Duplicate patient ID found: gpi24, skipping additional entry
2026-01-20 16:39:01,653 - WARNING - Duplicate patient ID found: gpi13, skipping additional entry
2026-01-20 16:39:01,653 - WARNING - Duplicate patient ID found: stn07, skipping additional entry
2026-01-20 16:39:01,653 - WARNING - Duplicate patient ID found: stn20, skipping additional entry
2026-01-20 16:39:01,653 - WARNING - Duplicate patient ID found: gpi12, skipping additional entry
2026-01-20 16:39:01,653 - WARNING - Duplicate patient ID found: stn01, skipping additional entry
2026-01-20 16:39:01,653 - WARNING - Duplicate patient ID found: gpi22, skipping additional entry
2026-01-20 16:39:01,653 - WARNING - Duplicate patient ID found: gpi18, skipping additional entry
2026-01-20 16:39:01,653 - WARNING - Duplicate patient ID found: gpi09, skipping additional entry
2026-01-20 16:39:01,653 - WARNING - Duplicate patient ID found: gpi25, skipping additional entry
2026-01-20 16:39:01,653 - WARNING - Duplicate patient ID found: stn29, skipping additional entry
2026-01-20 16:39:01,653 - WARNING - Duplicate patient ID found: gpi31, skipping additional entry
2026-01-20 16:39:01,654 - WARNING - Duplicate patient ID found: stn10, skipping additional entry
2026-01-20 16:39:01,654 - WARNING - Duplicate patient ID found: gpi28, skipping additional entry
2026-01-20 16:39:01,654 - WARNING - Duplicate patient ID found: stn31, skipping additional entry
2026-01-20 16:39:01,654 - WARNING - Duplicate patient ID found: gpi03, skipping additional entry
2026-01-20 16:39:01,654 - WARNING - Duplicate patient ID found: gpi05, skipping additional entry
2026-01-20 16:39:01,654 - WARNING - Duplicate patient ID found: stn25, skipping additional entry
2026-01-20 16:39:01,654 - WARNING - Duplicate patient ID found: gpi08, skipping additional entry
2026-01-20 16:39:01,654 - WARNING - Duplicate patient ID found: gpi27, skipping additional entry
2026-01-20 16:39:01,654 - WARNING - Duplicate patient ID found: stn16, skipping additional entry
2026-01-20 16:39:01,654 - WARNING - Duplicate patient ID found: gpi23, skipping additional entry
2026-01-20 16:39:01,654 - WARNING - Duplicate patient ID found: stn09, skipping additional entry
2026-01-20 16:39:01,654 - WARNING - Duplicate patient ID found: stn28, skipping additional entry
2026-01-20 16:39:01,654 - WARNING - Duplicate patient ID found: stn06, skipping additional entry
2026-01-20 16:39:01,654 - WARNING - Duplicate patient ID found: stn12, skipping additional entry
2026-01-20 16:39:01,654 - WARNING - Duplicate patient ID found: gpi16, skipping additional entry
2026-01-20 16:39:01,654 - WARNING - Duplicate patient ID found: gpi30, skipping additional entry
2026-01-20 16:39:01,654 - WARNING - Duplicate patient ID found: stn21, skipping additional entry
2026-01-20 16:39:01,654 - WARNING - Duplicate patient ID found: stn22, skipping additional entry
2026-01-20 16:39:01,655 - WARNING - Duplicate patient ID found: stn14, skipping additional entry
2026-01-20 16:39:01,655 - WARNING - Duplicate patient ID found: gpi17, skipping additional entry
2026-01-20 16:39:01,655 - WARNING - Duplicate patient ID found: gpi21, skipping additional entry
2026-01-20 16:39:01,655 - WARNING - Duplicate patient ID found: gpi32, skipping additional entry
2026-01-20 16:39:01,655 - WARNING - Duplicate patient ID found: stn15, skipping additional entry
2026-01-20 16:39:01,655 - INFO - Built FC index with 71 patients
2026-01-20 16:39:01,655 - INFO - Parsing UPDRS data with FC features...
2026-01-20 16:39:01,668 - INFO - Found 55 valid samples
2026-01-20 16:39:01,668 - INFO - Preparing feature matrices with FC features...
2026-01-20 16:39:01,694 - INFO - Feature matrix shape: (55, 199), Class distribution: [24 31]
2026-01-20 16:39:01,694 - INFO - 
============================================================
2026-01-20 16:39:01,694 - INFO - Starting Cross-Validation Experiment: Treatment_Response_ALL_TRANSFORMER_Thresh0.25
2026-01-20 16:39:01,694 - INFO - Total samples: 55 | Class distribution: [24 31]
2026-01-20 16:39:01,695 - INFO - Using model type: TRANSFORMER
2026-01-20 16:39:01,695 - INFO - 
--- Fold 1/5 ---
2026-01-20 16:39:01,695 - INFO - Train size: 44, Test size: 11
2026-01-20 16:39:01,695 - INFO - Train class balance - 0: 19, 1: 25
2026-01-20 16:39:01,695 - INFO - Test class balance  - 0: 5, 1: 6
2026-01-20 16:39:01,987 - INFO - Training TRANSFORMER model for fold 1...
2026-01-20 16:39:02,935 - INFO - Epoch 001/200 - loss: 0.629955
2026-01-20 16:39:04,928 - INFO - Epoch 020/200 - loss: 0.085767
2026-01-20 16:39:07,022 - INFO - Epoch 040/200 - loss: 0.001159
2026-01-20 16:39:09,144 - INFO - Epoch 060/200 - loss: 0.000142
2026-01-20 16:39:11,239 - INFO - Epoch 080/200 - loss: 0.000122
2026-01-20 16:39:13,351 - INFO - Epoch 100/200 - loss: 0.000047
2026-01-20 16:39:15,452 - INFO - Epoch 120/200 - loss: 0.000033
2026-01-20 16:39:17,560 - INFO - Epoch 140/200 - loss: 0.000031
2026-01-20 16:39:19,663 - INFO - Epoch 160/200 - loss: 0.000020
2026-01-20 16:39:21,823 - INFO - Epoch 180/200 - loss: 0.000010
2026-01-20 16:39:23,952 - INFO - Epoch 200/200 - loss: 0.000015
2026-01-20 16:39:23,987 - INFO - Optimal Youden threshold: 0.0000
2026-01-20 16:39:24,002 - INFO - Fold 1 Results - Acc: 0.6364, F1: 0.7500, AUC: 0.3000, AP: 0.4696
2026-01-20 16:39:24,002 - INFO - 
--- Fold 2/5 ---
2026-01-20 16:39:24,002 - INFO - Train size: 44, Test size: 11
2026-01-20 16:39:24,002 - INFO - Train class balance - 0: 19, 1: 25
2026-01-20 16:39:24,002 - INFO - Test class balance  - 0: 5, 1: 6
2026-01-20 16:39:24,068 - INFO - Training TRANSFORMER model for fold 2...
2026-01-20 16:39:24,243 - INFO - Epoch 001/200 - loss: 0.657520
2026-01-20 16:39:26,242 - INFO - Epoch 020/200 - loss: 0.552230
2026-01-20 16:39:28,327 - INFO - Epoch 040/200 - loss: 0.000688
2026-01-20 16:39:30,425 - INFO - Epoch 060/200 - loss: 0.000148
2026-01-20 16:39:32,520 - INFO - Epoch 080/200 - loss: 0.000077
2026-01-20 16:39:34,623 - INFO - Epoch 100/200 - loss: 0.000054
2026-01-20 16:39:36,739 - INFO - Epoch 120/200 - loss: 0.000027
2026-01-20 16:39:38,857 - INFO - Epoch 140/200 - loss: 0.000022
2026-01-20 16:39:40,980 - INFO - Epoch 160/200 - loss: 0.000021
2026-01-20 16:39:43,083 - INFO - Epoch 180/200 - loss: 0.000017
2026-01-20 16:39:45,187 - INFO - Epoch 200/200 - loss: 0.000010
2026-01-20 16:39:45,212 - INFO - Optimal Youden threshold: 1.0000
2026-01-20 16:39:45,226 - INFO - Fold 2 Results - Acc: 0.7273, F1: 0.6667, AUC: 0.6667, AP: 0.8037
2026-01-20 16:39:45,226 - INFO - 
--- Fold 3/5 ---
2026-01-20 16:39:45,226 - INFO - Train size: 44, Test size: 11
2026-01-20 16:39:45,226 - INFO - Train class balance - 0: 19, 1: 25
2026-01-20 16:39:45,226 - INFO - Test class balance  - 0: 5, 1: 6
2026-01-20 16:39:45,292 - INFO - Training TRANSFORMER model for fold 3...
2026-01-20 16:39:45,462 - INFO - Epoch 001/200 - loss: 0.623260
2026-01-20 16:39:47,502 - INFO - Epoch 020/200 - loss: 0.047117
2026-01-20 16:39:49,603 - INFO - Epoch 040/200 - loss: 0.000263
2026-01-20 16:39:51,688 - INFO - Epoch 060/200 - loss: 0.000098
2026-01-20 16:39:53,792 - INFO - Epoch 080/200 - loss: 0.000028
2026-01-20 16:39:55,919 - INFO - Epoch 100/200 - loss: 0.000012
2026-01-20 16:39:58,021 - INFO - Epoch 120/200 - loss: 0.000026
2026-01-20 16:40:00,116 - INFO - Epoch 140/200 - loss: 0.000010
2026-01-20 16:40:02,212 - INFO - Epoch 160/200 - loss: 0.000007
2026-01-20 16:40:04,295 - INFO - Epoch 180/200 - loss: 0.000012
2026-01-20 16:40:06,382 - INFO - Epoch 200/200 - loss: 0.000013
2026-01-20 16:40:06,407 - INFO - Optimal Youden threshold: 0.0000
2026-01-20 16:40:06,420 - INFO - Fold 3 Results - Acc: 0.6364, F1: 0.7500, AUC: 0.2000, AP: 0.4362
2026-01-20 16:40:06,420 - INFO - 
--- Fold 4/5 ---
2026-01-20 16:40:06,420 - INFO - Train size: 44, Test size: 11
2026-01-20 16:40:06,420 - INFO - Train class balance - 0: 19, 1: 25
2026-01-20 16:40:06,420 - INFO - Test class balance  - 0: 5, 1: 6
2026-01-20 16:40:06,490 - INFO - Training TRANSFORMER model for fold 4...
2026-01-20 16:40:06,665 - INFO - Epoch 001/200 - loss: 0.607896
2026-01-20 16:40:08,679 - INFO - Epoch 020/200 - loss: 0.261811
2026-01-20 16:40:10,772 - INFO - Epoch 040/200 - loss: 0.000404
2026-01-20 16:40:12,864 - INFO - Epoch 060/200 - loss: 0.000046
2026-01-20 16:40:14,955 - INFO - Epoch 080/200 - loss: 0.000085
2026-01-20 16:40:17,062 - INFO - Epoch 100/200 - loss: 0.000029
2026-01-20 16:40:19,166 - INFO - Epoch 120/200 - loss: 0.000047
2026-01-20 16:40:21,275 - INFO - Epoch 140/200 - loss: 0.000065
2026-01-20 16:40:23,370 - INFO - Epoch 160/200 - loss: 0.000009
2026-01-20 16:40:25,474 - INFO - Epoch 180/200 - loss: 0.000011
2026-01-20 16:40:27,590 - INFO - Epoch 200/200 - loss: 0.000007
2026-01-20 16:40:27,615 - INFO - Optimal Youden threshold: 0.9103
2026-01-20 16:40:27,628 - INFO - Fold 4 Results - Acc: 0.7273, F1: 0.8000, AUC: 0.6667, AP: 0.7597
2026-01-20 16:40:27,628 - INFO - 
--- Fold 5/5 ---
2026-01-20 16:40:27,628 - INFO - Train size: 44, Test size: 11
2026-01-20 16:40:27,628 - INFO - Train class balance - 0: 20, 1: 24
2026-01-20 16:40:27,628 - INFO - Test class balance  - 0: 4, 1: 7
2026-01-20 16:40:27,694 - INFO - Training TRANSFORMER model for fold 5...
2026-01-20 16:40:27,857 - INFO - Epoch 001/200 - loss: 0.661405
2026-01-20 16:40:29,846 - INFO - Epoch 020/200 - loss: 0.037716
2026-01-20 16:40:31,968 - INFO - Epoch 040/200 - loss: 0.000574
2026-01-20 16:40:34,103 - INFO - Epoch 060/200 - loss: 0.000098
2026-01-20 16:40:36,224 - INFO - Epoch 080/200 - loss: 0.000057
2026-01-20 16:40:38,386 - INFO - Epoch 100/200 - loss: 0.000047
2026-01-20 16:40:40,514 - INFO - Epoch 120/200 - loss: 0.000024
2026-01-20 16:40:42,628 - INFO - Epoch 140/200 - loss: 0.000016
2026-01-20 16:40:44,724 - INFO - Epoch 160/200 - loss: 0.000049
2026-01-20 16:40:46,825 - INFO - Epoch 180/200 - loss: 0.000008
2026-01-20 16:40:48,927 - INFO - Epoch 200/200 - loss: 0.000013
2026-01-20 16:40:48,952 - INFO - Optimal Youden threshold: 1.0000
2026-01-20 16:40:48,965 - INFO - Fold 5 Results - Acc: 0.4545, F1: 0.2500, AUC: 0.2500, AP: 0.6267
2026-01-20 16:40:48,965 - INFO - 
============================================================
2026-01-20 16:40:48,965 - INFO - FINAL CROSS-VALIDATION RESULTS FOR: Treatment_Response_ALL_TRANSFORMER_Thresh0.25
2026-01-20 16:40:48,965 - INFO - ACC       : 0.6364 ± 0.0996
2026-01-20 16:40:48,965 - INFO - F1        : 0.6433 ± 0.2013
2026-01-20 16:40:48,965 - INFO - PRECISION : 0.7733 ± 0.1867
2026-01-20 16:40:48,965 - INFO - RECALL    : 0.7286 ± 0.3511
2026-01-20 16:40:48,966 - INFO - AUC       : 0.4167 ± 0.2066
2026-01-20 16:40:48,966 - INFO - AP        : 0.6192 ± 0.1481
2026-01-20 16:40:48,966 - INFO - ============================================================

2026-01-20 16:40:48,970 - INFO - Results saved to final_results_Treatment_Response_ALL_TRANSFORMER_Thresh0.25.json
2026-01-20 16:40:48,970 - INFO - Total execution time: 107.32 seconds
2026-01-20 16:41:04,115 - INFO - Using device: cuda
2026-01-20 16:41:04,116 - INFO - Hyperparameters: {
  "batch_size": 8,
  "learning_rate": 0.0005,
  "num_epochs": 50,
  "hidden_dim": 256,
  "num_blocks": 4,
  "dropout": 0.3,
  "feature_type": "ALL",
  "improvement_threshold": 0.25,
  "model_type": "GCN",
  "svm_params": {
    "C": 1.0,
    "kernel": "rbf",
    "gamma": "scale",
    "probability": true
  },
  "transformer_params": {
    "d_model": 128,
    "nhead": 8,
    "dim_feedforward": 256,
    "num_layers": 4,
    "use_cls_token": true
  },
  "gcn_params": {
    "gcn_hidden": 128,
    "gcn_layers": 2
  }
}
2026-01-20 16:41:04,116 - INFO - Starting treatment response prediction pipeline
2026-01-20 16:41:04,116 - INFO - Building FC file index...
2026-01-20 16:41:04,117 - WARNING - Duplicate patient ID found: stn02, skipping additional entry
2026-01-20 16:41:04,117 - WARNING - Duplicate patient ID found: gpi11, skipping additional entry
2026-01-20 16:41:04,117 - WARNING - Duplicate patient ID found: gpi02, skipping additional entry
2026-01-20 16:41:04,117 - WARNING - Duplicate patient ID found: gpi19, skipping additional entry
2026-01-20 16:41:04,117 - WARNING - Duplicate patient ID found: stn23, skipping additional entry
2026-01-20 16:41:04,117 - WARNING - Duplicate patient ID found: stn03, skipping additional entry
2026-01-20 16:41:04,118 - WARNING - Duplicate patient ID found: gpi20, skipping additional entry
2026-01-20 16:41:04,118 - WARNING - Duplicate patient ID found: stn04, skipping additional entry
2026-01-20 16:41:04,118 - WARNING - Duplicate patient ID found: stn24, skipping additional entry
2026-01-20 16:41:04,118 - WARNING - Duplicate patient ID found: gpi04, skipping additional entry
2026-01-20 16:41:04,118 - WARNING - Duplicate patient ID found: gpi15, skipping additional entry
2026-01-20 16:41:04,118 - WARNING - Duplicate patient ID found: stn19, skipping additional entry
2026-01-20 16:41:04,118 - WARNING - Duplicate patient ID found: stn08, skipping additional entry
2026-01-20 16:41:04,118 - WARNING - Duplicate patient ID found: stn11, skipping additional entry
2026-01-20 16:41:04,118 - WARNING - Duplicate patient ID found: gpi07, skipping additional entry
2026-01-20 16:41:04,118 - WARNING - Duplicate patient ID found: gpi26, skipping additional entry
2026-01-20 16:41:04,118 - WARNING - Duplicate patient ID found: stn13, skipping additional entry
2026-01-20 16:41:04,118 - WARNING - Duplicate patient ID found: gpi06, skipping additional entry
2026-01-20 16:41:04,118 - WARNING - Duplicate patient ID found: stn30, skipping additional entry
2026-01-20 16:41:04,119 - WARNING - Duplicate patient ID found: stn18, skipping additional entry
2026-01-20 16:41:04,119 - WARNING - Duplicate patient ID found: gpi24, skipping additional entry
2026-01-20 16:41:04,119 - WARNING - Duplicate patient ID found: gpi13, skipping additional entry
2026-01-20 16:41:04,119 - WARNING - Duplicate patient ID found: stn07, skipping additional entry
2026-01-20 16:41:04,119 - WARNING - Duplicate patient ID found: stn20, skipping additional entry
2026-01-20 16:41:04,119 - WARNING - Duplicate patient ID found: gpi12, skipping additional entry
2026-01-20 16:41:04,119 - WARNING - Duplicate patient ID found: stn01, skipping additional entry
2026-01-20 16:41:04,119 - WARNING - Duplicate patient ID found: gpi22, skipping additional entry
2026-01-20 16:41:04,119 - WARNING - Duplicate patient ID found: gpi18, skipping additional entry
2026-01-20 16:41:04,119 - WARNING - Duplicate patient ID found: gpi09, skipping additional entry
2026-01-20 16:41:04,119 - WARNING - Duplicate patient ID found: gpi25, skipping additional entry
2026-01-20 16:41:04,119 - WARNING - Duplicate patient ID found: stn29, skipping additional entry
2026-01-20 16:41:04,119 - WARNING - Duplicate patient ID found: gpi31, skipping additional entry
2026-01-20 16:41:04,119 - WARNING - Duplicate patient ID found: stn10, skipping additional entry
2026-01-20 16:41:04,120 - WARNING - Duplicate patient ID found: gpi28, skipping additional entry
2026-01-20 16:41:04,120 - WARNING - Duplicate patient ID found: stn31, skipping additional entry
2026-01-20 16:41:04,120 - WARNING - Duplicate patient ID found: gpi03, skipping additional entry
2026-01-20 16:41:04,120 - WARNING - Duplicate patient ID found: gpi05, skipping additional entry
2026-01-20 16:41:04,120 - WARNING - Duplicate patient ID found: stn25, skipping additional entry
2026-01-20 16:41:04,120 - WARNING - Duplicate patient ID found: gpi08, skipping additional entry
2026-01-20 16:41:04,120 - WARNING - Duplicate patient ID found: gpi27, skipping additional entry
2026-01-20 16:41:04,120 - WARNING - Duplicate patient ID found: stn16, skipping additional entry
2026-01-20 16:41:04,120 - WARNING - Duplicate patient ID found: gpi23, skipping additional entry
2026-01-20 16:41:04,120 - WARNING - Duplicate patient ID found: stn09, skipping additional entry
2026-01-20 16:41:04,120 - WARNING - Duplicate patient ID found: stn28, skipping additional entry
2026-01-20 16:41:04,120 - WARNING - Duplicate patient ID found: stn06, skipping additional entry
2026-01-20 16:41:04,120 - WARNING - Duplicate patient ID found: stn12, skipping additional entry
2026-01-20 16:41:04,120 - WARNING - Duplicate patient ID found: gpi16, skipping additional entry
2026-01-20 16:41:04,120 - WARNING - Duplicate patient ID found: gpi30, skipping additional entry
2026-01-20 16:41:04,120 - WARNING - Duplicate patient ID found: stn21, skipping additional entry
2026-01-20 16:41:04,120 - WARNING - Duplicate patient ID found: stn22, skipping additional entry
2026-01-20 16:41:04,121 - WARNING - Duplicate patient ID found: stn14, skipping additional entry
2026-01-20 16:41:04,121 - WARNING - Duplicate patient ID found: gpi17, skipping additional entry
2026-01-20 16:41:04,121 - WARNING - Duplicate patient ID found: gpi21, skipping additional entry
2026-01-20 16:41:04,121 - WARNING - Duplicate patient ID found: gpi32, skipping additional entry
2026-01-20 16:41:04,121 - WARNING - Duplicate patient ID found: stn15, skipping additional entry
2026-01-20 16:41:04,121 - INFO - Built FC index with 71 patients
2026-01-20 16:41:04,121 - INFO - Parsing UPDRS data with FC features...
2026-01-20 16:41:04,134 - INFO - Found 55 valid samples
2026-01-20 16:41:04,134 - INFO - Preparing feature matrices with FC features...
2026-01-20 16:41:04,160 - INFO - Feature matrix shape: (55, 199), Class distribution: [24 31]
2026-01-20 16:41:04,160 - INFO - 
============================================================
2026-01-20 16:41:04,160 - INFO - Starting Cross-Validation Experiment: Treatment_Response_ALL_GCN_Thresh0.25
2026-01-20 16:41:04,160 - INFO - Total samples: 55 | Class distribution: [24 31]
2026-01-20 16:41:04,161 - INFO - Using model type: GCN
2026-01-20 16:41:04,161 - INFO - 
--- Fold 1/5 ---
2026-01-20 16:41:04,161 - INFO - Train size: 44, Test size: 11
2026-01-20 16:41:04,161 - INFO - Train class balance - 0: 19, 1: 25
2026-01-20 16:41:04,161 - INFO - Test class balance  - 0: 5, 1: 6
2026-01-20 16:41:04,364 - INFO - Training GCN model for fold 1...
2026-01-20 16:41:05,235 - INFO - Epoch 001/50 - loss: 0.637896
2026-01-20 16:41:06,634 - INFO - Epoch 020/50 - loss: 0.050290
2026-01-20 16:41:08,189 - INFO - Epoch 040/50 - loss: 0.004988
2026-01-20 16:41:08,906 - INFO - Epoch 050/50 - loss: 0.000857
2026-01-20 16:41:08,926 - INFO - Optimal Youden threshold: 0.7116
2026-01-20 16:41:08,939 - INFO - Fold 1 Results - Acc: 0.7273, F1: 0.7273, AUC: 0.6000, AP: 0.6454
2026-01-20 16:41:08,939 - INFO - 
--- Fold 2/5 ---
2026-01-20 16:41:08,939 - INFO - Train size: 44, Test size: 11
2026-01-20 16:41:08,939 - INFO - Train class balance - 0: 19, 1: 25
2026-01-20 16:41:08,939 - INFO - Test class balance  - 0: 5, 1: 6
2026-01-20 16:41:08,941 - INFO - Training GCN model for fold 2...
2026-01-20 16:41:09,081 - INFO - Epoch 001/50 - loss: 0.611846
2026-01-20 16:41:10,447 - INFO - Epoch 020/50 - loss: 0.063824
2026-01-20 16:41:11,894 - INFO - Epoch 040/50 - loss: 0.001926
2026-01-20 16:41:12,601 - INFO - Epoch 050/50 - loss: 0.000745
2026-01-20 16:41:12,625 - INFO - Optimal Youden threshold: 0.4339
2026-01-20 16:41:12,637 - INFO - Fold 2 Results - Acc: 0.7273, F1: 0.7273, AUC: 0.7000, AP: 0.8016
2026-01-20 16:41:12,637 - INFO - 
--- Fold 3/5 ---
2026-01-20 16:41:12,637 - INFO - Train size: 44, Test size: 11
2026-01-20 16:41:12,637 - INFO - Train class balance - 0: 19, 1: 25
2026-01-20 16:41:12,637 - INFO - Test class balance  - 0: 5, 1: 6
2026-01-20 16:41:12,639 - INFO - Training GCN model for fold 3...
2026-01-20 16:41:12,793 - INFO - Epoch 001/50 - loss: 0.612033
2026-01-20 16:41:14,172 - INFO - Epoch 020/50 - loss: 0.046708
2026-01-20 16:41:15,658 - INFO - Epoch 040/50 - loss: 0.001401
2026-01-20 16:41:16,373 - INFO - Epoch 050/50 - loss: 0.001101
2026-01-20 16:41:16,391 - INFO - Optimal Youden threshold: 0.4995
2026-01-20 16:41:16,402 - INFO - Fold 3 Results - Acc: 0.7273, F1: 0.7692, AUC: 0.6000, AP: 0.6079
2026-01-20 16:41:16,402 - INFO - 
--- Fold 4/5 ---
2026-01-20 16:41:16,402 - INFO - Train size: 44, Test size: 11
2026-01-20 16:41:16,402 - INFO - Train class balance - 0: 19, 1: 25
2026-01-20 16:41:16,402 - INFO - Test class balance  - 0: 5, 1: 6
2026-01-20 16:41:16,404 - INFO - Training GCN model for fold 4...
2026-01-20 16:41:16,545 - INFO - Epoch 001/50 - loss: 0.600092
2026-01-20 16:41:17,991 - INFO - Epoch 020/50 - loss: 0.043438
2026-01-20 16:41:19,445 - INFO - Epoch 040/50 - loss: 0.001436
2026-01-20 16:41:20,187 - INFO - Epoch 050/50 - loss: 0.001405
2026-01-20 16:41:20,204 - INFO - Optimal Youden threshold: 0.9983
2026-01-20 16:41:20,217 - INFO - Fold 4 Results - Acc: 0.7273, F1: 0.6667, AUC: 0.7333, AP: 0.8302
2026-01-20 16:41:20,217 - INFO - 
--- Fold 5/5 ---
2026-01-20 16:41:20,217 - INFO - Train size: 44, Test size: 11
2026-01-20 16:41:20,217 - INFO - Train class balance - 0: 20, 1: 24
2026-01-20 16:41:20,217 - INFO - Test class balance  - 0: 4, 1: 7
2026-01-20 16:41:20,219 - INFO - Training GCN model for fold 5...
2026-01-20 16:41:20,357 - INFO - Epoch 001/50 - loss: 0.632091
2026-01-20 16:41:21,749 - INFO - Epoch 020/50 - loss: 0.037240
2026-01-20 16:41:23,216 - INFO - Epoch 040/50 - loss: 0.001823
2026-01-20 16:41:23,912 - INFO - Epoch 050/50 - loss: 0.000720
2026-01-20 16:41:23,935 - INFO - Optimal Youden threshold: 0.9977
2026-01-20 16:41:23,946 - INFO - Fold 5 Results - Acc: 0.5455, F1: 0.4444, AUC: 0.5000, AP: 0.7421
2026-01-20 16:41:23,946 - INFO - 
============================================================
2026-01-20 16:41:23,946 - INFO - FINAL CROSS-VALIDATION RESULTS FOR: Treatment_Response_ALL_GCN_Thresh0.25
2026-01-20 16:41:23,946 - INFO - ACC       : 0.6909 ± 0.0727
2026-01-20 16:41:23,946 - INFO - F1        : 0.6670 ± 0.1160
2026-01-20 16:41:23,946 - INFO - PRECISION : 0.8629 ± 0.1163
2026-01-20 16:41:23,946 - INFO - RECALL    : 0.5905 ± 0.1853
2026-01-20 16:41:23,946 - INFO - AUC       : 0.6267 ± 0.0827
2026-01-20 16:41:23,946 - INFO - AP        : 0.7254 ± 0.0863
2026-01-20 16:41:23,946 - INFO - ============================================================

2026-01-20 16:41:23,947 - INFO - Results saved to final_results_Treatment_Response_ALL_GCN_Thresh0.25.json
2026-01-20 16:41:23,947 - INFO - Total execution time: 19.83 seconds
2026-01-20 16:42:16,465 - INFO - Using device: cuda
2026-01-20 16:42:16,465 - INFO - Hyperparameters: {
  "batch_size": 8,
  "learning_rate": 0.0005,
  "num_epochs": 50,
  "hidden_dim": 256,
  "num_blocks": 4,
  "dropout": 0.3,
  "feature_type": "ALL",
  "improvement_threshold": 0.25,
  "model_type": "TRANSFORMER",
  "svm_params": {
    "C": 1.0,
    "kernel": "rbf",
    "gamma": "scale",
    "probability": true
  },
  "transformer_params": {
    "d_model": 128,
    "nhead": 8,
    "dim_feedforward": 256,
    "num_layers": 4,
    "use_cls_token": true
  },
  "gcn_params": {
    "gcn_hidden": 128,
    "gcn_layers": 2
  }
}
2026-01-20 16:42:16,466 - INFO - Starting treatment response prediction pipeline
2026-01-20 16:42:16,466 - INFO - Building FC file index...
2026-01-20 16:42:16,466 - WARNING - Duplicate patient ID found: stn02, skipping additional entry
2026-01-20 16:42:16,467 - WARNING - Duplicate patient ID found: gpi11, skipping additional entry
2026-01-20 16:42:16,467 - WARNING - Duplicate patient ID found: gpi02, skipping additional entry
2026-01-20 16:42:16,467 - WARNING - Duplicate patient ID found: gpi19, skipping additional entry
2026-01-20 16:42:16,467 - WARNING - Duplicate patient ID found: stn23, skipping additional entry
2026-01-20 16:42:16,467 - WARNING - Duplicate patient ID found: stn03, skipping additional entry
2026-01-20 16:42:16,467 - WARNING - Duplicate patient ID found: gpi20, skipping additional entry
2026-01-20 16:42:16,467 - WARNING - Duplicate patient ID found: stn04, skipping additional entry
2026-01-20 16:42:16,467 - WARNING - Duplicate patient ID found: stn24, skipping additional entry
2026-01-20 16:42:16,468 - WARNING - Duplicate patient ID found: gpi04, skipping additional entry
2026-01-20 16:42:16,468 - WARNING - Duplicate patient ID found: gpi15, skipping additional entry
2026-01-20 16:42:16,468 - WARNING - Duplicate patient ID found: stn19, skipping additional entry
2026-01-20 16:42:16,468 - WARNING - Duplicate patient ID found: stn08, skipping additional entry
2026-01-20 16:42:16,468 - WARNING - Duplicate patient ID found: stn11, skipping additional entry
2026-01-20 16:42:16,468 - WARNING - Duplicate patient ID found: gpi07, skipping additional entry
2026-01-20 16:42:16,468 - WARNING - Duplicate patient ID found: gpi26, skipping additional entry
2026-01-20 16:42:16,468 - WARNING - Duplicate patient ID found: stn13, skipping additional entry
2026-01-20 16:42:16,468 - WARNING - Duplicate patient ID found: gpi06, skipping additional entry
2026-01-20 16:42:16,468 - WARNING - Duplicate patient ID found: stn30, skipping additional entry
2026-01-20 16:42:16,468 - WARNING - Duplicate patient ID found: stn18, skipping additional entry
2026-01-20 16:42:16,468 - WARNING - Duplicate patient ID found: gpi24, skipping additional entry
2026-01-20 16:42:16,468 - WARNING - Duplicate patient ID found: gpi13, skipping additional entry
2026-01-20 16:42:16,468 - WARNING - Duplicate patient ID found: stn07, skipping additional entry
2026-01-20 16:42:16,469 - WARNING - Duplicate patient ID found: stn20, skipping additional entry
2026-01-20 16:42:16,469 - WARNING - Duplicate patient ID found: gpi12, skipping additional entry
2026-01-20 16:42:16,469 - WARNING - Duplicate patient ID found: stn01, skipping additional entry
2026-01-20 16:42:16,469 - WARNING - Duplicate patient ID found: gpi22, skipping additional entry
2026-01-20 16:42:16,469 - WARNING - Duplicate patient ID found: gpi18, skipping additional entry
2026-01-20 16:42:16,469 - WARNING - Duplicate patient ID found: gpi09, skipping additional entry
2026-01-20 16:42:16,469 - WARNING - Duplicate patient ID found: gpi25, skipping additional entry
2026-01-20 16:42:16,469 - WARNING - Duplicate patient ID found: stn29, skipping additional entry
2026-01-20 16:42:16,469 - WARNING - Duplicate patient ID found: gpi31, skipping additional entry
2026-01-20 16:42:16,469 - WARNING - Duplicate patient ID found: stn10, skipping additional entry
2026-01-20 16:42:16,469 - WARNING - Duplicate patient ID found: gpi28, skipping additional entry
2026-01-20 16:42:16,469 - WARNING - Duplicate patient ID found: stn31, skipping additional entry
2026-01-20 16:42:16,469 - WARNING - Duplicate patient ID found: gpi03, skipping additional entry
2026-01-20 16:42:16,469 - WARNING - Duplicate patient ID found: gpi05, skipping additional entry
2026-01-20 16:42:16,469 - WARNING - Duplicate patient ID found: stn25, skipping additional entry
2026-01-20 16:42:16,470 - WARNING - Duplicate patient ID found: gpi08, skipping additional entry
2026-01-20 16:42:16,470 - WARNING - Duplicate patient ID found: gpi27, skipping additional entry
2026-01-20 16:42:16,470 - WARNING - Duplicate patient ID found: stn16, skipping additional entry
2026-01-20 16:42:16,470 - WARNING - Duplicate patient ID found: gpi23, skipping additional entry
2026-01-20 16:42:16,470 - WARNING - Duplicate patient ID found: stn09, skipping additional entry
2026-01-20 16:42:16,470 - WARNING - Duplicate patient ID found: stn28, skipping additional entry
2026-01-20 16:42:16,470 - WARNING - Duplicate patient ID found: stn06, skipping additional entry
2026-01-20 16:42:16,470 - WARNING - Duplicate patient ID found: stn12, skipping additional entry
2026-01-20 16:42:16,470 - WARNING - Duplicate patient ID found: gpi16, skipping additional entry
2026-01-20 16:42:16,470 - WARNING - Duplicate patient ID found: gpi30, skipping additional entry
2026-01-20 16:42:16,470 - WARNING - Duplicate patient ID found: stn21, skipping additional entry
2026-01-20 16:42:16,470 - WARNING - Duplicate patient ID found: stn22, skipping additional entry
2026-01-20 16:42:16,470 - WARNING - Duplicate patient ID found: stn14, skipping additional entry
2026-01-20 16:42:16,470 - WARNING - Duplicate patient ID found: gpi17, skipping additional entry
2026-01-20 16:42:16,470 - WARNING - Duplicate patient ID found: gpi21, skipping additional entry
2026-01-20 16:42:16,470 - WARNING - Duplicate patient ID found: gpi32, skipping additional entry
2026-01-20 16:42:16,470 - WARNING - Duplicate patient ID found: stn15, skipping additional entry
2026-01-20 16:42:16,471 - INFO - Built FC index with 71 patients
2026-01-20 16:42:16,471 - INFO - Parsing UPDRS data with FC features...
2026-01-20 16:42:16,483 - INFO - Found 55 valid samples
2026-01-20 16:42:16,484 - INFO - Preparing feature matrices with FC features...
2026-01-20 16:42:16,510 - INFO - Feature matrix shape: (55, 199), Class distribution: [24 31]
2026-01-20 16:42:16,510 - INFO - 
============================================================
2026-01-20 16:42:16,510 - INFO - Starting Cross-Validation Experiment: Treatment_Response_ALL_TRANSFORMER_Thresh0.25
2026-01-20 16:42:16,510 - INFO - Total samples: 55 | Class distribution: [24 31]
2026-01-20 16:42:16,510 - INFO - Using model type: TRANSFORMER
2026-01-20 16:42:16,511 - INFO - 
--- Fold 1/5 ---
2026-01-20 16:42:16,511 - INFO - Train size: 44, Test size: 11
2026-01-20 16:42:16,511 - INFO - Train class balance - 0: 19, 1: 25
2026-01-20 16:42:16,511 - INFO - Test class balance  - 0: 5, 1: 6
2026-01-20 16:42:16,792 - INFO - Training TRANSFORMER model for fold 1...
2026-01-20 16:42:17,732 - INFO - Epoch 001/50 - loss: 0.628889
2026-01-20 16:42:19,752 - INFO - Epoch 020/50 - loss: 0.177222
2026-01-20 16:42:21,898 - INFO - Epoch 040/50 - loss: 0.000418
2026-01-20 16:42:22,954 - INFO - Epoch 050/50 - loss: 0.000155
2026-01-20 16:42:22,981 - INFO - Optimal Youden threshold: 1.0000
2026-01-20 16:42:22,995 - INFO - Fold 1 Results - Acc: 0.5455, F1: 0.2857, AUC: 0.3333, AP: 0.5975
2026-01-20 16:42:22,995 - INFO - 
--- Fold 2/5 ---
2026-01-20 16:42:22,995 - INFO - Train size: 44, Test size: 11
2026-01-20 16:42:22,996 - INFO - Train class balance - 0: 19, 1: 25
2026-01-20 16:42:22,996 - INFO - Test class balance  - 0: 5, 1: 6
2026-01-20 16:42:23,066 - INFO - Training TRANSFORMER model for fold 2...
2026-01-20 16:42:23,250 - INFO - Epoch 001/50 - loss: 0.627469
2026-01-20 16:42:25,278 - INFO - Epoch 020/50 - loss: 0.010236
2026-01-20 16:42:27,682 - INFO - Epoch 040/50 - loss: 0.008000
2026-01-20 16:42:28,727 - INFO - Epoch 050/50 - loss: 0.000040
2026-01-20 16:42:28,749 - INFO - Optimal Youden threshold: 1.0000
2026-01-20 16:42:28,763 - INFO - Fold 2 Results - Acc: 0.5455, F1: 0.2857, AUC: 0.3333, AP: 0.5716
2026-01-20 16:42:28,763 - INFO - 
--- Fold 3/5 ---
2026-01-20 16:42:28,763 - INFO - Train size: 44, Test size: 11
2026-01-20 16:42:28,763 - INFO - Train class balance - 0: 19, 1: 25
2026-01-20 16:42:28,763 - INFO - Test class balance  - 0: 5, 1: 6
2026-01-20 16:42:28,829 - INFO - Training TRANSFORMER model for fold 3...
2026-01-20 16:42:29,002 - INFO - Epoch 001/50 - loss: 0.645131
2026-01-20 16:42:31,087 - INFO - Epoch 020/50 - loss: 0.029142
2026-01-20 16:42:33,185 - INFO - Epoch 040/50 - loss: 0.000290
2026-01-20 16:42:34,229 - INFO - Epoch 050/50 - loss: 0.000092
2026-01-20 16:42:34,253 - INFO - Optimal Youden threshold: 0.0001
2026-01-20 16:42:34,265 - INFO - Fold 3 Results - Acc: 0.5455, F1: 0.6667, AUC: 0.2667, AP: 0.4605
2026-01-20 16:42:34,265 - INFO - 
--- Fold 4/5 ---
2026-01-20 16:42:34,265 - INFO - Train size: 44, Test size: 11
2026-01-20 16:42:34,265 - INFO - Train class balance - 0: 19, 1: 25
2026-01-20 16:42:34,265 - INFO - Test class balance  - 0: 5, 1: 6
2026-01-20 16:42:34,324 - INFO - Training TRANSFORMER model for fold 4...
2026-01-20 16:42:34,499 - INFO - Epoch 001/50 - loss: 0.820769
2026-01-20 16:42:36,594 - INFO - Epoch 020/50 - loss: 0.079199
2026-01-20 16:42:38,712 - INFO - Epoch 040/50 - loss: 0.001000
2026-01-20 16:42:39,764 - INFO - Epoch 050/50 - loss: 0.000186
2026-01-20 16:42:39,789 - INFO - Optimal Youden threshold: 1.0000
2026-01-20 16:42:39,803 - INFO - Fold 4 Results - Acc: 0.6364, F1: 0.5000, AUC: 0.5000, AP: 0.6954
2026-01-20 16:42:39,803 - INFO - 
--- Fold 5/5 ---
2026-01-20 16:42:39,803 - INFO - Train size: 44, Test size: 11
2026-01-20 16:42:39,803 - INFO - Train class balance - 0: 20, 1: 24
2026-01-20 16:42:39,803 - INFO - Test class balance  - 0: 4, 1: 7
2026-01-20 16:42:39,860 - INFO - Training TRANSFORMER model for fold 5...
2026-01-20 16:42:40,039 - INFO - Epoch 001/50 - loss: 0.662220
2026-01-20 16:42:42,115 - INFO - Epoch 020/50 - loss: 0.072221
2026-01-20 16:42:44,229 - INFO - Epoch 040/50 - loss: 0.000367
2026-01-20 16:42:45,300 - INFO - Epoch 050/50 - loss: 0.000211
2026-01-20 16:42:45,322 - INFO - Optimal Youden threshold: 0.9998
2026-01-20 16:42:45,334 - INFO - Fold 5 Results - Acc: 0.7273, F1: 0.7273, AUC: 0.6071, AP: 0.8373
2026-01-20 16:42:45,335 - INFO - 
============================================================
2026-01-20 16:42:45,335 - INFO - FINAL CROSS-VALIDATION RESULTS FOR: Treatment_Response_ALL_TRANSFORMER_Thresh0.25
2026-01-20 16:42:45,335 - INFO - ACC       : 0.6000 ± 0.0727
2026-01-20 16:42:45,335 - INFO - F1        : 0.4931 ± 0.1849
2026-01-20 16:42:45,335 - INFO - PRECISION : 0.9111 ± 0.1778
2026-01-20 16:42:45,335 - INFO - RECALL    : 0.4143 ± 0.2567
2026-01-20 16:42:45,335 - INFO - AUC       : 0.4081 ± 0.1259
2026-01-20 16:42:45,335 - INFO - AP        : 0.6325 ± 0.1268
2026-01-20 16:42:45,335 - INFO - ============================================================

2026-01-20 16:42:45,337 - INFO - Results saved to final_results_Treatment_Response_ALL_TRANSFORMER_Thresh0.25.json
2026-01-20 16:42:45,337 - INFO - Total execution time: 28.87 seconds
2026-01-20 16:43:18,094 - INFO - Using device: cuda
2026-01-20 16:43:18,094 - INFO - Hyperparameters: {
  "batch_size": 8,
  "learning_rate": 0.0005,
  "num_epochs": 200,
  "hidden_dim": 256,
  "num_blocks": 4,
  "dropout": 0.3,
  "feature_type": "ALL",
  "improvement_threshold": 0.25,
  "model_type": "TRANSFORMER",
  "svm_params": {
    "C": 1.0,
    "kernel": "rbf",
    "gamma": "scale",
    "probability": true
  },
  "transformer_params": {
    "d_model": 128,
    "nhead": 8,
    "dim_feedforward": 256,
    "num_layers": 4,
    "use_cls_token": true
  },
  "gcn_params": {
    "gcn_hidden": 128,
    "gcn_layers": 2
  }
}
2026-01-20 16:43:18,094 - INFO - Starting treatment response prediction pipeline
2026-01-20 16:43:18,094 - INFO - Building FC file index...
2026-01-20 16:43:18,095 - WARNING - Duplicate patient ID found: stn02, skipping additional entry
2026-01-20 16:43:18,096 - WARNING - Duplicate patient ID found: gpi11, skipping additional entry
2026-01-20 16:43:18,096 - WARNING - Duplicate patient ID found: gpi02, skipping additional entry
2026-01-20 16:43:18,096 - WARNING - Duplicate patient ID found: gpi19, skipping additional entry
2026-01-20 16:43:18,096 - WARNING - Duplicate patient ID found: stn23, skipping additional entry
2026-01-20 16:43:18,096 - WARNING - Duplicate patient ID found: stn03, skipping additional entry
2026-01-20 16:43:18,096 - WARNING - Duplicate patient ID found: gpi20, skipping additional entry
2026-01-20 16:43:18,096 - WARNING - Duplicate patient ID found: stn04, skipping additional entry
2026-01-20 16:43:18,096 - WARNING - Duplicate patient ID found: stn24, skipping additional entry
2026-01-20 16:43:18,096 - WARNING - Duplicate patient ID found: gpi04, skipping additional entry
2026-01-20 16:43:18,096 - WARNING - Duplicate patient ID found: gpi15, skipping additional entry
2026-01-20 16:43:18,097 - WARNING - Duplicate patient ID found: stn19, skipping additional entry
2026-01-20 16:43:18,097 - WARNING - Duplicate patient ID found: stn08, skipping additional entry
2026-01-20 16:43:18,097 - WARNING - Duplicate patient ID found: stn11, skipping additional entry
2026-01-20 16:43:18,097 - WARNING - Duplicate patient ID found: gpi07, skipping additional entry
2026-01-20 16:43:18,097 - WARNING - Duplicate patient ID found: gpi26, skipping additional entry
2026-01-20 16:43:18,097 - WARNING - Duplicate patient ID found: stn13, skipping additional entry
2026-01-20 16:43:18,097 - WARNING - Duplicate patient ID found: gpi06, skipping additional entry
2026-01-20 16:43:18,097 - WARNING - Duplicate patient ID found: stn30, skipping additional entry
2026-01-20 16:43:18,097 - WARNING - Duplicate patient ID found: stn18, skipping additional entry
2026-01-20 16:43:18,097 - WARNING - Duplicate patient ID found: gpi24, skipping additional entry
2026-01-20 16:43:18,097 - WARNING - Duplicate patient ID found: gpi13, skipping additional entry
2026-01-20 16:43:18,097 - WARNING - Duplicate patient ID found: stn07, skipping additional entry
2026-01-20 16:43:18,097 - WARNING - Duplicate patient ID found: stn20, skipping additional entry
2026-01-20 16:43:18,097 - WARNING - Duplicate patient ID found: gpi12, skipping additional entry
2026-01-20 16:43:18,098 - WARNING - Duplicate patient ID found: stn01, skipping additional entry
2026-01-20 16:43:18,098 - WARNING - Duplicate patient ID found: gpi22, skipping additional entry
2026-01-20 16:43:18,098 - WARNING - Duplicate patient ID found: gpi18, skipping additional entry
2026-01-20 16:43:18,098 - WARNING - Duplicate patient ID found: gpi09, skipping additional entry
2026-01-20 16:43:18,098 - WARNING - Duplicate patient ID found: gpi25, skipping additional entry
2026-01-20 16:43:18,098 - WARNING - Duplicate patient ID found: stn29, skipping additional entry
2026-01-20 16:43:18,098 - WARNING - Duplicate patient ID found: gpi31, skipping additional entry
2026-01-20 16:43:18,098 - WARNING - Duplicate patient ID found: stn10, skipping additional entry
2026-01-20 16:43:18,098 - WARNING - Duplicate patient ID found: gpi28, skipping additional entry
2026-01-20 16:43:18,098 - WARNING - Duplicate patient ID found: stn31, skipping additional entry
2026-01-20 16:43:18,098 - WARNING - Duplicate patient ID found: gpi03, skipping additional entry
2026-01-20 16:43:18,098 - WARNING - Duplicate patient ID found: gpi05, skipping additional entry
2026-01-20 16:43:18,098 - WARNING - Duplicate patient ID found: stn25, skipping additional entry
2026-01-20 16:43:18,098 - WARNING - Duplicate patient ID found: gpi08, skipping additional entry
2026-01-20 16:43:18,098 - WARNING - Duplicate patient ID found: gpi27, skipping additional entry
2026-01-20 16:43:18,098 - WARNING - Duplicate patient ID found: stn16, skipping additional entry
2026-01-20 16:43:18,099 - WARNING - Duplicate patient ID found: gpi23, skipping additional entry
2026-01-20 16:43:18,099 - WARNING - Duplicate patient ID found: stn09, skipping additional entry
2026-01-20 16:43:18,099 - WARNING - Duplicate patient ID found: stn28, skipping additional entry
2026-01-20 16:43:18,099 - WARNING - Duplicate patient ID found: stn06, skipping additional entry
2026-01-20 16:43:18,099 - WARNING - Duplicate patient ID found: stn12, skipping additional entry
2026-01-20 16:43:18,099 - WARNING - Duplicate patient ID found: gpi16, skipping additional entry
2026-01-20 16:43:18,099 - WARNING - Duplicate patient ID found: gpi30, skipping additional entry
2026-01-20 16:43:18,099 - WARNING - Duplicate patient ID found: stn21, skipping additional entry
2026-01-20 16:43:18,099 - WARNING - Duplicate patient ID found: stn22, skipping additional entry
2026-01-20 16:43:18,099 - WARNING - Duplicate patient ID found: stn14, skipping additional entry
2026-01-20 16:43:18,099 - WARNING - Duplicate patient ID found: gpi17, skipping additional entry
2026-01-20 16:43:18,099 - WARNING - Duplicate patient ID found: gpi21, skipping additional entry
2026-01-20 16:43:18,099 - WARNING - Duplicate patient ID found: gpi32, skipping additional entry
2026-01-20 16:43:18,099 - WARNING - Duplicate patient ID found: stn15, skipping additional entry
2026-01-20 16:43:18,099 - INFO - Built FC index with 71 patients
2026-01-20 16:43:18,099 - INFO - Parsing UPDRS data with FC features...
2026-01-20 16:43:18,113 - INFO - Found 55 valid samples
2026-01-20 16:43:18,113 - INFO - Preparing feature matrices with FC features...
2026-01-20 16:43:18,139 - INFO - Feature matrix shape: (55, 199), Class distribution: [24 31]
2026-01-20 16:43:18,139 - INFO - 
============================================================
2026-01-20 16:43:18,139 - INFO - Starting Cross-Validation Experiment: Treatment_Response_ALL_TRANSFORMER_Thresh0.25
2026-01-20 16:43:18,139 - INFO - Total samples: 55 | Class distribution: [24 31]
2026-01-20 16:43:18,139 - INFO - Using model type: TRANSFORMER
2026-01-20 16:43:18,140 - INFO - 
--- Fold 1/5 ---
2026-01-20 16:43:18,140 - INFO - Train size: 44, Test size: 11
2026-01-20 16:43:18,140 - INFO - Train class balance - 0: 19, 1: 25
2026-01-20 16:43:18,140 - INFO - Test class balance  - 0: 5, 1: 6
2026-01-20 16:43:18,433 - INFO - Training TRANSFORMER model for fold 1...
2026-01-20 16:43:19,300 - INFO - Epoch 001/200 - loss: 0.628889
2026-01-20 16:43:21,436 - INFO - Epoch 020/200 - loss: 0.177222
2026-01-20 16:43:23,562 - INFO - Epoch 040/200 - loss: 0.000418
2026-01-20 16:43:25,776 - INFO - Epoch 060/200 - loss: 0.124217
2026-01-20 16:43:27,890 - INFO - Epoch 080/200 - loss: 0.000328
2026-01-20 16:43:30,011 - INFO - Epoch 100/200 - loss: 0.000050
2026-01-20 16:43:32,256 - INFO - Epoch 120/200 - loss: 0.000025
2026-01-20 16:43:34,424 - INFO - Epoch 140/200 - loss: 0.000019
2026-01-20 16:43:36,688 - INFO - Epoch 160/200 - loss: 0.000021
2026-01-20 16:43:38,832 - INFO - Epoch 180/200 - loss: 0.000017
2026-01-20 16:43:41,067 - INFO - Epoch 200/200 - loss: 0.000005
2026-01-20 16:43:41,092 - INFO - Optimal Youden threshold: 1.0000
2026-01-20 16:43:41,106 - INFO - Fold 1 Results - Acc: 0.5455, F1: 0.2857, AUC: 0.3000, AP: 0.5886
2026-01-20 16:43:41,106 - INFO - 
--- Fold 2/5 ---
2026-01-20 16:43:41,106 - INFO - Train size: 44, Test size: 11
2026-01-20 16:43:41,106 - INFO - Train class balance - 0: 19, 1: 25
2026-01-20 16:43:41,106 - INFO - Test class balance  - 0: 5, 1: 6
2026-01-20 16:43:41,174 - INFO - Training TRANSFORMER model for fold 2...
2026-01-20 16:43:41,354 - INFO - Epoch 001/200 - loss: 0.704083
2026-01-20 16:43:43,377 - INFO - Epoch 020/200 - loss: 0.032095
2026-01-20 16:43:45,564 - INFO - Epoch 040/200 - loss: 0.000317
2026-01-20 16:43:47,688 - INFO - Epoch 060/200 - loss: 0.000048
2026-01-20 16:43:49,793 - INFO - Epoch 080/200 - loss: 0.000027
2026-01-20 16:43:51,975 - INFO - Epoch 100/200 - loss: 0.000046
2026-01-20 16:43:54,071 - INFO - Epoch 120/200 - loss: 0.000010
2026-01-20 16:43:56,268 - INFO - Epoch 140/200 - loss: 0.000037
2026-01-20 16:43:58,381 - INFO - Epoch 160/200 - loss: 0.000010
2026-01-20 16:44:00,594 - INFO - Epoch 180/200 - loss: 0.012302
2026-01-20 16:44:02,738 - INFO - Epoch 200/200 - loss: 0.000154
2026-01-20 16:44:02,764 - INFO - Optimal Youden threshold: 0.0000
2026-01-20 16:44:02,777 - INFO - Fold 2 Results - Acc: 0.6364, F1: 0.7500, AUC: 0.4000, AP: 0.5696
2026-01-20 16:44:02,777 - INFO - 
--- Fold 3/5 ---
2026-01-20 16:44:02,777 - INFO - Train size: 44, Test size: 11
2026-01-20 16:44:02,777 - INFO - Train class balance - 0: 19, 1: 25
2026-01-20 16:44:02,777 - INFO - Test class balance  - 0: 5, 1: 6
2026-01-20 16:44:02,844 - INFO - Training TRANSFORMER model for fold 3...
2026-01-20 16:44:03,022 - INFO - Epoch 001/200 - loss: 0.640564
2026-01-20 16:44:05,058 - INFO - Epoch 020/200 - loss: 0.045898
2026-01-20 16:44:07,278 - INFO - Epoch 040/200 - loss: 0.000692
2026-01-20 16:44:09,514 - INFO - Epoch 060/200 - loss: 0.000326
2026-01-20 16:44:11,663 - INFO - Epoch 080/200 - loss: 0.000449
2026-01-20 16:44:13,894 - INFO - Epoch 100/200 - loss: 0.000081
2026-01-20 16:44:16,024 - INFO - Epoch 120/200 - loss: 0.000035
2026-01-20 16:44:18,501 - INFO - Epoch 140/200 - loss: 0.000041
2026-01-20 16:44:20,666 - INFO - Epoch 160/200 - loss: 0.000021
2026-01-20 16:44:22,776 - INFO - Epoch 180/200 - loss: 0.000020
2026-01-20 16:44:25,096 - INFO - Epoch 200/200 - loss: 0.000020
2026-01-20 16:44:25,121 - INFO - Optimal Youden threshold: 1.0000
2026-01-20 16:44:25,134 - INFO - Fold 3 Results - Acc: 0.5455, F1: 0.6154, AUC: 0.4000, AP: 0.5287
2026-01-20 16:44:25,135 - INFO - 
--- Fold 4/5 ---
2026-01-20 16:44:25,135 - INFO - Train size: 44, Test size: 11
2026-01-20 16:44:25,135 - INFO - Train class balance - 0: 19, 1: 25
2026-01-20 16:44:25,135 - INFO - Test class balance  - 0: 5, 1: 6
2026-01-20 16:44:25,202 - INFO - Training TRANSFORMER model for fold 4...
2026-01-20 16:44:25,378 - INFO - Epoch 001/200 - loss: 0.659903
2026-01-20 16:44:27,385 - INFO - Epoch 020/200 - loss: 0.286572
2026-01-20 16:44:29,477 - INFO - Epoch 040/200 - loss: 0.001262
2026-01-20 16:44:31,756 - INFO - Epoch 060/200 - loss: 0.000408
2026-01-20 16:44:34,016 - INFO - Epoch 080/200 - loss: 0.000101
2026-01-20 16:44:36,152 - INFO - Epoch 100/200 - loss: 0.000060
2026-01-20 16:44:38,286 - INFO - Epoch 120/200 - loss: 0.000030
2026-01-20 16:44:40,528 - INFO - Epoch 140/200 - loss: 0.000051
2026-01-20 16:44:42,656 - INFO - Epoch 160/200 - loss: 0.000014
2026-01-20 16:44:44,902 - INFO - Epoch 180/200 - loss: 0.000030
2026-01-20 16:44:47,033 - INFO - Epoch 200/200 - loss: 0.000009
2026-01-20 16:44:47,059 - INFO - Optimal Youden threshold: 1.0000
2026-01-20 16:44:47,072 - INFO - Fold 4 Results - Acc: 0.6364, F1: 0.5000, AUC: 0.5000, AP: 0.6954
2026-01-20 16:44:47,072 - INFO - 
--- Fold 5/5 ---
2026-01-20 16:44:47,072 - INFO - Train size: 44, Test size: 11
2026-01-20 16:44:47,072 - INFO - Train class balance - 0: 20, 1: 24
2026-01-20 16:44:47,072 - INFO - Test class balance  - 0: 4, 1: 7
2026-01-20 16:44:47,137 - INFO - Training TRANSFORMER model for fold 5...
2026-01-20 16:44:47,316 - INFO - Epoch 001/200 - loss: 0.716310
2026-01-20 16:44:49,439 - INFO - Epoch 020/200 - loss: 0.275355
2026-01-20 16:44:51,563 - INFO - Epoch 040/200 - loss: 0.005302
2026-01-20 16:44:53,700 - INFO - Epoch 060/200 - loss: 0.000261
2026-01-20 16:44:55,994 - INFO - Epoch 080/200 - loss: 0.000135
2026-01-20 16:44:58,126 - INFO - Epoch 100/200 - loss: 0.000056
2026-01-20 16:45:00,330 - INFO - Epoch 120/200 - loss: 0.000054
2026-01-20 16:45:02,441 - INFO - Epoch 140/200 - loss: 0.000033
2026-01-20 16:45:04,674 - INFO - Epoch 160/200 - loss: 0.000041
2026-01-20 16:45:06,771 - INFO - Epoch 180/200 - loss: 0.000023
2026-01-20 16:45:08,873 - INFO - Epoch 200/200 - loss: 0.000016
2026-01-20 16:45:08,898 - INFO - Optimal Youden threshold: 1.0000
2026-01-20 16:45:08,912 - INFO - Fold 5 Results - Acc: 0.6364, F1: 0.6000, AUC: 0.5357, AP: 0.7856
2026-01-20 16:45:08,912 - INFO - 
============================================================
2026-01-20 16:45:08,912 - INFO - FINAL CROSS-VALIDATION RESULTS FOR: Treatment_Response_ALL_TRANSFORMER_Thresh0.25
2026-01-20 16:45:08,912 - INFO - ACC       : 0.6000 ± 0.0445
2026-01-20 16:45:08,912 - INFO - F1        : 0.5502 ± 0.1544
2026-01-20 16:45:08,912 - INFO - PRECISION : 0.8343 ± 0.2032
2026-01-20 16:45:08,912 - INFO - RECALL    : 0.5190 ± 0.2898
2026-01-20 16:45:08,912 - INFO - AUC       : 0.4271 ± 0.0833
2026-01-20 16:45:08,912 - INFO - AP        : 0.6336 ± 0.0939
2026-01-20 16:45:08,913 - INFO - ============================================================

2026-01-20 16:45:08,914 - INFO - Results saved to final_results_Treatment_Response_ALL_TRANSFORMER_Thresh0.25.json
2026-01-20 16:45:08,914 - INFO - Total execution time: 110.82 seconds
2026-01-20 16:46:08,357 - INFO - Using device: cuda
2026-01-20 16:46:08,357 - INFO - Hyperparameters: {
  "batch_size": 8,
  "learning_rate": 0.0005,
  "num_epochs": 200,
  "hidden_dim": 256,
  "num_blocks": 4,
  "dropout": 0.3,
  "feature_type": "ALL",
  "improvement_threshold": 0.25,
  "model_type": "TRANSFORMER",
  "svm_params": {
    "C": 1.0,
    "kernel": "rbf",
    "gamma": "scale",
    "probability": true
  },
  "transformer_params": {
    "d_model": 64,
    "nhead": 4,
    "dim_feedforward": 128,
    "num_layers": 2,
    "use_cls_token": true
  },
  "gcn_params": {
    "gcn_hidden": 128,
    "gcn_layers": 2
  }
}
2026-01-20 16:46:08,358 - INFO - Starting treatment response prediction pipeline
2026-01-20 16:46:08,358 - INFO - Building FC file index...
2026-01-20 16:46:08,359 - WARNING - Duplicate patient ID found: stn02, skipping additional entry
2026-01-20 16:46:08,359 - WARNING - Duplicate patient ID found: gpi11, skipping additional entry
2026-01-20 16:46:08,359 - WARNING - Duplicate patient ID found: gpi02, skipping additional entry
2026-01-20 16:46:08,359 - WARNING - Duplicate patient ID found: gpi19, skipping additional entry
2026-01-20 16:46:08,359 - WARNING - Duplicate patient ID found: stn23, skipping additional entry
2026-01-20 16:46:08,359 - WARNING - Duplicate patient ID found: stn03, skipping additional entry
2026-01-20 16:46:08,359 - WARNING - Duplicate patient ID found: gpi20, skipping additional entry
2026-01-20 16:46:08,359 - WARNING - Duplicate patient ID found: stn04, skipping additional entry
2026-01-20 16:46:08,360 - WARNING - Duplicate patient ID found: stn24, skipping additional entry
2026-01-20 16:46:08,360 - WARNING - Duplicate patient ID found: gpi04, skipping additional entry
2026-01-20 16:46:08,360 - WARNING - Duplicate patient ID found: gpi15, skipping additional entry
2026-01-20 16:46:08,360 - WARNING - Duplicate patient ID found: stn19, skipping additional entry
2026-01-20 16:46:08,360 - WARNING - Duplicate patient ID found: stn08, skipping additional entry
2026-01-20 16:46:08,360 - WARNING - Duplicate patient ID found: stn11, skipping additional entry
2026-01-20 16:46:08,360 - WARNING - Duplicate patient ID found: gpi07, skipping additional entry
2026-01-20 16:46:08,360 - WARNING - Duplicate patient ID found: gpi26, skipping additional entry
2026-01-20 16:46:08,360 - WARNING - Duplicate patient ID found: stn13, skipping additional entry
2026-01-20 16:46:08,360 - WARNING - Duplicate patient ID found: gpi06, skipping additional entry
2026-01-20 16:46:08,360 - WARNING - Duplicate patient ID found: stn30, skipping additional entry
2026-01-20 16:46:08,360 - WARNING - Duplicate patient ID found: stn18, skipping additional entry
2026-01-20 16:46:08,360 - WARNING - Duplicate patient ID found: gpi24, skipping additional entry
2026-01-20 16:46:08,361 - WARNING - Duplicate patient ID found: gpi13, skipping additional entry
2026-01-20 16:46:08,361 - WARNING - Duplicate patient ID found: stn07, skipping additional entry
2026-01-20 16:46:08,361 - WARNING - Duplicate patient ID found: stn20, skipping additional entry
2026-01-20 16:46:08,361 - WARNING - Duplicate patient ID found: gpi12, skipping additional entry
2026-01-20 16:46:08,361 - WARNING - Duplicate patient ID found: stn01, skipping additional entry
2026-01-20 16:46:08,361 - WARNING - Duplicate patient ID found: gpi22, skipping additional entry
2026-01-20 16:46:08,361 - WARNING - Duplicate patient ID found: gpi18, skipping additional entry
2026-01-20 16:46:08,361 - WARNING - Duplicate patient ID found: gpi09, skipping additional entry
2026-01-20 16:46:08,361 - WARNING - Duplicate patient ID found: gpi25, skipping additional entry
2026-01-20 16:46:08,361 - WARNING - Duplicate patient ID found: stn29, skipping additional entry
2026-01-20 16:46:08,361 - WARNING - Duplicate patient ID found: gpi31, skipping additional entry
2026-01-20 16:46:08,361 - WARNING - Duplicate patient ID found: stn10, skipping additional entry
2026-01-20 16:46:08,361 - WARNING - Duplicate patient ID found: gpi28, skipping additional entry
2026-01-20 16:46:08,361 - WARNING - Duplicate patient ID found: stn31, skipping additional entry
2026-01-20 16:46:08,362 - WARNING - Duplicate patient ID found: gpi03, skipping additional entry
2026-01-20 16:46:08,362 - WARNING - Duplicate patient ID found: gpi05, skipping additional entry
2026-01-20 16:46:08,362 - WARNING - Duplicate patient ID found: stn25, skipping additional entry
2026-01-20 16:46:08,362 - WARNING - Duplicate patient ID found: gpi08, skipping additional entry
2026-01-20 16:46:08,362 - WARNING - Duplicate patient ID found: gpi27, skipping additional entry
2026-01-20 16:46:08,362 - WARNING - Duplicate patient ID found: stn16, skipping additional entry
2026-01-20 16:46:08,362 - WARNING - Duplicate patient ID found: gpi23, skipping additional entry
2026-01-20 16:46:08,362 - WARNING - Duplicate patient ID found: stn09, skipping additional entry
2026-01-20 16:46:08,362 - WARNING - Duplicate patient ID found: stn28, skipping additional entry
2026-01-20 16:46:08,362 - WARNING - Duplicate patient ID found: stn06, skipping additional entry
2026-01-20 16:46:08,362 - WARNING - Duplicate patient ID found: stn12, skipping additional entry
2026-01-20 16:46:08,362 - WARNING - Duplicate patient ID found: gpi16, skipping additional entry
2026-01-20 16:46:08,362 - WARNING - Duplicate patient ID found: gpi30, skipping additional entry
2026-01-20 16:46:08,362 - WARNING - Duplicate patient ID found: stn21, skipping additional entry
2026-01-20 16:46:08,362 - WARNING - Duplicate patient ID found: stn22, skipping additional entry
2026-01-20 16:46:08,362 - WARNING - Duplicate patient ID found: stn14, skipping additional entry
2026-01-20 16:46:08,362 - WARNING - Duplicate patient ID found: gpi17, skipping additional entry
2026-01-20 16:46:08,363 - WARNING - Duplicate patient ID found: gpi21, skipping additional entry
2026-01-20 16:46:08,363 - WARNING - Duplicate patient ID found: gpi32, skipping additional entry
2026-01-20 16:46:08,363 - WARNING - Duplicate patient ID found: stn15, skipping additional entry
2026-01-20 16:46:08,363 - INFO - Built FC index with 71 patients
2026-01-20 16:46:08,363 - INFO - Parsing UPDRS data with FC features...
2026-01-20 16:46:08,376 - INFO - Found 55 valid samples
2026-01-20 16:46:08,376 - INFO - Preparing feature matrices with FC features...
2026-01-20 16:46:08,404 - INFO - Feature matrix shape: (55, 199), Class distribution: [24 31]
2026-01-20 16:46:08,404 - INFO - 
============================================================
2026-01-20 16:46:08,404 - INFO - Starting Cross-Validation Experiment: Treatment_Response_ALL_TRANSFORMER_Thresh0.25
2026-01-20 16:46:08,404 - INFO - Total samples: 55 | Class distribution: [24 31]
2026-01-20 16:46:08,404 - INFO - Using model type: TRANSFORMER
2026-01-20 16:46:08,405 - INFO - 
--- Fold 1/5 ---
2026-01-20 16:46:08,405 - INFO - Train size: 44, Test size: 11
2026-01-20 16:46:08,405 - INFO - Train class balance - 0: 19, 1: 25
2026-01-20 16:46:08,405 - INFO - Test class balance  - 0: 5, 1: 6
2026-01-20 16:46:08,646 - INFO - Training TRANSFORMER model for fold 1...
2026-01-20 16:46:09,538 - INFO - Epoch 001/200 - loss: 0.603202
2026-01-20 16:46:11,268 - INFO - Epoch 020/200 - loss: 0.397073
2026-01-20 16:46:13,043 - INFO - Epoch 040/200 - loss: 0.005014
2026-01-20 16:46:14,921 - INFO - Epoch 060/200 - loss: 0.000647
2026-01-20 16:46:16,656 - INFO - Epoch 080/200 - loss: 0.000461
2026-01-20 16:46:18,372 - INFO - Epoch 100/200 - loss: 0.000107
2026-01-20 16:46:20,262 - INFO - Epoch 120/200 - loss: 0.000438
2026-01-20 16:46:22,010 - INFO - Epoch 140/200 - loss: 0.000041
2026-01-20 16:46:23,780 - INFO - Epoch 160/200 - loss: 0.000006
2026-01-20 16:46:25,480 - INFO - Epoch 180/200 - loss: 0.000011
2026-01-20 16:46:27,332 - INFO - Epoch 200/200 - loss: 0.000015
2026-01-20 16:46:27,359 - INFO - Optimal Youden threshold: 1.0000
2026-01-20 16:46:27,374 - INFO - Fold 1 Results - Acc: 0.5455, F1: 0.2857, AUC: 0.3500, AP: 0.5975
2026-01-20 16:46:27,374 - INFO - 
--- Fold 2/5 ---
2026-01-20 16:46:27,374 - INFO - Train size: 44, Test size: 11
2026-01-20 16:46:27,374 - INFO - Train class balance - 0: 19, 1: 25
2026-01-20 16:46:27,374 - INFO - Test class balance  - 0: 5, 1: 6
2026-01-20 16:46:27,395 - INFO - Training TRANSFORMER model for fold 2...
2026-01-20 16:46:27,545 - INFO - Epoch 001/200 - loss: 0.607609
2026-01-20 16:46:29,155 - INFO - Epoch 020/200 - loss: 0.292595
2026-01-20 16:46:30,888 - INFO - Epoch 040/200 - loss: 0.000929
2026-01-20 16:46:32,773 - INFO - Epoch 060/200 - loss: 0.000170
2026-01-20 16:46:34,562 - INFO - Epoch 080/200 - loss: 0.000179
2026-01-20 16:46:36,355 - INFO - Epoch 100/200 - loss: 0.000054
2026-01-20 16:46:38,292 - INFO - Epoch 120/200 - loss: 0.000039
2026-01-20 16:46:40,009 - INFO - Epoch 140/200 - loss: 0.000053
2026-01-20 16:46:41,857 - INFO - Epoch 160/200 - loss: 0.000017
2026-01-20 16:46:43,585 - INFO - Epoch 180/200 - loss: 0.000015
2026-01-20 16:46:45,422 - INFO - Epoch 200/200 - loss: 0.000013
2026-01-20 16:46:45,444 - INFO - Optimal Youden threshold: 0.1096
2026-01-20 16:46:45,457 - INFO - Fold 2 Results - Acc: 0.5455, F1: 0.6667, AUC: 0.2667, AP: 0.4494
2026-01-20 16:46:45,457 - INFO - 
--- Fold 3/5 ---
2026-01-20 16:46:45,457 - INFO - Train size: 44, Test size: 11
2026-01-20 16:46:45,458 - INFO - Train class balance - 0: 19, 1: 25
2026-01-20 16:46:45,458 - INFO - Test class balance  - 0: 5, 1: 6
2026-01-20 16:46:45,480 - INFO - Training TRANSFORMER model for fold 3...
2026-01-20 16:46:45,642 - INFO - Epoch 001/200 - loss: 0.615306
2026-01-20 16:46:47,291 - INFO - Epoch 020/200 - loss: 0.279561
2026-01-20 16:46:49,012 - INFO - Epoch 040/200 - loss: 0.001530
2026-01-20 16:46:50,849 - INFO - Epoch 060/200 - loss: 0.001070
2026-01-20 16:47:14,756 - INFO - Using device: cuda
2026-01-20 16:47:14,757 - INFO - Hyperparameters: {
  "batch_size": 8,
  "learning_rate": 0.0005,
  "num_epochs": 200,
  "hidden_dim": 256,
  "num_blocks": 4,
  "dropout": 0.3,
  "feature_type": "ALL",
  "improvement_threshold": 0.25,
  "model_type": "Transformer",
  "svm_params": {
    "C": 1.0,
    "kernel": "rbf",
    "gamma": "scale",
    "probability": true
  },
  "transformer_params": {
    "embed_dim": 64,
    "num_heads": 4,
    "num_layers": 2,
    "ffn_dim": 128,
    "dropout": 0.2
  },
  "gcn_params": {
    "hidden_dim": 64,
    "num_layers": 2,
    "dropout": 0.5
  },
  "early_stopping_patience": 15,
  "validation_split": 0.2
}
2026-01-20 16:47:14,757 - INFO - Starting treatment response prediction pipeline
2026-01-20 16:47:14,757 - INFO - Building FC file index...
2026-01-20 16:47:14,758 - WARNING - Duplicate patient ID found: stn02, skipping additional entry
2026-01-20 16:47:14,758 - WARNING - Duplicate patient ID found: gpi11, skipping additional entry
2026-01-20 16:47:14,758 - WARNING - Duplicate patient ID found: gpi02, skipping additional entry
2026-01-20 16:47:14,758 - WARNING - Duplicate patient ID found: gpi19, skipping additional entry
2026-01-20 16:47:14,758 - WARNING - Duplicate patient ID found: stn23, skipping additional entry
2026-01-20 16:47:14,758 - WARNING - Duplicate patient ID found: stn03, skipping additional entry
2026-01-20 16:47:14,758 - WARNING - Duplicate patient ID found: gpi20, skipping additional entry
2026-01-20 16:47:14,759 - WARNING - Duplicate patient ID found: stn04, skipping additional entry
2026-01-20 16:47:14,759 - WARNING - Duplicate patient ID found: stn24, skipping additional entry
2026-01-20 16:47:14,759 - WARNING - Duplicate patient ID found: gpi04, skipping additional entry
2026-01-20 16:47:14,759 - WARNING - Duplicate patient ID found: gpi15, skipping additional entry
2026-01-20 16:47:14,759 - WARNING - Duplicate patient ID found: stn19, skipping additional entry
2026-01-20 16:47:14,759 - WARNING - Duplicate patient ID found: stn08, skipping additional entry
2026-01-20 16:47:14,759 - WARNING - Duplicate patient ID found: stn11, skipping additional entry
2026-01-20 16:47:14,759 - WARNING - Duplicate patient ID found: gpi07, skipping additional entry
2026-01-20 16:47:14,759 - WARNING - Duplicate patient ID found: gpi26, skipping additional entry
2026-01-20 16:47:14,759 - WARNING - Duplicate patient ID found: stn13, skipping additional entry
2026-01-20 16:47:14,759 - WARNING - Duplicate patient ID found: gpi06, skipping additional entry
2026-01-20 16:47:14,759 - WARNING - Duplicate patient ID found: stn30, skipping additional entry
2026-01-20 16:47:14,759 - WARNING - Duplicate patient ID found: stn18, skipping additional entry
2026-01-20 16:47:14,760 - WARNING - Duplicate patient ID found: gpi24, skipping additional entry
2026-01-20 16:47:14,760 - WARNING - Duplicate patient ID found: gpi13, skipping additional entry
2026-01-20 16:47:14,760 - WARNING - Duplicate patient ID found: stn07, skipping additional entry
2026-01-20 16:47:14,760 - WARNING - Duplicate patient ID found: stn20, skipping additional entry
2026-01-20 16:47:14,760 - WARNING - Duplicate patient ID found: gpi12, skipping additional entry
2026-01-20 16:47:14,760 - WARNING - Duplicate patient ID found: stn01, skipping additional entry
2026-01-20 16:47:14,760 - WARNING - Duplicate patient ID found: gpi22, skipping additional entry
2026-01-20 16:47:14,760 - WARNING - Duplicate patient ID found: gpi18, skipping additional entry
2026-01-20 16:47:14,760 - WARNING - Duplicate patient ID found: gpi09, skipping additional entry
2026-01-20 16:47:14,760 - WARNING - Duplicate patient ID found: gpi25, skipping additional entry
2026-01-20 16:47:14,760 - WARNING - Duplicate patient ID found: stn29, skipping additional entry
2026-01-20 16:47:14,760 - WARNING - Duplicate patient ID found: gpi31, skipping additional entry
2026-01-20 16:47:14,760 - WARNING - Duplicate patient ID found: stn10, skipping additional entry
2026-01-20 16:47:14,761 - WARNING - Duplicate patient ID found: gpi28, skipping additional entry
2026-01-20 16:47:14,761 - WARNING - Duplicate patient ID found: stn31, skipping additional entry
2026-01-20 16:47:14,761 - WARNING - Duplicate patient ID found: gpi03, skipping additional entry
2026-01-20 16:47:14,761 - WARNING - Duplicate patient ID found: gpi05, skipping additional entry
2026-01-20 16:47:14,761 - WARNING - Duplicate patient ID found: stn25, skipping additional entry
2026-01-20 16:47:14,761 - WARNING - Duplicate patient ID found: gpi08, skipping additional entry
2026-01-20 16:47:14,761 - WARNING - Duplicate patient ID found: gpi27, skipping additional entry
2026-01-20 16:47:14,761 - WARNING - Duplicate patient ID found: stn16, skipping additional entry
2026-01-20 16:47:14,761 - WARNING - Duplicate patient ID found: gpi23, skipping additional entry
2026-01-20 16:47:14,761 - WARNING - Duplicate patient ID found: stn09, skipping additional entry
2026-01-20 16:47:14,761 - WARNING - Duplicate patient ID found: stn28, skipping additional entry
2026-01-20 16:47:14,761 - WARNING - Duplicate patient ID found: stn06, skipping additional entry
2026-01-20 16:47:14,761 - WARNING - Duplicate patient ID found: stn12, skipping additional entry
2026-01-20 16:47:14,761 - WARNING - Duplicate patient ID found: gpi16, skipping additional entry
2026-01-20 16:47:14,761 - WARNING - Duplicate patient ID found: gpi30, skipping additional entry
2026-01-20 16:47:14,761 - WARNING - Duplicate patient ID found: stn21, skipping additional entry
2026-01-20 16:47:14,761 - WARNING - Duplicate patient ID found: stn22, skipping additional entry
2026-01-20 16:47:14,762 - WARNING - Duplicate patient ID found: stn14, skipping additional entry
2026-01-20 16:47:14,762 - WARNING - Duplicate patient ID found: gpi17, skipping additional entry
2026-01-20 16:47:14,762 - WARNING - Duplicate patient ID found: gpi21, skipping additional entry
2026-01-20 16:47:14,762 - WARNING - Duplicate patient ID found: gpi32, skipping additional entry
2026-01-20 16:47:14,762 - WARNING - Duplicate patient ID found: stn15, skipping additional entry
2026-01-20 16:47:14,762 - INFO - Built FC index with 71 patients
2026-01-20 16:47:14,762 - INFO - Parsing UPDRS data with FC features...
2026-01-20 16:47:14,775 - INFO - Found 55 valid samples
2026-01-20 16:47:14,775 - INFO - Preparing dataset for TRANSFORMER model...
2026-01-20 16:47:14,775 - INFO - 
============================================================
2026-01-20 16:47:14,775 - INFO - Starting Cross-Validation for Deep Learning Models: Treatment_Response_ALL_TRANSFORMER_Thresh0.25
2026-01-20 16:47:14,775 - INFO - Total samples: 55 | Model type: Transformer
2026-01-20 16:47:14,776 - INFO - 
--- Fold 1/5 ---
2026-01-20 16:47:14,777 - INFO - Train size: 35, Val size: 9, Test size: 11
2026-01-20 16:47:14,777 - INFO - Train class balance - 0: 15, 1: 20
2026-01-20 16:47:14,777 - INFO - Val class balance   - 0: 4, 1: 5
2026-01-20 16:47:14,777 - INFO - Test class balance  - 0: 5, 1: 6
2026-01-20 16:47:15,577 - INFO - Training Transformer model for fold 1...
2026-01-20 16:47:15,783 - INFO - Epoch 1/200 | Train Loss: 0.6840, Acc: 0.5714 | Val Loss: 0.6940, Acc: 0.5556 | Best Val Loss: 0.6940
2026-01-20 16:47:16,306 - INFO - Epoch 10/200 | Train Loss: 0.4050, Acc: 0.9714 | Val Loss: 0.8574, Acc: 0.3333 | Best Val Loss: 0.6940
2026-01-20 16:47:16,653 - INFO - Early stopping at epoch 16
2026-01-20 16:47:16,673 - INFO - Optimal Youden threshold: 0.7646
2026-01-20 16:47:16,682 - INFO - Fold 1 Results - Acc: 0.9091, F1: 0.9231, AUC: 0.8667, AP: 0.8734
2026-01-20 16:47:16,682 - INFO - 
--- Fold 2/5 ---
2026-01-20 16:47:16,683 - INFO - Train size: 35, Val size: 9, Test size: 11
2026-01-20 16:47:16,683 - INFO - Train class balance - 0: 15, 1: 20
2026-01-20 16:47:16,683 - INFO - Val class balance   - 0: 4, 1: 5
2026-01-20 16:47:16,683 - INFO - Test class balance  - 0: 5, 1: 6
2026-01-20 16:47:16,766 - INFO - Training Transformer model for fold 2...
2026-01-20 16:47:16,825 - INFO - Epoch 1/200 | Train Loss: 0.7158, Acc: 0.3143 | Val Loss: 0.6831, Acc: 0.5556 | Best Val Loss: 0.6831
2026-01-20 16:47:17,343 - INFO - Epoch 10/200 | Train Loss: 0.4893, Acc: 0.8571 | Val Loss: 0.6663, Acc: 0.5556 | Best Val Loss: 0.6387
2026-01-20 16:47:17,919 - INFO - Epoch 20/200 | Train Loss: 0.0316, Acc: 1.0000 | Val Loss: 1.5389, Acc: 0.4444 | Best Val Loss: 0.6387
2026-01-20 16:47:18,148 - INFO - Early stopping at epoch 24
2026-01-20 16:47:18,168 - INFO - Optimal Youden threshold: 0.0250
2026-01-20 16:47:18,177 - INFO - Fold 2 Results - Acc: 0.6364, F1: 0.7500, AUC: 0.4000, AP: 0.5926
2026-01-20 16:47:18,177 - INFO - 
--- Fold 3/5 ---
2026-01-20 16:47:18,178 - INFO - Train size: 35, Val size: 9, Test size: 11
2026-01-20 16:47:18,178 - INFO - Train class balance - 0: 15, 1: 20
2026-01-20 16:47:18,178 - INFO - Val class balance   - 0: 4, 1: 5
2026-01-20 16:47:18,178 - INFO - Test class balance  - 0: 5, 1: 6
2026-01-20 16:47:18,260 - INFO - Training Transformer model for fold 3...
2026-01-20 16:47:18,321 - INFO - Epoch 1/200 | Train Loss: 0.6743, Acc: 0.5143 | Val Loss: 0.6419, Acc: 0.5556 | Best Val Loss: 0.6419
2026-01-20 16:47:18,847 - INFO - Epoch 10/200 | Train Loss: 0.4069, Acc: 0.9714 | Val Loss: 0.6557, Acc: 0.4444 | Best Val Loss: 0.6419
2026-01-20 16:47:19,195 - INFO - Early stopping at epoch 16
2026-01-20 16:47:19,215 - INFO - Optimal Youden threshold: 0.5887
2026-01-20 16:47:19,224 - INFO - Fold 3 Results - Acc: 0.7273, F1: 0.7692, AUC: 0.6333, AP: 0.7238
2026-01-20 16:47:19,224 - INFO - 
--- Fold 4/5 ---
2026-01-20 16:47:19,225 - INFO - Train size: 35, Val size: 9, Test size: 11
2026-01-20 16:47:19,225 - INFO - Train class balance - 0: 15, 1: 20
2026-01-20 16:47:19,225 - INFO - Val class balance   - 0: 4, 1: 5
2026-01-20 16:47:19,225 - INFO - Test class balance  - 0: 5, 1: 6
2026-01-20 16:47:19,307 - INFO - Training Transformer model for fold 4...
2026-01-20 16:47:19,366 - INFO - Epoch 1/200 | Train Loss: 0.7133, Acc: 0.5429 | Val Loss: 0.6991, Acc: 0.5556 | Best Val Loss: 0.6991
2026-01-20 16:47:19,881 - INFO - Epoch 10/200 | Train Loss: 0.3146, Acc: 0.9714 | Val Loss: 0.8374, Acc: 0.4444 | Best Val Loss: 0.6906
2026-01-20 16:47:20,339 - INFO - Early stopping at epoch 18
2026-01-20 16:47:20,359 - INFO - Optimal Youden threshold: 0.9677
2026-01-20 16:47:20,368 - INFO - Fold 4 Results - Acc: 0.5455, F1: 0.2857, AUC: 0.4000, AP: 0.6261
2026-01-20 16:47:20,368 - INFO - 
--- Fold 5/5 ---
2026-01-20 16:47:20,369 - INFO - Train size: 35, Val size: 9, Test size: 11
2026-01-20 16:47:20,369 - INFO - Train class balance - 0: 16, 1: 19
2026-01-20 16:47:20,369 - INFO - Val class balance   - 0: 4, 1: 5
2026-01-20 16:47:20,369 - INFO - Test class balance  - 0: 4, 1: 7
2026-01-20 16:47:20,451 - INFO - Training Transformer model for fold 5...
2026-01-20 16:47:20,509 - INFO - Epoch 1/200 | Train Loss: 0.6974, Acc: 0.5429 | Val Loss: 0.6763, Acc: 0.5556 | Best Val Loss: 0.6763
2026-01-20 16:47:21,023 - INFO - Epoch 10/200 | Train Loss: 0.3661, Acc: 0.9429 | Val Loss: 0.9868, Acc: 0.3333 | Best Val Loss: 0.6763
2026-01-20 16:47:21,365 - INFO - Early stopping at epoch 16
2026-01-20 16:47:21,384 - INFO - Optimal Youden threshold: 0.7561
2026-01-20 16:47:21,393 - INFO - Fold 5 Results - Acc: 0.6364, F1: 0.6667, AUC: 0.5000, AP: 0.7631
2026-01-20 16:47:21,393 - INFO - 
============================================================
2026-01-20 16:47:21,393 - INFO - FINAL CROSS-VALIDATION RESULTS FOR DEEP LEARNING: Treatment_Response_ALL_TRANSFORMER_Thresh0.25
2026-01-20 16:47:21,393 - INFO - ACC       : 0.6909 ± 0.1233
2026-01-20 16:47:21,394 - INFO - F1        : 0.6789 ± 0.2133
2026-01-20 16:47:21,394 - INFO - PRECISION : 0.7943 ± 0.1345
2026-01-20 16:47:21,394 - INFO - RECALL    : 0.7143 ± 0.3155
2026-01-20 16:47:21,394 - INFO - AUC       : 0.5600 ± 0.1756
2026-01-20 16:47:21,394 - INFO - AP        : 0.7158 ± 0.1004
2026-01-20 16:47:21,394 - INFO - ============================================================

2026-01-20 16:47:21,395 - INFO - Results saved to final_results_Treatment_Response_ALL_TRANSFORMER_Thresh0.25.json
2026-01-20 16:47:21,395 - INFO - Total execution time: 6.64 seconds
2026-01-20 16:47:41,440 - INFO - Using device: cuda
2026-01-20 16:47:41,440 - INFO - Hyperparameters: {
  "batch_size": 8,
  "learning_rate": 0.0005,
  "num_epochs": 200,
  "hidden_dim": 256,
  "num_blocks": 4,
  "dropout": 0.3,
  "feature_type": "ALL",
  "improvement_threshold": 0.25,
  "model_type": "GCN",
  "svm_params": {
    "C": 1.0,
    "kernel": "rbf",
    "gamma": "scale",
    "probability": true
  },
  "transformer_params": {
    "embed_dim": 64,
    "num_heads": 4,
    "num_layers": 2,
    "ffn_dim": 128,
    "dropout": 0.2
  },
  "gcn_params": {
    "hidden_dim": 64,
    "num_layers": 2,
    "dropout": 0.5
  },
  "early_stopping_patience": 15,
  "validation_split": 0.2
}
2026-01-20 16:47:41,441 - INFO - Starting treatment response prediction pipeline
2026-01-20 16:47:41,441 - INFO - Building FC file index...
2026-01-20 16:47:41,441 - WARNING - Duplicate patient ID found: stn02, skipping additional entry
2026-01-20 16:47:41,442 - WARNING - Duplicate patient ID found: gpi11, skipping additional entry
2026-01-20 16:47:41,442 - WARNING - Duplicate patient ID found: gpi02, skipping additional entry
2026-01-20 16:47:41,442 - WARNING - Duplicate patient ID found: gpi19, skipping additional entry
2026-01-20 16:47:41,442 - WARNING - Duplicate patient ID found: stn23, skipping additional entry
2026-01-20 16:47:41,442 - WARNING - Duplicate patient ID found: stn03, skipping additional entry
2026-01-20 16:47:41,442 - WARNING - Duplicate patient ID found: gpi20, skipping additional entry
2026-01-20 16:47:41,442 - WARNING - Duplicate patient ID found: stn04, skipping additional entry
2026-01-20 16:47:41,442 - WARNING - Duplicate patient ID found: stn24, skipping additional entry
2026-01-20 16:47:41,443 - WARNING - Duplicate patient ID found: gpi04, skipping additional entry
2026-01-20 16:47:41,443 - WARNING - Duplicate patient ID found: gpi15, skipping additional entry
2026-01-20 16:47:41,443 - WARNING - Duplicate patient ID found: stn19, skipping additional entry
2026-01-20 16:47:41,443 - WARNING - Duplicate patient ID found: stn08, skipping additional entry
2026-01-20 16:47:41,443 - WARNING - Duplicate patient ID found: stn11, skipping additional entry
2026-01-20 16:47:41,443 - WARNING - Duplicate patient ID found: gpi07, skipping additional entry
2026-01-20 16:47:41,443 - WARNING - Duplicate patient ID found: gpi26, skipping additional entry
2026-01-20 16:47:41,443 - WARNING - Duplicate patient ID found: stn13, skipping additional entry
2026-01-20 16:47:41,443 - WARNING - Duplicate patient ID found: gpi06, skipping additional entry
2026-01-20 16:47:41,443 - WARNING - Duplicate patient ID found: stn30, skipping additional entry
2026-01-20 16:47:41,443 - WARNING - Duplicate patient ID found: stn18, skipping additional entry
2026-01-20 16:47:41,443 - WARNING - Duplicate patient ID found: gpi24, skipping additional entry
2026-01-20 16:47:41,443 - WARNING - Duplicate patient ID found: gpi13, skipping additional entry
2026-01-20 16:47:41,443 - WARNING - Duplicate patient ID found: stn07, skipping additional entry
2026-01-20 16:47:41,444 - WARNING - Duplicate patient ID found: stn20, skipping additional entry
2026-01-20 16:47:41,444 - WARNING - Duplicate patient ID found: gpi12, skipping additional entry
2026-01-20 16:47:41,444 - WARNING - Duplicate patient ID found: stn01, skipping additional entry
2026-01-20 16:47:41,444 - WARNING - Duplicate patient ID found: gpi22, skipping additional entry
2026-01-20 16:47:41,444 - WARNING - Duplicate patient ID found: gpi18, skipping additional entry
2026-01-20 16:47:41,444 - WARNING - Duplicate patient ID found: gpi09, skipping additional entry
2026-01-20 16:47:41,444 - WARNING - Duplicate patient ID found: gpi25, skipping additional entry
2026-01-20 16:47:41,444 - WARNING - Duplicate patient ID found: stn29, skipping additional entry
2026-01-20 16:47:41,444 - WARNING - Duplicate patient ID found: gpi31, skipping additional entry
2026-01-20 16:47:41,444 - WARNING - Duplicate patient ID found: stn10, skipping additional entry
2026-01-20 16:47:41,444 - WARNING - Duplicate patient ID found: gpi28, skipping additional entry
2026-01-20 16:47:41,444 - WARNING - Duplicate patient ID found: stn31, skipping additional entry
2026-01-20 16:47:41,444 - WARNING - Duplicate patient ID found: gpi03, skipping additional entry
2026-01-20 16:47:41,444 - WARNING - Duplicate patient ID found: gpi05, skipping additional entry
2026-01-20 16:47:41,444 - WARNING - Duplicate patient ID found: stn25, skipping additional entry
2026-01-20 16:47:41,445 - WARNING - Duplicate patient ID found: gpi08, skipping additional entry
2026-01-20 16:47:41,445 - WARNING - Duplicate patient ID found: gpi27, skipping additional entry
2026-01-20 16:47:41,445 - WARNING - Duplicate patient ID found: stn16, skipping additional entry
2026-01-20 16:47:41,445 - WARNING - Duplicate patient ID found: gpi23, skipping additional entry
2026-01-20 16:47:41,445 - WARNING - Duplicate patient ID found: stn09, skipping additional entry
2026-01-20 16:47:41,445 - WARNING - Duplicate patient ID found: stn28, skipping additional entry
2026-01-20 16:47:41,445 - WARNING - Duplicate patient ID found: stn06, skipping additional entry
2026-01-20 16:47:41,445 - WARNING - Duplicate patient ID found: stn12, skipping additional entry
2026-01-20 16:47:41,445 - WARNING - Duplicate patient ID found: gpi16, skipping additional entry
2026-01-20 16:47:41,445 - WARNING - Duplicate patient ID found: gpi30, skipping additional entry
2026-01-20 16:47:41,445 - WARNING - Duplicate patient ID found: stn21, skipping additional entry
2026-01-20 16:47:41,445 - WARNING - Duplicate patient ID found: stn22, skipping additional entry
2026-01-20 16:47:41,445 - WARNING - Duplicate patient ID found: stn14, skipping additional entry
2026-01-20 16:47:41,445 - WARNING - Duplicate patient ID found: gpi17, skipping additional entry
2026-01-20 16:47:41,445 - WARNING - Duplicate patient ID found: gpi21, skipping additional entry
2026-01-20 16:47:41,445 - WARNING - Duplicate patient ID found: gpi32, skipping additional entry
2026-01-20 16:47:41,445 - WARNING - Duplicate patient ID found: stn15, skipping additional entry
2026-01-20 16:47:41,445 - INFO - Built FC index with 71 patients
2026-01-20 16:47:41,446 - INFO - Parsing UPDRS data with FC features...
2026-01-20 16:47:41,459 - INFO - Found 55 valid samples
2026-01-20 16:47:41,459 - INFO - Preparing dataset for GCN model...
2026-01-20 16:47:41,459 - INFO - 
============================================================
2026-01-20 16:47:41,459 - INFO - Starting Cross-Validation for Deep Learning Models: Treatment_Response_ALL_GCN_Thresh0.25
2026-01-20 16:47:41,459 - INFO - Total samples: 55 | Model type: GCN
2026-01-20 16:47:41,460 - INFO - 
--- Fold 1/5 ---
2026-01-20 16:47:41,460 - INFO - Train size: 35, Val size: 9, Test size: 11
2026-01-20 16:47:41,460 - INFO - Train class balance - 0: 15, 1: 20
2026-01-20 16:47:41,460 - INFO - Val class balance   - 0: 4, 1: 5
2026-01-20 16:47:41,461 - INFO - Test class balance  - 0: 5, 1: 6
2026-01-20 16:47:42,152 - INFO - Training GCN model for fold 1...
2026-01-20 16:51:35,138 - INFO - Using device: cuda
2026-01-20 16:51:35,138 - INFO - Hyperparameters: {
  "batch_size": 8,
  "learning_rate": 0.0005,
  "num_epochs": 200,
  "hidden_dim": 256,
  "num_blocks": 4,
  "dropout": 0.3,
  "feature_type": "ALL",
  "improvement_threshold": 0.25,
  "model_type": "GCN",
  "svm_params": {
    "C": 1.0,
    "kernel": "rbf",
    "gamma": "scale",
    "probability": true
  },
  "transformer_params": {
    "embed_dim": 64,
    "num_heads": 4,
    "num_layers": 2,
    "ffn_dim": 128,
    "dropout": 0.2
  },
  "gcn_params": {
    "hidden_dim": 64,
    "num_layers": 2,
    "dropout": 0.5
  },
  "early_stopping_patience": 15,
  "validation_split": 0.2
}
2026-01-20 16:51:35,138 - INFO - Starting treatment response prediction pipeline
2026-01-20 16:51:35,139 - INFO - Building FC file index...
2026-01-20 16:51:35,139 - WARNING - Duplicate patient ID found: stn02, skipping additional entry
2026-01-20 16:51:35,140 - WARNING - Duplicate patient ID found: gpi11, skipping additional entry
2026-01-20 16:51:35,140 - WARNING - Duplicate patient ID found: gpi02, skipping additional entry
2026-01-20 16:51:35,140 - WARNING - Duplicate patient ID found: gpi19, skipping additional entry
2026-01-20 16:51:35,140 - WARNING - Duplicate patient ID found: stn23, skipping additional entry
2026-01-20 16:51:35,140 - WARNING - Duplicate patient ID found: stn03, skipping additional entry
2026-01-20 16:51:35,140 - WARNING - Duplicate patient ID found: gpi20, skipping additional entry
2026-01-20 16:51:35,141 - WARNING - Duplicate patient ID found: stn04, skipping additional entry
2026-01-20 16:51:35,141 - WARNING - Duplicate patient ID found: stn24, skipping additional entry
2026-01-20 16:51:35,141 - WARNING - Duplicate patient ID found: gpi04, skipping additional entry
2026-01-20 16:51:35,141 - WARNING - Duplicate patient ID found: gpi15, skipping additional entry
2026-01-20 16:51:35,141 - WARNING - Duplicate patient ID found: stn19, skipping additional entry
2026-01-20 16:51:35,141 - WARNING - Duplicate patient ID found: stn08, skipping additional entry
2026-01-20 16:51:35,141 - WARNING - Duplicate patient ID found: stn11, skipping additional entry
2026-01-20 16:51:35,141 - WARNING - Duplicate patient ID found: gpi07, skipping additional entry
2026-01-20 16:51:35,141 - WARNING - Duplicate patient ID found: gpi26, skipping additional entry
2026-01-20 16:51:35,141 - WARNING - Duplicate patient ID found: stn13, skipping additional entry
2026-01-20 16:51:35,142 - WARNING - Duplicate patient ID found: gpi06, skipping additional entry
2026-01-20 16:51:35,142 - WARNING - Duplicate patient ID found: stn30, skipping additional entry
2026-01-20 16:51:35,142 - WARNING - Duplicate patient ID found: stn18, skipping additional entry
2026-01-20 16:51:35,142 - WARNING - Duplicate patient ID found: gpi24, skipping additional entry
2026-01-20 16:51:35,142 - WARNING - Duplicate patient ID found: gpi13, skipping additional entry
2026-01-20 16:51:35,142 - WARNING - Duplicate patient ID found: stn07, skipping additional entry
2026-01-20 16:51:35,142 - WARNING - Duplicate patient ID found: stn20, skipping additional entry
2026-01-20 16:51:35,142 - WARNING - Duplicate patient ID found: gpi12, skipping additional entry
2026-01-20 16:51:35,142 - WARNING - Duplicate patient ID found: stn01, skipping additional entry
2026-01-20 16:51:35,142 - WARNING - Duplicate patient ID found: gpi22, skipping additional entry
2026-01-20 16:51:35,143 - WARNING - Duplicate patient ID found: gpi18, skipping additional entry
2026-01-20 16:51:35,143 - WARNING - Duplicate patient ID found: gpi09, skipping additional entry
2026-01-20 16:51:35,143 - WARNING - Duplicate patient ID found: gpi25, skipping additional entry
2026-01-20 16:51:35,143 - WARNING - Duplicate patient ID found: stn29, skipping additional entry
2026-01-20 16:51:35,143 - WARNING - Duplicate patient ID found: gpi31, skipping additional entry
2026-01-20 16:51:35,143 - WARNING - Duplicate patient ID found: stn10, skipping additional entry
2026-01-20 16:51:35,143 - WARNING - Duplicate patient ID found: gpi28, skipping additional entry
2026-01-20 16:51:35,143 - WARNING - Duplicate patient ID found: stn31, skipping additional entry
2026-01-20 16:51:35,143 - WARNING - Duplicate patient ID found: gpi03, skipping additional entry
2026-01-20 16:51:35,143 - WARNING - Duplicate patient ID found: gpi05, skipping additional entry
2026-01-20 16:51:35,143 - WARNING - Duplicate patient ID found: stn25, skipping additional entry
2026-01-20 16:51:35,143 - WARNING - Duplicate patient ID found: gpi08, skipping additional entry
2026-01-20 16:51:35,143 - WARNING - Duplicate patient ID found: gpi27, skipping additional entry
2026-01-20 16:51:35,144 - WARNING - Duplicate patient ID found: stn16, skipping additional entry
2026-01-20 16:51:35,144 - WARNING - Duplicate patient ID found: gpi23, skipping additional entry
2026-01-20 16:51:35,144 - WARNING - Duplicate patient ID found: stn09, skipping additional entry
2026-01-20 16:51:35,144 - WARNING - Duplicate patient ID found: stn28, skipping additional entry
2026-01-20 16:51:35,144 - WARNING - Duplicate patient ID found: stn06, skipping additional entry
2026-01-20 16:51:35,144 - WARNING - Duplicate patient ID found: stn12, skipping additional entry
2026-01-20 16:51:35,144 - WARNING - Duplicate patient ID found: gpi16, skipping additional entry
2026-01-20 16:51:35,144 - WARNING - Duplicate patient ID found: gpi30, skipping additional entry
2026-01-20 16:51:35,144 - WARNING - Duplicate patient ID found: stn21, skipping additional entry
2026-01-20 16:51:35,144 - WARNING - Duplicate patient ID found: stn22, skipping additional entry
2026-01-20 16:51:35,144 - WARNING - Duplicate patient ID found: stn14, skipping additional entry
2026-01-20 16:51:35,144 - WARNING - Duplicate patient ID found: gpi17, skipping additional entry
2026-01-20 16:51:35,144 - WARNING - Duplicate patient ID found: gpi21, skipping additional entry
2026-01-20 16:51:35,145 - WARNING - Duplicate patient ID found: gpi32, skipping additional entry
2026-01-20 16:51:35,145 - WARNING - Duplicate patient ID found: stn15, skipping additional entry
2026-01-20 16:51:35,145 - INFO - Built FC index with 71 patients
2026-01-20 16:51:35,145 - INFO - Parsing UPDRS data with FC features...
2026-01-20 16:51:35,158 - INFO - Found 55 valid samples
2026-01-20 16:51:35,158 - INFO - Preparing dataset for GCN model...
2026-01-20 16:51:35,158 - INFO - 
============================================================
2026-01-20 16:51:35,158 - INFO - Starting Cross-Validation for Deep Learning Models: Treatment_Response_ALL_GCN_Thresh0.25
2026-01-20 16:51:35,158 - INFO - Total samples: 55 | Model type: GCN
2026-01-20 16:51:35,159 - INFO - 
--- Fold 1/5 ---
2026-01-20 16:51:35,160 - INFO - Train size: 35, Val size: 9, Test size: 11
2026-01-20 16:51:35,160 - INFO - Train class balance - 0: 15, 1: 20
2026-01-20 16:51:35,160 - INFO - Val class balance   - 0: 4, 1: 5
2026-01-20 16:51:35,160 - INFO - Test class balance  - 0: 5, 1: 6
2026-01-20 16:51:35,894 - INFO - Training GCN model for fold 1...
2026-01-20 16:52:24,313 - INFO - Using device: cuda
2026-01-20 16:52:24,313 - INFO - Hyperparameters: {
  "batch_size": 8,
  "learning_rate": 0.0005,
  "num_epochs": 200,
  "hidden_dim": 256,
  "num_blocks": 4,
  "dropout": 0.3,
  "feature_type": "ALL",
  "improvement_threshold": 0.25,
  "model_type": "GCN",
  "svm_params": {
    "C": 1.0,
    "kernel": "rbf",
    "gamma": "scale",
    "probability": true
  },
  "transformer_params": {
    "embed_dim": 64,
    "num_heads": 4,
    "num_layers": 2,
    "ffn_dim": 128,
    "dropout": 0.2
  },
  "gcn_params": {
    "hidden_dim": 64,
    "num_layers": 2,
    "dropout": 0.5
  },
  "early_stopping_patience": 15,
  "validation_split": 0.2
}
2026-01-20 16:52:24,313 - INFO - Starting treatment response prediction pipeline
2026-01-20 16:52:24,313 - INFO - Building FC file index...
2026-01-20 16:52:24,314 - WARNING - Duplicate patient ID found: stn02, skipping additional entry
2026-01-20 16:52:24,315 - WARNING - Duplicate patient ID found: gpi11, skipping additional entry
2026-01-20 16:52:24,315 - WARNING - Duplicate patient ID found: gpi02, skipping additional entry
2026-01-20 16:52:24,315 - WARNING - Duplicate patient ID found: gpi19, skipping additional entry
2026-01-20 16:52:24,315 - WARNING - Duplicate patient ID found: stn23, skipping additional entry
2026-01-20 16:52:24,315 - WARNING - Duplicate patient ID found: stn03, skipping additional entry
2026-01-20 16:52:24,315 - WARNING - Duplicate patient ID found: gpi20, skipping additional entry
2026-01-20 16:52:24,315 - WARNING - Duplicate patient ID found: stn04, skipping additional entry
2026-01-20 16:52:24,316 - WARNING - Duplicate patient ID found: stn24, skipping additional entry
2026-01-20 16:52:24,316 - WARNING - Duplicate patient ID found: gpi04, skipping additional entry
2026-01-20 16:52:24,316 - WARNING - Duplicate patient ID found: gpi15, skipping additional entry
2026-01-20 16:52:24,316 - WARNING - Duplicate patient ID found: stn19, skipping additional entry
2026-01-20 16:52:24,316 - WARNING - Duplicate patient ID found: stn08, skipping additional entry
2026-01-20 16:52:24,316 - WARNING - Duplicate patient ID found: stn11, skipping additional entry
2026-01-20 16:52:24,316 - WARNING - Duplicate patient ID found: gpi07, skipping additional entry
2026-01-20 16:52:24,316 - WARNING - Duplicate patient ID found: gpi26, skipping additional entry
2026-01-20 16:52:24,316 - WARNING - Duplicate patient ID found: stn13, skipping additional entry
2026-01-20 16:52:24,316 - WARNING - Duplicate patient ID found: gpi06, skipping additional entry
2026-01-20 16:52:24,316 - WARNING - Duplicate patient ID found: stn30, skipping additional entry
2026-01-20 16:52:24,317 - WARNING - Duplicate patient ID found: stn18, skipping additional entry
2026-01-20 16:52:24,317 - WARNING - Duplicate patient ID found: gpi24, skipping additional entry
2026-01-20 16:52:24,317 - WARNING - Duplicate patient ID found: gpi13, skipping additional entry
2026-01-20 16:52:24,317 - WARNING - Duplicate patient ID found: stn07, skipping additional entry
2026-01-20 16:52:24,317 - WARNING - Duplicate patient ID found: stn20, skipping additional entry
2026-01-20 16:52:24,317 - WARNING - Duplicate patient ID found: gpi12, skipping additional entry
2026-01-20 16:52:24,317 - WARNING - Duplicate patient ID found: stn01, skipping additional entry
2026-01-20 16:52:24,317 - WARNING - Duplicate patient ID found: gpi22, skipping additional entry
2026-01-20 16:52:24,317 - WARNING - Duplicate patient ID found: gpi18, skipping additional entry
2026-01-20 16:52:24,317 - WARNING - Duplicate patient ID found: gpi09, skipping additional entry
2026-01-20 16:52:24,318 - WARNING - Duplicate patient ID found: gpi25, skipping additional entry
2026-01-20 16:52:24,318 - WARNING - Duplicate patient ID found: stn29, skipping additional entry
2026-01-20 16:52:24,318 - WARNING - Duplicate patient ID found: gpi31, skipping additional entry
2026-01-20 16:52:24,318 - WARNING - Duplicate patient ID found: stn10, skipping additional entry
2026-01-20 16:52:24,318 - WARNING - Duplicate patient ID found: gpi28, skipping additional entry
2026-01-20 16:52:24,318 - WARNING - Duplicate patient ID found: stn31, skipping additional entry
2026-01-20 16:52:24,318 - WARNING - Duplicate patient ID found: gpi03, skipping additional entry
2026-01-20 16:52:24,318 - WARNING - Duplicate patient ID found: gpi05, skipping additional entry
2026-01-20 16:52:24,318 - WARNING - Duplicate patient ID found: stn25, skipping additional entry
2026-01-20 16:52:24,318 - WARNING - Duplicate patient ID found: gpi08, skipping additional entry
2026-01-20 16:52:24,318 - WARNING - Duplicate patient ID found: gpi27, skipping additional entry
2026-01-20 16:52:24,318 - WARNING - Duplicate patient ID found: stn16, skipping additional entry
2026-01-20 16:52:24,318 - WARNING - Duplicate patient ID found: gpi23, skipping additional entry
2026-01-20 16:52:24,319 - WARNING - Duplicate patient ID found: stn09, skipping additional entry
2026-01-20 16:52:24,319 - WARNING - Duplicate patient ID found: stn28, skipping additional entry
2026-01-20 16:52:24,319 - WARNING - Duplicate patient ID found: stn06, skipping additional entry
2026-01-20 16:52:24,319 - WARNING - Duplicate patient ID found: stn12, skipping additional entry
2026-01-20 16:52:24,319 - WARNING - Duplicate patient ID found: gpi16, skipping additional entry
2026-01-20 16:52:24,319 - WARNING - Duplicate patient ID found: gpi30, skipping additional entry
2026-01-20 16:52:24,319 - WARNING - Duplicate patient ID found: stn21, skipping additional entry
2026-01-20 16:52:24,319 - WARNING - Duplicate patient ID found: stn22, skipping additional entry
2026-01-20 16:52:24,319 - WARNING - Duplicate patient ID found: stn14, skipping additional entry
2026-01-20 16:52:24,319 - WARNING - Duplicate patient ID found: gpi17, skipping additional entry
2026-01-20 16:52:24,319 - WARNING - Duplicate patient ID found: gpi21, skipping additional entry
2026-01-20 16:52:24,319 - WARNING - Duplicate patient ID found: gpi32, skipping additional entry
2026-01-20 16:52:24,319 - WARNING - Duplicate patient ID found: stn15, skipping additional entry
2026-01-20 16:52:24,319 - INFO - Built FC index with 71 patients
2026-01-20 16:52:24,319 - INFO - Parsing UPDRS data with FC features...
2026-01-20 16:52:24,332 - INFO - Found 55 valid samples
2026-01-20 16:52:24,332 - INFO - Preparing dataset for GCN model...
2026-01-20 16:52:24,332 - INFO - 
============================================================
2026-01-20 16:52:24,333 - INFO - Starting Cross-Validation for Deep Learning Models: Treatment_Response_ALL_GCN_Thresh0.25
2026-01-20 16:52:24,333 - INFO - Total samples: 55 | Model type: GCN
2026-01-20 16:52:24,333 - INFO - 
--- Fold 1/5 ---
2026-01-20 16:52:24,334 - INFO - Train size: 35, Val size: 9, Test size: 11
2026-01-20 16:52:24,334 - INFO - Train class balance - 0: 15, 1: 20
2026-01-20 16:52:24,334 - INFO - Val class balance   - 0: 4, 1: 5
2026-01-20 16:52:24,334 - INFO - Test class balance  - 0: 5, 1: 6
2026-01-20 16:52:25,047 - INFO - Training GCN model for fold 1...
2026-01-20 16:52:47,979 - INFO - Using device: cuda
2026-01-20 16:52:47,979 - INFO - Hyperparameters: {
  "batch_size": 8,
  "learning_rate": 0.0005,
  "num_epochs": 200,
  "hidden_dim": 256,
  "num_blocks": 4,
  "dropout": 0.3,
  "feature_type": "ALL",
  "improvement_threshold": 0.25,
  "model_type": "Transformer",
  "svm_params": {
    "C": 1.0,
    "kernel": "rbf",
    "gamma": "scale",
    "probability": true
  },
  "transformer_params": {
    "embed_dim": 64,
    "num_heads": 4,
    "num_layers": 2,
    "ffn_dim": 128,
    "dropout": 0.2
  },
  "gcn_params": {
    "hidden_dim": 64,
    "num_layers": 2,
    "dropout": 0.5
  },
  "early_stopping_patience": 15,
  "validation_split": 0.2
}
2026-01-20 16:52:47,979 - INFO - Starting treatment response prediction pipeline
2026-01-20 16:52:47,979 - INFO - Building FC file index...
2026-01-20 16:52:47,980 - WARNING - Duplicate patient ID found: stn02, skipping additional entry
2026-01-20 16:52:47,980 - WARNING - Duplicate patient ID found: gpi11, skipping additional entry
2026-01-20 16:52:47,981 - WARNING - Duplicate patient ID found: gpi02, skipping additional entry
2026-01-20 16:52:47,981 - WARNING - Duplicate patient ID found: gpi19, skipping additional entry
2026-01-20 16:52:47,981 - WARNING - Duplicate patient ID found: stn23, skipping additional entry
2026-01-20 16:52:47,981 - WARNING - Duplicate patient ID found: stn03, skipping additional entry
2026-01-20 16:52:47,981 - WARNING - Duplicate patient ID found: gpi20, skipping additional entry
2026-01-20 16:52:47,981 - WARNING - Duplicate patient ID found: stn04, skipping additional entry
2026-01-20 16:52:47,981 - WARNING - Duplicate patient ID found: stn24, skipping additional entry
2026-01-20 16:52:47,982 - WARNING - Duplicate patient ID found: gpi04, skipping additional entry
2026-01-20 16:52:47,982 - WARNING - Duplicate patient ID found: gpi15, skipping additional entry
2026-01-20 16:52:47,982 - WARNING - Duplicate patient ID found: stn19, skipping additional entry
2026-01-20 16:52:47,982 - WARNING - Duplicate patient ID found: stn08, skipping additional entry
2026-01-20 16:52:47,982 - WARNING - Duplicate patient ID found: stn11, skipping additional entry
2026-01-20 16:52:47,982 - WARNING - Duplicate patient ID found: gpi07, skipping additional entry
2026-01-20 16:52:47,982 - WARNING - Duplicate patient ID found: gpi26, skipping additional entry
2026-01-20 16:52:47,982 - WARNING - Duplicate patient ID found: stn13, skipping additional entry
2026-01-20 16:52:47,982 - WARNING - Duplicate patient ID found: gpi06, skipping additional entry
2026-01-20 16:52:47,982 - WARNING - Duplicate patient ID found: stn30, skipping additional entry
2026-01-20 16:52:47,982 - WARNING - Duplicate patient ID found: stn18, skipping additional entry
2026-01-20 16:52:47,983 - WARNING - Duplicate patient ID found: gpi24, skipping additional entry
2026-01-20 16:52:47,983 - WARNING - Duplicate patient ID found: gpi13, skipping additional entry
2026-01-20 16:52:47,983 - WARNING - Duplicate patient ID found: stn07, skipping additional entry
2026-01-20 16:52:47,983 - WARNING - Duplicate patient ID found: stn20, skipping additional entry
2026-01-20 16:52:47,983 - WARNING - Duplicate patient ID found: gpi12, skipping additional entry
2026-01-20 16:52:47,983 - WARNING - Duplicate patient ID found: stn01, skipping additional entry
2026-01-20 16:52:47,983 - WARNING - Duplicate patient ID found: gpi22, skipping additional entry
2026-01-20 16:52:47,983 - WARNING - Duplicate patient ID found: gpi18, skipping additional entry
2026-01-20 16:52:47,983 - WARNING - Duplicate patient ID found: gpi09, skipping additional entry
2026-01-20 16:52:47,983 - WARNING - Duplicate patient ID found: gpi25, skipping additional entry
2026-01-20 16:52:47,984 - WARNING - Duplicate patient ID found: stn29, skipping additional entry
2026-01-20 16:52:47,984 - WARNING - Duplicate patient ID found: gpi31, skipping additional entry
2026-01-20 16:52:47,984 - WARNING - Duplicate patient ID found: stn10, skipping additional entry
2026-01-20 16:52:47,984 - WARNING - Duplicate patient ID found: gpi28, skipping additional entry
2026-01-20 16:52:47,984 - WARNING - Duplicate patient ID found: stn31, skipping additional entry
2026-01-20 16:52:47,984 - WARNING - Duplicate patient ID found: gpi03, skipping additional entry
2026-01-20 16:52:47,984 - WARNING - Duplicate patient ID found: gpi05, skipping additional entry
2026-01-20 16:52:47,984 - WARNING - Duplicate patient ID found: stn25, skipping additional entry
2026-01-20 16:52:47,984 - WARNING - Duplicate patient ID found: gpi08, skipping additional entry
2026-01-20 16:52:47,984 - WARNING - Duplicate patient ID found: gpi27, skipping additional entry
2026-01-20 16:52:47,984 - WARNING - Duplicate patient ID found: stn16, skipping additional entry
2026-01-20 16:52:47,984 - WARNING - Duplicate patient ID found: gpi23, skipping additional entry
2026-01-20 16:52:47,984 - WARNING - Duplicate patient ID found: stn09, skipping additional entry
2026-01-20 16:52:47,985 - WARNING - Duplicate patient ID found: stn28, skipping additional entry
2026-01-20 16:52:47,985 - WARNING - Duplicate patient ID found: stn06, skipping additional entry
2026-01-20 16:52:47,985 - WARNING - Duplicate patient ID found: stn12, skipping additional entry
2026-01-20 16:52:47,985 - WARNING - Duplicate patient ID found: gpi16, skipping additional entry
2026-01-20 16:52:47,985 - WARNING - Duplicate patient ID found: gpi30, skipping additional entry
2026-01-20 16:52:47,985 - WARNING - Duplicate patient ID found: stn21, skipping additional entry
2026-01-20 16:52:47,985 - WARNING - Duplicate patient ID found: stn22, skipping additional entry
2026-01-20 16:52:47,985 - WARNING - Duplicate patient ID found: stn14, skipping additional entry
2026-01-20 16:52:47,985 - WARNING - Duplicate patient ID found: gpi17, skipping additional entry
2026-01-20 16:52:47,985 - WARNING - Duplicate patient ID found: gpi21, skipping additional entry
2026-01-20 16:52:47,985 - WARNING - Duplicate patient ID found: gpi32, skipping additional entry
2026-01-20 16:52:47,985 - WARNING - Duplicate patient ID found: stn15, skipping additional entry
2026-01-20 16:52:47,985 - INFO - Built FC index with 71 patients
2026-01-20 16:52:47,985 - INFO - Parsing UPDRS data with FC features...
2026-01-20 16:52:47,998 - INFO - Found 55 valid samples
2026-01-20 16:52:47,998 - INFO - Preparing dataset for TRANSFORMER model...
2026-01-20 16:52:47,998 - INFO - 
============================================================
2026-01-20 16:52:47,999 - INFO - Starting Cross-Validation for Deep Learning Models: Treatment_Response_ALL_TRANSFORMER_Thresh0.25
2026-01-20 16:52:47,999 - INFO - Total samples: 55 | Model type: Transformer
2026-01-20 16:52:47,999 - INFO - 
--- Fold 1/5 ---
2026-01-20 16:52:48,000 - INFO - Train size: 35, Val size: 9, Test size: 11
2026-01-20 16:52:48,001 - INFO - Train class balance - 0: 15, 1: 20
2026-01-20 16:52:48,001 - INFO - Val class balance   - 0: 4, 1: 5
2026-01-20 16:52:48,001 - INFO - Test class balance  - 0: 5, 1: 6
2026-01-20 16:52:48,775 - INFO - Training Transformer model for fold 1...
2026-01-20 16:52:48,984 - INFO - Epoch 1/200 | Train Loss: 0.6840, Acc: 0.5714 | Val Loss: 0.6940, Acc: 0.5556 | Best Val Loss: 0.6940
2026-01-20 16:52:49,511 - INFO - Epoch 10/200 | Train Loss: 0.4050, Acc: 0.9714 | Val Loss: 0.8574, Acc: 0.3333 | Best Val Loss: 0.6940
2026-01-20 16:52:49,859 - INFO - Early stopping at epoch 16
2026-01-20 16:52:49,880 - INFO - Optimal Youden threshold: 0.7646
2026-01-20 16:52:49,889 - INFO - Fold 1 Results - Acc: 0.9091, F1: 0.9231, AUC: 0.8667, AP: 0.8734
2026-01-20 16:52:49,889 - INFO - 
--- Fold 2/5 ---
2026-01-20 16:52:49,890 - INFO - Train size: 35, Val size: 9, Test size: 11
2026-01-20 16:52:49,890 - INFO - Train class balance - 0: 15, 1: 20
2026-01-20 16:52:49,890 - INFO - Val class balance   - 0: 4, 1: 5
2026-01-20 16:52:49,890 - INFO - Test class balance  - 0: 5, 1: 6
2026-01-20 16:52:49,973 - INFO - Training Transformer model for fold 2...
2026-01-20 16:52:50,034 - INFO - Epoch 1/200 | Train Loss: 0.7158, Acc: 0.3143 | Val Loss: 0.6831, Acc: 0.5556 | Best Val Loss: 0.6831
2026-01-20 16:52:50,553 - INFO - Epoch 10/200 | Train Loss: 0.4893, Acc: 0.8571 | Val Loss: 0.6663, Acc: 0.5556 | Best Val Loss: 0.6387
2026-01-20 16:52:51,271 - INFO - Epoch 20/200 | Train Loss: 0.0316, Acc: 1.0000 | Val Loss: 1.5389, Acc: 0.4444 | Best Val Loss: 0.6387
2026-01-20 16:52:51,503 - INFO - Early stopping at epoch 24
2026-01-20 16:52:51,523 - INFO - Optimal Youden threshold: 0.0250
2026-01-20 16:52:51,531 - INFO - Fold 2 Results - Acc: 0.6364, F1: 0.7500, AUC: 0.4000, AP: 0.5926
2026-01-20 16:52:51,531 - INFO - 
--- Fold 3/5 ---
2026-01-20 16:52:51,532 - INFO - Train size: 35, Val size: 9, Test size: 11
2026-01-20 16:52:51,532 - INFO - Train class balance - 0: 15, 1: 20
2026-01-20 16:52:51,532 - INFO - Val class balance   - 0: 4, 1: 5
2026-01-20 16:52:51,532 - INFO - Test class balance  - 0: 5, 1: 6
2026-01-20 16:52:51,615 - INFO - Training Transformer model for fold 3...
2026-01-20 16:52:51,674 - INFO - Epoch 1/200 | Train Loss: 0.6743, Acc: 0.5143 | Val Loss: 0.6419, Acc: 0.5556 | Best Val Loss: 0.6419
2026-01-20 16:52:52,200 - INFO - Epoch 10/200 | Train Loss: 0.4069, Acc: 0.9714 | Val Loss: 0.6557, Acc: 0.4444 | Best Val Loss: 0.6419
2026-01-20 16:52:52,548 - INFO - Early stopping at epoch 16
2026-01-20 16:52:52,568 - INFO - Optimal Youden threshold: 0.5887
2026-01-20 16:52:52,577 - INFO - Fold 3 Results - Acc: 0.7273, F1: 0.7692, AUC: 0.6333, AP: 0.7238
2026-01-20 16:52:52,577 - INFO - 
--- Fold 4/5 ---
2026-01-20 16:52:52,578 - INFO - Train size: 35, Val size: 9, Test size: 11
2026-01-20 16:52:52,578 - INFO - Train class balance - 0: 15, 1: 20
2026-01-20 16:52:52,578 - INFO - Val class balance   - 0: 4, 1: 5
2026-01-20 16:52:52,578 - INFO - Test class balance  - 0: 5, 1: 6
2026-01-20 16:52:52,658 - INFO - Training Transformer model for fold 4...
2026-01-20 16:52:52,717 - INFO - Epoch 1/200 | Train Loss: 0.7133, Acc: 0.5429 | Val Loss: 0.6991, Acc: 0.5556 | Best Val Loss: 0.6991
2026-01-20 16:52:53,239 - INFO - Epoch 10/200 | Train Loss: 0.3146, Acc: 0.9714 | Val Loss: 0.8374, Acc: 0.4444 | Best Val Loss: 0.6906
2026-01-20 16:52:53,705 - INFO - Early stopping at epoch 18
2026-01-20 16:52:53,725 - INFO - Optimal Youden threshold: 0.9677
2026-01-20 16:52:53,734 - INFO - Fold 4 Results - Acc: 0.5455, F1: 0.2857, AUC: 0.4000, AP: 0.6261
2026-01-20 16:52:53,734 - INFO - 
--- Fold 5/5 ---
2026-01-20 16:52:53,735 - INFO - Train size: 35, Val size: 9, Test size: 11
2026-01-20 16:52:53,735 - INFO - Train class balance - 0: 16, 1: 19
2026-01-20 16:52:53,735 - INFO - Val class balance   - 0: 4, 1: 5
2026-01-20 16:52:53,735 - INFO - Test class balance  - 0: 4, 1: 7
2026-01-20 16:52:53,818 - INFO - Training Transformer model for fold 5...
2026-01-20 16:52:53,879 - INFO - Epoch 1/200 | Train Loss: 0.6974, Acc: 0.5429 | Val Loss: 0.6763, Acc: 0.5556 | Best Val Loss: 0.6763
2026-01-20 16:52:54,401 - INFO - Epoch 10/200 | Train Loss: 0.3661, Acc: 0.9429 | Val Loss: 0.9868, Acc: 0.3333 | Best Val Loss: 0.6763
2026-01-20 16:52:54,749 - INFO - Early stopping at epoch 16
2026-01-20 16:52:54,769 - INFO - Optimal Youden threshold: 0.7561
2026-01-20 16:52:54,777 - INFO - Fold 5 Results - Acc: 0.6364, F1: 0.6667, AUC: 0.5000, AP: 0.7631
2026-01-20 16:52:54,777 - INFO - 
============================================================
2026-01-20 16:52:54,778 - INFO - FINAL CROSS-VALIDATION RESULTS FOR DEEP LEARNING: Treatment_Response_ALL_TRANSFORMER_Thresh0.25
2026-01-20 16:52:54,778 - INFO - ACC       : 0.6909 ± 0.1233
2026-01-20 16:52:54,778 - INFO - F1        : 0.6789 ± 0.2133
2026-01-20 16:52:54,778 - INFO - PRECISION : 0.7943 ± 0.1345
2026-01-20 16:52:54,778 - INFO - RECALL    : 0.7143 ± 0.3155
2026-01-20 16:52:54,778 - INFO - AUC       : 0.5600 ± 0.1756
2026-01-20 16:52:54,778 - INFO - AP        : 0.7158 ± 0.1004
2026-01-20 16:52:54,778 - INFO - ============================================================

2026-01-20 16:52:54,779 - INFO - Results saved to final_results_Treatment_Response_ALL_TRANSFORMER_Thresh0.25.json
2026-01-20 16:52:54,779 - INFO - Total execution time: 6.80 seconds
2026-01-20 16:53:12,896 - INFO - Using device: cuda
2026-01-20 16:53:12,897 - INFO - Hyperparameters: {
  "batch_size": 8,
  "learning_rate": 0.0005,
  "num_epochs": 200,
  "hidden_dim": 256,
  "num_blocks": 4,
  "dropout": 0.3,
  "feature_type": "ALL",
  "improvement_threshold": 0.25,
  "model_type": "GCN",
  "svm_params": {
    "C": 1.0,
    "kernel": "rbf",
    "gamma": "scale",
    "probability": true
  },
  "transformer_params": {
    "d_model": 64,
    "nhead": 4,
    "dim_feedforward": 128,
    "num_layers": 2,
    "use_cls_token": true
  },
  "gcn_params": {
    "gcn_hidden": 128,
    "gcn_layers": 2
  }
}
2026-01-20 16:53:12,897 - INFO - Starting treatment response prediction pipeline
2026-01-20 16:53:12,897 - INFO - Building FC file index...
2026-01-20 16:53:12,898 - WARNING - Duplicate patient ID found: stn02, skipping additional entry
2026-01-20 16:53:12,898 - WARNING - Duplicate patient ID found: gpi11, skipping additional entry
2026-01-20 16:53:12,898 - WARNING - Duplicate patient ID found: gpi02, skipping additional entry
2026-01-20 16:53:12,898 - WARNING - Duplicate patient ID found: gpi19, skipping additional entry
2026-01-20 16:53:12,898 - WARNING - Duplicate patient ID found: stn23, skipping additional entry
2026-01-20 16:53:12,898 - WARNING - Duplicate patient ID found: stn03, skipping additional entry
2026-01-20 16:53:12,898 - WARNING - Duplicate patient ID found: gpi20, skipping additional entry
2026-01-20 16:53:12,898 - WARNING - Duplicate patient ID found: stn04, skipping additional entry
2026-01-20 16:53:12,899 - WARNING - Duplicate patient ID found: stn24, skipping additional entry
2026-01-20 16:53:12,899 - WARNING - Duplicate patient ID found: gpi04, skipping additional entry
2026-01-20 16:53:12,899 - WARNING - Duplicate patient ID found: gpi15, skipping additional entry
2026-01-20 16:53:12,899 - WARNING - Duplicate patient ID found: stn19, skipping additional entry
2026-01-20 16:53:12,899 - WARNING - Duplicate patient ID found: stn08, skipping additional entry
2026-01-20 16:53:12,899 - WARNING - Duplicate patient ID found: stn11, skipping additional entry
2026-01-20 16:53:12,899 - WARNING - Duplicate patient ID found: gpi07, skipping additional entry
2026-01-20 16:53:12,899 - WARNING - Duplicate patient ID found: gpi26, skipping additional entry
2026-01-20 16:53:12,899 - WARNING - Duplicate patient ID found: stn13, skipping additional entry
2026-01-20 16:53:12,899 - WARNING - Duplicate patient ID found: gpi06, skipping additional entry
2026-01-20 16:53:12,899 - WARNING - Duplicate patient ID found: stn30, skipping additional entry
2026-01-20 16:53:12,899 - WARNING - Duplicate patient ID found: stn18, skipping additional entry
2026-01-20 16:53:12,899 - WARNING - Duplicate patient ID found: gpi24, skipping additional entry
2026-01-20 16:53:12,900 - WARNING - Duplicate patient ID found: gpi13, skipping additional entry
2026-01-20 16:53:12,900 - WARNING - Duplicate patient ID found: stn07, skipping additional entry
2026-01-20 16:53:12,900 - WARNING - Duplicate patient ID found: stn20, skipping additional entry
2026-01-20 16:53:12,900 - WARNING - Duplicate patient ID found: gpi12, skipping additional entry
2026-01-20 16:53:12,900 - WARNING - Duplicate patient ID found: stn01, skipping additional entry
2026-01-20 16:53:12,900 - WARNING - Duplicate patient ID found: gpi22, skipping additional entry
2026-01-20 16:53:12,900 - WARNING - Duplicate patient ID found: gpi18, skipping additional entry
2026-01-20 16:53:12,900 - WARNING - Duplicate patient ID found: gpi09, skipping additional entry
2026-01-20 16:53:12,900 - WARNING - Duplicate patient ID found: gpi25, skipping additional entry
2026-01-20 16:53:12,900 - WARNING - Duplicate patient ID found: stn29, skipping additional entry
2026-01-20 16:53:12,900 - WARNING - Duplicate patient ID found: gpi31, skipping additional entry
2026-01-20 16:53:12,900 - WARNING - Duplicate patient ID found: stn10, skipping additional entry
2026-01-20 16:53:12,900 - WARNING - Duplicate patient ID found: gpi28, skipping additional entry
2026-01-20 16:53:12,900 - WARNING - Duplicate patient ID found: stn31, skipping additional entry
2026-01-20 16:53:12,901 - WARNING - Duplicate patient ID found: gpi03, skipping additional entry
2026-01-20 16:53:12,901 - WARNING - Duplicate patient ID found: gpi05, skipping additional entry
2026-01-20 16:53:12,901 - WARNING - Duplicate patient ID found: stn25, skipping additional entry
2026-01-20 16:53:12,901 - WARNING - Duplicate patient ID found: gpi08, skipping additional entry
2026-01-20 16:53:12,901 - WARNING - Duplicate patient ID found: gpi27, skipping additional entry
2026-01-20 16:53:12,901 - WARNING - Duplicate patient ID found: stn16, skipping additional entry
2026-01-20 16:53:12,901 - WARNING - Duplicate patient ID found: gpi23, skipping additional entry
2026-01-20 16:53:12,901 - WARNING - Duplicate patient ID found: stn09, skipping additional entry
2026-01-20 16:53:12,901 - WARNING - Duplicate patient ID found: stn28, skipping additional entry
2026-01-20 16:53:12,901 - WARNING - Duplicate patient ID found: stn06, skipping additional entry
2026-01-20 16:53:12,901 - WARNING - Duplicate patient ID found: stn12, skipping additional entry
2026-01-20 16:53:12,901 - WARNING - Duplicate patient ID found: gpi16, skipping additional entry
2026-01-20 16:53:12,901 - WARNING - Duplicate patient ID found: gpi30, skipping additional entry
2026-01-20 16:53:12,901 - WARNING - Duplicate patient ID found: stn21, skipping additional entry
2026-01-20 16:53:12,901 - WARNING - Duplicate patient ID found: stn22, skipping additional entry
2026-01-20 16:53:12,901 - WARNING - Duplicate patient ID found: stn14, skipping additional entry
2026-01-20 16:53:12,901 - WARNING - Duplicate patient ID found: gpi17, skipping additional entry
2026-01-20 16:53:12,902 - WARNING - Duplicate patient ID found: gpi21, skipping additional entry
2026-01-20 16:53:12,902 - WARNING - Duplicate patient ID found: gpi32, skipping additional entry
2026-01-20 16:53:12,902 - WARNING - Duplicate patient ID found: stn15, skipping additional entry
2026-01-20 16:53:12,902 - INFO - Built FC index with 71 patients
2026-01-20 16:53:12,902 - INFO - Parsing UPDRS data with FC features...
2026-01-20 16:53:12,914 - INFO - Found 55 valid samples
2026-01-20 16:53:12,915 - INFO - Preparing feature matrices with FC features...
2026-01-20 16:53:12,941 - INFO - Feature matrix shape: (55, 199), Class distribution: [24 31]
2026-01-20 16:53:12,941 - INFO - 
============================================================
2026-01-20 16:53:12,941 - INFO - Starting Cross-Validation Experiment: Treatment_Response_ALL_GCN_Thresh0.25
2026-01-20 16:53:12,941 - INFO - Total samples: 55 | Class distribution: [24 31]
2026-01-20 16:53:12,941 - INFO - Using model type: GCN
2026-01-20 16:53:12,941 - INFO - 
--- Fold 1/5 ---
2026-01-20 16:53:12,942 - INFO - Train size: 44, Test size: 11
2026-01-20 16:53:12,942 - INFO - Train class balance - 0: 19, 1: 25
2026-01-20 16:53:12,942 - INFO - Test class balance  - 0: 5, 1: 6
2026-01-20 16:53:13,150 - INFO - Training GCN model for fold 1...
2026-01-20 16:53:13,967 - INFO - Epoch 001/200 - loss: 0.637896
2026-01-20 16:53:15,380 - INFO - Epoch 020/200 - loss: 0.050290
2026-01-20 16:53:16,870 - INFO - Epoch 040/200 - loss: 0.004988
2026-01-20 16:53:18,371 - INFO - Epoch 060/200 - loss: 0.000800
2026-01-20 16:53:19,836 - INFO - Epoch 080/200 - loss: 0.000273
2026-01-20 16:53:21,439 - INFO - Epoch 100/200 - loss: 0.000107
2026-01-20 16:53:22,882 - INFO - Epoch 120/200 - loss: 0.000060
2026-01-20 16:53:24,335 - INFO - Epoch 140/200 - loss: 0.000053
2026-01-20 16:53:25,892 - INFO - Epoch 160/200 - loss: 0.000045
2026-01-20 16:53:27,348 - INFO - Epoch 180/200 - loss: 0.000036
2026-01-20 16:53:28,811 - INFO - Epoch 200/200 - loss: 0.000050
2026-01-20 16:53:28,838 - INFO - Optimal Youden threshold: 0.9515
2026-01-20 16:53:28,852 - INFO - Fold 1 Results - Acc: 0.7273, F1: 0.7273, AUC: 0.6000, AP: 0.6454
2026-01-20 16:53:28,853 - INFO - 
--- Fold 2/5 ---
2026-01-20 16:53:28,853 - INFO - Train size: 44, Test size: 11
2026-01-20 16:53:28,853 - INFO - Train class balance - 0: 19, 1: 25
2026-01-20 16:53:28,853 - INFO - Test class balance  - 0: 5, 1: 6
2026-01-20 16:53:28,854 - INFO - Training GCN model for fold 2...
2026-01-20 16:53:29,001 - INFO - Epoch 001/200 - loss: 0.614435
2026-01-20 16:53:30,370 - INFO - Epoch 020/200 - loss: 0.034023
2026-01-20 16:53:31,907 - INFO - Epoch 040/200 - loss: 0.001744
2026-01-20 16:53:33,371 - INFO - Epoch 060/200 - loss: 0.000579
2026-01-20 16:53:34,839 - INFO - Epoch 080/200 - loss: 0.000178
2026-01-20 16:53:36,421 - INFO - Epoch 100/200 - loss: 0.000225
2026-01-20 16:53:37,853 - INFO - Epoch 120/200 - loss: 0.000105
2026-01-20 16:53:39,333 - INFO - Epoch 140/200 - loss: 0.000100
2026-01-20 16:53:40,886 - INFO - Epoch 160/200 - loss: 0.000054
2026-01-20 16:53:42,332 - INFO - Epoch 180/200 - loss: 0.000021
2026-01-20 16:53:43,794 - INFO - Epoch 200/200 - loss: 0.000022
2026-01-20 16:53:43,823 - INFO - Optimal Youden threshold: 0.8805
2026-01-20 16:53:43,836 - INFO - Fold 2 Results - Acc: 0.6364, F1: 0.6667, AUC: 0.4000, AP: 0.5242
2026-01-20 16:53:43,836 - INFO - 
--- Fold 3/5 ---
2026-01-20 16:53:43,836 - INFO - Train size: 44, Test size: 11
2026-01-20 16:53:43,836 - INFO - Train class balance - 0: 19, 1: 25
2026-01-20 16:53:43,836 - INFO - Test class balance  - 0: 5, 1: 6
2026-01-20 16:53:43,838 - INFO - Training GCN model for fold 3...
2026-01-20 16:53:43,977 - INFO - Epoch 001/200 - loss: 0.594651
2026-01-20 16:53:45,369 - INFO - Epoch 020/200 - loss: 0.037639
2026-01-20 16:53:46,953 - INFO - Epoch 040/200 - loss: 0.001692
2026-01-20 16:53:48,422 - INFO - Epoch 060/200 - loss: 0.000331
2026-01-20 16:53:49,868 - INFO - Epoch 080/200 - loss: 0.000253
2026-01-20 16:53:51,446 - INFO - Epoch 100/200 - loss: 0.000106
2026-01-20 16:53:52,910 - INFO - Epoch 120/200 - loss: 0.000083
2026-01-20 16:53:54,377 - INFO - Epoch 140/200 - loss: 0.000075
2026-01-20 16:53:55,830 - INFO - Epoch 160/200 - loss: 0.000033
2026-01-20 16:53:57,297 - INFO - Epoch 180/200 - loss: 0.000066
2026-01-20 16:53:58,781 - INFO - Epoch 200/200 - loss: 0.000062
2026-01-20 16:53:58,805 - INFO - Optimal Youden threshold: 0.1865
2026-01-20 16:53:58,818 - INFO - Fold 3 Results - Acc: 0.6364, F1: 0.7500, AUC: 0.4333, AP: 0.5537
2026-01-20 16:53:58,818 - INFO - 
--- Fold 4/5 ---
2026-01-20 16:53:58,819 - INFO - Train size: 44, Test size: 11
2026-01-20 16:53:58,819 - INFO - Train class balance - 0: 19, 1: 25
2026-01-20 16:53:58,819 - INFO - Test class balance  - 0: 5, 1: 6
2026-01-20 16:53:58,820 - INFO - Training GCN model for fold 4...
2026-01-20 16:53:58,953 - INFO - Epoch 001/200 - loss: 0.606474
2026-01-20 16:54:00,343 - INFO - Epoch 020/200 - loss: 0.039927
2026-01-20 16:54:01,794 - INFO - Epoch 040/200 - loss: 0.001956
2026-01-20 16:54:03,222 - INFO - Epoch 060/200 - loss: 0.000469
2026-01-20 16:54:04,679 - INFO - Epoch 080/200 - loss: 0.000303
2026-01-20 16:54:06,159 - INFO - Epoch 100/200 - loss: 0.000149
2026-01-20 16:54:07,592 - INFO - Epoch 120/200 - loss: 0.000068
2026-01-20 16:54:09,055 - INFO - Epoch 140/200 - loss: 0.000116
2026-01-20 16:54:10,518 - INFO - Epoch 160/200 - loss: 0.000038
2026-01-20 16:54:12,027 - INFO - Epoch 180/200 - loss: 0.000038
2026-01-20 16:54:13,481 - INFO - Epoch 200/200 - loss: 0.000035
2026-01-20 16:54:13,500 - INFO - Optimal Youden threshold: 0.9993
2026-01-20 16:54:13,514 - INFO - Fold 4 Results - Acc: 0.7273, F1: 0.6667, AUC: 0.6667, AP: 0.7994
2026-01-20 16:54:13,514 - INFO - 
--- Fold 5/5 ---
2026-01-20 16:54:13,514 - INFO - Train size: 44, Test size: 11
2026-01-20 16:54:13,514 - INFO - Train class balance - 0: 20, 1: 24
2026-01-20 16:54:13,514 - INFO - Test class balance  - 0: 4, 1: 7
2026-01-20 16:54:13,516 - INFO - Training GCN model for fold 5...
2026-01-20 16:54:13,647 - INFO - Epoch 001/200 - loss: 0.619875
2026-01-20 16:54:15,019 - INFO - Epoch 020/200 - loss: 0.039453
2026-01-20 16:54:16,498 - INFO - Epoch 040/200 - loss: 0.001701
2026-01-20 16:54:17,957 - INFO - Epoch 060/200 - loss: 0.000841
2026-01-20 16:54:19,402 - INFO - Epoch 080/200 - loss: 0.000347
2026-01-20 16:54:20,856 - INFO - Epoch 100/200 - loss: 0.000101
2026-01-20 16:54:22,312 - INFO - Epoch 120/200 - loss: 0.000094
2026-01-20 16:54:23,783 - INFO - Epoch 140/200 - loss: 0.000031
2026-01-20 16:54:25,240 - INFO - Epoch 160/200 - loss: 0.000027
2026-01-20 16:54:26,691 - INFO - Epoch 180/200 - loss: 0.000022
2026-01-20 16:54:28,112 - INFO - Epoch 200/200 - loss: 0.000062
2026-01-20 16:54:28,133 - INFO - Optimal Youden threshold: 0.9991
2026-01-20 16:54:28,146 - INFO - Fold 5 Results - Acc: 0.5455, F1: 0.4444, AUC: 0.5000, AP: 0.7421
2026-01-20 16:54:28,146 - INFO - 
============================================================
2026-01-20 16:54:28,146 - INFO - FINAL CROSS-VALIDATION RESULTS FOR: Treatment_Response_ALL_GCN_Thresh0.25
2026-01-20 16:54:28,146 - INFO - ACC       : 0.6545 ± 0.0680
2026-01-20 16:54:28,146 - INFO - F1        : 0.6510 ± 0.1084
2026-01-20 16:54:28,146 - INFO - PRECISION : 0.8133 ± 0.1655
2026-01-20 16:54:28,146 - INFO - RECALL    : 0.6238 ± 0.2344
2026-01-20 16:54:28,146 - INFO - AUC       : 0.5200 ± 0.1002
2026-01-20 16:54:28,146 - INFO - AP        : 0.6530 ± 0.1057
2026-01-20 16:54:28,146 - INFO - ============================================================

2026-01-20 16:54:28,148 - INFO - Results saved to final_results_Treatment_Response_ALL_GCN_Thresh0.25.json
2026-01-20 16:54:28,148 - INFO - Total execution time: 75.25 seconds
2026-01-20 16:54:42,400 - INFO - Using device: cuda
2026-01-20 16:54:42,400 - INFO - Hyperparameters: {
  "batch_size": 8,
  "learning_rate": 0.0005,
  "num_epochs": 50,
  "hidden_dim": 256,
  "num_blocks": 4,
  "dropout": 0.3,
  "feature_type": "ALL",
  "improvement_threshold": 0.25,
  "model_type": "GCN",
  "svm_params": {
    "C": 1.0,
    "kernel": "rbf",
    "gamma": "scale",
    "probability": true
  },
  "transformer_params": {
    "d_model": 64,
    "nhead": 4,
    "dim_feedforward": 128,
    "num_layers": 2,
    "use_cls_token": true
  },
  "gcn_params": {
    "gcn_hidden": 128,
    "gcn_layers": 2
  }
}
2026-01-20 16:54:42,400 - INFO - Starting treatment response prediction pipeline
2026-01-20 16:54:42,401 - INFO - Building FC file index...
2026-01-20 16:54:42,401 - WARNING - Duplicate patient ID found: stn02, skipping additional entry
2026-01-20 16:54:42,402 - WARNING - Duplicate patient ID found: gpi11, skipping additional entry
2026-01-20 16:54:42,402 - WARNING - Duplicate patient ID found: gpi02, skipping additional entry
2026-01-20 16:54:42,402 - WARNING - Duplicate patient ID found: gpi19, skipping additional entry
2026-01-20 16:54:42,402 - WARNING - Duplicate patient ID found: stn23, skipping additional entry
2026-01-20 16:54:42,402 - WARNING - Duplicate patient ID found: stn03, skipping additional entry
2026-01-20 16:54:42,402 - WARNING - Duplicate patient ID found: gpi20, skipping additional entry
2026-01-20 16:54:42,402 - WARNING - Duplicate patient ID found: stn04, skipping additional entry
2026-01-20 16:54:42,403 - WARNING - Duplicate patient ID found: stn24, skipping additional entry
2026-01-20 16:54:42,403 - WARNING - Duplicate patient ID found: gpi04, skipping additional entry
2026-01-20 16:54:42,403 - WARNING - Duplicate patient ID found: gpi15, skipping additional entry
2026-01-20 16:54:42,403 - WARNING - Duplicate patient ID found: stn19, skipping additional entry
2026-01-20 16:54:42,403 - WARNING - Duplicate patient ID found: stn08, skipping additional entry
2026-01-20 16:54:42,403 - WARNING - Duplicate patient ID found: stn11, skipping additional entry
2026-01-20 16:54:42,403 - WARNING - Duplicate patient ID found: gpi07, skipping additional entry
2026-01-20 16:54:42,403 - WARNING - Duplicate patient ID found: gpi26, skipping additional entry
2026-01-20 16:54:42,403 - WARNING - Duplicate patient ID found: stn13, skipping additional entry
2026-01-20 16:54:42,403 - WARNING - Duplicate patient ID found: gpi06, skipping additional entry
2026-01-20 16:54:42,403 - WARNING - Duplicate patient ID found: stn30, skipping additional entry
2026-01-20 16:54:42,403 - WARNING - Duplicate patient ID found: stn18, skipping additional entry
2026-01-20 16:54:42,403 - WARNING - Duplicate patient ID found: gpi24, skipping additional entry
2026-01-20 16:54:42,403 - WARNING - Duplicate patient ID found: gpi13, skipping additional entry
2026-01-20 16:54:42,404 - WARNING - Duplicate patient ID found: stn07, skipping additional entry
2026-01-20 16:54:42,404 - WARNING - Duplicate patient ID found: stn20, skipping additional entry
2026-01-20 16:54:42,404 - WARNING - Duplicate patient ID found: gpi12, skipping additional entry
2026-01-20 16:54:42,404 - WARNING - Duplicate patient ID found: stn01, skipping additional entry
2026-01-20 16:54:42,404 - WARNING - Duplicate patient ID found: gpi22, skipping additional entry
2026-01-20 16:54:42,404 - WARNING - Duplicate patient ID found: gpi18, skipping additional entry
2026-01-20 16:54:42,404 - WARNING - Duplicate patient ID found: gpi09, skipping additional entry
2026-01-20 16:54:42,404 - WARNING - Duplicate patient ID found: gpi25, skipping additional entry
2026-01-20 16:54:42,404 - WARNING - Duplicate patient ID found: stn29, skipping additional entry
2026-01-20 16:54:42,404 - WARNING - Duplicate patient ID found: gpi31, skipping additional entry
2026-01-20 16:54:42,404 - WARNING - Duplicate patient ID found: stn10, skipping additional entry
2026-01-20 16:54:42,405 - WARNING - Duplicate patient ID found: gpi28, skipping additional entry
2026-01-20 16:54:42,405 - WARNING - Duplicate patient ID found: stn31, skipping additional entry
2026-01-20 16:54:42,405 - WARNING - Duplicate patient ID found: gpi03, skipping additional entry
2026-01-20 16:54:42,405 - WARNING - Duplicate patient ID found: gpi05, skipping additional entry
2026-01-20 16:54:42,405 - WARNING - Duplicate patient ID found: stn25, skipping additional entry
2026-01-20 16:54:42,405 - WARNING - Duplicate patient ID found: gpi08, skipping additional entry
2026-01-20 16:54:42,405 - WARNING - Duplicate patient ID found: gpi27, skipping additional entry
2026-01-20 16:54:42,405 - WARNING - Duplicate patient ID found: stn16, skipping additional entry
2026-01-20 16:54:42,405 - WARNING - Duplicate patient ID found: gpi23, skipping additional entry
2026-01-20 16:54:42,405 - WARNING - Duplicate patient ID found: stn09, skipping additional entry
2026-01-20 16:54:42,405 - WARNING - Duplicate patient ID found: stn28, skipping additional entry
2026-01-20 16:54:42,405 - WARNING - Duplicate patient ID found: stn06, skipping additional entry
2026-01-20 16:54:42,405 - WARNING - Duplicate patient ID found: stn12, skipping additional entry
2026-01-20 16:54:42,405 - WARNING - Duplicate patient ID found: gpi16, skipping additional entry
2026-01-20 16:54:42,406 - WARNING - Duplicate patient ID found: gpi30, skipping additional entry
2026-01-20 16:54:42,406 - WARNING - Duplicate patient ID found: stn21, skipping additional entry
2026-01-20 16:54:42,406 - WARNING - Duplicate patient ID found: stn22, skipping additional entry
2026-01-20 16:54:42,406 - WARNING - Duplicate patient ID found: stn14, skipping additional entry
2026-01-20 16:54:42,406 - WARNING - Duplicate patient ID found: gpi17, skipping additional entry
2026-01-20 16:54:42,406 - WARNING - Duplicate patient ID found: gpi21, skipping additional entry
2026-01-20 16:54:42,406 - WARNING - Duplicate patient ID found: gpi32, skipping additional entry
2026-01-20 16:54:42,406 - WARNING - Duplicate patient ID found: stn15, skipping additional entry
2026-01-20 16:54:42,406 - INFO - Built FC index with 71 patients
2026-01-20 16:54:42,406 - INFO - Parsing UPDRS data with FC features...
2026-01-20 16:54:42,419 - INFO - Found 55 valid samples
2026-01-20 16:54:42,419 - INFO - Preparing feature matrices with FC features...
2026-01-20 16:54:42,446 - INFO - Feature matrix shape: (55, 199), Class distribution: [24 31]
2026-01-20 16:54:42,446 - INFO - 
============================================================
2026-01-20 16:54:42,446 - INFO - Starting Cross-Validation Experiment: Treatment_Response_ALL_GCN_Thresh0.25
2026-01-20 16:54:42,446 - INFO - Total samples: 55 | Class distribution: [24 31]
2026-01-20 16:54:42,446 - INFO - Using model type: GCN
2026-01-20 16:54:42,447 - INFO - 
--- Fold 1/5 ---
2026-01-20 16:54:42,447 - INFO - Train size: 44, Test size: 11
2026-01-20 16:54:42,447 - INFO - Train class balance - 0: 19, 1: 25
2026-01-20 16:54:42,447 - INFO - Test class balance  - 0: 5, 1: 6
2026-01-20 16:54:42,653 - INFO - Training GCN model for fold 1...
2026-01-20 16:54:43,497 - INFO - Epoch 001/50 - loss: 0.637896
2026-01-20 16:54:44,925 - INFO - Epoch 020/50 - loss: 0.050290
2026-01-20 16:54:46,387 - INFO - Epoch 040/50 - loss: 0.004988
2026-01-20 16:54:47,506 - INFO - Epoch 050/50 - loss: 0.000857
2026-01-20 16:54:47,534 - INFO - Optimal Youden threshold: 0.7116
2026-01-20 16:54:47,548 - INFO - Fold 1 Results - Acc: 0.7273, F1: 0.7273, AUC: 0.6000, AP: 0.6454
2026-01-20 16:54:47,548 - INFO - 
--- Fold 2/5 ---
2026-01-20 16:54:47,548 - INFO - Train size: 44, Test size: 11
2026-01-20 16:54:47,548 - INFO - Train class balance - 0: 19, 1: 25
2026-01-20 16:54:47,548 - INFO - Test class balance  - 0: 5, 1: 6
2026-01-20 16:54:47,550 - INFO - Training GCN model for fold 2...
2026-01-20 16:54:47,689 - INFO - Epoch 001/50 - loss: 0.611846
2026-01-20 16:54:49,061 - INFO - Epoch 020/50 - loss: 0.063824
2026-01-20 16:54:50,498 - INFO - Epoch 040/50 - loss: 0.001926
2026-01-20 16:54:51,227 - INFO - Epoch 050/50 - loss: 0.000745
2026-01-20 16:54:51,260 - INFO - Optimal Youden threshold: 0.4339
2026-01-20 16:54:51,272 - INFO - Fold 2 Results - Acc: 0.7273, F1: 0.7273, AUC: 0.7000, AP: 0.8016
2026-01-20 16:54:51,272 - INFO - 
--- Fold 3/5 ---
2026-01-20 16:54:51,272 - INFO - Train size: 44, Test size: 11
2026-01-20 16:54:51,272 - INFO - Train class balance - 0: 19, 1: 25
2026-01-20 16:54:51,272 - INFO - Test class balance  - 0: 5, 1: 6
2026-01-20 16:54:51,274 - INFO - Training GCN model for fold 3...
2026-01-20 16:54:51,419 - INFO - Epoch 001/50 - loss: 0.612033
2026-01-20 16:54:52,805 - INFO - Epoch 020/50 - loss: 0.046708
2026-01-20 16:54:54,274 - INFO - Epoch 040/50 - loss: 0.001401
2026-01-20 16:54:54,996 - INFO - Epoch 050/50 - loss: 0.001101
2026-01-20 16:54:55,021 - INFO - Optimal Youden threshold: 0.4995
2026-01-20 16:54:55,034 - INFO - Fold 3 Results - Acc: 0.7273, F1: 0.7692, AUC: 0.6000, AP: 0.6079
2026-01-20 16:54:55,034 - INFO - 
--- Fold 4/5 ---
2026-01-20 16:54:55,034 - INFO - Train size: 44, Test size: 11
2026-01-20 16:54:55,035 - INFO - Train class balance - 0: 19, 1: 25
2026-01-20 16:54:55,035 - INFO - Test class balance  - 0: 5, 1: 6
2026-01-20 16:54:55,036 - INFO - Training GCN model for fold 4...
2026-01-20 16:54:55,179 - INFO - Epoch 001/50 - loss: 0.600092
2026-01-20 16:54:56,699 - INFO - Epoch 020/50 - loss: 0.043438
2026-01-20 16:54:58,175 - INFO - Epoch 040/50 - loss: 0.001436
2026-01-20 16:54:58,911 - INFO - Epoch 050/50 - loss: 0.001405
2026-01-20 16:54:58,935 - INFO - Optimal Youden threshold: 0.9983
2026-01-20 16:54:58,948 - INFO - Fold 4 Results - Acc: 0.7273, F1: 0.6667, AUC: 0.7333, AP: 0.8302
2026-01-20 16:54:58,948 - INFO - 
--- Fold 5/5 ---
2026-01-20 16:54:58,948 - INFO - Train size: 44, Test size: 11
2026-01-20 16:54:58,948 - INFO - Train class balance - 0: 20, 1: 24
2026-01-20 16:54:58,948 - INFO - Test class balance  - 0: 4, 1: 7
2026-01-20 16:54:58,950 - INFO - Training GCN model for fold 5...
2026-01-20 16:54:59,089 - INFO - Epoch 001/50 - loss: 0.632091
2026-01-20 16:55:00,447 - INFO - Epoch 020/50 - loss: 0.037240
2026-01-20 16:55:01,928 - INFO - Epoch 040/50 - loss: 0.001823
2026-01-20 16:55:02,673 - INFO - Epoch 050/50 - loss: 0.000720
2026-01-20 16:55:02,706 - INFO - Optimal Youden threshold: 0.9977
2026-01-20 16:55:02,718 - INFO - Fold 5 Results - Acc: 0.5455, F1: 0.4444, AUC: 0.5000, AP: 0.7421
2026-01-20 16:55:02,718 - INFO - 
============================================================
2026-01-20 16:55:02,718 - INFO - FINAL CROSS-VALIDATION RESULTS FOR: Treatment_Response_ALL_GCN_Thresh0.25
2026-01-20 16:55:02,718 - INFO - ACC       : 0.6909 ± 0.0727
2026-01-20 16:55:02,718 - INFO - F1        : 0.6670 ± 0.1160
2026-01-20 16:55:02,718 - INFO - PRECISION : 0.8629 ± 0.1163
2026-01-20 16:55:02,718 - INFO - RECALL    : 0.5905 ± 0.1853
2026-01-20 16:55:02,718 - INFO - AUC       : 0.6267 ± 0.0827
2026-01-20 16:55:02,718 - INFO - AP        : 0.7254 ± 0.0863
2026-01-20 16:55:02,719 - INFO - ============================================================

2026-01-20 16:55:02,720 - INFO - Results saved to final_results_Treatment_Response_ALL_GCN_Thresh0.25.json
2026-01-20 16:55:02,720 - INFO - Total execution time: 20.32 seconds
2026-01-20 16:55:22,709 - INFO - Using device: cuda
2026-01-20 16:55:22,709 - INFO - Hyperparameters: {
  "batch_size": 8,
  "learning_rate": 0.0005,
  "num_epochs": 50,
  "hidden_dim": 256,
  "num_blocks": 4,
  "dropout": 0.1,
  "feature_type": "ALL",
  "improvement_threshold": 0.25,
  "model_type": "TRANSFORMER",
  "svm_params": {
    "C": 1.0,
    "kernel": "rbf",
    "gamma": "scale",
    "probability": true
  },
  "transformer_params": {
    "d_model": 64,
    "nhead": 4,
    "dim_feedforward": 128,
    "num_layers": 2,
    "use_cls_token": true
  },
  "gcn_params": {
    "gcn_hidden": 128,
    "gcn_layers": 2
  }
}
2026-01-20 16:55:22,709 - INFO - Starting treatment response prediction pipeline
2026-01-20 16:55:22,709 - INFO - Building FC file index...
2026-01-20 16:55:22,710 - WARNING - Duplicate patient ID found: stn02, skipping additional entry
2026-01-20 16:55:22,710 - WARNING - Duplicate patient ID found: gpi11, skipping additional entry
2026-01-20 16:55:22,711 - WARNING - Duplicate patient ID found: gpi02, skipping additional entry
2026-01-20 16:55:22,711 - WARNING - Duplicate patient ID found: gpi19, skipping additional entry
2026-01-20 16:55:22,711 - WARNING - Duplicate patient ID found: stn23, skipping additional entry
2026-01-20 16:55:22,711 - WARNING - Duplicate patient ID found: stn03, skipping additional entry
2026-01-20 16:55:22,711 - WARNING - Duplicate patient ID found: gpi20, skipping additional entry
2026-01-20 16:55:22,711 - WARNING - Duplicate patient ID found: stn04, skipping additional entry
2026-01-20 16:55:22,711 - WARNING - Duplicate patient ID found: stn24, skipping additional entry
2026-01-20 16:55:22,711 - WARNING - Duplicate patient ID found: gpi04, skipping additional entry
2026-01-20 16:55:22,711 - WARNING - Duplicate patient ID found: gpi15, skipping additional entry
2026-01-20 16:55:22,711 - WARNING - Duplicate patient ID found: stn19, skipping additional entry
2026-01-20 16:55:22,711 - WARNING - Duplicate patient ID found: stn08, skipping additional entry
2026-01-20 16:55:22,712 - WARNING - Duplicate patient ID found: stn11, skipping additional entry
2026-01-20 16:55:22,712 - WARNING - Duplicate patient ID found: gpi07, skipping additional entry
2026-01-20 16:55:22,712 - WARNING - Duplicate patient ID found: gpi26, skipping additional entry
2026-01-20 16:55:22,712 - WARNING - Duplicate patient ID found: stn13, skipping additional entry
2026-01-20 16:55:22,712 - WARNING - Duplicate patient ID found: gpi06, skipping additional entry
2026-01-20 16:55:22,712 - WARNING - Duplicate patient ID found: stn30, skipping additional entry
2026-01-20 16:55:22,712 - WARNING - Duplicate patient ID found: stn18, skipping additional entry
2026-01-20 16:55:22,712 - WARNING - Duplicate patient ID found: gpi24, skipping additional entry
2026-01-20 16:55:22,712 - WARNING - Duplicate patient ID found: gpi13, skipping additional entry
2026-01-20 16:55:22,712 - WARNING - Duplicate patient ID found: stn07, skipping additional entry
2026-01-20 16:55:22,712 - WARNING - Duplicate patient ID found: stn20, skipping additional entry
2026-01-20 16:55:22,712 - WARNING - Duplicate patient ID found: gpi12, skipping additional entry
2026-01-20 16:55:22,712 - WARNING - Duplicate patient ID found: stn01, skipping additional entry
2026-01-20 16:55:22,713 - WARNING - Duplicate patient ID found: gpi22, skipping additional entry
2026-01-20 16:55:22,713 - WARNING - Duplicate patient ID found: gpi18, skipping additional entry
2026-01-20 16:55:22,713 - WARNING - Duplicate patient ID found: gpi09, skipping additional entry
2026-01-20 16:55:22,713 - WARNING - Duplicate patient ID found: gpi25, skipping additional entry
2026-01-20 16:55:22,713 - WARNING - Duplicate patient ID found: stn29, skipping additional entry
2026-01-20 16:55:22,713 - WARNING - Duplicate patient ID found: gpi31, skipping additional entry
2026-01-20 16:55:22,713 - WARNING - Duplicate patient ID found: stn10, skipping additional entry
2026-01-20 16:55:22,713 - WARNING - Duplicate patient ID found: gpi28, skipping additional entry
2026-01-20 16:55:22,713 - WARNING - Duplicate patient ID found: stn31, skipping additional entry
2026-01-20 16:55:22,713 - WARNING - Duplicate patient ID found: gpi03, skipping additional entry
2026-01-20 16:55:22,713 - WARNING - Duplicate patient ID found: gpi05, skipping additional entry
2026-01-20 16:55:22,713 - WARNING - Duplicate patient ID found: stn25, skipping additional entry
2026-01-20 16:55:22,713 - WARNING - Duplicate patient ID found: gpi08, skipping additional entry
2026-01-20 16:55:22,713 - WARNING - Duplicate patient ID found: gpi27, skipping additional entry
2026-01-20 16:55:22,713 - WARNING - Duplicate patient ID found: stn16, skipping additional entry
2026-01-20 16:55:22,713 - WARNING - Duplicate patient ID found: gpi23, skipping additional entry
2026-01-20 16:55:22,714 - WARNING - Duplicate patient ID found: stn09, skipping additional entry
2026-01-20 16:55:22,714 - WARNING - Duplicate patient ID found: stn28, skipping additional entry
2026-01-20 16:55:22,714 - WARNING - Duplicate patient ID found: stn06, skipping additional entry
2026-01-20 16:55:22,714 - WARNING - Duplicate patient ID found: stn12, skipping additional entry
2026-01-20 16:55:22,714 - WARNING - Duplicate patient ID found: gpi16, skipping additional entry
2026-01-20 16:55:22,714 - WARNING - Duplicate patient ID found: gpi30, skipping additional entry
2026-01-20 16:55:22,714 - WARNING - Duplicate patient ID found: stn21, skipping additional entry
2026-01-20 16:55:22,714 - WARNING - Duplicate patient ID found: stn22, skipping additional entry
2026-01-20 16:55:22,714 - WARNING - Duplicate patient ID found: stn14, skipping additional entry
2026-01-20 16:55:22,714 - WARNING - Duplicate patient ID found: gpi17, skipping additional entry
2026-01-20 16:55:22,714 - WARNING - Duplicate patient ID found: gpi21, skipping additional entry
2026-01-20 16:55:22,714 - WARNING - Duplicate patient ID found: gpi32, skipping additional entry
2026-01-20 16:55:22,714 - WARNING - Duplicate patient ID found: stn15, skipping additional entry
2026-01-20 16:55:22,714 - INFO - Built FC index with 71 patients
2026-01-20 16:55:22,714 - INFO - Parsing UPDRS data with FC features...
2026-01-20 16:55:22,727 - INFO - Found 55 valid samples
2026-01-20 16:55:22,727 - INFO - Preparing feature matrices with FC features...
2026-01-20 16:55:22,754 - INFO - Feature matrix shape: (55, 199), Class distribution: [24 31]
2026-01-20 16:55:22,754 - INFO - 
============================================================
2026-01-20 16:55:22,754 - INFO - Starting Cross-Validation Experiment: Treatment_Response_ALL_TRANSFORMER_Thresh0.25
2026-01-20 16:55:22,754 - INFO - Total samples: 55 | Class distribution: [24 31]
2026-01-20 16:55:22,754 - INFO - Using model type: TRANSFORMER
2026-01-20 16:55:22,755 - INFO - 
--- Fold 1/5 ---
2026-01-20 16:55:22,755 - INFO - Train size: 44, Test size: 11
2026-01-20 16:55:22,755 - INFO - Train class balance - 0: 19, 1: 25
2026-01-20 16:55:22,755 - INFO - Test class balance  - 0: 5, 1: 6
2026-01-20 16:55:23,008 - INFO - Training TRANSFORMER model for fold 1...
2026-01-20 16:55:23,861 - INFO - Epoch 001/50 - loss: 0.593342
2026-01-20 16:55:25,521 - INFO - Epoch 020/50 - loss: 0.012770
2026-01-20 16:55:27,249 - INFO - Epoch 040/50 - loss: 0.002393
2026-01-20 16:55:28,117 - INFO - Epoch 050/50 - loss: 0.000115
2026-01-20 16:55:28,137 - INFO - Optimal Youden threshold: inf
2026-01-20 16:55:28,151 - INFO - Fold 1 Results - Acc: 0.4545, F1: 0.0000, AUC: 0.2333, AP: 0.4492
2026-01-20 16:55:28,151 - INFO - 
--- Fold 2/5 ---
2026-01-20 16:55:28,151 - INFO - Train size: 44, Test size: 11
2026-01-20 16:55:28,151 - INFO - Train class balance - 0: 19, 1: 25
2026-01-20 16:55:28,151 - INFO - Test class balance  - 0: 5, 1: 6
2026-01-20 16:55:28,174 - INFO - Training TRANSFORMER model for fold 2...
2026-01-20 16:55:28,335 - INFO - Epoch 001/50 - loss: 0.610021
2026-01-20 16:55:29,983 - INFO - Epoch 020/50 - loss: 0.040263
2026-01-20 16:55:31,694 - INFO - Epoch 040/50 - loss: 0.000167
2026-01-20 16:55:32,544 - INFO - Epoch 050/50 - loss: 0.000048
2026-01-20 16:55:32,569 - INFO - Optimal Youden threshold: 1.0000
2026-01-20 16:55:32,582 - INFO - Fold 2 Results - Acc: 0.5455, F1: 0.2857, AUC: 0.4333, AP: 0.6195
2026-01-20 16:55:32,582 - INFO - 
--- Fold 3/5 ---
2026-01-20 16:55:32,583 - INFO - Train size: 44, Test size: 11
2026-01-20 16:55:32,583 - INFO - Train class balance - 0: 19, 1: 25
2026-01-20 16:55:32,583 - INFO - Test class balance  - 0: 5, 1: 6
2026-01-20 16:55:32,596 - INFO - Training TRANSFORMER model for fold 3...
2026-01-20 16:55:32,746 - INFO - Epoch 001/50 - loss: 0.613841
2026-01-20 16:55:34,368 - INFO - Epoch 020/50 - loss: 0.003524
2026-01-20 16:55:36,067 - INFO - Epoch 040/50 - loss: 0.000661
2026-01-20 16:55:36,928 - INFO - Epoch 050/50 - loss: 0.000044
2026-01-20 16:55:36,953 - INFO - Optimal Youden threshold: 0.6611
2026-01-20 16:55:36,965 - INFO - Fold 3 Results - Acc: 0.5455, F1: 0.6154, AUC: 0.3333, AP: 0.4843
2026-01-20 16:55:36,965 - INFO - 
--- Fold 4/5 ---
2026-01-20 16:55:36,965 - INFO - Train size: 44, Test size: 11
2026-01-20 16:55:36,965 - INFO - Train class balance - 0: 19, 1: 25
2026-01-20 16:55:36,965 - INFO - Test class balance  - 0: 5, 1: 6
2026-01-20 16:55:36,988 - INFO - Training TRANSFORMER model for fold 4...
2026-01-20 16:55:37,142 - INFO - Epoch 001/50 - loss: 0.585880
2026-01-20 16:55:38,826 - INFO - Epoch 020/50 - loss: 0.012696
2026-01-20 16:55:40,569 - INFO - Epoch 040/50 - loss: 0.000894
2026-01-20 16:55:41,426 - INFO - Epoch 050/50 - loss: 0.000682
2026-01-20 16:55:41,450 - INFO - Optimal Youden threshold: 0.9999
2026-01-20 16:55:41,461 - INFO - Fold 4 Results - Acc: 0.6364, F1: 0.5000, AUC: 0.5000, AP: 0.7159
2026-01-20 16:55:41,461 - INFO - 
--- Fold 5/5 ---
2026-01-20 16:55:41,462 - INFO - Train size: 44, Test size: 11
2026-01-20 16:55:41,462 - INFO - Train class balance - 0: 20, 1: 24
2026-01-20 16:55:41,462 - INFO - Test class balance  - 0: 4, 1: 7
2026-01-20 16:55:41,484 - INFO - Training TRANSFORMER model for fold 5...
2026-01-20 16:55:41,634 - INFO - Epoch 001/50 - loss: 0.685333
2026-01-20 16:55:43,256 - INFO - Epoch 020/50 - loss: 0.211659
2026-01-20 16:55:44,950 - INFO - Epoch 040/50 - loss: 0.000469
2026-01-20 16:55:45,821 - INFO - Epoch 050/50 - loss: 0.000118
2026-01-20 16:55:45,838 - INFO - Optimal Youden threshold: 0.9996
2026-01-20 16:55:45,850 - INFO - Fold 5 Results - Acc: 0.5455, F1: 0.4444, AUC: 0.5357, AP: 0.7512
2026-01-20 16:55:45,851 - INFO - 
============================================================
2026-01-20 16:55:45,851 - INFO - FINAL CROSS-VALIDATION RESULTS FOR: Treatment_Response_ALL_TRANSFORMER_Thresh0.25
2026-01-20 16:55:45,851 - INFO - ACC       : 0.5455 ± 0.0575
2026-01-20 16:55:45,851 - INFO - F1        : 0.3691 ± 0.2129
2026-01-20 16:55:45,851 - INFO - PRECISION : 0.7143 ± 0.3938
2026-01-20 16:55:45,851 - INFO - RECALL    : 0.2905 ± 0.2205
2026-01-20 16:55:45,851 - INFO - AUC       : 0.4071 ± 0.1109
2026-01-20 16:55:45,851 - INFO - AP        : 0.6040 ± 0.1206
2026-01-20 16:55:45,851 - INFO - ============================================================

2026-01-20 16:55:45,853 - INFO - Results saved to final_results_Treatment_Response_ALL_TRANSFORMER_Thresh0.25.json
2026-01-20 16:55:45,853 - INFO - Total execution time: 23.14 seconds
2026-01-20 16:55:55,180 - INFO - Using device: cuda
2026-01-20 16:55:55,180 - INFO - Hyperparameters: {
  "batch_size": 8,
  "learning_rate": 0.0005,
  "num_epochs": 100,
  "hidden_dim": 256,
  "num_blocks": 4,
  "dropout": 0.3,
  "feature_type": "UPDRS",
  "improvement_threshold": 0.25,
  "model_type": "TRANSFORMER",
  "svm_params": {
    "C": 1.0,
    "kernel": "rbf",
    "gamma": "scale",
    "probability": true
  },
  "transformer_params": {
    "d_model": 64,
    "nhead": 4,
    "dim_feedforward": 128,
    "num_layers": 2,
    "use_cls_token": true
  },
  "gcn_params": {
    "gcn_hidden": 128,
    "gcn_layers": 2
  }
}
2026-01-20 16:55:55,181 - INFO - Starting treatment response prediction pipeline
2026-01-20 16:55:55,181 - INFO - Building FC file index...
2026-01-20 16:55:55,181 - WARNING - Duplicate patient ID found: stn02, skipping additional entry
2026-01-20 16:55:55,182 - WARNING - Duplicate patient ID found: gpi11, skipping additional entry
2026-01-20 16:55:55,182 - WARNING - Duplicate patient ID found: gpi02, skipping additional entry
2026-01-20 16:55:55,182 - WARNING - Duplicate patient ID found: gpi19, skipping additional entry
2026-01-20 16:55:55,182 - WARNING - Duplicate patient ID found: stn23, skipping additional entry
2026-01-20 16:55:55,182 - WARNING - Duplicate patient ID found: stn03, skipping additional entry
2026-01-20 16:55:55,182 - WARNING - Duplicate patient ID found: gpi20, skipping additional entry
2026-01-20 16:55:55,182 - WARNING - Duplicate patient ID found: stn04, skipping additional entry
2026-01-20 16:55:55,182 - WARNING - Duplicate patient ID found: stn24, skipping additional entry
2026-01-20 16:55:55,183 - WARNING - Duplicate patient ID found: gpi04, skipping additional entry
2026-01-20 16:55:55,183 - WARNING - Duplicate patient ID found: gpi15, skipping additional entry
2026-01-20 16:55:55,183 - WARNING - Duplicate patient ID found: stn19, skipping additional entry
2026-01-20 16:55:55,183 - WARNING - Duplicate patient ID found: stn08, skipping additional entry
2026-01-20 16:55:55,183 - WARNING - Duplicate patient ID found: stn11, skipping additional entry
2026-01-20 16:55:55,183 - WARNING - Duplicate patient ID found: gpi07, skipping additional entry
2026-01-20 16:55:55,183 - WARNING - Duplicate patient ID found: gpi26, skipping additional entry
2026-01-20 16:55:55,183 - WARNING - Duplicate patient ID found: stn13, skipping additional entry
2026-01-20 16:55:55,183 - WARNING - Duplicate patient ID found: gpi06, skipping additional entry
2026-01-20 16:55:55,183 - WARNING - Duplicate patient ID found: stn30, skipping additional entry
2026-01-20 16:55:55,183 - WARNING - Duplicate patient ID found: stn18, skipping additional entry
2026-01-20 16:55:55,183 - WARNING - Duplicate patient ID found: gpi24, skipping additional entry
2026-01-20 16:55:55,183 - WARNING - Duplicate patient ID found: gpi13, skipping additional entry
2026-01-20 16:55:55,183 - WARNING - Duplicate patient ID found: stn07, skipping additional entry
2026-01-20 16:55:55,183 - WARNING - Duplicate patient ID found: stn20, skipping additional entry
2026-01-20 16:55:55,184 - WARNING - Duplicate patient ID found: gpi12, skipping additional entry
2026-01-20 16:55:55,184 - WARNING - Duplicate patient ID found: stn01, skipping additional entry
2026-01-20 16:55:55,184 - WARNING - Duplicate patient ID found: gpi22, skipping additional entry
2026-01-20 16:55:55,184 - WARNING - Duplicate patient ID found: gpi18, skipping additional entry
2026-01-20 16:55:55,184 - WARNING - Duplicate patient ID found: gpi09, skipping additional entry
2026-01-20 16:55:55,184 - WARNING - Duplicate patient ID found: gpi25, skipping additional entry
2026-01-20 16:55:55,184 - WARNING - Duplicate patient ID found: stn29, skipping additional entry
2026-01-20 16:55:55,184 - WARNING - Duplicate patient ID found: gpi31, skipping additional entry
2026-01-20 16:55:55,184 - WARNING - Duplicate patient ID found: stn10, skipping additional entry
2026-01-20 16:55:55,184 - WARNING - Duplicate patient ID found: gpi28, skipping additional entry
2026-01-20 16:55:55,184 - WARNING - Duplicate patient ID found: stn31, skipping additional entry
2026-01-20 16:55:55,184 - WARNING - Duplicate patient ID found: gpi03, skipping additional entry
2026-01-20 16:55:55,184 - WARNING - Duplicate patient ID found: gpi05, skipping additional entry
2026-01-20 16:55:55,184 - WARNING - Duplicate patient ID found: stn25, skipping additional entry
2026-01-20 16:55:55,184 - WARNING - Duplicate patient ID found: gpi08, skipping additional entry
2026-01-20 16:55:55,185 - WARNING - Duplicate patient ID found: gpi27, skipping additional entry
2026-01-20 16:55:55,185 - WARNING - Duplicate patient ID found: stn16, skipping additional entry
2026-01-20 16:55:55,185 - WARNING - Duplicate patient ID found: gpi23, skipping additional entry
2026-01-20 16:55:55,185 - WARNING - Duplicate patient ID found: stn09, skipping additional entry
2026-01-20 16:55:55,185 - WARNING - Duplicate patient ID found: stn28, skipping additional entry
2026-01-20 16:55:55,185 - WARNING - Duplicate patient ID found: stn06, skipping additional entry
2026-01-20 16:55:55,185 - WARNING - Duplicate patient ID found: stn12, skipping additional entry
2026-01-20 16:55:55,185 - WARNING - Duplicate patient ID found: gpi16, skipping additional entry
2026-01-20 16:55:55,185 - WARNING - Duplicate patient ID found: gpi30, skipping additional entry
2026-01-20 16:55:55,185 - WARNING - Duplicate patient ID found: stn21, skipping additional entry
2026-01-20 16:55:55,185 - WARNING - Duplicate patient ID found: stn22, skipping additional entry
2026-01-20 16:55:55,185 - WARNING - Duplicate patient ID found: stn14, skipping additional entry
2026-01-20 16:55:55,185 - WARNING - Duplicate patient ID found: gpi17, skipping additional entry
2026-01-20 16:55:55,185 - WARNING - Duplicate patient ID found: gpi21, skipping additional entry
2026-01-20 16:55:55,185 - WARNING - Duplicate patient ID found: gpi32, skipping additional entry
2026-01-20 16:55:55,185 - WARNING - Duplicate patient ID found: stn15, skipping additional entry
2026-01-20 16:55:55,185 - INFO - Built FC index with 71 patients
2026-01-20 16:55:55,185 - INFO - Parsing UPDRS data with FC features...
2026-01-20 16:55:55,198 - INFO - Found 55 valid samples
2026-01-20 16:55:55,199 - INFO - Preparing feature matrices with FC features...
2026-01-20 16:55:55,224 - INFO - Feature matrix shape: (55, 33), Class distribution: [24 31]
2026-01-20 16:55:55,224 - INFO - 
============================================================
2026-01-20 16:55:55,224 - INFO - Starting Cross-Validation Experiment: Treatment_Response_UPDRS_TRANSFORMER_Thresh0.25
2026-01-20 16:55:55,224 - INFO - Total samples: 55 | Class distribution: [24 31]
2026-01-20 16:55:55,224 - INFO - Using model type: TRANSFORMER
2026-01-20 16:55:55,225 - INFO - 
--- Fold 1/5 ---
2026-01-20 16:55:55,225 - INFO - Train size: 44, Test size: 11
2026-01-20 16:55:55,225 - INFO - Train class balance - 0: 19, 1: 25
2026-01-20 16:55:55,225 - INFO - Test class balance  - 0: 5, 1: 6
2026-01-20 16:55:55,466 - INFO - Training TRANSFORMER model for fold 1...
2026-01-20 16:55:56,175 - INFO - Epoch 001/100 - loss: 0.583587
2026-01-20 16:55:56,652 - INFO - Epoch 020/100 - loss: 0.611551
2026-01-20 16:55:57,154 - INFO - Epoch 040/100 - loss: 0.568942
2026-01-20 16:55:57,656 - INFO - Epoch 060/100 - loss: 0.551047
2026-01-20 16:55:58,158 - INFO - Epoch 080/100 - loss: 0.511937
2026-01-20 16:55:58,663 - INFO - Epoch 100/100 - loss: 0.452155
2026-01-20 16:55:58,666 - INFO - Optimal Youden threshold: 0.2564
2026-01-20 16:55:58,678 - INFO - Fold 1 Results - Acc: 0.8182, F1: 0.8333, AUC: 0.8000, AP: 0.8417
2026-01-20 16:55:58,678 - INFO - 
--- Fold 2/5 ---
2026-01-20 16:55:58,678 - INFO - Train size: 44, Test size: 11
2026-01-20 16:55:58,678 - INFO - Train class balance - 0: 19, 1: 25
2026-01-20 16:55:58,678 - INFO - Test class balance  - 0: 5, 1: 6
2026-01-20 16:55:58,701 - INFO - Training TRANSFORMER model for fold 2...
2026-01-20 16:55:58,728 - INFO - Epoch 001/100 - loss: 0.609430
2026-01-20 16:55:59,206 - INFO - Epoch 020/100 - loss: 0.590327
2026-01-20 16:55:59,709 - INFO - Epoch 040/100 - loss: 0.561578
2026-01-20 16:56:00,210 - INFO - Epoch 060/100 - loss: 0.559413
2026-01-20 16:56:00,709 - INFO - Epoch 080/100 - loss: 0.513227
2026-01-20 16:56:01,210 - INFO - Epoch 100/100 - loss: 0.548027
2026-01-20 16:56:01,213 - INFO - Optimal Youden threshold: 0.3479
2026-01-20 16:56:01,226 - INFO - Fold 2 Results - Acc: 0.7273, F1: 0.7273, AUC: 0.5333, AP: 0.6270
2026-01-20 16:56:01,226 - INFO - 
--- Fold 3/5 ---
2026-01-20 16:56:01,226 - INFO - Train size: 44, Test size: 11
2026-01-20 16:56:01,226 - INFO - Train class balance - 0: 19, 1: 25
2026-01-20 16:56:01,226 - INFO - Test class balance  - 0: 5, 1: 6
2026-01-20 16:56:01,252 - INFO - Training TRANSFORMER model for fold 3...
2026-01-20 16:56:01,278 - INFO - Epoch 001/100 - loss: 0.626110
2026-01-20 16:56:01,753 - INFO - Epoch 020/100 - loss: 0.570960
2026-01-20 16:56:02,252 - INFO - Epoch 040/100 - loss: 0.570287
2026-01-20 16:56:02,750 - INFO - Epoch 060/100 - loss: 0.495410
2026-01-20 16:56:03,251 - INFO - Epoch 080/100 - loss: 0.541987
2026-01-20 16:56:03,751 - INFO - Epoch 100/100 - loss: 0.523277
2026-01-20 16:56:03,754 - INFO - Optimal Youden threshold: 0.2942
2026-01-20 16:56:03,766 - INFO - Fold 3 Results - Acc: 0.7273, F1: 0.6667, AUC: 0.7000, AP: 0.8284
2026-01-20 16:56:03,766 - INFO - 
--- Fold 4/5 ---
2026-01-20 16:56:03,766 - INFO - Train size: 44, Test size: 11
2026-01-20 16:56:03,766 - INFO - Train class balance - 0: 19, 1: 25
2026-01-20 16:56:03,766 - INFO - Test class balance  - 0: 5, 1: 6
2026-01-20 16:56:03,788 - INFO - Training TRANSFORMER model for fold 4...
2026-01-20 16:56:03,815 - INFO - Epoch 001/100 - loss: 0.630623
2026-01-20 16:56:04,292 - INFO - Epoch 020/100 - loss: 0.619300
2026-01-20 16:56:04,791 - INFO - Epoch 040/100 - loss: 0.533582
2026-01-20 16:56:05,293 - INFO - Epoch 060/100 - loss: 0.477711
2026-01-20 16:56:05,792 - INFO - Epoch 080/100 - loss: 0.409346
2026-01-20 16:56:06,291 - INFO - Epoch 100/100 - loss: 0.415002
2026-01-20 16:56:06,295 - INFO - Optimal Youden threshold: 0.7748
2026-01-20 16:56:06,306 - INFO - Fold 4 Results - Acc: 0.7273, F1: 0.7273, AUC: 0.7000, AP: 0.7552
2026-01-20 16:56:06,306 - INFO - 
--- Fold 5/5 ---
2026-01-20 16:56:06,306 - INFO - Train size: 44, Test size: 11
2026-01-20 16:56:06,306 - INFO - Train class balance - 0: 20, 1: 24
2026-01-20 16:56:06,306 - INFO - Test class balance  - 0: 4, 1: 7
2026-01-20 16:56:06,328 - INFO - Training TRANSFORMER model for fold 5...
2026-01-20 16:56:06,355 - INFO - Epoch 001/100 - loss: 0.630801
2026-01-20 16:56:06,830 - INFO - Epoch 020/100 - loss: 0.637842
2026-01-20 16:56:07,329 - INFO - Epoch 040/100 - loss: 0.560473
2026-01-20 16:56:07,828 - INFO - Epoch 060/100 - loss: 0.579954
2026-01-20 16:56:08,329 - INFO - Epoch 080/100 - loss: 0.619274
2026-01-20 16:56:08,828 - INFO - Epoch 100/100 - loss: 0.528014
2026-01-20 16:56:08,831 - INFO - Optimal Youden threshold: 0.1552
2026-01-20 16:56:08,843 - INFO - Fold 5 Results - Acc: 0.8182, F1: 0.8750, AUC: 0.7143, AP: 0.8441
2026-01-20 16:56:08,843 - INFO - 
============================================================
2026-01-20 16:56:08,843 - INFO - FINAL CROSS-VALIDATION RESULTS FOR: Treatment_Response_UPDRS_TRANSFORMER_Thresh0.25
2026-01-20 16:56:08,843 - INFO - ACC       : 0.7636 ± 0.0445
2026-01-20 16:56:08,843 - INFO - F1        : 0.7659 ± 0.0765
2026-01-20 16:56:08,843 - INFO - PRECISION : 0.8422 ± 0.0809
2026-01-20 16:56:08,843 - INFO - RECALL    : 0.7333 ± 0.1700
2026-01-20 16:56:08,843 - INFO - AUC       : 0.6895 ± 0.0865
2026-01-20 16:56:08,843 - INFO - AP        : 0.7793 ± 0.0828
2026-01-20 16:56:08,843 - INFO - ============================================================

2026-01-20 16:56:08,844 - INFO - Results saved to final_results_Treatment_Response_UPDRS_TRANSFORMER_Thresh0.25.json
2026-01-20 16:56:08,844 - INFO - Total execution time: 13.66 seconds
2026-01-20 16:56:36,287 - INFO - Using device: cuda
2026-01-20 16:56:36,287 - INFO - Hyperparameters: {
  "batch_size": 8,
  "learning_rate": 0.0005,
  "num_epochs": 100,
  "hidden_dim": 256,
  "num_blocks": 4,
  "dropout": 0.3,
  "feature_type": "ALL",
  "improvement_threshold": 0.25,
  "model_type": "TRANSFORMER",
  "svm_params": {
    "C": 1.0,
    "kernel": "rbf",
    "gamma": "scale",
    "probability": true
  },
  "transformer_params": {
    "d_model": 64,
    "nhead": 4,
    "dim_feedforward": 128,
    "num_layers": 2,
    "use_cls_token": true
  },
  "gcn_params": {
    "gcn_hidden": 128,
    "gcn_layers": 2
  }
}
2026-01-20 16:56:36,287 - INFO - Starting treatment response prediction pipeline
2026-01-20 16:56:36,287 - INFO - Building FC file index...
2026-01-20 16:56:36,288 - WARNING - Duplicate patient ID found: stn02, skipping additional entry
2026-01-20 16:56:36,288 - WARNING - Duplicate patient ID found: gpi11, skipping additional entry
2026-01-20 16:56:36,289 - WARNING - Duplicate patient ID found: gpi02, skipping additional entry
2026-01-20 16:56:36,289 - WARNING - Duplicate patient ID found: gpi19, skipping additional entry
2026-01-20 16:56:36,289 - WARNING - Duplicate patient ID found: stn23, skipping additional entry
2026-01-20 16:56:36,289 - WARNING - Duplicate patient ID found: stn03, skipping additional entry
2026-01-20 16:56:36,289 - WARNING - Duplicate patient ID found: gpi20, skipping additional entry
2026-01-20 16:56:36,289 - WARNING - Duplicate patient ID found: stn04, skipping additional entry
2026-01-20 16:56:36,289 - WARNING - Duplicate patient ID found: stn24, skipping additional entry
2026-01-20 16:56:36,289 - WARNING - Duplicate patient ID found: gpi04, skipping additional entry
2026-01-20 16:56:36,289 - WARNING - Duplicate patient ID found: gpi15, skipping additional entry
2026-01-20 16:56:36,289 - WARNING - Duplicate patient ID found: stn19, skipping additional entry
2026-01-20 16:56:36,289 - WARNING - Duplicate patient ID found: stn08, skipping additional entry
2026-01-20 16:56:36,289 - WARNING - Duplicate patient ID found: stn11, skipping additional entry
2026-01-20 16:56:36,290 - WARNING - Duplicate patient ID found: gpi07, skipping additional entry
2026-01-20 16:56:36,290 - WARNING - Duplicate patient ID found: gpi26, skipping additional entry
2026-01-20 16:56:36,290 - WARNING - Duplicate patient ID found: stn13, skipping additional entry
2026-01-20 16:56:36,290 - WARNING - Duplicate patient ID found: gpi06, skipping additional entry
2026-01-20 16:56:36,290 - WARNING - Duplicate patient ID found: stn30, skipping additional entry
2026-01-20 16:56:36,290 - WARNING - Duplicate patient ID found: stn18, skipping additional entry
2026-01-20 16:56:36,290 - WARNING - Duplicate patient ID found: gpi24, skipping additional entry
2026-01-20 16:56:36,290 - WARNING - Duplicate patient ID found: gpi13, skipping additional entry
2026-01-20 16:56:36,290 - WARNING - Duplicate patient ID found: stn07, skipping additional entry
2026-01-20 16:56:36,290 - WARNING - Duplicate patient ID found: stn20, skipping additional entry
2026-01-20 16:56:36,290 - WARNING - Duplicate patient ID found: gpi12, skipping additional entry
2026-01-20 16:56:36,290 - WARNING - Duplicate patient ID found: stn01, skipping additional entry
2026-01-20 16:56:36,291 - WARNING - Duplicate patient ID found: gpi22, skipping additional entry
2026-01-20 16:56:36,291 - WARNING - Duplicate patient ID found: gpi18, skipping additional entry
2026-01-20 16:56:36,291 - WARNING - Duplicate patient ID found: gpi09, skipping additional entry
2026-01-20 16:56:36,291 - WARNING - Duplicate patient ID found: gpi25, skipping additional entry
2026-01-20 16:56:36,291 - WARNING - Duplicate patient ID found: stn29, skipping additional entry
2026-01-20 16:56:36,291 - WARNING - Duplicate patient ID found: gpi31, skipping additional entry
2026-01-20 16:56:36,291 - WARNING - Duplicate patient ID found: stn10, skipping additional entry
2026-01-20 16:56:36,291 - WARNING - Duplicate patient ID found: gpi28, skipping additional entry
2026-01-20 16:56:36,291 - WARNING - Duplicate patient ID found: stn31, skipping additional entry
2026-01-20 16:56:36,291 - WARNING - Duplicate patient ID found: gpi03, skipping additional entry
2026-01-20 16:56:36,291 - WARNING - Duplicate patient ID found: gpi05, skipping additional entry
2026-01-20 16:56:36,291 - WARNING - Duplicate patient ID found: stn25, skipping additional entry
2026-01-20 16:56:36,291 - WARNING - Duplicate patient ID found: gpi08, skipping additional entry
2026-01-20 16:56:36,291 - WARNING - Duplicate patient ID found: gpi27, skipping additional entry
2026-01-20 16:56:36,291 - WARNING - Duplicate patient ID found: stn16, skipping additional entry
2026-01-20 16:56:36,291 - WARNING - Duplicate patient ID found: gpi23, skipping additional entry
2026-01-20 16:56:36,291 - WARNING - Duplicate patient ID found: stn09, skipping additional entry
2026-01-20 16:56:36,292 - WARNING - Duplicate patient ID found: stn28, skipping additional entry
2026-01-20 16:56:36,292 - WARNING - Duplicate patient ID found: stn06, skipping additional entry
2026-01-20 16:56:36,292 - WARNING - Duplicate patient ID found: stn12, skipping additional entry
2026-01-20 16:56:36,292 - WARNING - Duplicate patient ID found: gpi16, skipping additional entry
2026-01-20 16:56:36,292 - WARNING - Duplicate patient ID found: gpi30, skipping additional entry
2026-01-20 16:56:36,292 - WARNING - Duplicate patient ID found: stn21, skipping additional entry
2026-01-20 16:56:36,292 - WARNING - Duplicate patient ID found: stn22, skipping additional entry
2026-01-20 16:56:36,292 - WARNING - Duplicate patient ID found: stn14, skipping additional entry
2026-01-20 16:56:36,292 - WARNING - Duplicate patient ID found: gpi17, skipping additional entry
2026-01-20 16:56:36,292 - WARNING - Duplicate patient ID found: gpi21, skipping additional entry
2026-01-20 16:56:36,292 - WARNING - Duplicate patient ID found: gpi32, skipping additional entry
2026-01-20 16:56:36,292 - WARNING - Duplicate patient ID found: stn15, skipping additional entry
2026-01-20 16:56:36,292 - INFO - Built FC index with 71 patients
2026-01-20 16:56:36,292 - INFO - Parsing UPDRS data with FC features...
2026-01-20 16:56:36,305 - INFO - Found 55 valid samples
2026-01-20 16:56:36,305 - INFO - Preparing feature matrices with FC features...
2026-01-20 16:56:36,332 - INFO - Feature matrix shape: (55, 199), Class distribution: [24 31]
2026-01-20 16:56:36,332 - INFO - 
============================================================
2026-01-20 16:56:36,332 - INFO - Starting Cross-Validation Experiment: Treatment_Response_ALL_TRANSFORMER_Thresh0.25
2026-01-20 16:56:36,332 - INFO - Total samples: 55 | Class distribution: [24 31]
2026-01-20 16:56:36,332 - INFO - Using model type: TRANSFORMER
2026-01-20 16:56:36,333 - INFO - 
--- Fold 1/5 ---
2026-01-20 16:56:36,333 - INFO - Train size: 44, Test size: 11
2026-01-20 16:56:36,333 - INFO - Train class balance - 0: 19, 1: 25
2026-01-20 16:56:36,333 - INFO - Test class balance  - 0: 5, 1: 6
2026-01-20 16:56:36,572 - INFO - Training TRANSFORMER model for fold 1...
2026-01-20 16:56:37,403 - INFO - Epoch 001/100 - loss: 0.603202
2026-01-20 16:56:39,049 - INFO - Epoch 020/100 - loss: 0.397073
2026-01-20 16:56:40,796 - INFO - Epoch 040/100 - loss: 0.005014
2026-01-20 16:56:42,541 - INFO - Epoch 060/100 - loss: 0.000647
2026-01-20 16:56:44,296 - INFO - Epoch 080/100 - loss: 0.000461
2026-01-20 16:56:46,034 - INFO - Epoch 100/100 - loss: 0.000107
2026-01-20 16:56:46,059 - INFO - Optimal Youden threshold: 1.0000
2026-01-20 16:56:46,073 - INFO - Fold 1 Results - Acc: 0.5455, F1: 0.2857, AUC: 0.3667, AP: 0.6068
2026-01-20 16:56:46,073 - INFO - 
--- Fold 2/5 ---
2026-01-20 16:56:46,073 - INFO - Train size: 44, Test size: 11
2026-01-20 16:56:46,074 - INFO - Train class balance - 0: 19, 1: 25
2026-01-20 16:56:46,074 - INFO - Test class balance  - 0: 5, 1: 6
2026-01-20 16:56:46,096 - INFO - Training TRANSFORMER model for fold 2...
2026-01-20 16:56:46,259 - INFO - Epoch 001/100 - loss: 0.614396
2026-01-20 16:56:47,887 - INFO - Epoch 020/100 - loss: 0.217512
2026-01-20 16:56:49,591 - INFO - Epoch 040/100 - loss: 0.000854
2026-01-20 16:56:51,302 - INFO - Epoch 060/100 - loss: 0.000271
2026-01-20 16:56:53,018 - INFO - Epoch 080/100 - loss: 0.000080
2026-01-20 16:56:54,740 - INFO - Epoch 100/100 - loss: 0.000152
2026-01-20 16:56:54,765 - INFO - Optimal Youden threshold: 1.0000
2026-01-20 16:56:54,779 - INFO - Fold 2 Results - Acc: 0.5455, F1: 0.4444, AUC: 0.4000, AP: 0.5446
2026-01-20 16:56:54,779 - INFO - 
--- Fold 3/5 ---
2026-01-20 16:56:54,779 - INFO - Train size: 44, Test size: 11
2026-01-20 16:56:54,779 - INFO - Train class balance - 0: 19, 1: 25
2026-01-20 16:56:54,779 - INFO - Test class balance  - 0: 5, 1: 6
2026-01-20 16:56:54,801 - INFO - Training TRANSFORMER model for fold 3...
2026-01-20 16:56:54,958 - INFO - Epoch 001/100 - loss: 0.591695
2026-01-20 16:56:56,587 - INFO - Epoch 020/100 - loss: 0.305744
2026-01-20 16:56:58,308 - INFO - Epoch 040/100 - loss: 0.005135
2026-01-20 16:57:00,121 - INFO - Epoch 060/100 - loss: 0.000538
2026-01-20 16:57:01,844 - INFO - Epoch 080/100 - loss: 0.000196
2026-01-20 16:57:03,554 - INFO - Epoch 100/100 - loss: 0.000409
2026-01-20 16:57:03,573 - INFO - Optimal Youden threshold: 0.0013
2026-01-20 16:57:03,586 - INFO - Fold 3 Results - Acc: 0.5455, F1: 0.6667, AUC: 0.2333, AP: 0.4494
2026-01-20 16:57:03,586 - INFO - 
--- Fold 4/5 ---
2026-01-20 16:57:03,586 - INFO - Train size: 44, Test size: 11
2026-01-20 16:57:03,587 - INFO - Train class balance - 0: 19, 1: 25
2026-01-20 16:57:03,587 - INFO - Test class balance  - 0: 5, 1: 6
2026-01-20 16:57:03,607 - INFO - Training TRANSFORMER model for fold 4...
2026-01-20 16:57:03,753 - INFO - Epoch 001/100 - loss: 0.605293
2026-01-20 16:57:05,407 - INFO - Epoch 020/100 - loss: 0.362106
2026-01-20 16:57:07,133 - INFO - Epoch 040/100 - loss: 0.002697
2026-01-20 16:57:08,859 - INFO - Epoch 060/100 - loss: 0.000598
2026-01-20 16:57:10,671 - INFO - Epoch 080/100 - loss: 0.000575
2026-01-20 16:57:12,404 - INFO - Epoch 100/100 - loss: 0.000119
2026-01-20 16:57:12,428 - INFO - Optimal Youden threshold: 0.0000
2026-01-20 16:57:12,441 - INFO - Fold 4 Results - Acc: 0.7273, F1: 0.7692, AUC: 0.6667, AP: 0.7794
2026-01-20 16:57:12,441 - INFO - 
--- Fold 5/5 ---
2026-01-20 16:57:12,442 - INFO - Train size: 44, Test size: 11
2026-01-20 16:57:12,442 - INFO - Train class balance - 0: 20, 1: 24
2026-01-20 16:57:12,442 - INFO - Test class balance  - 0: 4, 1: 7
2026-01-20 16:57:12,464 - INFO - Training TRANSFORMER model for fold 5...
2026-01-20 16:57:12,630 - INFO - Epoch 001/100 - loss: 0.659040
2026-01-20 16:57:14,285 - INFO - Epoch 020/100 - loss: 0.321851
2026-01-20 16:57:16,055 - INFO - Epoch 040/100 - loss: 0.001914
2026-01-20 16:57:17,780 - INFO - Epoch 060/100 - loss: 0.000250
2026-01-20 16:57:19,523 - INFO - Epoch 080/100 - loss: 0.000149
2026-01-20 16:57:21,323 - INFO - Epoch 100/100 - loss: 0.000143
2026-01-20 16:57:21,347 - INFO - Optimal Youden threshold: 1.0000
2026-01-20 16:57:21,360 - INFO - Fold 5 Results - Acc: 0.7273, F1: 0.7273, AUC: 0.5714, AP: 0.8274
2026-01-20 16:57:21,360 - INFO - 
============================================================
2026-01-20 16:57:21,360 - INFO - FINAL CROSS-VALIDATION RESULTS FOR: Treatment_Response_ALL_TRANSFORMER_Thresh0.25
2026-01-20 16:57:21,360 - INFO - ACC       : 0.6182 ± 0.0891
2026-01-20 16:57:21,360 - INFO - F1        : 0.5787 ± 0.1844
2026-01-20 16:57:21,360 - INFO - PRECISION : 0.7873 ± 0.1811
2026-01-20 16:57:21,360 - INFO - RECALL    : 0.5476 ± 0.2664
2026-01-20 16:57:21,360 - INFO - AUC       : 0.4476 ± 0.1537
2026-01-20 16:57:21,360 - INFO - AP        : 0.6415 ± 0.1422
2026-01-20 16:57:21,360 - INFO - ============================================================

2026-01-20 16:57:21,362 - INFO - Results saved to final_results_Treatment_Response_ALL_TRANSFORMER_Thresh0.25.json
2026-01-20 16:57:21,362 - INFO - Total execution time: 45.07 seconds
2026-01-20 16:57:28,077 - INFO - Using device: cuda
2026-01-20 16:57:28,077 - INFO - Hyperparameters: {
  "batch_size": 8,
  "learning_rate": 0.0005,
  "num_epochs": 100,
  "hidden_dim": 256,
  "num_blocks": 4,
  "dropout": 0.3,
  "feature_type": "ALL",
  "improvement_threshold": 0.25,
  "model_type": "TRANSFORMER",
  "svm_params": {
    "C": 1.0,
    "kernel": "rbf",
    "gamma": "scale",
    "probability": true
  },
  "transformer_params": {
    "d_model": 64,
    "nhead": 4,
    "dim_feedforward": 128,
    "num_layers": 2,
    "use_cls_token": true
  },
  "gcn_params": {
    "gcn_hidden": 128,
    "gcn_layers": 2
  }
}
2026-01-20 16:57:28,077 - INFO - Starting treatment response prediction pipeline
2026-01-20 16:57:28,077 - INFO - Building FC file index...
2026-01-20 16:57:28,078 - WARNING - Duplicate patient ID found: stn02, skipping additional entry
2026-01-20 16:57:28,078 - WARNING - Duplicate patient ID found: gpi11, skipping additional entry
2026-01-20 16:57:28,079 - WARNING - Duplicate patient ID found: gpi02, skipping additional entry
2026-01-20 16:57:28,079 - WARNING - Duplicate patient ID found: gpi19, skipping additional entry
2026-01-20 16:57:28,079 - WARNING - Duplicate patient ID found: stn23, skipping additional entry
2026-01-20 16:57:28,079 - WARNING - Duplicate patient ID found: stn03, skipping additional entry
2026-01-20 16:57:28,079 - WARNING - Duplicate patient ID found: gpi20, skipping additional entry
2026-01-20 16:57:28,079 - WARNING - Duplicate patient ID found: stn04, skipping additional entry
2026-01-20 16:57:28,079 - WARNING - Duplicate patient ID found: stn24, skipping additional entry
2026-01-20 16:57:28,079 - WARNING - Duplicate patient ID found: gpi04, skipping additional entry
2026-01-20 16:57:28,079 - WARNING - Duplicate patient ID found: gpi15, skipping additional entry
2026-01-20 16:57:28,079 - WARNING - Duplicate patient ID found: stn19, skipping additional entry
2026-01-20 16:57:28,079 - WARNING - Duplicate patient ID found: stn08, skipping additional entry
2026-01-20 16:57:28,080 - WARNING - Duplicate patient ID found: stn11, skipping additional entry
2026-01-20 16:57:28,080 - WARNING - Duplicate patient ID found: gpi07, skipping additional entry
2026-01-20 16:57:28,080 - WARNING - Duplicate patient ID found: gpi26, skipping additional entry
2026-01-20 16:57:28,080 - WARNING - Duplicate patient ID found: stn13, skipping additional entry
2026-01-20 16:57:28,080 - WARNING - Duplicate patient ID found: gpi06, skipping additional entry
2026-01-20 16:57:28,080 - WARNING - Duplicate patient ID found: stn30, skipping additional entry
2026-01-20 16:57:28,080 - WARNING - Duplicate patient ID found: stn18, skipping additional entry
2026-01-20 16:57:28,080 - WARNING - Duplicate patient ID found: gpi24, skipping additional entry
2026-01-20 16:57:28,080 - WARNING - Duplicate patient ID found: gpi13, skipping additional entry
2026-01-20 16:57:28,080 - WARNING - Duplicate patient ID found: stn07, skipping additional entry
2026-01-20 16:57:28,080 - WARNING - Duplicate patient ID found: stn20, skipping additional entry
2026-01-20 16:57:28,080 - WARNING - Duplicate patient ID found: gpi12, skipping additional entry
2026-01-20 16:57:28,080 - WARNING - Duplicate patient ID found: stn01, skipping additional entry
2026-01-20 16:57:28,081 - WARNING - Duplicate patient ID found: gpi22, skipping additional entry
2026-01-20 16:57:28,081 - WARNING - Duplicate patient ID found: gpi18, skipping additional entry
2026-01-20 16:57:28,081 - WARNING - Duplicate patient ID found: gpi09, skipping additional entry
2026-01-20 16:57:28,081 - WARNING - Duplicate patient ID found: gpi25, skipping additional entry
2026-01-20 16:57:28,081 - WARNING - Duplicate patient ID found: stn29, skipping additional entry
2026-01-20 16:57:28,081 - WARNING - Duplicate patient ID found: gpi31, skipping additional entry
2026-01-20 16:57:28,081 - WARNING - Duplicate patient ID found: stn10, skipping additional entry
2026-01-20 16:57:28,081 - WARNING - Duplicate patient ID found: gpi28, skipping additional entry
2026-01-20 16:57:28,081 - WARNING - Duplicate patient ID found: stn31, skipping additional entry
2026-01-20 16:57:28,081 - WARNING - Duplicate patient ID found: gpi03, skipping additional entry
2026-01-20 16:57:28,081 - WARNING - Duplicate patient ID found: gpi05, skipping additional entry
2026-01-20 16:57:28,081 - WARNING - Duplicate patient ID found: stn25, skipping additional entry
2026-01-20 16:57:28,081 - WARNING - Duplicate patient ID found: gpi08, skipping additional entry
2026-01-20 16:57:28,081 - WARNING - Duplicate patient ID found: gpi27, skipping additional entry
2026-01-20 16:57:28,081 - WARNING - Duplicate patient ID found: stn16, skipping additional entry
2026-01-20 16:57:28,081 - WARNING - Duplicate patient ID found: gpi23, skipping additional entry
2026-01-20 16:57:28,082 - WARNING - Duplicate patient ID found: stn09, skipping additional entry
2026-01-20 16:57:28,082 - WARNING - Duplicate patient ID found: stn28, skipping additional entry
2026-01-20 16:57:28,082 - WARNING - Duplicate patient ID found: stn06, skipping additional entry
2026-01-20 16:57:28,082 - WARNING - Duplicate patient ID found: stn12, skipping additional entry
2026-01-20 16:57:28,082 - WARNING - Duplicate patient ID found: gpi16, skipping additional entry
2026-01-20 16:57:28,082 - WARNING - Duplicate patient ID found: gpi30, skipping additional entry
2026-01-20 16:57:28,082 - WARNING - Duplicate patient ID found: stn21, skipping additional entry
2026-01-20 16:57:28,082 - WARNING - Duplicate patient ID found: stn22, skipping additional entry
2026-01-20 16:57:28,082 - WARNING - Duplicate patient ID found: stn14, skipping additional entry
2026-01-20 16:57:28,082 - WARNING - Duplicate patient ID found: gpi17, skipping additional entry
2026-01-20 16:57:28,082 - WARNING - Duplicate patient ID found: gpi21, skipping additional entry
2026-01-20 16:57:28,082 - WARNING - Duplicate patient ID found: gpi32, skipping additional entry
2026-01-20 16:57:28,082 - WARNING - Duplicate patient ID found: stn15, skipping additional entry
2026-01-20 16:57:28,082 - INFO - Built FC index with 71 patients
2026-01-20 16:57:28,082 - INFO - Parsing UPDRS data with FC features...
2026-01-20 16:57:28,096 - INFO - Found 55 valid samples
2026-01-20 16:57:28,096 - INFO - Preparing feature matrices with FC features...
2026-01-20 16:57:28,118 - INFO - Feature matrix shape: (55, 199), Class distribution: [24 31]
2026-01-20 16:57:28,118 - INFO - 
============================================================
2026-01-20 16:57:28,118 - INFO - Starting Cross-Validation Experiment: Treatment_Response_ALL_TRANSFORMER_Thresh0.25
2026-01-20 16:57:28,119 - INFO - Total samples: 55 | Class distribution: [24 31]
2026-01-20 16:57:28,119 - INFO - Using model type: TRANSFORMER
2026-01-20 16:57:28,119 - INFO - 
--- Fold 1/5 ---
2026-01-20 16:57:28,119 - INFO - Train size: 44, Test size: 11
2026-01-20 16:57:28,119 - INFO - Train class balance - 0: 19, 1: 25
2026-01-20 16:57:28,119 - INFO - Test class balance  - 0: 5, 1: 6
2026-01-20 16:57:28,364 - INFO - Training TRANSFORMER model for fold 1...
2026-01-20 16:57:29,205 - INFO - Epoch 001/100 - loss: 0.603202
2026-01-20 16:57:30,853 - INFO - Epoch 020/100 - loss: 0.397073
2026-01-20 16:57:32,556 - INFO - Epoch 040/100 - loss: 0.005014
2026-01-20 16:57:34,413 - INFO - Epoch 060/100 - loss: 0.000647
2026-01-20 16:57:36,168 - INFO - Epoch 080/100 - loss: 0.000461
2026-01-20 16:57:37,899 - INFO - Epoch 100/100 - loss: 0.000107
2026-01-20 16:57:37,922 - INFO - Optimal Youden threshold: 1.0000
2026-01-20 16:57:37,936 - INFO - Fold 1 Results - Acc: 0.5455, F1: 0.2857, AUC: 0.3667, AP: 0.6068
2026-01-20 16:57:37,936 - INFO - 
--- Fold 2/5 ---
2026-01-20 16:57:37,937 - INFO - Train size: 44, Test size: 11
2026-01-20 16:57:37,937 - INFO - Train class balance - 0: 19, 1: 25
2026-01-20 16:57:37,937 - INFO - Test class balance  - 0: 5, 1: 6
2026-01-20 16:57:37,955 - INFO - Training TRANSFORMER model for fold 2...
2026-01-20 16:57:38,116 - INFO - Epoch 001/100 - loss: 0.614396
2026-01-20 16:57:39,762 - INFO - Epoch 020/100 - loss: 0.217512
2026-01-20 16:57:41,493 - INFO - Epoch 040/100 - loss: 0.000854
2026-01-20 16:57:43,309 - INFO - Epoch 060/100 - loss: 0.000271
2026-01-20 16:57:45,059 - INFO - Epoch 080/100 - loss: 0.000080
2026-01-20 16:57:46,784 - INFO - Epoch 100/100 - loss: 0.000152
2026-01-20 16:57:46,809 - INFO - Optimal Youden threshold: 1.0000
2026-01-20 16:57:46,822 - INFO - Fold 2 Results - Acc: 0.5455, F1: 0.4444, AUC: 0.4000, AP: 0.5446
2026-01-20 16:57:46,822 - INFO - 
--- Fold 3/5 ---
2026-01-20 16:57:46,822 - INFO - Train size: 44, Test size: 11
2026-01-20 16:57:46,822 - INFO - Train class balance - 0: 19, 1: 25
2026-01-20 16:57:46,822 - INFO - Test class balance  - 0: 5, 1: 6
2026-01-20 16:57:46,844 - INFO - Training TRANSFORMER model for fold 3...
2026-01-20 16:57:47,004 - INFO - Epoch 001/100 - loss: 0.591695
2026-01-20 16:57:48,950 - INFO - Epoch 020/100 - loss: 0.305744
2026-01-20 16:57:50,664 - INFO - Epoch 040/100 - loss: 0.005135
2026-01-20 16:57:52,326 - INFO - Epoch 060/100 - loss: 0.000538
2026-01-20 16:57:54,218 - INFO - Epoch 080/100 - loss: 0.000196
2026-01-20 16:57:55,932 - INFO - Epoch 100/100 - loss: 0.000409
2026-01-20 16:57:55,957 - INFO - Optimal Youden threshold: 0.0013
2026-01-20 16:57:55,971 - INFO - Fold 3 Results - Acc: 0.5455, F1: 0.6667, AUC: 0.2333, AP: 0.4494
2026-01-20 16:57:55,971 - INFO - 
--- Fold 4/5 ---
2026-01-20 16:57:55,971 - INFO - Train size: 44, Test size: 11
2026-01-20 16:57:55,972 - INFO - Train class balance - 0: 19, 1: 25
2026-01-20 16:57:55,972 - INFO - Test class balance  - 0: 5, 1: 6
2026-01-20 16:57:55,994 - INFO - Training TRANSFORMER model for fold 4...
2026-01-20 16:57:56,142 - INFO - Epoch 001/100 - loss: 0.605293
2026-01-20 16:57:57,775 - INFO - Epoch 020/100 - loss: 0.362106
2026-01-20 16:57:59,467 - INFO - Epoch 040/100 - loss: 0.002697
2026-01-20 16:58:01,186 - INFO - Epoch 060/100 - loss: 0.000598
2026-01-20 16:58:02,968 - INFO - Epoch 080/100 - loss: 0.000575
2026-01-20 16:58:04,697 - INFO - Epoch 100/100 - loss: 0.000119
2026-01-20 16:58:04,722 - INFO - Optimal Youden threshold: 0.0000
2026-01-20 16:58:04,734 - INFO - Fold 4 Results - Acc: 0.7273, F1: 0.7692, AUC: 0.6667, AP: 0.7794
2026-01-20 16:58:04,734 - INFO - 
--- Fold 5/5 ---
2026-01-20 16:58:04,734 - INFO - Train size: 44, Test size: 11
2026-01-20 16:58:04,735 - INFO - Train class balance - 0: 20, 1: 24
2026-01-20 16:58:04,735 - INFO - Test class balance  - 0: 4, 1: 7
2026-01-20 16:58:04,747 - INFO - Training TRANSFORMER model for fold 5...
2026-01-20 16:58:04,908 - INFO - Epoch 001/100 - loss: 0.659040
2026-01-20 16:58:06,541 - INFO - Epoch 020/100 - loss: 0.321851
2026-01-20 16:58:08,266 - INFO - Epoch 040/100 - loss: 0.001914
2026-01-20 16:58:10,005 - INFO - Epoch 060/100 - loss: 0.000250
2026-01-20 16:58:11,719 - INFO - Epoch 080/100 - loss: 0.000149
2026-01-20 16:58:13,537 - INFO - Epoch 100/100 - loss: 0.000143
2026-01-20 16:58:13,562 - INFO - Optimal Youden threshold: 1.0000
2026-01-20 16:58:13,575 - INFO - Fold 5 Results - Acc: 0.7273, F1: 0.7273, AUC: 0.5714, AP: 0.8274
2026-01-20 16:58:13,575 - INFO - 
============================================================
2026-01-20 16:58:13,575 - INFO - FINAL CROSS-VALIDATION RESULTS FOR: Treatment_Response_ALL_TRANSFORMER_Thresh0.25
2026-01-20 16:58:13,575 - INFO - ACC       : 0.6182 ± 0.0891
2026-01-20 16:58:13,575 - INFO - F1        : 0.5787 ± 0.1844
2026-01-20 16:58:13,575 - INFO - PRECISION : 0.7873 ± 0.1811
2026-01-20 16:58:13,575 - INFO - RECALL    : 0.5476 ± 0.2664
2026-01-20 16:58:13,575 - INFO - AUC       : 0.4476 ± 0.1537
2026-01-20 16:58:13,575 - INFO - AP        : 0.6415 ± 0.1422
2026-01-20 16:58:13,575 - INFO - ============================================================

2026-01-20 16:58:13,577 - INFO - Results saved to final_results_Treatment_Response_ALL_TRANSFORMER_Thresh0.25.json
2026-01-20 16:58:13,577 - INFO - Total execution time: 45.50 seconds
2026-01-20 16:58:27,305 - INFO - Using device: cuda
2026-01-20 16:58:27,305 - INFO - Hyperparameters: {
  "batch_size": 8,
  "learning_rate": 0.0005,
  "num_epochs": 100,
  "hidden_dim": 256,
  "num_blocks": 4,
  "dropout": 0.3,
  "feature_type": "UPDRS",
  "improvement_threshold": 0.25,
  "model_type": "TRANSFORMER",
  "svm_params": {
    "C": 1.0,
    "kernel": "rbf",
    "gamma": "scale",
    "probability": true
  },
  "transformer_params": {
    "d_model": 64,
    "nhead": 4,
    "dim_feedforward": 128,
    "num_layers": 2,
    "use_cls_token": true
  },
  "gcn_params": {
    "gcn_hidden": 128,
    "gcn_layers": 2
  }
}
2026-01-20 16:58:27,306 - INFO - Starting treatment response prediction pipeline
2026-01-20 16:58:27,306 - INFO - Building FC file index...
2026-01-20 16:58:27,306 - WARNING - Duplicate patient ID found: stn02, skipping additional entry
2026-01-20 16:58:27,307 - WARNING - Duplicate patient ID found: gpi11, skipping additional entry
2026-01-20 16:58:27,307 - WARNING - Duplicate patient ID found: gpi02, skipping additional entry
2026-01-20 16:58:27,307 - WARNING - Duplicate patient ID found: gpi19, skipping additional entry
2026-01-20 16:58:27,307 - WARNING - Duplicate patient ID found: stn23, skipping additional entry
2026-01-20 16:58:27,307 - WARNING - Duplicate patient ID found: stn03, skipping additional entry
2026-01-20 16:58:27,307 - WARNING - Duplicate patient ID found: gpi20, skipping additional entry
2026-01-20 16:58:27,307 - WARNING - Duplicate patient ID found: stn04, skipping additional entry
2026-01-20 16:58:27,308 - WARNING - Duplicate patient ID found: stn24, skipping additional entry
2026-01-20 16:58:27,308 - WARNING - Duplicate patient ID found: gpi04, skipping additional entry
2026-01-20 16:58:27,308 - WARNING - Duplicate patient ID found: gpi15, skipping additional entry
2026-01-20 16:58:27,308 - WARNING - Duplicate patient ID found: stn19, skipping additional entry
2026-01-20 16:58:27,308 - WARNING - Duplicate patient ID found: stn08, skipping additional entry
2026-01-20 16:58:27,308 - WARNING - Duplicate patient ID found: stn11, skipping additional entry
2026-01-20 16:58:27,308 - WARNING - Duplicate patient ID found: gpi07, skipping additional entry
2026-01-20 16:58:27,308 - WARNING - Duplicate patient ID found: gpi26, skipping additional entry
2026-01-20 16:58:27,308 - WARNING - Duplicate patient ID found: stn13, skipping additional entry
2026-01-20 16:58:27,308 - WARNING - Duplicate patient ID found: gpi06, skipping additional entry
2026-01-20 16:58:27,308 - WARNING - Duplicate patient ID found: stn30, skipping additional entry
2026-01-20 16:58:27,308 - WARNING - Duplicate patient ID found: stn18, skipping additional entry
2026-01-20 16:58:27,308 - WARNING - Duplicate patient ID found: gpi24, skipping additional entry
2026-01-20 16:58:27,308 - WARNING - Duplicate patient ID found: gpi13, skipping additional entry
2026-01-20 16:58:27,308 - WARNING - Duplicate patient ID found: stn07, skipping additional entry
2026-01-20 16:58:27,309 - WARNING - Duplicate patient ID found: stn20, skipping additional entry
2026-01-20 16:58:27,309 - WARNING - Duplicate patient ID found: gpi12, skipping additional entry
2026-01-20 16:58:27,309 - WARNING - Duplicate patient ID found: stn01, skipping additional entry
2026-01-20 16:58:27,309 - WARNING - Duplicate patient ID found: gpi22, skipping additional entry
2026-01-20 16:58:27,309 - WARNING - Duplicate patient ID found: gpi18, skipping additional entry
2026-01-20 16:58:27,309 - WARNING - Duplicate patient ID found: gpi09, skipping additional entry
2026-01-20 16:58:27,309 - WARNING - Duplicate patient ID found: gpi25, skipping additional entry
2026-01-20 16:58:27,309 - WARNING - Duplicate patient ID found: stn29, skipping additional entry
2026-01-20 16:58:27,309 - WARNING - Duplicate patient ID found: gpi31, skipping additional entry
2026-01-20 16:58:27,309 - WARNING - Duplicate patient ID found: stn10, skipping additional entry
2026-01-20 16:58:27,309 - WARNING - Duplicate patient ID found: gpi28, skipping additional entry
2026-01-20 16:58:27,309 - WARNING - Duplicate patient ID found: stn31, skipping additional entry
2026-01-20 16:58:27,309 - WARNING - Duplicate patient ID found: gpi03, skipping additional entry
2026-01-20 16:58:27,309 - WARNING - Duplicate patient ID found: gpi05, skipping additional entry
2026-01-20 16:58:27,310 - WARNING - Duplicate patient ID found: stn25, skipping additional entry
2026-01-20 16:58:27,310 - WARNING - Duplicate patient ID found: gpi08, skipping additional entry
2026-01-20 16:58:27,310 - WARNING - Duplicate patient ID found: gpi27, skipping additional entry
2026-01-20 16:58:27,310 - WARNING - Duplicate patient ID found: stn16, skipping additional entry
2026-01-20 16:58:27,310 - WARNING - Duplicate patient ID found: gpi23, skipping additional entry
2026-01-20 16:58:27,310 - WARNING - Duplicate patient ID found: stn09, skipping additional entry
2026-01-20 16:58:27,310 - WARNING - Duplicate patient ID found: stn28, skipping additional entry
2026-01-20 16:58:27,310 - WARNING - Duplicate patient ID found: stn06, skipping additional entry
2026-01-20 16:58:27,310 - WARNING - Duplicate patient ID found: stn12, skipping additional entry
2026-01-20 16:58:27,310 - WARNING - Duplicate patient ID found: gpi16, skipping additional entry
2026-01-20 16:58:27,310 - WARNING - Duplicate patient ID found: gpi30, skipping additional entry
2026-01-20 16:58:27,310 - WARNING - Duplicate patient ID found: stn21, skipping additional entry
2026-01-20 16:58:27,310 - WARNING - Duplicate patient ID found: stn22, skipping additional entry
2026-01-20 16:58:27,310 - WARNING - Duplicate patient ID found: stn14, skipping additional entry
2026-01-20 16:58:27,310 - WARNING - Duplicate patient ID found: gpi17, skipping additional entry
2026-01-20 16:58:27,310 - WARNING - Duplicate patient ID found: gpi21, skipping additional entry
2026-01-20 16:58:27,310 - WARNING - Duplicate patient ID found: gpi32, skipping additional entry
2026-01-20 16:58:27,310 - WARNING - Duplicate patient ID found: stn15, skipping additional entry
2026-01-20 16:58:27,311 - INFO - Built FC index with 71 patients
2026-01-20 16:58:27,311 - INFO - Parsing UPDRS data with FC features...
2026-01-20 16:58:27,323 - INFO - Found 55 valid samples
2026-01-20 16:58:27,323 - INFO - Preparing feature matrices with FC features...
2026-01-20 16:58:27,346 - INFO - Feature matrix shape: (55, 33), Class distribution: [24 31]
2026-01-20 16:58:27,346 - INFO - 
============================================================
2026-01-20 16:58:27,346 - INFO - Starting Cross-Validation Experiment: Treatment_Response_UPDRS_TRANSFORMER_Thresh0.25
2026-01-20 16:58:27,346 - INFO - Total samples: 55 | Class distribution: [24 31]
2026-01-20 16:58:27,346 - INFO - Using model type: TRANSFORMER
2026-01-20 16:58:27,347 - INFO - 
--- Fold 1/5 ---
2026-01-20 16:58:27,347 - INFO - Train size: 44, Test size: 11
2026-01-20 16:58:27,347 - INFO - Train class balance - 0: 19, 1: 25
2026-01-20 16:58:27,347 - INFO - Test class balance  - 0: 5, 1: 6
2026-01-20 16:58:27,584 - INFO - Training TRANSFORMER model for fold 1...
2026-01-20 16:58:28,286 - INFO - Epoch 001/100 - loss: 0.583587
2026-01-20 16:58:28,764 - INFO - Epoch 020/100 - loss: 0.611551
2026-01-20 16:58:29,267 - INFO - Epoch 040/100 - loss: 0.568942
2026-01-20 16:58:29,770 - INFO - Epoch 060/100 - loss: 0.551047
2026-01-20 16:58:30,274 - INFO - Epoch 080/100 - loss: 0.511937
2026-01-20 16:58:30,776 - INFO - Epoch 100/100 - loss: 0.452155
2026-01-20 16:58:30,780 - INFO - Optimal Youden threshold: 0.2564
2026-01-20 16:58:30,795 - INFO - Fold 1 Results - Acc: 0.8182, F1: 0.8333, AUC: 0.8000, AP: 0.8417
2026-01-20 16:58:30,796 - INFO - 
--- Fold 2/5 ---
2026-01-20 16:58:30,796 - INFO - Train size: 44, Test size: 11
2026-01-20 16:58:30,796 - INFO - Train class balance - 0: 19, 1: 25
2026-01-20 16:58:30,796 - INFO - Test class balance  - 0: 5, 1: 6
2026-01-20 16:58:30,818 - INFO - Training TRANSFORMER model for fold 2...
2026-01-20 16:58:30,845 - INFO - Epoch 001/100 - loss: 0.609430
2026-01-20 16:58:31,323 - INFO - Epoch 020/100 - loss: 0.590327
2026-01-20 16:58:31,826 - INFO - Epoch 040/100 - loss: 0.561578
2026-01-20 16:58:32,327 - INFO - Epoch 060/100 - loss: 0.559413
2026-01-20 16:58:32,828 - INFO - Epoch 080/100 - loss: 0.513227
2026-01-20 16:58:33,331 - INFO - Epoch 100/100 - loss: 0.548027
2026-01-20 16:58:33,334 - INFO - Optimal Youden threshold: 0.3479
2026-01-20 16:58:33,346 - INFO - Fold 2 Results - Acc: 0.7273, F1: 0.7273, AUC: 0.5333, AP: 0.6270
2026-01-20 16:58:33,346 - INFO - 
--- Fold 3/5 ---
2026-01-20 16:58:33,346 - INFO - Train size: 44, Test size: 11
2026-01-20 16:58:33,346 - INFO - Train class balance - 0: 19, 1: 25
2026-01-20 16:58:33,346 - INFO - Test class balance  - 0: 5, 1: 6
2026-01-20 16:58:33,372 - INFO - Training TRANSFORMER model for fold 3...
2026-01-20 16:58:33,399 - INFO - Epoch 001/100 - loss: 0.626110
2026-01-20 16:58:33,874 - INFO - Epoch 020/100 - loss: 0.570960
2026-01-20 16:58:34,374 - INFO - Epoch 040/100 - loss: 0.570287
2026-01-20 16:58:34,873 - INFO - Epoch 060/100 - loss: 0.495410
2026-01-20 16:58:35,375 - INFO - Epoch 080/100 - loss: 0.541987
2026-01-20 16:58:35,874 - INFO - Epoch 100/100 - loss: 0.523277
2026-01-20 16:58:35,877 - INFO - Optimal Youden threshold: 0.2942
2026-01-20 16:58:35,888 - INFO - Fold 3 Results - Acc: 0.7273, F1: 0.6667, AUC: 0.7000, AP: 0.8284
2026-01-20 16:58:35,889 - INFO - 
--- Fold 4/5 ---
2026-01-20 16:58:35,889 - INFO - Train size: 44, Test size: 11
2026-01-20 16:58:35,889 - INFO - Train class balance - 0: 19, 1: 25
2026-01-20 16:58:35,889 - INFO - Test class balance  - 0: 5, 1: 6
2026-01-20 16:58:35,911 - INFO - Training TRANSFORMER model for fold 4...
2026-01-20 16:58:35,938 - INFO - Epoch 001/100 - loss: 0.630623
2026-01-20 16:58:36,412 - INFO - Epoch 020/100 - loss: 0.619300
2026-01-20 16:58:36,911 - INFO - Epoch 040/100 - loss: 0.533582
2026-01-20 16:58:37,412 - INFO - Epoch 060/100 - loss: 0.477711
2026-01-20 16:58:37,912 - INFO - Epoch 080/100 - loss: 0.409346
2026-01-20 16:58:38,411 - INFO - Epoch 100/100 - loss: 0.415002
2026-01-20 16:58:38,414 - INFO - Optimal Youden threshold: 0.7748
2026-01-20 16:58:38,426 - INFO - Fold 4 Results - Acc: 0.7273, F1: 0.7273, AUC: 0.7000, AP: 0.7552
2026-01-20 16:58:38,426 - INFO - 
--- Fold 5/5 ---
2026-01-20 16:58:38,426 - INFO - Train size: 44, Test size: 11
2026-01-20 16:58:38,427 - INFO - Train class balance - 0: 20, 1: 24
2026-01-20 16:58:38,427 - INFO - Test class balance  - 0: 4, 1: 7
2026-01-20 16:58:38,449 - INFO - Training TRANSFORMER model for fold 5...
2026-01-20 16:58:38,476 - INFO - Epoch 001/100 - loss: 0.630801
2026-01-20 16:58:38,953 - INFO - Epoch 020/100 - loss: 0.637842
2026-01-20 16:58:39,452 - INFO - Epoch 040/100 - loss: 0.560473
2026-01-20 16:58:39,952 - INFO - Epoch 060/100 - loss: 0.579954
2026-01-20 16:58:40,452 - INFO - Epoch 080/100 - loss: 0.619274
2026-01-20 16:58:40,954 - INFO - Epoch 100/100 - loss: 0.528014
2026-01-20 16:58:40,958 - INFO - Optimal Youden threshold: 0.1552
2026-01-20 16:58:40,969 - INFO - Fold 5 Results - Acc: 0.8182, F1: 0.8750, AUC: 0.7143, AP: 0.8441
2026-01-20 16:58:40,969 - INFO - 
============================================================
2026-01-20 16:58:40,969 - INFO - FINAL CROSS-VALIDATION RESULTS FOR: Treatment_Response_UPDRS_TRANSFORMER_Thresh0.25
2026-01-20 16:58:40,969 - INFO - ACC       : 0.7636 ± 0.0445
2026-01-20 16:58:40,969 - INFO - F1        : 0.7659 ± 0.0765
2026-01-20 16:58:40,970 - INFO - PRECISION : 0.8422 ± 0.0809
2026-01-20 16:58:40,970 - INFO - RECALL    : 0.7333 ± 0.1700
2026-01-20 16:58:40,970 - INFO - AUC       : 0.6895 ± 0.0865
2026-01-20 16:58:40,970 - INFO - AP        : 0.7793 ± 0.0828
2026-01-20 16:58:40,970 - INFO - ============================================================

2026-01-20 16:58:40,971 - INFO - Results saved to final_results_Treatment_Response_UPDRS_TRANSFORMER_Thresh0.25.json
2026-01-20 16:58:40,971 - INFO - Total execution time: 13.67 seconds
2026-01-20 17:01:10,863 - INFO - Using device: cuda
2026-01-20 17:01:10,863 - INFO - Hyperparameters: {
  "batch_size": 8,
  "learning_rate": 0.0005,
  "num_epochs": 100,
  "hidden_dim": 256,
  "num_blocks": 4,
  "dropout": 0.3,
  "feature_type": "ALL",
  "improvement_threshold": 0.25,
  "model_type": "SVM",
  "svm_params": {
    "C": 1.0,
    "kernel": "rbf",
    "gamma": "scale",
    "probability": true
  },
  "transformer_params": {
    "d_model": 64,
    "nhead": 4,
    "dim_feedforward": 128,
    "num_layers": 2,
    "use_cls_token": true
  },
  "gcn_params": {
    "gcn_hidden": 128,
    "gcn_layers": 2
  }
}
2026-01-20 17:01:10,863 - INFO - Starting treatment response prediction pipeline
2026-01-20 17:01:10,863 - INFO - Building FC file index...
2026-01-20 17:01:10,864 - WARNING - Duplicate patient ID found: stn02, skipping additional entry
2026-01-20 17:01:10,864 - WARNING - Duplicate patient ID found: gpi11, skipping additional entry
2026-01-20 17:01:10,865 - WARNING - Duplicate patient ID found: gpi02, skipping additional entry
2026-01-20 17:01:10,865 - WARNING - Duplicate patient ID found: gpi19, skipping additional entry
2026-01-20 17:01:10,865 - WARNING - Duplicate patient ID found: stn23, skipping additional entry
2026-01-20 17:01:10,865 - WARNING - Duplicate patient ID found: stn03, skipping additional entry
2026-01-20 17:01:10,865 - WARNING - Duplicate patient ID found: gpi20, skipping additional entry
2026-01-20 17:01:10,865 - WARNING - Duplicate patient ID found: stn04, skipping additional entry
2026-01-20 17:01:10,865 - WARNING - Duplicate patient ID found: stn24, skipping additional entry
2026-01-20 17:01:10,865 - WARNING - Duplicate patient ID found: gpi04, skipping additional entry
2026-01-20 17:01:10,865 - WARNING - Duplicate patient ID found: gpi15, skipping additional entry
2026-01-20 17:01:10,865 - WARNING - Duplicate patient ID found: stn19, skipping additional entry
2026-01-20 17:01:10,866 - WARNING - Duplicate patient ID found: stn08, skipping additional entry
2026-01-20 17:01:10,866 - WARNING - Duplicate patient ID found: stn11, skipping additional entry
2026-01-20 17:01:10,866 - WARNING - Duplicate patient ID found: gpi07, skipping additional entry
2026-01-20 17:01:10,866 - WARNING - Duplicate patient ID found: gpi26, skipping additional entry
2026-01-20 17:01:10,866 - WARNING - Duplicate patient ID found: stn13, skipping additional entry
2026-01-20 17:01:10,866 - WARNING - Duplicate patient ID found: gpi06, skipping additional entry
2026-01-20 17:01:10,866 - WARNING - Duplicate patient ID found: stn30, skipping additional entry
2026-01-20 17:01:10,866 - WARNING - Duplicate patient ID found: stn18, skipping additional entry
2026-01-20 17:01:10,866 - WARNING - Duplicate patient ID found: gpi24, skipping additional entry
2026-01-20 17:01:10,866 - WARNING - Duplicate patient ID found: gpi13, skipping additional entry
2026-01-20 17:01:10,866 - WARNING - Duplicate patient ID found: stn07, skipping additional entry
2026-01-20 17:01:10,866 - WARNING - Duplicate patient ID found: stn20, skipping additional entry
2026-01-20 17:01:10,866 - WARNING - Duplicate patient ID found: gpi12, skipping additional entry
2026-01-20 17:01:10,867 - WARNING - Duplicate patient ID found: stn01, skipping additional entry
2026-01-20 17:01:10,867 - WARNING - Duplicate patient ID found: gpi22, skipping additional entry
2026-01-20 17:01:10,867 - WARNING - Duplicate patient ID found: gpi18, skipping additional entry
2026-01-20 17:01:10,867 - WARNING - Duplicate patient ID found: gpi09, skipping additional entry
2026-01-20 17:01:10,867 - WARNING - Duplicate patient ID found: gpi25, skipping additional entry
2026-01-20 17:01:10,867 - WARNING - Duplicate patient ID found: stn29, skipping additional entry
2026-01-20 17:01:10,867 - WARNING - Duplicate patient ID found: gpi31, skipping additional entry
2026-01-20 17:01:10,867 - WARNING - Duplicate patient ID found: stn10, skipping additional entry
2026-01-20 17:01:10,867 - WARNING - Duplicate patient ID found: gpi28, skipping additional entry
2026-01-20 17:01:10,867 - WARNING - Duplicate patient ID found: stn31, skipping additional entry
2026-01-20 17:01:10,867 - WARNING - Duplicate patient ID found: gpi03, skipping additional entry
2026-01-20 17:01:10,867 - WARNING - Duplicate patient ID found: gpi05, skipping additional entry
2026-01-20 17:01:10,867 - WARNING - Duplicate patient ID found: stn25, skipping additional entry
2026-01-20 17:01:10,867 - WARNING - Duplicate patient ID found: gpi08, skipping additional entry
2026-01-20 17:01:10,867 - WARNING - Duplicate patient ID found: gpi27, skipping additional entry
2026-01-20 17:01:10,867 - WARNING - Duplicate patient ID found: stn16, skipping additional entry
2026-01-20 17:01:10,867 - WARNING - Duplicate patient ID found: gpi23, skipping additional entry
2026-01-20 17:01:10,868 - WARNING - Duplicate patient ID found: stn09, skipping additional entry
2026-01-20 17:01:10,868 - WARNING - Duplicate patient ID found: stn28, skipping additional entry
2026-01-20 17:01:10,868 - WARNING - Duplicate patient ID found: stn06, skipping additional entry
2026-01-20 17:01:10,868 - WARNING - Duplicate patient ID found: stn12, skipping additional entry
2026-01-20 17:01:10,868 - WARNING - Duplicate patient ID found: gpi16, skipping additional entry
2026-01-20 17:01:10,868 - WARNING - Duplicate patient ID found: gpi30, skipping additional entry
2026-01-20 17:01:10,868 - WARNING - Duplicate patient ID found: stn21, skipping additional entry
2026-01-20 17:01:10,868 - WARNING - Duplicate patient ID found: stn22, skipping additional entry
2026-01-20 17:01:10,868 - WARNING - Duplicate patient ID found: stn14, skipping additional entry
2026-01-20 17:01:10,868 - WARNING - Duplicate patient ID found: gpi17, skipping additional entry
2026-01-20 17:01:10,868 - WARNING - Duplicate patient ID found: gpi21, skipping additional entry
2026-01-20 17:01:10,868 - WARNING - Duplicate patient ID found: gpi32, skipping additional entry
2026-01-20 17:01:10,868 - WARNING - Duplicate patient ID found: stn15, skipping additional entry
2026-01-20 17:01:10,868 - INFO - Built FC index with 71 patients
2026-01-20 17:01:10,868 - INFO - Parsing UPDRS data with FC features...
2026-01-20 17:01:10,881 - INFO - Found 55 valid samples
2026-01-20 17:01:10,881 - INFO - Preparing feature matrices with FC features...
2026-01-20 17:01:10,904 - INFO - Feature matrix shape: (55, 199), Class distribution: [24 31]
2026-01-20 17:01:10,904 - INFO - 
============================================================
2026-01-20 17:01:10,904 - INFO - Starting Cross-Validation Experiment: Treatment_Response_ALL_SVM_Thresh0.25
2026-01-20 17:01:10,905 - INFO - Total samples: 55 | Class distribution: [24 31]
2026-01-20 17:01:10,905 - INFO - Using model type: SVM
2026-01-20 17:01:10,905 - INFO - 
--- Fold 1/5 ---
2026-01-20 17:01:10,905 - INFO - Train size: 44, Test size: 11
2026-01-20 17:01:10,905 - INFO - Train class balance - 0: 19, 1: 25
2026-01-20 17:01:10,905 - INFO - Test class balance  - 0: 5, 1: 6
2026-01-20 17:01:10,906 - INFO - Training SVM model for fold 1...
2026-01-20 17:01:10,909 - INFO - Optimal Youden threshold: 0.6740
2026-01-20 17:01:10,920 - INFO - Fold 1 Results - Acc: 0.6364, F1: 0.5000, AUC: 0.3333, AP: 0.6441
2026-01-20 17:01:10,920 - INFO - 
--- Fold 2/5 ---
2026-01-20 17:01:10,920 - INFO - Train size: 44, Test size: 11
2026-01-20 17:01:10,920 - INFO - Train class balance - 0: 19, 1: 25
2026-01-20 17:01:10,920 - INFO - Test class balance  - 0: 5, 1: 6
2026-01-20 17:01:10,921 - INFO - Training SVM model for fold 2...
2026-01-20 17:01:10,924 - INFO - Optimal Youden threshold: 0.5858
2026-01-20 17:01:10,933 - INFO - Fold 2 Results - Acc: 0.5455, F1: 0.2857, AUC: 0.4333, AP: 0.6121
2026-01-20 17:01:10,934 - INFO - 
--- Fold 3/5 ---
2026-01-20 17:01:10,934 - INFO - Train size: 44, Test size: 11
2026-01-20 17:01:10,934 - INFO - Train class balance - 0: 19, 1: 25
2026-01-20 17:01:10,934 - INFO - Test class balance  - 0: 5, 1: 6
2026-01-20 17:01:10,934 - INFO - Training SVM model for fold 3...
2026-01-20 17:01:10,937 - INFO - Optimal Youden threshold: 0.5478
2026-01-20 17:01:10,946 - INFO - Fold 3 Results - Acc: 0.5455, F1: 0.5455, AUC: 0.3333, AP: 0.5150
2026-01-20 17:01:10,946 - INFO - 
--- Fold 4/5 ---
2026-01-20 17:01:10,946 - INFO - Train size: 44, Test size: 11
2026-01-20 17:01:10,946 - INFO - Train class balance - 0: 19, 1: 25
2026-01-20 17:01:10,946 - INFO - Test class balance  - 0: 5, 1: 6
2026-01-20 17:01:10,947 - INFO - Training SVM model for fold 4...
2026-01-20 17:01:10,950 - INFO - Optimal Youden threshold: 0.6152
2026-01-20 17:01:10,959 - INFO - Fold 4 Results - Acc: 0.5455, F1: 0.2857, AUC: 0.4333, AP: 0.6279
2026-01-20 17:01:10,959 - INFO - 
--- Fold 5/5 ---
2026-01-20 17:01:10,959 - INFO - Train size: 44, Test size: 11
2026-01-20 17:01:10,959 - INFO - Train class balance - 0: 20, 1: 24
2026-01-20 17:01:10,960 - INFO - Test class balance  - 0: 4, 1: 7
2026-01-20 17:01:10,960 - INFO - Training SVM model for fold 5...
2026-01-20 17:01:10,963 - INFO - Optimal Youden threshold: 0.5669
2026-01-20 17:01:10,972 - INFO - Fold 5 Results - Acc: 0.5455, F1: 0.5455, AUC: 0.4286, AP: 0.6309
2026-01-20 17:01:10,973 - INFO - 
============================================================
2026-01-20 17:01:10,973 - INFO - FINAL CROSS-VALIDATION RESULTS FOR: Treatment_Response_ALL_SVM_Thresh0.25
2026-01-20 17:01:10,973 - INFO - ACC       : 0.5636 ± 0.0364
2026-01-20 17:01:10,973 - INFO - F1        : 0.4325 ± 0.1210
2026-01-20 17:01:10,973 - INFO - PRECISION : 0.8700 ± 0.1661
2026-01-20 17:01:10,973 - INFO - RECALL    : 0.3190 ± 0.1352
2026-01-20 17:01:10,973 - INFO - AUC       : 0.3924 ± 0.0482
2026-01-20 17:01:10,973 - INFO - AP        : 0.6060 ± 0.0466
2026-01-20 17:01:10,973 - INFO - ============================================================

2026-01-20 17:01:10,973 - INFO - Results saved to final_results_Treatment_Response_ALL_SVM_Thresh0.25.json
2026-01-20 17:01:10,973 - INFO - Total execution time: 0.11 seconds
2026-01-20 17:04:58,892 - INFO - Using device: cuda
2026-01-20 17:04:58,893 - INFO - Hyperparameters: {
  "batch_size": 8,
  "learning_rate": 0.0005,
  "num_epochs": 200,
  "hidden_dim": 256,
  "num_blocks": 4,
  "dropout": 0.3,
  "feature_type": "ALL",
  "improvement_threshold": 0.25,
  "model_type": "Transformer",
  "svm_params": {
    "C": 1.0,
    "kernel": "rbf",
    "gamma": "scale",
    "probability": true
  },
  "transformer_params": {
    "embed_dim": 64,
    "num_heads": 4,
    "num_layers": 2,
    "ffn_dim": 128,
    "dropout": 0.2
  },
  "gcn_params": {
    "hidden_dim": 64,
    "num_layers": 2,
    "dropout": 0.5
  },
  "early_stopping_patience": 15,
  "validation_split": 0.2
}
2026-01-20 17:04:58,893 - INFO - Starting treatment response prediction pipeline
2026-01-20 17:04:58,893 - INFO - Building FC file index...
2026-01-20 17:04:58,894 - WARNING - Duplicate patient ID found: stn02, skipping additional entry
2026-01-20 17:04:58,894 - WARNING - Duplicate patient ID found: gpi11, skipping additional entry
2026-01-20 17:04:58,895 - WARNING - Duplicate patient ID found: gpi02, skipping additional entry
2026-01-20 17:04:58,895 - WARNING - Duplicate patient ID found: gpi19, skipping additional entry
2026-01-20 17:04:58,895 - WARNING - Duplicate patient ID found: stn23, skipping additional entry
2026-01-20 17:04:58,895 - WARNING - Duplicate patient ID found: stn03, skipping additional entry
2026-01-20 17:04:58,895 - WARNING - Duplicate patient ID found: gpi20, skipping additional entry
2026-01-20 17:04:58,895 - WARNING - Duplicate patient ID found: stn04, skipping additional entry
2026-01-20 17:04:58,895 - WARNING - Duplicate patient ID found: stn24, skipping additional entry
2026-01-20 17:04:58,895 - WARNING - Duplicate patient ID found: gpi04, skipping additional entry
2026-01-20 17:04:58,895 - WARNING - Duplicate patient ID found: gpi15, skipping additional entry
2026-01-20 17:04:58,895 - WARNING - Duplicate patient ID found: stn19, skipping additional entry
2026-01-20 17:04:58,895 - WARNING - Duplicate patient ID found: stn08, skipping additional entry
2026-01-20 17:04:58,895 - WARNING - Duplicate patient ID found: stn11, skipping additional entry
2026-01-20 17:04:58,896 - WARNING - Duplicate patient ID found: gpi07, skipping additional entry
2026-01-20 17:04:58,896 - WARNING - Duplicate patient ID found: gpi26, skipping additional entry
2026-01-20 17:04:58,896 - WARNING - Duplicate patient ID found: stn13, skipping additional entry
2026-01-20 17:04:58,896 - WARNING - Duplicate patient ID found: gpi06, skipping additional entry
2026-01-20 17:04:58,896 - WARNING - Duplicate patient ID found: stn30, skipping additional entry
2026-01-20 17:04:58,896 - WARNING - Duplicate patient ID found: stn18, skipping additional entry
2026-01-20 17:04:58,896 - WARNING - Duplicate patient ID found: gpi24, skipping additional entry
2026-01-20 17:04:58,896 - WARNING - Duplicate patient ID found: gpi13, skipping additional entry
2026-01-20 17:04:58,896 - WARNING - Duplicate patient ID found: stn07, skipping additional entry
2026-01-20 17:04:58,896 - WARNING - Duplicate patient ID found: stn20, skipping additional entry
2026-01-20 17:04:58,896 - WARNING - Duplicate patient ID found: gpi12, skipping additional entry
2026-01-20 17:04:58,896 - WARNING - Duplicate patient ID found: stn01, skipping additional entry
2026-01-20 17:04:58,897 - WARNING - Duplicate patient ID found: gpi22, skipping additional entry
2026-01-20 17:04:58,897 - WARNING - Duplicate patient ID found: gpi18, skipping additional entry
2026-01-20 17:04:58,897 - WARNING - Duplicate patient ID found: gpi09, skipping additional entry
2026-01-20 17:04:58,897 - WARNING - Duplicate patient ID found: gpi25, skipping additional entry
2026-01-20 17:04:58,897 - WARNING - Duplicate patient ID found: stn29, skipping additional entry
2026-01-20 17:04:58,897 - WARNING - Duplicate patient ID found: gpi31, skipping additional entry
2026-01-20 17:04:58,897 - WARNING - Duplicate patient ID found: stn10, skipping additional entry
2026-01-20 17:04:58,897 - WARNING - Duplicate patient ID found: gpi28, skipping additional entry
2026-01-20 17:04:58,897 - WARNING - Duplicate patient ID found: stn31, skipping additional entry
2026-01-20 17:04:58,897 - WARNING - Duplicate patient ID found: gpi03, skipping additional entry
2026-01-20 17:04:58,897 - WARNING - Duplicate patient ID found: gpi05, skipping additional entry
2026-01-20 17:04:58,897 - WARNING - Duplicate patient ID found: stn25, skipping additional entry
2026-01-20 17:04:58,897 - WARNING - Duplicate patient ID found: gpi08, skipping additional entry
2026-01-20 17:04:58,897 - WARNING - Duplicate patient ID found: gpi27, skipping additional entry
2026-01-20 17:04:58,897 - WARNING - Duplicate patient ID found: stn16, skipping additional entry
2026-01-20 17:04:58,897 - WARNING - Duplicate patient ID found: gpi23, skipping additional entry
2026-01-20 17:04:58,898 - WARNING - Duplicate patient ID found: stn09, skipping additional entry
2026-01-20 17:04:58,898 - WARNING - Duplicate patient ID found: stn28, skipping additional entry
2026-01-20 17:04:58,898 - WARNING - Duplicate patient ID found: stn06, skipping additional entry
2026-01-20 17:04:58,898 - WARNING - Duplicate patient ID found: stn12, skipping additional entry
2026-01-20 17:04:58,898 - WARNING - Duplicate patient ID found: gpi16, skipping additional entry
2026-01-20 17:04:58,898 - WARNING - Duplicate patient ID found: gpi30, skipping additional entry
2026-01-20 17:04:58,898 - WARNING - Duplicate patient ID found: stn21, skipping additional entry
2026-01-20 17:04:58,898 - WARNING - Duplicate patient ID found: stn22, skipping additional entry
2026-01-20 17:04:58,898 - WARNING - Duplicate patient ID found: stn14, skipping additional entry
2026-01-20 17:04:58,898 - WARNING - Duplicate patient ID found: gpi17, skipping additional entry
2026-01-20 17:04:58,898 - WARNING - Duplicate patient ID found: gpi21, skipping additional entry
2026-01-20 17:04:58,898 - WARNING - Duplicate patient ID found: gpi32, skipping additional entry
2026-01-20 17:04:58,898 - WARNING - Duplicate patient ID found: stn15, skipping additional entry
2026-01-20 17:04:58,898 - INFO - Built FC index with 71 patients
2026-01-20 17:04:58,898 - INFO - Parsing UPDRS data with FC features...
2026-01-20 17:04:58,911 - INFO - Found 55 valid samples
2026-01-20 17:04:58,911 - INFO - Preparing dataset for TRANSFORMER model...
2026-01-20 17:04:58,911 - INFO - 
============================================================
2026-01-20 17:04:58,911 - INFO - Starting Cross-Validation for Deep Learning Models: Treatment_Response_ALL_TRANSFORMER_Thresh0.25
2026-01-20 17:04:58,912 - INFO - Total samples: 55 | Model type: Transformer
2026-01-20 17:04:58,912 - INFO - 
--- Fold 1/5 ---
2026-01-20 17:04:58,913 - INFO - Train size: 35, Val size: 9, Test size: 11
2026-01-20 17:04:58,913 - INFO - Train class balance - 0: 15, 1: 20
2026-01-20 17:04:58,913 - INFO - Val class balance   - 0: 4, 1: 5
2026-01-20 17:04:58,913 - INFO - Test class balance  - 0: 5, 1: 6
2026-01-20 17:04:59,718 - INFO - Training Transformer model for fold 1...
2026-01-20 17:04:59,926 - INFO - Epoch 1/200 | Train Loss: 0.6840, Acc: 0.5714 | Val Loss: 0.6940, Acc: 0.5556 | Best Val Loss: 0.6940
2026-01-20 17:05:00,586 - INFO - Epoch 10/200 | Train Loss: 0.4050, Acc: 0.9714 | Val Loss: 0.8574, Acc: 0.3333 | Best Val Loss: 0.6940
2026-01-20 17:05:00,931 - INFO - Early stopping at epoch 16
2026-01-20 17:05:00,951 - INFO - Optimal Youden threshold: 0.7646
2026-01-20 17:05:00,965 - INFO - Fold 1 Results - Acc: 0.9091, F1: 0.9231, AUC: 0.8667, AP: 0.8734
2026-01-20 17:05:00,965 - INFO - 
--- Fold 2/5 ---
2026-01-20 17:05:00,966 - INFO - Train size: 35, Val size: 9, Test size: 11
2026-01-20 17:05:00,966 - INFO - Train class balance - 0: 15, 1: 20
2026-01-20 17:05:00,966 - INFO - Val class balance   - 0: 4, 1: 5
2026-01-20 17:05:00,966 - INFO - Test class balance  - 0: 5, 1: 6
2026-01-20 17:05:01,047 - INFO - Training Transformer model for fold 2...
2026-01-20 17:05:01,106 - INFO - Epoch 1/200 | Train Loss: 0.7158, Acc: 0.3143 | Val Loss: 0.6831, Acc: 0.5556 | Best Val Loss: 0.6831
2026-01-20 17:05:01,686 - INFO - Epoch 10/200 | Train Loss: 0.4893, Acc: 0.8571 | Val Loss: 0.6663, Acc: 0.5556 | Best Val Loss: 0.6387
2026-01-20 17:05:02,264 - INFO - Epoch 20/200 | Train Loss: 0.0316, Acc: 1.0000 | Val Loss: 1.5389, Acc: 0.4444 | Best Val Loss: 0.6387
2026-01-20 17:05:02,496 - INFO - Early stopping at epoch 24
2026-01-20 17:05:02,516 - INFO - Optimal Youden threshold: 0.0250
2026-01-20 17:05:02,525 - INFO - Fold 2 Results - Acc: 0.6364, F1: 0.7500, AUC: 0.4000, AP: 0.5926
2026-01-20 17:05:02,525 - INFO - 
--- Fold 3/5 ---
2026-01-20 17:05:02,526 - INFO - Train size: 35, Val size: 9, Test size: 11
2026-01-20 17:05:02,526 - INFO - Train class balance - 0: 15, 1: 20
2026-01-20 17:05:02,526 - INFO - Val class balance   - 0: 4, 1: 5
2026-01-20 17:05:02,526 - INFO - Test class balance  - 0: 5, 1: 6
2026-01-20 17:05:02,606 - INFO - Training Transformer model for fold 3...
2026-01-20 17:05:02,665 - INFO - Epoch 1/200 | Train Loss: 0.6743, Acc: 0.5143 | Val Loss: 0.6419, Acc: 0.5556 | Best Val Loss: 0.6419
2026-01-20 17:05:03,186 - INFO - Epoch 10/200 | Train Loss: 0.4069, Acc: 0.9714 | Val Loss: 0.6557, Acc: 0.4444 | Best Val Loss: 0.6419
2026-01-20 17:05:03,531 - INFO - Early stopping at epoch 16
2026-01-20 17:05:03,551 - INFO - Optimal Youden threshold: 0.5887
2026-01-20 17:05:03,560 - INFO - Fold 3 Results - Acc: 0.7273, F1: 0.7692, AUC: 0.6333, AP: 0.7238
2026-01-20 17:05:03,560 - INFO - 
--- Fold 4/5 ---
2026-01-20 17:05:03,561 - INFO - Train size: 35, Val size: 9, Test size: 11
2026-01-20 17:05:03,561 - INFO - Train class balance - 0: 15, 1: 20
2026-01-20 17:05:03,561 - INFO - Val class balance   - 0: 4, 1: 5
2026-01-20 17:05:03,561 - INFO - Test class balance  - 0: 5, 1: 6
2026-01-20 17:05:03,643 - INFO - Training Transformer model for fold 4...
2026-01-20 17:05:03,702 - INFO - Epoch 1/200 | Train Loss: 0.7133, Acc: 0.5429 | Val Loss: 0.6991, Acc: 0.5556 | Best Val Loss: 0.6991
2026-01-20 17:05:04,220 - INFO - Epoch 10/200 | Train Loss: 0.3146, Acc: 0.9714 | Val Loss: 0.8374, Acc: 0.4444 | Best Val Loss: 0.6906
2026-01-20 17:05:04,679 - INFO - Early stopping at epoch 18
2026-01-20 17:05:04,699 - INFO - Optimal Youden threshold: 0.9677
2026-01-20 17:05:04,709 - INFO - Fold 4 Results - Acc: 0.5455, F1: 0.2857, AUC: 0.4000, AP: 0.6261
2026-01-20 17:05:04,710 - INFO - 
--- Fold 5/5 ---
2026-01-20 17:05:04,710 - INFO - Train size: 35, Val size: 9, Test size: 11
2026-01-20 17:05:04,710 - INFO - Train class balance - 0: 16, 1: 19
2026-01-20 17:05:04,711 - INFO - Val class balance   - 0: 4, 1: 5
2026-01-20 17:05:04,711 - INFO - Test class balance  - 0: 4, 1: 7
2026-01-20 17:05:04,793 - INFO - Training Transformer model for fold 5...
2026-01-20 17:05:04,851 - INFO - Epoch 1/200 | Train Loss: 0.6974, Acc: 0.5429 | Val Loss: 0.6763, Acc: 0.5556 | Best Val Loss: 0.6763
2026-01-20 17:05:05,367 - INFO - Epoch 10/200 | Train Loss: 0.3661, Acc: 0.9429 | Val Loss: 0.9868, Acc: 0.3333 | Best Val Loss: 0.6763
2026-01-20 17:05:05,862 - INFO - Early stopping at epoch 16
2026-01-20 17:05:05,881 - INFO - Optimal Youden threshold: 0.7561
2026-01-20 17:05:05,892 - INFO - Fold 5 Results - Acc: 0.6364, F1: 0.6667, AUC: 0.5000, AP: 0.7631
2026-01-20 17:05:05,892 - INFO - 
============================================================
2026-01-20 17:05:05,892 - INFO - FINAL CROSS-VALIDATION RESULTS FOR DEEP LEARNING: Treatment_Response_ALL_TRANSFORMER_Thresh0.25
2026-01-20 17:05:05,892 - INFO - ACC       : 0.6909 ± 0.1233
2026-01-20 17:05:05,892 - INFO - F1        : 0.6789 ± 0.2133
2026-01-20 17:05:05,892 - INFO - PRECISION : 0.7943 ± 0.1345
2026-01-20 17:05:05,892 - INFO - RECALL    : 0.7143 ± 0.3155
2026-01-20 17:05:05,892 - INFO - AUC       : 0.5600 ± 0.1756
2026-01-20 17:05:05,892 - INFO - AP        : 0.7158 ± 0.1004
2026-01-20 17:05:05,892 - INFO - ============================================================

2026-01-20 17:05:05,898 - INFO - Results saved to final_results_Treatment_Response_ALL_TRANSFORMER_Thresh0.25.json
2026-01-20 17:05:05,898 - INFO - Total execution time: 7.01 seconds
2026-01-20 17:05:47,000 - INFO - Using device: cuda
2026-01-20 17:05:47,000 - INFO - Hyperparameters: {
  "batch_size": 8,
  "learning_rate": 0.0005,
  "num_epochs": 100,
  "hidden_dim": 256,
  "num_blocks": 4,
  "dropout": 0.3,
  "feature_type": "ALL",
  "improvement_threshold": 0.25,
  "model_type": "GCN",
  "svm_params": {
    "C": 1.0,
    "kernel": "rbf",
    "gamma": "scale",
    "probability": true
  },
  "transformer_params": {
    "d_model": 64,
    "nhead": 4,
    "dim_feedforward": 128,
    "num_layers": 2,
    "use_cls_token": true
  },
  "gcn_params": {
    "gcn_hidden": 128,
    "gcn_layers": 2
  }
}
2026-01-20 17:05:47,001 - INFO - Starting treatment response prediction pipeline
2026-01-20 17:05:47,001 - INFO - Building FC file index...
2026-01-20 17:05:47,002 - WARNING - Duplicate patient ID found: stn02, skipping additional entry
2026-01-20 17:05:47,002 - WARNING - Duplicate patient ID found: gpi11, skipping additional entry
2026-01-20 17:05:47,002 - WARNING - Duplicate patient ID found: gpi02, skipping additional entry
2026-01-20 17:05:47,002 - WARNING - Duplicate patient ID found: gpi19, skipping additional entry
2026-01-20 17:05:47,002 - WARNING - Duplicate patient ID found: stn23, skipping additional entry
2026-01-20 17:05:47,003 - WARNING - Duplicate patient ID found: stn03, skipping additional entry
2026-01-20 17:05:47,003 - WARNING - Duplicate patient ID found: gpi20, skipping additional entry
2026-01-20 17:05:47,003 - WARNING - Duplicate patient ID found: stn04, skipping additional entry
2026-01-20 17:05:47,003 - WARNING - Duplicate patient ID found: stn24, skipping additional entry
2026-01-20 17:05:47,003 - WARNING - Duplicate patient ID found: gpi04, skipping additional entry
2026-01-20 17:05:47,003 - WARNING - Duplicate patient ID found: gpi15, skipping additional entry
2026-01-20 17:05:47,003 - WARNING - Duplicate patient ID found: stn19, skipping additional entry
2026-01-20 17:05:47,003 - WARNING - Duplicate patient ID found: stn08, skipping additional entry
2026-01-20 17:05:47,003 - WARNING - Duplicate patient ID found: stn11, skipping additional entry
2026-01-20 17:05:47,004 - WARNING - Duplicate patient ID found: gpi07, skipping additional entry
2026-01-20 17:05:47,004 - WARNING - Duplicate patient ID found: gpi26, skipping additional entry
2026-01-20 17:05:47,004 - WARNING - Duplicate patient ID found: stn13, skipping additional entry
2026-01-20 17:05:47,004 - WARNING - Duplicate patient ID found: gpi06, skipping additional entry
2026-01-20 17:05:47,004 - WARNING - Duplicate patient ID found: stn30, skipping additional entry
2026-01-20 17:05:47,004 - WARNING - Duplicate patient ID found: stn18, skipping additional entry
2026-01-20 17:05:47,004 - WARNING - Duplicate patient ID found: gpi24, skipping additional entry
2026-01-20 17:05:47,004 - WARNING - Duplicate patient ID found: gpi13, skipping additional entry
2026-01-20 17:05:47,004 - WARNING - Duplicate patient ID found: stn07, skipping additional entry
2026-01-20 17:05:47,004 - WARNING - Duplicate patient ID found: stn20, skipping additional entry
2026-01-20 17:05:47,005 - WARNING - Duplicate patient ID found: gpi12, skipping additional entry
2026-01-20 17:05:47,005 - WARNING - Duplicate patient ID found: stn01, skipping additional entry
2026-01-20 17:05:47,005 - WARNING - Duplicate patient ID found: gpi22, skipping additional entry
2026-01-20 17:05:47,005 - WARNING - Duplicate patient ID found: gpi18, skipping additional entry
2026-01-20 17:05:47,005 - WARNING - Duplicate patient ID found: gpi09, skipping additional entry
2026-01-20 17:05:47,005 - WARNING - Duplicate patient ID found: gpi25, skipping additional entry
2026-01-20 17:05:47,005 - WARNING - Duplicate patient ID found: stn29, skipping additional entry
2026-01-20 17:05:47,005 - WARNING - Duplicate patient ID found: gpi31, skipping additional entry
2026-01-20 17:05:47,005 - WARNING - Duplicate patient ID found: stn10, skipping additional entry
2026-01-20 17:05:47,005 - WARNING - Duplicate patient ID found: gpi28, skipping additional entry
2026-01-20 17:05:47,005 - WARNING - Duplicate patient ID found: stn31, skipping additional entry
2026-01-20 17:05:47,005 - WARNING - Duplicate patient ID found: gpi03, skipping additional entry
2026-01-20 17:05:47,006 - WARNING - Duplicate patient ID found: gpi05, skipping additional entry
2026-01-20 17:05:47,006 - WARNING - Duplicate patient ID found: stn25, skipping additional entry
2026-01-20 17:05:47,006 - WARNING - Duplicate patient ID found: gpi08, skipping additional entry
2026-01-20 17:05:47,006 - WARNING - Duplicate patient ID found: gpi27, skipping additional entry
2026-01-20 17:05:47,006 - WARNING - Duplicate patient ID found: stn16, skipping additional entry
2026-01-20 17:05:47,006 - WARNING - Duplicate patient ID found: gpi23, skipping additional entry
2026-01-20 17:05:47,006 - WARNING - Duplicate patient ID found: stn09, skipping additional entry
2026-01-20 17:05:47,006 - WARNING - Duplicate patient ID found: stn28, skipping additional entry
2026-01-20 17:05:47,006 - WARNING - Duplicate patient ID found: stn06, skipping additional entry
2026-01-20 17:05:47,006 - WARNING - Duplicate patient ID found: stn12, skipping additional entry
2026-01-20 17:05:47,006 - WARNING - Duplicate patient ID found: gpi16, skipping additional entry
2026-01-20 17:05:47,006 - WARNING - Duplicate patient ID found: gpi30, skipping additional entry
2026-01-20 17:05:47,007 - WARNING - Duplicate patient ID found: stn21, skipping additional entry
2026-01-20 17:05:47,007 - WARNING - Duplicate patient ID found: stn22, skipping additional entry
2026-01-20 17:05:47,007 - WARNING - Duplicate patient ID found: stn14, skipping additional entry
2026-01-20 17:05:47,007 - WARNING - Duplicate patient ID found: gpi17, skipping additional entry
2026-01-20 17:05:47,007 - WARNING - Duplicate patient ID found: gpi21, skipping additional entry
2026-01-20 17:05:47,007 - WARNING - Duplicate patient ID found: gpi32, skipping additional entry
2026-01-20 17:05:47,007 - WARNING - Duplicate patient ID found: stn15, skipping additional entry
2026-01-20 17:05:47,007 - INFO - Built FC index with 71 patients
2026-01-20 17:05:47,007 - INFO - Parsing UPDRS data with FC features...
2026-01-20 17:05:47,021 - INFO - Found 55 valid samples
2026-01-20 17:05:47,021 - INFO - Preparing feature matrices with FC features...
2026-01-20 17:05:47,044 - INFO - Feature matrix shape: (55, 199), Class distribution: [24 31]
2026-01-20 17:05:47,044 - INFO - 
============================================================
2026-01-20 17:05:47,044 - INFO - Starting Cross-Validation Experiment: Treatment_Response_ALL_GCN_Thresh0.25
2026-01-20 17:05:47,044 - INFO - Total samples: 55 | Class distribution: [24 31]
2026-01-20 17:05:47,044 - INFO - Using model type: GCN
2026-01-20 17:05:47,045 - INFO - 
--- Fold 1/5 ---
2026-01-20 17:05:47,045 - INFO - Train size: 44, Test size: 11
2026-01-20 17:05:47,045 - INFO - Train class balance - 0: 19, 1: 25
2026-01-20 17:05:47,045 - INFO - Test class balance  - 0: 5, 1: 6
2026-01-20 17:05:47,272 - INFO - Training GCN model for fold 1...
2026-01-20 17:05:48,202 - INFO - Epoch 001/100 - loss: 0.637896
2026-01-20 17:05:49,573 - INFO - Epoch 020/100 - loss: 0.050290
2026-01-20 17:05:51,215 - INFO - Epoch 040/100 - loss: 0.004988
2026-01-20 17:05:52,911 - INFO - Epoch 060/100 - loss: 0.000800
2026-01-20 17:05:54,543 - INFO - Epoch 080/100 - loss: 0.000273
2026-01-20 17:05:56,155 - INFO - Epoch 100/100 - loss: 0.000107
2026-01-20 17:05:56,181 - INFO - Optimal Youden threshold: 0.8707
2026-01-20 17:05:56,208 - INFO - Fold 1 Results - Acc: 0.7273, F1: 0.7273, AUC: 0.6000, AP: 0.6454
2026-01-20 17:05:56,208 - INFO - 
--- Fold 2/5 ---
2026-01-20 17:05:56,208 - INFO - Train size: 44, Test size: 11
2026-01-20 17:05:56,208 - INFO - Train class balance - 0: 19, 1: 25
2026-01-20 17:05:56,208 - INFO - Test class balance  - 0: 5, 1: 6
2026-01-20 17:05:56,211 - INFO - Training GCN model for fold 2...
2026-01-20 17:05:56,363 - INFO - Epoch 001/100 - loss: 0.595801
2026-01-20 17:05:57,957 - INFO - Epoch 020/100 - loss: 0.044908
2026-01-20 17:05:59,456 - INFO - Epoch 040/100 - loss: 0.001939
2026-01-20 17:06:01,334 - INFO - Epoch 060/100 - loss: 0.000487
2026-01-20 17:06:02,853 - INFO - Epoch 080/100 - loss: 0.000393
2026-01-20 17:06:04,585 - INFO - Epoch 100/100 - loss: 0.000124
2026-01-20 17:06:04,613 - INFO - Optimal Youden threshold: 0.4213
2026-01-20 17:06:04,636 - INFO - Fold 2 Results - Acc: 0.6364, F1: 0.6667, AUC: 0.5000, AP: 0.6631
2026-01-20 17:06:04,637 - INFO - 
--- Fold 3/5 ---
2026-01-20 17:06:04,637 - INFO - Train size: 44, Test size: 11
2026-01-20 17:06:04,637 - INFO - Train class balance - 0: 19, 1: 25
2026-01-20 17:06:04,637 - INFO - Test class balance  - 0: 5, 1: 6
2026-01-20 17:06:04,640 - INFO - Training GCN model for fold 3...
2026-01-20 17:06:04,783 - INFO - Epoch 001/100 - loss: 0.614010
2026-01-20 17:06:06,310 - INFO - Epoch 020/100 - loss: 0.024763
2026-01-20 17:06:08,111 - INFO - Epoch 040/100 - loss: 0.001979
2026-01-20 17:06:09,783 - INFO - Epoch 060/100 - loss: 0.000459
2026-01-20 17:06:11,397 - INFO - Epoch 080/100 - loss: 0.000243
2026-01-20 17:06:13,124 - INFO - Epoch 100/100 - loss: 0.000189
2026-01-20 17:06:13,149 - INFO - Optimal Youden threshold: 0.8029
2026-01-20 17:06:13,172 - INFO - Fold 3 Results - Acc: 0.7273, F1: 0.7273, AUC: 0.6667, AP: 0.6681
2026-01-20 17:06:13,172 - INFO - 
--- Fold 4/5 ---
2026-01-20 17:06:13,172 - INFO - Train size: 44, Test size: 11
2026-01-20 17:06:13,173 - INFO - Train class balance - 0: 19, 1: 25
2026-01-20 17:06:13,173 - INFO - Test class balance  - 0: 5, 1: 6
2026-01-20 17:06:13,174 - INFO - Training GCN model for fold 4...
2026-01-20 17:06:13,317 - INFO - Epoch 001/100 - loss: 0.608880
2026-01-20 17:06:14,963 - INFO - Epoch 020/100 - loss: 0.051110
2026-01-20 17:06:16,756 - INFO - Epoch 040/100 - loss: 0.002208
2026-01-20 17:06:18,499 - INFO - Epoch 060/100 - loss: 0.000785
2026-01-20 17:06:20,085 - INFO - Epoch 080/100 - loss: 0.000269
2026-01-20 17:06:21,893 - INFO - Epoch 100/100 - loss: 0.000144
2026-01-20 17:06:21,921 - INFO - Optimal Youden threshold: 0.9997
2026-01-20 17:06:21,943 - INFO - Fold 4 Results - Acc: 0.6364, F1: 0.5000, AUC: 0.6333, AP: 0.7620
2026-01-20 17:06:21,943 - INFO - 
--- Fold 5/5 ---
2026-01-20 17:06:21,943 - INFO - Train size: 44, Test size: 11
2026-01-20 17:06:21,943 - INFO - Train class balance - 0: 20, 1: 24
2026-01-20 17:06:21,943 - INFO - Test class balance  - 0: 4, 1: 7
2026-01-20 17:06:21,946 - INFO - Training GCN model for fold 5...
2026-01-20 17:06:22,116 - INFO - Epoch 001/100 - loss: 0.626829
2026-01-20 17:06:23,838 - INFO - Epoch 020/100 - loss: 0.027040
2026-01-20 17:06:25,778 - INFO - Epoch 040/100 - loss: 0.001695
2026-01-20 17:06:27,384 - INFO - Epoch 060/100 - loss: 0.000539
2026-01-20 17:06:28,879 - INFO - Epoch 080/100 - loss: 0.000351
2026-01-20 17:06:30,718 - INFO - Epoch 100/100 - loss: 0.000189
2026-01-20 17:06:30,742 - INFO - Optimal Youden threshold: 0.9586
2026-01-20 17:06:30,755 - INFO - Fold 5 Results - Acc: 0.6364, F1: 0.6000, AUC: 0.5357, AP: 0.7856
2026-01-20 17:06:30,755 - INFO - 
============================================================
2026-01-20 17:06:30,756 - INFO - FINAL CROSS-VALIDATION RESULTS FOR: Treatment_Response_ALL_GCN_Thresh0.25
2026-01-20 17:06:30,756 - INFO - ACC       : 0.6727 ± 0.0445
2026-01-20 17:06:30,756 - INFO - F1        : 0.6442 ± 0.0861
2026-01-20 17:06:30,756 - INFO - PRECISION : 0.8533 ± 0.1293
2026-01-20 17:06:30,756 - INFO - RECALL    : 0.5524 ± 0.1432
2026-01-20 17:06:30,756 - INFO - AUC       : 0.5871 ± 0.0614
2026-01-20 17:06:30,756 - INFO - AP        : 0.7048 ± 0.0573
2026-01-20 17:06:30,756 - INFO - ============================================================

2026-01-20 17:06:30,758 - INFO - Results saved to final_results_Treatment_Response_ALL_GCN_Thresh0.25.json
2026-01-20 17:06:30,758 - INFO - Total execution time: 43.76 seconds
2026-01-20 17:06:44,996 - INFO - Using device: cuda
2026-01-20 17:06:44,996 - INFO - Hyperparameters: {
  "batch_size": 1,
  "learning_rate": 0.0005,
  "num_epochs": 200,
  "dropout": 0.3,
  "feature_type": "ALL",
  "improvement_threshold": 0.25,
  "model_type": "GCN",
  "gcn_params": {
    "hidden_dim": 64,
    "num_layers": 2,
    "dropout": 0.5
  },
  "early_stopping_patience": 15,
  "validation_split": 0.2
}
2026-01-20 17:06:44,996 - INFO - Starting treatment response prediction pipeline (GCN only)
2026-01-20 17:06:44,996 - INFO - Building FC file index...
2026-01-20 17:06:44,997 - WARNING - Duplicate patient ID found: stn02, skipping additional entry
2026-01-20 17:06:44,997 - WARNING - Duplicate patient ID found: gpi11, skipping additional entry
2026-01-20 17:06:44,997 - WARNING - Duplicate patient ID found: gpi02, skipping additional entry
2026-01-20 17:06:44,997 - WARNING - Duplicate patient ID found: gpi19, skipping additional entry
2026-01-20 17:06:44,998 - WARNING - Duplicate patient ID found: stn23, skipping additional entry
2026-01-20 17:06:44,998 - WARNING - Duplicate patient ID found: stn03, skipping additional entry
2026-01-20 17:06:44,998 - WARNING - Duplicate patient ID found: gpi20, skipping additional entry
2026-01-20 17:06:44,998 - WARNING - Duplicate patient ID found: stn04, skipping additional entry
2026-01-20 17:06:44,998 - WARNING - Duplicate patient ID found: stn24, skipping additional entry
2026-01-20 17:06:44,998 - WARNING - Duplicate patient ID found: gpi04, skipping additional entry
2026-01-20 17:06:44,998 - WARNING - Duplicate patient ID found: gpi15, skipping additional entry
2026-01-20 17:06:44,998 - WARNING - Duplicate patient ID found: stn19, skipping additional entry
2026-01-20 17:06:44,998 - WARNING - Duplicate patient ID found: stn08, skipping additional entry
2026-01-20 17:06:44,998 - WARNING - Duplicate patient ID found: stn11, skipping additional entry
2026-01-20 17:06:44,998 - WARNING - Duplicate patient ID found: gpi07, skipping additional entry
2026-01-20 17:06:44,998 - WARNING - Duplicate patient ID found: gpi26, skipping additional entry
2026-01-20 17:06:44,999 - WARNING - Duplicate patient ID found: stn13, skipping additional entry
2026-01-20 17:06:44,999 - WARNING - Duplicate patient ID found: gpi06, skipping additional entry
2026-01-20 17:06:44,999 - WARNING - Duplicate patient ID found: stn30, skipping additional entry
2026-01-20 17:06:44,999 - WARNING - Duplicate patient ID found: stn18, skipping additional entry
2026-01-20 17:06:44,999 - WARNING - Duplicate patient ID found: gpi24, skipping additional entry
2026-01-20 17:06:44,999 - WARNING - Duplicate patient ID found: gpi13, skipping additional entry
2026-01-20 17:06:44,999 - WARNING - Duplicate patient ID found: stn07, skipping additional entry
2026-01-20 17:06:44,999 - WARNING - Duplicate patient ID found: stn20, skipping additional entry
2026-01-20 17:06:44,999 - WARNING - Duplicate patient ID found: gpi12, skipping additional entry
2026-01-20 17:06:44,999 - WARNING - Duplicate patient ID found: stn01, skipping additional entry
2026-01-20 17:06:44,999 - WARNING - Duplicate patient ID found: gpi22, skipping additional entry
2026-01-20 17:06:44,999 - WARNING - Duplicate patient ID found: gpi18, skipping additional entry
2026-01-20 17:06:44,999 - WARNING - Duplicate patient ID found: gpi09, skipping additional entry
2026-01-20 17:06:45,000 - WARNING - Duplicate patient ID found: gpi25, skipping additional entry
2026-01-20 17:06:45,000 - WARNING - Duplicate patient ID found: stn29, skipping additional entry
2026-01-20 17:06:45,000 - WARNING - Duplicate patient ID found: gpi31, skipping additional entry
2026-01-20 17:06:45,000 - WARNING - Duplicate patient ID found: stn10, skipping additional entry
2026-01-20 17:06:45,000 - WARNING - Duplicate patient ID found: gpi28, skipping additional entry
2026-01-20 17:06:45,000 - WARNING - Duplicate patient ID found: stn31, skipping additional entry
2026-01-20 17:06:45,000 - WARNING - Duplicate patient ID found: gpi03, skipping additional entry
2026-01-20 17:06:45,000 - WARNING - Duplicate patient ID found: gpi05, skipping additional entry
2026-01-20 17:06:45,000 - WARNING - Duplicate patient ID found: stn25, skipping additional entry
2026-01-20 17:06:45,000 - WARNING - Duplicate patient ID found: gpi08, skipping additional entry
2026-01-20 17:06:45,000 - WARNING - Duplicate patient ID found: gpi27, skipping additional entry
2026-01-20 17:06:45,000 - WARNING - Duplicate patient ID found: stn16, skipping additional entry
2026-01-20 17:06:45,000 - WARNING - Duplicate patient ID found: gpi23, skipping additional entry
2026-01-20 17:06:45,000 - WARNING - Duplicate patient ID found: stn09, skipping additional entry
2026-01-20 17:06:45,000 - WARNING - Duplicate patient ID found: stn28, skipping additional entry
2026-01-20 17:06:45,000 - WARNING - Duplicate patient ID found: stn06, skipping additional entry
2026-01-20 17:06:45,001 - WARNING - Duplicate patient ID found: stn12, skipping additional entry
2026-01-20 17:06:45,001 - WARNING - Duplicate patient ID found: gpi16, skipping additional entry
2026-01-20 17:06:45,001 - WARNING - Duplicate patient ID found: gpi30, skipping additional entry
2026-01-20 17:06:45,001 - WARNING - Duplicate patient ID found: stn21, skipping additional entry
2026-01-20 17:06:45,001 - WARNING - Duplicate patient ID found: stn22, skipping additional entry
2026-01-20 17:06:45,001 - WARNING - Duplicate patient ID found: stn14, skipping additional entry
2026-01-20 17:06:45,001 - WARNING - Duplicate patient ID found: gpi17, skipping additional entry
2026-01-20 17:06:45,001 - WARNING - Duplicate patient ID found: gpi21, skipping additional entry
2026-01-20 17:06:45,001 - WARNING - Duplicate patient ID found: gpi32, skipping additional entry
2026-01-20 17:06:45,001 - WARNING - Duplicate patient ID found: stn15, skipping additional entry
2026-01-20 17:06:45,001 - INFO - Built FC index with 71 patients
2026-01-20 17:06:45,001 - INFO - Parsing UPDRS data with FC features...
2026-01-20 17:06:45,014 - INFO - Found 55 valid samples
2026-01-20 17:06:45,014 - INFO - 
============================================================
2026-01-20 17:06:45,014 - INFO - Starting Cross-Validation for GCN: Treatment_Response_ALL_GCN_Thresh0.25
2026-01-20 17:06:45,014 - INFO - Total samples: 55 | Model type: GCN
2026-01-20 17:06:45,015 - INFO - 
--- Fold 1/5 ---
2026-01-20 17:06:45,016 - INFO - Train size: 35, Val size: 9, Test size: 11
2026-01-20 17:06:45,016 - INFO - Train class balance - 0: 15, 1: 20
2026-01-20 17:06:45,016 - INFO - Val class balance   - 0: 4, 1: 5
2026-01-20 17:06:45,016 - INFO - Test class balance  - 0: 5, 1: 6
2026-01-20 17:06:45,753 - INFO - Training GCN model for fold 1...
2026-01-20 17:10:26,127 - INFO - Using device: cuda
2026-01-20 17:10:26,127 - INFO - Hyperparameters: {
  "batch_size": 8,
  "learning_rate": 0.0005,
  "num_epochs": 100,
  "hidden_dim": 256,
  "dropout": 0.3,
  "feature_type": "ALL",
  "improvement_threshold": 0.25,
  "model_type": "GCN",
  "gcn_params": {
    "gcn_hidden": 128,
    "gcn_layers": 2
  }
}
2026-01-20 17:10:26,127 - INFO - Starting treatment response prediction pipeline (GCN only)
2026-01-20 17:10:26,128 - INFO - Building FC file index...
2026-01-20 17:10:26,128 - WARNING - Duplicate patient ID found: stn02, skipping additional entry
2026-01-20 17:10:26,129 - WARNING - Duplicate patient ID found: gpi11, skipping additional entry
2026-01-20 17:10:26,129 - WARNING - Duplicate patient ID found: gpi02, skipping additional entry
2026-01-20 17:10:26,129 - WARNING - Duplicate patient ID found: gpi19, skipping additional entry
2026-01-20 17:10:26,129 - WARNING - Duplicate patient ID found: stn23, skipping additional entry
2026-01-20 17:10:26,129 - WARNING - Duplicate patient ID found: stn03, skipping additional entry
2026-01-20 17:10:26,129 - WARNING - Duplicate patient ID found: gpi20, skipping additional entry
2026-01-20 17:10:26,129 - WARNING - Duplicate patient ID found: stn04, skipping additional entry
2026-01-20 17:10:26,129 - WARNING - Duplicate patient ID found: stn24, skipping additional entry
2026-01-20 17:10:26,130 - WARNING - Duplicate patient ID found: gpi04, skipping additional entry
2026-01-20 17:10:26,130 - WARNING - Duplicate patient ID found: gpi15, skipping additional entry
2026-01-20 17:10:26,130 - WARNING - Duplicate patient ID found: stn19, skipping additional entry
2026-01-20 17:10:26,130 - WARNING - Duplicate patient ID found: stn08, skipping additional entry
2026-01-20 17:10:26,130 - WARNING - Duplicate patient ID found: stn11, skipping additional entry
2026-01-20 17:10:26,130 - WARNING - Duplicate patient ID found: gpi07, skipping additional entry
2026-01-20 17:10:26,130 - WARNING - Duplicate patient ID found: gpi26, skipping additional entry
2026-01-20 17:10:26,130 - WARNING - Duplicate patient ID found: stn13, skipping additional entry
2026-01-20 17:10:26,130 - WARNING - Duplicate patient ID found: gpi06, skipping additional entry
2026-01-20 17:10:26,130 - WARNING - Duplicate patient ID found: stn30, skipping additional entry
2026-01-20 17:10:26,130 - WARNING - Duplicate patient ID found: stn18, skipping additional entry
2026-01-20 17:10:26,130 - WARNING - Duplicate patient ID found: gpi24, skipping additional entry
2026-01-20 17:10:26,130 - WARNING - Duplicate patient ID found: gpi13, skipping additional entry
2026-01-20 17:10:26,130 - WARNING - Duplicate patient ID found: stn07, skipping additional entry
2026-01-20 17:10:26,130 - WARNING - Duplicate patient ID found: stn20, skipping additional entry
2026-01-20 17:10:26,131 - WARNING - Duplicate patient ID found: gpi12, skipping additional entry
2026-01-20 17:10:26,131 - WARNING - Duplicate patient ID found: stn01, skipping additional entry
2026-01-20 17:10:26,131 - WARNING - Duplicate patient ID found: gpi22, skipping additional entry
2026-01-20 17:10:26,131 - WARNING - Duplicate patient ID found: gpi18, skipping additional entry
2026-01-20 17:10:26,131 - WARNING - Duplicate patient ID found: gpi09, skipping additional entry
2026-01-20 17:10:26,131 - WARNING - Duplicate patient ID found: gpi25, skipping additional entry
2026-01-20 17:10:26,131 - WARNING - Duplicate patient ID found: stn29, skipping additional entry
2026-01-20 17:10:26,131 - WARNING - Duplicate patient ID found: gpi31, skipping additional entry
2026-01-20 17:10:26,131 - WARNING - Duplicate patient ID found: stn10, skipping additional entry
2026-01-20 17:10:26,131 - WARNING - Duplicate patient ID found: gpi28, skipping additional entry
2026-01-20 17:10:26,131 - WARNING - Duplicate patient ID found: stn31, skipping additional entry
2026-01-20 17:10:26,131 - WARNING - Duplicate patient ID found: gpi03, skipping additional entry
2026-01-20 17:10:26,131 - WARNING - Duplicate patient ID found: gpi05, skipping additional entry
2026-01-20 17:10:26,131 - WARNING - Duplicate patient ID found: stn25, skipping additional entry
2026-01-20 17:10:26,131 - WARNING - Duplicate patient ID found: gpi08, skipping additional entry
2026-01-20 17:10:26,132 - WARNING - Duplicate patient ID found: gpi27, skipping additional entry
2026-01-20 17:10:26,132 - WARNING - Duplicate patient ID found: stn16, skipping additional entry
2026-01-20 17:10:26,132 - WARNING - Duplicate patient ID found: gpi23, skipping additional entry
2026-01-20 17:10:26,132 - WARNING - Duplicate patient ID found: stn09, skipping additional entry
2026-01-20 17:10:26,132 - WARNING - Duplicate patient ID found: stn28, skipping additional entry
2026-01-20 17:10:26,132 - WARNING - Duplicate patient ID found: stn06, skipping additional entry
2026-01-20 17:10:26,132 - WARNING - Duplicate patient ID found: stn12, skipping additional entry
2026-01-20 17:10:26,132 - WARNING - Duplicate patient ID found: gpi16, skipping additional entry
2026-01-20 17:10:26,132 - WARNING - Duplicate patient ID found: gpi30, skipping additional entry
2026-01-20 17:10:26,132 - WARNING - Duplicate patient ID found: stn21, skipping additional entry
2026-01-20 17:10:26,132 - WARNING - Duplicate patient ID found: stn22, skipping additional entry
2026-01-20 17:10:26,132 - WARNING - Duplicate patient ID found: stn14, skipping additional entry
2026-01-20 17:10:26,132 - WARNING - Duplicate patient ID found: gpi17, skipping additional entry
2026-01-20 17:10:26,132 - WARNING - Duplicate patient ID found: gpi21, skipping additional entry
2026-01-20 17:10:26,132 - WARNING - Duplicate patient ID found: gpi32, skipping additional entry
2026-01-20 17:10:26,132 - WARNING - Duplicate patient ID found: stn15, skipping additional entry
2026-01-20 17:10:26,132 - INFO - Built FC index with 71 patients
2026-01-20 17:10:26,133 - INFO - Parsing UPDRS data with FC features...
2026-01-20 17:10:26,146 - INFO - Found 55 valid samples
2026-01-20 17:10:26,147 - INFO - Preparing feature matrices with FC features...
2026-01-20 17:10:26,170 - INFO - Feature matrix shape: (55, 199), Class distribution: [24 31]
2026-01-20 17:10:26,170 - INFO - 
============================================================
2026-01-20 17:10:26,170 - INFO - Starting Cross-Validation Experiment: Treatment_Response_ALL_GCN_Thresh0.25
2026-01-20 17:10:26,170 - INFO - Total samples: 55 | Class distribution: [24 31]
2026-01-20 17:10:26,170 - INFO - Using model type: GCN (only)
2026-01-20 17:10:26,171 - INFO - 
--- Fold 1/5 ---
2026-01-20 17:10:26,171 - INFO - Train size: 44, Test size: 11
2026-01-20 17:10:26,171 - INFO - Train class balance - 0: 19, 1: 25
2026-01-20 17:10:26,171 - INFO - Test class balance  - 0: 5, 1: 6
2026-01-20 17:10:26,382 - INFO - Training GCN model for fold 1...
2026-01-20 17:10:27,281 - INFO - Epoch 001/100 - loss: 0.637896
2026-01-20 17:10:28,892 - INFO - Epoch 020/100 - loss: 0.050290
2026-01-20 17:10:30,642 - INFO - Epoch 040/100 - loss: 0.004988
2026-01-20 17:10:32,306 - INFO - Epoch 060/100 - loss: 0.000800
2026-01-20 17:10:34,125 - INFO - Epoch 080/100 - loss: 0.000273
2026-01-20 17:10:35,887 - INFO - Epoch 100/100 - loss: 0.000107
2026-01-20 17:10:35,919 - INFO - Optimal Youden threshold: 0.8707
2026-01-20 17:10:35,946 - INFO - Fold 1 Results - Acc: 0.7273, F1: 0.7273, AUC: 0.6000, AP: 0.6454
2026-01-20 17:10:35,946 - INFO - 
--- Fold 2/5 ---
2026-01-20 17:10:35,946 - INFO - Train size: 44, Test size: 11
2026-01-20 17:10:35,946 - INFO - Train class balance - 0: 19, 1: 25
2026-01-20 17:10:35,946 - INFO - Test class balance  - 0: 5, 1: 6
2026-01-20 17:10:35,949 - INFO - Training GCN model for fold 2...
2026-01-20 17:10:36,115 - INFO - Epoch 001/100 - loss: 0.595801
2026-01-20 17:10:37,850 - INFO - Epoch 020/100 - loss: 0.044908
2026-01-20 17:10:39,615 - INFO - Epoch 040/100 - loss: 0.001939
2026-01-20 17:10:41,072 - INFO - Epoch 060/100 - loss: 0.000487
2026-01-20 17:10:42,707 - INFO - Epoch 080/100 - loss: 0.000393
2026-01-20 17:10:44,385 - INFO - Epoch 100/100 - loss: 0.000124
2026-01-20 17:10:44,412 - INFO - Optimal Youden threshold: 0.4213
2026-01-20 17:10:44,437 - INFO - Fold 2 Results - Acc: 0.6364, F1: 0.6667, AUC: 0.5000, AP: 0.6631
2026-01-20 17:10:44,437 - INFO - 
--- Fold 3/5 ---
2026-01-20 17:10:44,437 - INFO - Train size: 44, Test size: 11
2026-01-20 17:10:44,437 - INFO - Train class balance - 0: 19, 1: 25
2026-01-20 17:10:44,437 - INFO - Test class balance  - 0: 5, 1: 6
2026-01-20 17:10:44,440 - INFO - Training GCN model for fold 3...
2026-01-20 17:10:44,599 - INFO - Epoch 001/100 - loss: 0.614010
2026-01-20 17:10:46,312 - INFO - Epoch 020/100 - loss: 0.024763
2026-01-20 17:10:48,069 - INFO - Epoch 040/100 - loss: 0.001979
2026-01-20 17:10:49,823 - INFO - Epoch 060/100 - loss: 0.000459
2026-01-20 17:10:51,428 - INFO - Epoch 080/100 - loss: 0.000243
2026-01-20 17:10:53,103 - INFO - Epoch 100/100 - loss: 0.000189
2026-01-20 17:10:53,132 - INFO - Optimal Youden threshold: 0.8029
2026-01-20 17:10:53,157 - INFO - Fold 3 Results - Acc: 0.7273, F1: 0.7273, AUC: 0.6667, AP: 0.6681
2026-01-20 17:10:53,158 - INFO - 
--- Fold 4/5 ---
2026-01-20 17:10:53,158 - INFO - Train size: 44, Test size: 11
2026-01-20 17:10:53,158 - INFO - Train class balance - 0: 19, 1: 25
2026-01-20 17:10:53,158 - INFO - Test class balance  - 0: 5, 1: 6
2026-01-20 17:10:53,161 - INFO - Training GCN model for fold 4...
2026-01-20 17:10:53,305 - INFO - Epoch 001/100 - loss: 0.608880
2026-01-20 17:10:54,991 - INFO - Epoch 020/100 - loss: 0.051110
2026-01-20 17:10:56,588 - INFO - Epoch 040/100 - loss: 0.002208
2026-01-20 17:10:58,394 - INFO - Epoch 060/100 - loss: 0.000785
2026-01-20 17:11:00,230 - INFO - Epoch 080/100 - loss: 0.000269
2026-01-20 17:11:01,972 - INFO - Epoch 100/100 - loss: 0.000144
2026-01-20 17:11:02,000 - INFO - Optimal Youden threshold: 0.9997
2026-01-20 17:11:02,022 - INFO - Fold 4 Results - Acc: 0.6364, F1: 0.5000, AUC: 0.6333, AP: 0.7620
2026-01-20 17:11:02,022 - INFO - 
--- Fold 5/5 ---
2026-01-20 17:11:02,023 - INFO - Train size: 44, Test size: 11
2026-01-20 17:11:02,023 - INFO - Train class balance - 0: 20, 1: 24
2026-01-20 17:11:02,023 - INFO - Test class balance  - 0: 4, 1: 7
2026-01-20 17:11:02,026 - INFO - Training GCN model for fold 5...
2026-01-20 17:11:02,188 - INFO - Epoch 001/100 - loss: 0.626829
2026-01-20 17:11:03,748 - INFO - Epoch 020/100 - loss: 0.027040
2026-01-20 17:11:05,353 - INFO - Epoch 040/100 - loss: 0.001695
2026-01-20 17:11:07,045 - INFO - Epoch 060/100 - loss: 0.000539
2026-01-20 17:11:08,719 - INFO - Epoch 080/100 - loss: 0.000351
2026-01-20 17:11:10,162 - INFO - Epoch 100/100 - loss: 0.000189
2026-01-20 17:11:10,189 - INFO - Optimal Youden threshold: 0.9586
2026-01-20 17:11:10,202 - INFO - Fold 5 Results - Acc: 0.6364, F1: 0.6000, AUC: 0.5357, AP: 0.7856
2026-01-20 17:11:10,202 - INFO - 
============================================================
2026-01-20 17:11:10,202 - INFO - FINAL CROSS-VALIDATION RESULTS FOR: Treatment_Response_ALL_GCN_Thresh0.25
2026-01-20 17:11:10,202 - INFO - ACC       : 0.6727 ± 0.0445
2026-01-20 17:11:10,202 - INFO - F1        : 0.6442 ± 0.0861
2026-01-20 17:11:10,202 - INFO - PRECISION : 0.8533 ± 0.1293
2026-01-20 17:11:10,202 - INFO - RECALL    : 0.5524 ± 0.1432
2026-01-20 17:11:10,202 - INFO - AUC       : 0.5871 ± 0.0614
2026-01-20 17:11:10,202 - INFO - AP        : 0.7048 ± 0.0573
2026-01-20 17:11:10,202 - INFO - ============================================================

2026-01-20 17:11:10,204 - INFO - Results saved to final_results_Treatment_Response_ALL_GCN_Thresh0.25.json
2026-01-20 17:11:10,204 - INFO - Total execution time: 44.08 seconds
