2026-01-15 15:59:53,361 - INFO - Random seed set to: 777
2026-01-15 15:59:53,395 - INFO - Using device: cuda
2026-01-15 15:59:53,395 - INFO - Starting experiment with parameters:
2026-01-15 15:59:53,395 - INFO - Base directory: /ailab/group/medai-share/syDu/ruijin/Final_data/AAL3_VTB
2026-01-15 15:59:53,395 - INFO - Excel path: /ailab/user/dusiyuan/code/Brain/EC/ruijin/TI_gt_1_10.xlsx
2026-01-15 15:59:53,395 - INFO - Sample type: all
2026-01-15 15:59:53,395 - INFO - Z-score normalize: False
2026-01-15 15:59:53,706 - INFO - Parsing patient data from Excel (grouped by 姓名 + 日期)...
2026-01-15 15:59:53,827 - WARNING - Missing diff files for name=鞠喆, date=2025-11-24 00:00:00
2026-01-15 15:59:53,829 - WARNING - Missing diff files for name=鞠喆, date=2025-12-08 00:00:00
2026-01-15 15:59:53,849 - INFO - Found 51 valid pre-treatment samples with complete data
2026-01-15 15:59:53,849 - INFO - Preparing features and labels (sample_type=all, zscore_normalize=False)...
2026-01-15 15:59:53,880 - INFO - Final dataset: 51 samples, 366 features
2026-01-15 15:59:53,880 - INFO - Class distribution: [30 21]
2026-01-15 15:59:53,880 - INFO - 
============================================================
2026-01-15 15:59:53,881 - INFO - Starting Cross-Validation Experiment: Treatment_Response_Diff_Clinical
2026-01-15 15:59:53,881 - INFO - Total samples: 51 | Class distribution: [30 21]
2026-01-15 15:59:53,881 - INFO - Parameters: batch_size=8, lr=0.001, epochs=30, hidden_dim=512, num_blocks=4, dropout=0.1, use_young=True, n_splits=5, random_seed=777
2026-01-15 15:59:53,881 - INFO - 
--- Fold 1/5 ---
2026-01-15 15:59:53,881 - INFO - Train set: 40 samples | Class 0: 24, Class 1: 16
2026-01-15 15:59:53,882 - INFO - Test set: 11 samples | Class 0: 6, Class 1: 5
2026-01-15 15:59:54,973 - INFO - Training fold 1...
2026-01-15 15:59:55,478 - INFO - Fold 1 | Epoch 10/30 | Train Loss: 0.5423
2026-01-15 15:59:55,611 - INFO - Fold 1 | Epoch 20/30 | Train Loss: 0.0006
2026-01-15 15:59:55,743 - INFO - Fold 1 | Epoch 30/30 | Train Loss: 0.0525
2026-01-15 15:59:55,746 - INFO - Fold 1 - Optimal Youden threshold: 0.9945
2026-01-15 15:59:55,757 - INFO - Fold 1 - Acc: 0.7273, F1: 0.6667, AUC: 0.6333
2026-01-15 15:59:55,757 - INFO - 
--- Fold 2/5 ---
2026-01-15 15:59:55,758 - INFO - Train set: 41 samples | Class 0: 24, Class 1: 17
2026-01-15 15:59:55,758 - INFO - Test set: 10 samples | Class 0: 6, Class 1: 4
2026-01-15 15:59:55,775 - INFO - Training fold 2...
2026-01-15 15:59:55,934 - INFO - Fold 2 | Epoch 10/30 | Train Loss: 0.5335
2026-01-15 15:59:56,092 - INFO - Fold 2 | Epoch 20/30 | Train Loss: 0.2856
2026-01-15 15:59:56,250 - INFO - Fold 2 | Epoch 30/30 | Train Loss: 0.0004
2026-01-15 15:59:56,252 - INFO - Fold 2 - Optimal Youden threshold: 0.1585
2026-01-15 15:59:56,261 - INFO - Fold 2 - Acc: 0.8000, F1: 0.6667, AUC: 0.7500
2026-01-15 15:59:56,262 - INFO - 
--- Fold 3/5 ---
2026-01-15 15:59:56,262 - INFO - Train set: 41 samples | Class 0: 24, Class 1: 17
2026-01-15 15:59:56,262 - INFO - Test set: 10 samples | Class 0: 6, Class 1: 4
2026-01-15 15:59:56,278 - INFO - Training fold 3...
2026-01-15 15:59:56,437 - INFO - Fold 3 | Epoch 10/30 | Train Loss: 0.3233
2026-01-15 15:59:56,602 - INFO - Fold 3 | Epoch 20/30 | Train Loss: 0.1069
2026-01-15 15:59:56,761 - INFO - Fold 3 | Epoch 30/30 | Train Loss: 0.0001
2026-01-15 15:59:56,763 - INFO - Fold 3 - Optimal Youden threshold: 0.9991
2026-01-15 15:59:56,774 - INFO - Fold 3 - Acc: 0.8000, F1: 0.6667, AUC: 0.7917
2026-01-15 15:59:56,774 - INFO - 
--- Fold 4/5 ---
2026-01-15 15:59:56,774 - INFO - Train set: 41 samples | Class 0: 24, Class 1: 17
2026-01-15 15:59:56,774 - INFO - Test set: 10 samples | Class 0: 6, Class 1: 4
2026-01-15 15:59:56,790 - INFO - Training fold 4...
2026-01-15 15:59:56,948 - INFO - Fold 4 | Epoch 10/30 | Train Loss: 0.3948
2026-01-15 15:59:57,105 - INFO - Fold 4 | Epoch 20/30 | Train Loss: 0.0000
2026-01-15 15:59:57,263 - INFO - Fold 4 | Epoch 30/30 | Train Loss: 0.0000
2026-01-15 15:59:57,265 - INFO - Fold 4 - Optimal Youden threshold: 0.0000
2026-01-15 15:59:57,273 - INFO - Fold 4 - Acc: 0.7000, F1: 0.6667, AUC: 0.6250
2026-01-15 15:59:57,273 - INFO - 
--- Fold 5/5 ---
2026-01-15 15:59:57,273 - INFO - Train set: 41 samples | Class 0: 24, Class 1: 17
2026-01-15 15:59:57,273 - INFO - Test set: 10 samples | Class 0: 6, Class 1: 4
2026-01-15 15:59:57,289 - INFO - Training fold 5...
2026-01-15 15:59:57,447 - INFO - Fold 5 | Epoch 10/30 | Train Loss: 0.5214
2026-01-15 15:59:57,605 - INFO - Fold 5 | Epoch 20/30 | Train Loss: 0.3364
2026-01-15 15:59:57,763 - INFO - Fold 5 | Epoch 30/30 | Train Loss: 0.0366
2026-01-15 15:59:57,765 - INFO - Fold 5 - Optimal Youden threshold: 0.9988
2026-01-15 15:59:57,774 - INFO - Fold 5 - Acc: 0.8000, F1: 0.6667, AUC: 0.7500
2026-01-15 15:59:57,777 - INFO - Combined results saved to Treatment_Response_Diff_Clinical_all_folds_combined.csv
2026-01-15 15:59:57,777 - INFO - 
============================================================
2026-01-15 15:59:57,777 - INFO - FINAL CROSS-VALIDATION RESULTS FOR: Treatment_Response_Diff_Clinical
2026-01-15 15:59:57,777 - INFO - ACC       : 0.7655 ± 0.0432
2026-01-15 15:59:57,777 - INFO - F1        : 0.6667 ± 0.0000
2026-01-15 15:59:57,777 - INFO - PRECISION : 0.8700 ± 0.1661
2026-01-15 15:59:57,777 - INFO - RECALL    : 0.5700 ± 0.0980
2026-01-15 15:59:57,777 - INFO - AUC       : 0.7100 ± 0.0678
2026-01-15 15:59:57,777 - INFO - AP        : 0.7102 ± 0.1003
2026-01-15 15:59:57,777 - INFO - ============================================================

2026-01-16 10:38:11,023 - INFO - Random seed set to: 3150
2026-01-16 10:38:11,038 - INFO - Using device: cuda
2026-01-16 10:38:11,038 - INFO - Starting experiment with parameters:
2026-01-16 10:38:11,038 - INFO - Base directory: /ailab/group/medai-share/syDu/ruijin/Final_data/AAL3_VTB
2026-01-16 10:38:11,038 - INFO - Excel path: /ailab/user/dusiyuan/code/Brain/EC/ruijin/TI_gt_1_10.xlsx
2026-01-16 10:38:11,038 - INFO - Sample type: all
2026-01-16 10:38:11,038 - INFO - Z-score normalize: False
2026-01-16 10:38:11,357 - INFO - Parsing patient data from Excel (grouped by 姓名 + 日期)...
2026-01-16 10:38:14,830 - WARNING - Missing diff files for name=鞠喆, date=2025-11-24 00:00:00
2026-01-16 10:38:14,832 - WARNING - Missing diff files for name=鞠喆, date=2025-12-08 00:00:00
2026-01-16 10:38:15,307 - INFO - Found 51 valid pre-treatment samples with complete data
2026-01-16 10:38:15,307 - INFO - Preparing features and labels (sample_type=all, zscore_normalize=False)...
2026-01-16 10:38:16,885 - INFO - Final dataset: 51 samples, 366 features
2026-01-16 10:38:16,885 - INFO - Class distribution: [30 21]
2026-01-16 10:38:16,885 - INFO - 
============================================================
2026-01-16 10:38:16,886 - INFO - Starting Cross-Validation Experiment: Treatment_Response_Diff_Clinical
2026-01-16 10:38:16,886 - INFO - Total samples: 51 | Class distribution: [30 21]
2026-01-16 10:38:16,886 - INFO - Parameters: batch_size=8, lr=0.001, epochs=30, hidden_dim=512, num_blocks=4, dropout=0.1, use_young=True, n_splits=5, random_seed=3150
2026-01-16 10:38:16,886 - INFO - 
--- Fold 1/5 ---
2026-01-16 10:38:16,887 - INFO - Train set: 40 samples | Class 0: 24, Class 1: 16
2026-01-16 10:38:16,887 - INFO - Test set: 11 samples | Class 0: 6, Class 1: 5
2026-01-16 10:38:18,044 - INFO - Training fold 1...
2026-01-16 10:38:18,299 - INFO - Fold 1 | Epoch 10/30 | Train Loss: 0.3722
2026-01-16 10:38:18,434 - INFO - Fold 1 | Epoch 20/30 | Train Loss: 0.1197
2026-01-16 10:38:18,568 - INFO - Fold 1 | Epoch 30/30 | Train Loss: 0.1471
2026-01-16 10:38:18,571 - INFO - Fold 1 - Optimal Youden threshold: 0.0010
2026-01-16 10:38:18,584 - INFO - Fold 1 - Acc: 0.7273, F1: 0.7692, AUC: 0.6333
2026-01-16 10:38:18,585 - INFO - 
--- Fold 2/5 ---
2026-01-16 10:38:18,585 - INFO - Train set: 41 samples | Class 0: 24, Class 1: 17
2026-01-16 10:38:18,585 - INFO - Test set: 10 samples | Class 0: 6, Class 1: 4
2026-01-16 10:38:18,602 - INFO - Training fold 2...
2026-01-16 10:38:18,763 - INFO - Fold 2 | Epoch 10/30 | Train Loss: 0.5814
2026-01-16 10:38:18,923 - INFO - Fold 2 | Epoch 20/30 | Train Loss: 0.0366
2026-01-16 10:38:19,082 - INFO - Fold 2 | Epoch 30/30 | Train Loss: 0.0039
2026-01-16 10:38:19,085 - INFO - Fold 2 - Optimal Youden threshold: 0.0401
2026-01-16 10:38:19,093 - INFO - Fold 2 - Acc: 0.8000, F1: 0.8000, AUC: 0.7917
2026-01-16 10:38:19,093 - INFO - 
--- Fold 3/5 ---
2026-01-16 10:38:19,093 - INFO - Train set: 41 samples | Class 0: 24, Class 1: 17
2026-01-16 10:38:19,093 - INFO - Test set: 10 samples | Class 0: 6, Class 1: 4
2026-01-16 10:38:19,109 - INFO - Training fold 3...
2026-01-16 10:38:19,270 - INFO - Fold 3 | Epoch 10/30 | Train Loss: 0.3686
2026-01-16 10:38:19,431 - INFO - Fold 3 | Epoch 20/30 | Train Loss: 0.0020
2026-01-16 10:38:19,591 - INFO - Fold 3 | Epoch 30/30 | Train Loss: 0.4161
2026-01-16 10:38:19,593 - INFO - Fold 3 - Optimal Youden threshold: 0.4840
2026-01-16 10:38:19,602 - INFO - Fold 3 - Acc: 0.8000, F1: 0.7500, AUC: 0.7917
2026-01-16 10:38:19,602 - INFO - 
--- Fold 4/5 ---
2026-01-16 10:38:19,602 - INFO - Train set: 41 samples | Class 0: 24, Class 1: 17
2026-01-16 10:38:19,602 - INFO - Test set: 10 samples | Class 0: 6, Class 1: 4
2026-01-16 10:38:19,617 - INFO - Training fold 4...
2026-01-16 10:38:19,780 - INFO - Fold 4 | Epoch 10/30 | Train Loss: 0.6991
2026-01-16 10:38:19,941 - INFO - Fold 4 | Epoch 20/30 | Train Loss: 0.0490
2026-01-16 10:38:20,101 - INFO - Fold 4 | Epoch 30/30 | Train Loss: 0.0000
2026-01-16 10:38:20,103 - INFO - Fold 4 - Optimal Youden threshold: 0.0024
2026-01-16 10:38:20,111 - INFO - Fold 4 - Acc: 0.9000, F1: 0.8889, AUC: 0.9583
2026-01-16 10:38:20,112 - INFO - 
--- Fold 5/5 ---
2026-01-16 10:38:20,112 - INFO - Train set: 41 samples | Class 0: 24, Class 1: 17
2026-01-16 10:38:20,112 - INFO - Test set: 10 samples | Class 0: 6, Class 1: 4
2026-01-16 10:38:20,127 - INFO - Training fold 5...
2026-01-16 10:38:20,288 - INFO - Fold 5 | Epoch 10/30 | Train Loss: 0.5484
2026-01-16 10:38:20,448 - INFO - Fold 5 | Epoch 20/30 | Train Loss: 0.0003
2026-01-16 10:38:20,608 - INFO - Fold 5 | Epoch 30/30 | Train Loss: 0.0000
2026-01-16 10:38:20,610 - INFO - Fold 5 - Optimal Youden threshold: 0.0002
2026-01-16 10:38:20,618 - INFO - Fold 5 - Acc: 0.6000, F1: 0.6667, AUC: 0.5417
2026-01-16 10:38:20,621 - INFO - Combined results saved to Treatment_Response_Diff_Clinical_all_folds_combined.csv
2026-01-16 10:38:20,621 - INFO - 
============================================================
2026-01-16 10:38:20,621 - INFO - FINAL CROSS-VALIDATION RESULTS FOR: Treatment_Response_Diff_Clinical
2026-01-16 10:38:20,621 - INFO - ACC       : 0.7655 ± 0.0993
2026-01-16 10:38:20,622 - INFO - F1        : 0.7750 ± 0.0721
2026-01-16 10:38:20,622 - INFO - PRECISION : 0.6683 ± 0.1041
2026-01-16 10:38:20,622 - INFO - RECALL    : 0.9500 ± 0.1000
2026-01-16 10:38:20,622 - INFO - AUC       : 0.7433 ± 0.1440
2026-01-16 10:38:20,622 - INFO - AP        : 0.6754 ± 0.1643
2026-01-16 10:38:20,622 - INFO - ============================================================

2026-01-16 10:38:55,714 - INFO - Random seed set to: 3150
2026-01-16 10:38:55,724 - INFO - Using device: cuda
2026-01-16 10:38:55,725 - INFO - Starting experiment with parameters:
2026-01-16 10:38:55,725 - INFO - Base directory: /ailab/group/medai-share/syDu/ruijin/Final_data/AAL3_VTB
2026-01-16 10:38:55,725 - INFO - Excel path: /ailab/user/dusiyuan/code/Brain/EC/ruijin/TI_gt_1_10.xlsx
2026-01-16 10:38:55,725 - INFO - Sample type: all
2026-01-16 10:38:55,725 - INFO - Z-score normalize: False
2026-01-16 10:38:55,867 - INFO - Parsing patient data from Excel (grouped by 姓名 + 日期)...
2026-01-16 10:38:55,944 - WARNING - Missing diff files for name=鞠喆, date=2025-11-24 00:00:00
2026-01-16 10:38:55,945 - WARNING - Missing diff files for name=鞠喆, date=2025-12-08 00:00:00
2026-01-16 10:38:55,959 - INFO - Found 51 valid pre-treatment samples with complete data
2026-01-16 10:38:55,959 - INFO - Preparing features and labels (sample_type=all, zscore_normalize=False)...
2026-01-16 10:38:55,989 - INFO - Final dataset: 51 samples, 366 features
2026-01-16 10:38:55,990 - INFO - Class distribution: [30 21]
2026-01-16 10:38:55,990 - INFO - 
============================================================
2026-01-16 10:38:55,990 - INFO - Starting Cross-Validation Experiment: Treatment_Response_Diff_Clinical
2026-01-16 10:38:55,990 - INFO - Total samples: 51 | Class distribution: [30 21]
2026-01-16 10:38:55,990 - INFO - Parameters: batch_size=8, lr=0.001, epochs=40, hidden_dim=512, num_blocks=4, dropout=0.1, use_young=True, n_splits=5, random_seed=3150
2026-01-16 10:38:55,990 - INFO - 
--- Fold 1/5 ---
2026-01-16 10:38:55,991 - INFO - Train set: 40 samples | Class 0: 24, Class 1: 16
2026-01-16 10:38:55,991 - INFO - Test set: 11 samples | Class 0: 6, Class 1: 5
2026-01-16 10:38:56,733 - INFO - Training fold 1...
2026-01-16 10:38:56,983 - INFO - Fold 1 | Epoch 10/40 | Train Loss: 0.3722
2026-01-16 10:38:57,114 - INFO - Fold 1 | Epoch 20/40 | Train Loss: 0.1197
2026-01-16 10:38:57,246 - INFO - Fold 1 | Epoch 30/40 | Train Loss: 0.1471
2026-01-16 10:38:57,377 - INFO - Fold 1 | Epoch 40/40 | Train Loss: 0.0001
2026-01-16 10:38:57,380 - INFO - Fold 1 - Optimal Youden threshold: 0.0000
2026-01-16 10:38:57,391 - INFO - Fold 1 - Acc: 0.7273, F1: 0.7692, AUC: 0.6333
2026-01-16 10:38:57,391 - INFO - 
--- Fold 2/5 ---
2026-01-16 10:38:57,391 - INFO - Train set: 41 samples | Class 0: 24, Class 1: 17
2026-01-16 10:38:57,391 - INFO - Test set: 10 samples | Class 0: 6, Class 1: 4
2026-01-16 10:38:57,409 - INFO - Training fold 2...
2026-01-16 10:38:57,567 - INFO - Fold 2 | Epoch 10/40 | Train Loss: 0.2550
2026-01-16 10:38:57,724 - INFO - Fold 2 | Epoch 20/40 | Train Loss: 0.0118
2026-01-16 10:38:57,881 - INFO - Fold 2 | Epoch 30/40 | Train Loss: 0.0000
2026-01-16 10:38:58,038 - INFO - Fold 2 | Epoch 40/40 | Train Loss: 0.0000
2026-01-16 10:38:58,040 - INFO - Fold 2 - Optimal Youden threshold: 0.0005
2026-01-16 10:38:58,048 - INFO - Fold 2 - Acc: 0.9000, F1: 0.8571, AUC: 0.9167
2026-01-16 10:38:58,048 - INFO - 
--- Fold 3/5 ---
2026-01-16 10:38:58,048 - INFO - Train set: 41 samples | Class 0: 24, Class 1: 17
2026-01-16 10:38:58,049 - INFO - Test set: 10 samples | Class 0: 6, Class 1: 4
2026-01-16 10:38:58,064 - INFO - Training fold 3...
2026-01-16 10:38:58,222 - INFO - Fold 3 | Epoch 10/40 | Train Loss: 0.2834
2026-01-16 10:38:58,379 - INFO - Fold 3 | Epoch 20/40 | Train Loss: 0.0364
2026-01-16 10:38:58,536 - INFO - Fold 3 | Epoch 30/40 | Train Loss: 0.0002
2026-01-16 10:38:58,696 - INFO - Fold 3 | Epoch 40/40 | Train Loss: 0.0001
2026-01-16 10:38:58,698 - INFO - Fold 3 - Optimal Youden threshold: 0.0010
2026-01-16 10:38:58,707 - INFO - Fold 3 - Acc: 0.9000, F1: 0.8889, AUC: 0.9583
2026-01-16 10:38:58,707 - INFO - 
--- Fold 4/5 ---
2026-01-16 10:38:58,707 - INFO - Train set: 41 samples | Class 0: 24, Class 1: 17
2026-01-16 10:38:58,707 - INFO - Test set: 10 samples | Class 0: 6, Class 1: 4
2026-01-16 10:38:58,722 - INFO - Training fold 4...
2026-01-16 10:38:58,880 - INFO - Fold 4 | Epoch 10/40 | Train Loss: 0.4182
2026-01-16 10:38:59,037 - INFO - Fold 4 | Epoch 20/40 | Train Loss: 0.0480
2026-01-16 10:38:59,193 - INFO - Fold 4 | Epoch 30/40 | Train Loss: 0.0002
2026-01-16 10:38:59,350 - INFO - Fold 4 | Epoch 40/40 | Train Loss: 0.0001
2026-01-16 10:38:59,352 - INFO - Fold 4 - Optimal Youden threshold: 0.9893
2026-01-16 10:38:59,360 - INFO - Fold 4 - Acc: 0.9000, F1: 0.8889, AUC: 0.9583
2026-01-16 10:38:59,361 - INFO - 
--- Fold 5/5 ---
2026-01-16 10:38:59,361 - INFO - Train set: 41 samples | Class 0: 24, Class 1: 17
2026-01-16 10:38:59,361 - INFO - Test set: 10 samples | Class 0: 6, Class 1: 4
2026-01-16 10:38:59,376 - INFO - Training fold 5...
2026-01-16 10:38:59,534 - INFO - Fold 5 | Epoch 10/40 | Train Loss: 0.2857
2026-01-16 10:38:59,690 - INFO - Fold 5 | Epoch 20/40 | Train Loss: 0.7957
2026-01-16 10:38:59,848 - INFO - Fold 5 | Epoch 30/40 | Train Loss: 0.6252
2026-01-16 10:39:00,004 - INFO - Fold 5 | Epoch 40/40 | Train Loss: 0.2810
2026-01-16 10:39:00,007 - INFO - Fold 5 - Optimal Youden threshold: 0.0434
2026-01-16 10:39:00,016 - INFO - Fold 5 - Acc: 0.7000, F1: 0.7273, AUC: 0.7500
2026-01-16 10:39:00,018 - INFO - Combined results saved to Treatment_Response_Diff_Clinical_all_folds_combined.csv
2026-01-16 10:39:00,018 - INFO - 
============================================================
2026-01-16 10:39:00,018 - INFO - FINAL CROSS-VALIDATION RESULTS FOR: Treatment_Response_Diff_Clinical
2026-01-16 10:39:00,018 - INFO - ACC       : 0.8255 ± 0.0917
2026-01-16 10:39:00,018 - INFO - F1        : 0.8263 ± 0.0661
2026-01-16 10:39:00,018 - INFO - PRECISION : 0.7593 ± 0.1514
2026-01-16 10:39:00,018 - INFO - RECALL    : 0.9500 ± 0.1000
2026-01-16 10:39:00,018 - INFO - AUC       : 0.8433 ± 0.1301
2026-01-16 10:39:00,018 - INFO - AP        : 0.8198 ± 0.1527
2026-01-16 10:39:00,018 - INFO - ============================================================

2026-01-16 10:40:11,217 - INFO - Random seed set to: 3150
2026-01-16 10:40:11,231 - INFO - Using device: cuda
2026-01-16 10:40:11,231 - INFO - Starting experiment with parameters:
2026-01-16 10:40:11,231 - INFO - Base directory: /ailab/group/medai-share/syDu/ruijin/Final_data/AAL3_VTB
2026-01-16 10:40:11,231 - INFO - Excel path: /ailab/user/dusiyuan/code/Brain/EC/ruijin/TI_gt_1_10.xlsx
2026-01-16 10:40:11,231 - INFO - Sample type: all
2026-01-16 10:40:11,231 - INFO - Z-score normalize: False
2026-01-16 10:40:11,375 - INFO - Parsing patient data from Excel (grouped by 姓名 + 日期)...
2026-01-16 10:40:11,452 - WARNING - Missing diff files for name=鞠喆, date=2025-11-24 00:00:00
2026-01-16 10:40:11,454 - WARNING - Missing diff files for name=鞠喆, date=2025-12-08 00:00:00
2026-01-16 10:40:11,467 - INFO - Found 51 valid pre-treatment samples with complete data
2026-01-16 10:40:11,467 - INFO - Preparing features and labels (sample_type=all, zscore_normalize=False)...
2026-01-16 10:40:11,498 - INFO - Final dataset: 51 samples, 366 features
2026-01-16 10:40:11,498 - INFO - Class distribution: [30 21]
2026-01-16 10:40:11,498 - INFO - 
============================================================
2026-01-16 10:40:11,498 - INFO - Starting Cross-Validation Experiment: Treatment_Response_Diff_Clinical
2026-01-16 10:40:11,498 - INFO - Total samples: 51 | Class distribution: [30 21]
2026-01-16 10:40:11,498 - INFO - Parameters: batch_size=8, lr=0.001, epochs=45, hidden_dim=512, num_blocks=4, dropout=0.1, use_young=True, n_splits=5, random_seed=3150
2026-01-16 10:40:11,499 - INFO - 
--- Fold 1/5 ---
2026-01-16 10:40:11,499 - INFO - Train set: 40 samples | Class 0: 24, Class 1: 16
2026-01-16 10:40:11,499 - INFO - Test set: 11 samples | Class 0: 6, Class 1: 5
2026-01-16 10:40:12,248 - INFO - Training fold 1...
2026-01-16 10:40:12,501 - INFO - Fold 1 | Epoch 10/45 | Train Loss: 0.3722
2026-01-16 10:40:12,634 - INFO - Fold 1 | Epoch 20/45 | Train Loss: 0.1197
2026-01-16 10:40:12,767 - INFO - Fold 1 | Epoch 30/45 | Train Loss: 0.1471
2026-01-16 10:40:12,900 - INFO - Fold 1 | Epoch 40/45 | Train Loss: 0.0001
2026-01-16 10:40:12,966 - INFO - Fold 1 | Epoch 45/45 | Train Loss: 0.0001
2026-01-16 10:40:12,969 - INFO - Fold 1 - Optimal Youden threshold: 0.0000
2026-01-16 10:40:12,980 - INFO - Fold 1 - Acc: 0.7273, F1: 0.7692, AUC: 0.6333
2026-01-16 10:40:12,980 - INFO - 
--- Fold 2/5 ---
2026-01-16 10:40:12,980 - INFO - Train set: 41 samples | Class 0: 24, Class 1: 17
2026-01-16 10:40:12,980 - INFO - Test set: 10 samples | Class 0: 6, Class 1: 4
2026-01-16 10:40:12,998 - INFO - Training fold 2...
2026-01-16 10:40:13,158 - INFO - Fold 2 | Epoch 10/45 | Train Loss: 0.6329
2026-01-16 10:40:13,317 - INFO - Fold 2 | Epoch 20/45 | Train Loss: 0.0406
2026-01-16 10:40:13,476 - INFO - Fold 2 | Epoch 30/45 | Train Loss: 0.0066
2026-01-16 10:40:13,635 - INFO - Fold 2 | Epoch 40/45 | Train Loss: 0.0002
2026-01-16 10:40:13,715 - INFO - Fold 2 | Epoch 45/45 | Train Loss: 0.0001
2026-01-16 10:40:13,717 - INFO - Fold 2 - Optimal Youden threshold: 0.0000
2026-01-16 10:40:13,726 - INFO - Fold 2 - Acc: 0.8000, F1: 0.8000, AUC: 0.7917
2026-01-16 10:40:13,726 - INFO - 
--- Fold 3/5 ---
2026-01-16 10:40:13,726 - INFO - Train set: 41 samples | Class 0: 24, Class 1: 17
2026-01-16 10:40:13,726 - INFO - Test set: 10 samples | Class 0: 6, Class 1: 4
2026-01-16 10:40:13,743 - INFO - Training fold 3...
2026-01-16 10:40:13,902 - INFO - Fold 3 | Epoch 10/45 | Train Loss: 0.4966
2026-01-16 10:40:14,064 - INFO - Fold 3 | Epoch 20/45 | Train Loss: 0.0250
2026-01-16 10:40:14,223 - INFO - Fold 3 | Epoch 30/45 | Train Loss: 0.2019
2026-01-16 10:40:14,382 - INFO - Fold 3 | Epoch 40/45 | Train Loss: 0.0002
2026-01-16 10:40:14,461 - INFO - Fold 3 | Epoch 45/45 | Train Loss: 0.0001
2026-01-16 10:40:14,464 - INFO - Fold 3 - Optimal Youden threshold: 0.0012
2026-01-16 10:40:14,473 - INFO - Fold 3 - Acc: 0.7000, F1: 0.7273, AUC: 0.7500
2026-01-16 10:40:14,473 - INFO - 
--- Fold 4/5 ---
2026-01-16 10:40:14,473 - INFO - Train set: 41 samples | Class 0: 24, Class 1: 17
2026-01-16 10:40:14,473 - INFO - Test set: 10 samples | Class 0: 6, Class 1: 4
2026-01-16 10:40:14,490 - INFO - Training fold 4...
2026-01-16 10:40:14,650 - INFO - Fold 4 | Epoch 10/45 | Train Loss: 0.3853
2026-01-16 10:40:14,810 - INFO - Fold 4 | Epoch 20/45 | Train Loss: 0.0135
2026-01-16 10:40:14,969 - INFO - Fold 4 | Epoch 30/45 | Train Loss: 0.0000
2026-01-16 10:40:15,128 - INFO - Fold 4 | Epoch 40/45 | Train Loss: 0.0001
2026-01-16 10:40:15,207 - INFO - Fold 4 | Epoch 45/45 | Train Loss: 0.0001
2026-01-16 10:40:15,209 - INFO - Fold 4 - Optimal Youden threshold: 0.9988
2026-01-16 10:40:15,218 - INFO - Fold 4 - Acc: 1.0000, F1: 1.0000, AUC: 1.0000
2026-01-16 10:40:15,218 - INFO - 
--- Fold 5/5 ---
2026-01-16 10:40:15,218 - INFO - Train set: 41 samples | Class 0: 24, Class 1: 17
2026-01-16 10:40:15,218 - INFO - Test set: 10 samples | Class 0: 6, Class 1: 4
2026-01-16 10:40:15,234 - INFO - Training fold 5...
2026-01-16 10:40:15,395 - INFO - Fold 5 | Epoch 10/45 | Train Loss: 0.3990
2026-01-16 10:40:15,552 - INFO - Fold 5 | Epoch 20/45 | Train Loss: 0.0000
2026-01-16 10:40:15,709 - INFO - Fold 5 | Epoch 30/45 | Train Loss: 0.0000
2026-01-16 10:40:15,866 - INFO - Fold 5 | Epoch 40/45 | Train Loss: 0.0000
2026-01-16 10:40:15,945 - INFO - Fold 5 | Epoch 45/45 | Train Loss: 0.0000
2026-01-16 10:40:15,948 - INFO - Fold 5 - Optimal Youden threshold: 1.0000
2026-01-16 10:40:15,957 - INFO - Fold 5 - Acc: 0.5000, F1: 0.5455, AUC: 0.5000
2026-01-16 10:40:15,959 - INFO - Combined results saved to Treatment_Response_Diff_Clinical_all_folds_combined.csv
2026-01-16 10:40:15,959 - INFO - 
============================================================
2026-01-16 10:40:15,959 - INFO - FINAL CROSS-VALIDATION RESULTS FOR: Treatment_Response_Diff_Clinical
2026-01-16 10:40:15,959 - INFO - ACC       : 0.7455 ± 0.1615
2026-01-16 10:40:15,959 - INFO - F1        : 0.7684 ± 0.1456
2026-01-16 10:40:15,959 - INFO - PRECISION : 0.6583 ± 0.1888
2026-01-16 10:40:15,959 - INFO - RECALL    : 0.9500 ± 0.1000
2026-01-16 10:40:15,959 - INFO - AUC       : 0.7350 ± 0.1669
2026-01-16 10:40:15,959 - INFO - AP        : 0.6874 ± 0.1920
2026-01-16 10:40:15,959 - INFO - ============================================================

2026-01-16 10:40:24,965 - INFO - Random seed set to: 3150
2026-01-16 10:40:24,975 - INFO - Using device: cuda
2026-01-16 10:40:24,975 - INFO - Starting experiment with parameters:
2026-01-16 10:40:24,975 - INFO - Base directory: /ailab/group/medai-share/syDu/ruijin/Final_data/AAL3_VTB
2026-01-16 10:40:24,975 - INFO - Excel path: /ailab/user/dusiyuan/code/Brain/EC/ruijin/TI_gt_1_10.xlsx
2026-01-16 10:40:24,975 - INFO - Sample type: all
2026-01-16 10:40:24,975 - INFO - Z-score normalize: False
2026-01-16 10:40:25,096 - INFO - Parsing patient data from Excel (grouped by 姓名 + 日期)...
2026-01-16 10:40:25,174 - WARNING - Missing diff files for name=鞠喆, date=2025-11-24 00:00:00
2026-01-16 10:40:25,175 - WARNING - Missing diff files for name=鞠喆, date=2025-12-08 00:00:00
2026-01-16 10:40:25,189 - INFO - Found 51 valid pre-treatment samples with complete data
2026-01-16 10:40:25,189 - INFO - Preparing features and labels (sample_type=all, zscore_normalize=False)...
2026-01-16 10:40:25,220 - INFO - Final dataset: 51 samples, 366 features
2026-01-16 10:40:25,221 - INFO - Class distribution: [30 21]
2026-01-16 10:40:25,221 - INFO - 
============================================================
2026-01-16 10:40:25,221 - INFO - Starting Cross-Validation Experiment: Treatment_Response_Diff_Clinical
2026-01-16 10:40:25,221 - INFO - Total samples: 51 | Class distribution: [30 21]
2026-01-16 10:40:25,221 - INFO - Parameters: batch_size=8, lr=0.001, epochs=35, hidden_dim=512, num_blocks=4, dropout=0.1, use_young=True, n_splits=5, random_seed=3150
2026-01-16 10:40:25,222 - INFO - 
--- Fold 1/5 ---
2026-01-16 10:40:25,222 - INFO - Train set: 40 samples | Class 0: 24, Class 1: 16
2026-01-16 10:40:25,222 - INFO - Test set: 11 samples | Class 0: 6, Class 1: 5
2026-01-16 10:40:25,918 - INFO - Training fold 1...
2026-01-16 10:40:26,170 - INFO - Fold 1 | Epoch 10/35 | Train Loss: 0.3722
2026-01-16 10:40:26,303 - INFO - Fold 1 | Epoch 20/35 | Train Loss: 0.1197
2026-01-16 10:40:26,435 - INFO - Fold 1 | Epoch 30/35 | Train Loss: 0.1471
2026-01-16 10:40:26,501 - INFO - Fold 1 | Epoch 35/35 | Train Loss: 0.0215
2026-01-16 10:40:26,504 - INFO - Fold 1 - Optimal Youden threshold: 0.0000
2026-01-16 10:40:26,515 - INFO - Fold 1 - Acc: 0.7273, F1: 0.7692, AUC: 0.7333
2026-01-16 10:40:26,515 - INFO - 
--- Fold 2/5 ---
2026-01-16 10:40:26,515 - INFO - Train set: 41 samples | Class 0: 24, Class 1: 17
2026-01-16 10:40:26,515 - INFO - Test set: 10 samples | Class 0: 6, Class 1: 4
2026-01-16 10:40:26,533 - INFO - Training fold 2...
2026-01-16 10:40:26,692 - INFO - Fold 2 | Epoch 10/35 | Train Loss: 0.3796
2026-01-16 10:40:26,851 - INFO - Fold 2 | Epoch 20/35 | Train Loss: 0.0616
2026-01-16 10:40:27,009 - INFO - Fold 2 | Epoch 30/35 | Train Loss: 0.0007
2026-01-16 10:40:27,088 - INFO - Fold 2 | Epoch 35/35 | Train Loss: 0.0003
2026-01-16 10:40:27,090 - INFO - Fold 2 - Optimal Youden threshold: 0.0001
2026-01-16 10:40:27,100 - INFO - Fold 2 - Acc: 0.9000, F1: 0.8889, AUC: 0.9167
2026-01-16 10:40:27,100 - INFO - 
--- Fold 3/5 ---
2026-01-16 10:40:27,100 - INFO - Train set: 41 samples | Class 0: 24, Class 1: 17
2026-01-16 10:40:27,100 - INFO - Test set: 10 samples | Class 0: 6, Class 1: 4
2026-01-16 10:40:27,116 - INFO - Training fold 3...
2026-01-16 10:40:27,277 - INFO - Fold 3 | Epoch 10/35 | Train Loss: 0.4577
2026-01-16 10:40:27,436 - INFO - Fold 3 | Epoch 20/35 | Train Loss: 0.0000
2026-01-16 10:40:27,595 - INFO - Fold 3 | Epoch 30/35 | Train Loss: 0.2308
2026-01-16 10:40:27,674 - INFO - Fold 3 | Epoch 35/35 | Train Loss: 0.0014
2026-01-16 10:40:27,677 - INFO - Fold 3 - Optimal Youden threshold: 0.9982
2026-01-16 10:40:27,687 - INFO - Fold 3 - Acc: 0.8000, F1: 0.6667, AUC: 0.7917
2026-01-16 10:40:27,687 - INFO - 
--- Fold 4/5 ---
2026-01-16 10:40:27,688 - INFO - Train set: 41 samples | Class 0: 24, Class 1: 17
2026-01-16 10:40:27,688 - INFO - Test set: 10 samples | Class 0: 6, Class 1: 4
2026-01-16 10:40:27,704 - INFO - Training fold 4...
2026-01-16 10:40:27,863 - INFO - Fold 4 | Epoch 10/35 | Train Loss: 0.6464
2026-01-16 10:40:28,021 - INFO - Fold 4 | Epoch 20/35 | Train Loss: 0.0200
2026-01-16 10:40:28,180 - INFO - Fold 4 | Epoch 30/35 | Train Loss: 0.0001
2026-01-16 10:40:28,259 - INFO - Fold 4 | Epoch 35/35 | Train Loss: 0.0001
2026-01-16 10:40:28,261 - INFO - Fold 4 - Optimal Youden threshold: 0.9998
2026-01-16 10:40:28,270 - INFO - Fold 4 - Acc: 0.9000, F1: 0.8889, AUC: 0.8750
2026-01-16 10:40:28,270 - INFO - 
--- Fold 5/5 ---
2026-01-16 10:40:28,270 - INFO - Train set: 41 samples | Class 0: 24, Class 1: 17
2026-01-16 10:40:28,270 - INFO - Test set: 10 samples | Class 0: 6, Class 1: 4
2026-01-16 10:40:28,286 - INFO - Training fold 5...
2026-01-16 10:40:28,445 - INFO - Fold 5 | Epoch 10/35 | Train Loss: 0.1692
2026-01-16 10:40:28,606 - INFO - Fold 5 | Epoch 20/35 | Train Loss: 0.0007
2026-01-16 10:40:28,764 - INFO - Fold 5 | Epoch 30/35 | Train Loss: 0.0002
2026-01-16 10:40:28,844 - INFO - Fold 5 | Epoch 35/35 | Train Loss: 0.0001
2026-01-16 10:40:28,846 - INFO - Fold 5 - Optimal Youden threshold: 0.9999
2026-01-16 10:40:28,856 - INFO - Fold 5 - Acc: 0.6000, F1: 0.6000, AUC: 0.4583
2026-01-16 10:40:28,858 - INFO - Combined results saved to Treatment_Response_Diff_Clinical_all_folds_combined.csv
2026-01-16 10:40:28,858 - INFO - 
============================================================
2026-01-16 10:40:28,858 - INFO - FINAL CROSS-VALIDATION RESULTS FOR: Treatment_Response_Diff_Clinical
2026-01-16 10:40:28,858 - INFO - ACC       : 0.7855 ± 0.1133
2026-01-16 10:40:28,858 - INFO - F1        : 0.7627 ± 0.1163
2026-01-16 10:40:28,858 - INFO - PRECISION : 0.7450 ± 0.1706
2026-01-16 10:40:28,859 - INFO - RECALL    : 0.8500 ± 0.2000
2026-01-16 10:40:28,859 - INFO - AUC       : 0.7550 ± 0.1615
2026-01-16 10:40:28,859 - INFO - AP        : 0.7091 ± 0.1651
2026-01-16 10:40:28,859 - INFO - ============================================================

2026-01-16 10:40:38,801 - INFO - Random seed set to: 3150
2026-01-16 10:40:38,811 - INFO - Using device: cuda
2026-01-16 10:40:38,811 - INFO - Starting experiment with parameters:
2026-01-16 10:40:38,811 - INFO - Base directory: /ailab/group/medai-share/syDu/ruijin/Final_data/AAL3_VTB
2026-01-16 10:40:38,811 - INFO - Excel path: /ailab/user/dusiyuan/code/Brain/EC/ruijin/TI_gt_1_10.xlsx
2026-01-16 10:40:38,812 - INFO - Sample type: all
2026-01-16 10:40:38,812 - INFO - Z-score normalize: False
2026-01-16 10:40:38,936 - INFO - Parsing patient data from Excel (grouped by 姓名 + 日期)...
2026-01-16 10:40:39,015 - WARNING - Missing diff files for name=鞠喆, date=2025-11-24 00:00:00
2026-01-16 10:40:39,016 - WARNING - Missing diff files for name=鞠喆, date=2025-12-08 00:00:00
2026-01-16 10:40:39,030 - INFO - Found 51 valid pre-treatment samples with complete data
2026-01-16 10:40:39,030 - INFO - Preparing features and labels (sample_type=all, zscore_normalize=False)...
2026-01-16 10:40:39,061 - INFO - Final dataset: 51 samples, 366 features
2026-01-16 10:40:39,061 - INFO - Class distribution: [30 21]
2026-01-16 10:40:39,061 - INFO - 
============================================================
2026-01-16 10:40:39,061 - INFO - Starting Cross-Validation Experiment: Treatment_Response_Diff_Clinical
2026-01-16 10:40:39,061 - INFO - Total samples: 51 | Class distribution: [30 21]
2026-01-16 10:40:39,061 - INFO - Parameters: batch_size=8, lr=0.001, epochs=30, hidden_dim=512, num_blocks=4, dropout=0.1, use_young=True, n_splits=5, random_seed=3150
2026-01-16 10:40:39,062 - INFO - 
--- Fold 1/5 ---
2026-01-16 10:40:39,062 - INFO - Train set: 40 samples | Class 0: 24, Class 1: 16
2026-01-16 10:40:39,062 - INFO - Test set: 11 samples | Class 0: 6, Class 1: 5
2026-01-16 10:40:39,774 - INFO - Training fold 1...
2026-01-16 10:40:40,025 - INFO - Fold 1 | Epoch 10/30 | Train Loss: 0.3722
2026-01-16 10:40:40,157 - INFO - Fold 1 | Epoch 20/30 | Train Loss: 0.1197
2026-01-16 10:40:40,288 - INFO - Fold 1 | Epoch 30/30 | Train Loss: 0.1471
2026-01-16 10:40:40,291 - INFO - Fold 1 - Optimal Youden threshold: 0.0010
2026-01-16 10:40:40,302 - INFO - Fold 1 - Acc: 0.7273, F1: 0.7692, AUC: 0.6333
2026-01-16 10:40:40,302 - INFO - 
--- Fold 2/5 ---
2026-01-16 10:40:40,302 - INFO - Train set: 41 samples | Class 0: 24, Class 1: 17
2026-01-16 10:40:40,302 - INFO - Test set: 10 samples | Class 0: 6, Class 1: 4
2026-01-16 10:40:40,319 - INFO - Training fold 2...
2026-01-16 10:40:40,477 - INFO - Fold 2 | Epoch 10/30 | Train Loss: 0.5814
2026-01-16 10:40:40,633 - INFO - Fold 2 | Epoch 20/30 | Train Loss: 0.0366
2026-01-16 10:40:40,789 - INFO - Fold 2 | Epoch 30/30 | Train Loss: 0.0039
2026-01-16 10:40:40,792 - INFO - Fold 2 - Optimal Youden threshold: 0.0401
2026-01-16 10:40:40,800 - INFO - Fold 2 - Acc: 0.8000, F1: 0.8000, AUC: 0.7917
2026-01-16 10:40:40,800 - INFO - 
--- Fold 3/5 ---
2026-01-16 10:40:40,800 - INFO - Train set: 41 samples | Class 0: 24, Class 1: 17
2026-01-16 10:40:40,800 - INFO - Test set: 10 samples | Class 0: 6, Class 1: 4
2026-01-16 10:40:40,816 - INFO - Training fold 3...
2026-01-16 10:40:40,973 - INFO - Fold 3 | Epoch 10/30 | Train Loss: 0.3686
2026-01-16 10:40:41,131 - INFO - Fold 3 | Epoch 20/30 | Train Loss: 0.0020
2026-01-16 10:40:41,287 - INFO - Fold 3 | Epoch 30/30 | Train Loss: 0.4161
2026-01-16 10:40:41,289 - INFO - Fold 3 - Optimal Youden threshold: 0.4840
2026-01-16 10:40:41,298 - INFO - Fold 3 - Acc: 0.8000, F1: 0.7500, AUC: 0.7917
2026-01-16 10:40:41,298 - INFO - 
--- Fold 4/5 ---
2026-01-16 10:40:41,298 - INFO - Train set: 41 samples | Class 0: 24, Class 1: 17
2026-01-16 10:40:41,298 - INFO - Test set: 10 samples | Class 0: 6, Class 1: 4
2026-01-16 10:40:41,314 - INFO - Training fold 4...
2026-01-16 10:40:41,470 - INFO - Fold 4 | Epoch 10/30 | Train Loss: 0.6991
2026-01-16 10:40:41,626 - INFO - Fold 4 | Epoch 20/30 | Train Loss: 0.0490
2026-01-16 10:40:41,781 - INFO - Fold 4 | Epoch 30/30 | Train Loss: 0.0000
2026-01-16 10:40:41,783 - INFO - Fold 4 - Optimal Youden threshold: 0.0024
2026-01-16 10:40:41,791 - INFO - Fold 4 - Acc: 0.9000, F1: 0.8889, AUC: 0.9583
2026-01-16 10:40:41,791 - INFO - 
--- Fold 5/5 ---
2026-01-16 10:40:41,791 - INFO - Train set: 41 samples | Class 0: 24, Class 1: 17
2026-01-16 10:40:41,791 - INFO - Test set: 10 samples | Class 0: 6, Class 1: 4
2026-01-16 10:40:41,807 - INFO - Training fold 5...
2026-01-16 10:40:41,963 - INFO - Fold 5 | Epoch 10/30 | Train Loss: 0.5484
2026-01-16 10:40:42,119 - INFO - Fold 5 | Epoch 20/30 | Train Loss: 0.0003
2026-01-16 10:40:42,274 - INFO - Fold 5 | Epoch 30/30 | Train Loss: 0.0000
2026-01-16 10:40:42,276 - INFO - Fold 5 - Optimal Youden threshold: 0.0002
2026-01-16 10:40:42,284 - INFO - Fold 5 - Acc: 0.6000, F1: 0.6667, AUC: 0.5417
2026-01-16 10:40:42,287 - INFO - Combined results saved to Treatment_Response_Diff_Clinical_all_folds_combined.csv
2026-01-16 10:40:42,287 - INFO - 
============================================================
2026-01-16 10:40:42,287 - INFO - FINAL CROSS-VALIDATION RESULTS FOR: Treatment_Response_Diff_Clinical
2026-01-16 10:40:42,287 - INFO - ACC       : 0.7655 ± 0.0993
2026-01-16 10:40:42,287 - INFO - F1        : 0.7750 ± 0.0721
2026-01-16 10:40:42,287 - INFO - PRECISION : 0.6683 ± 0.1041
2026-01-16 10:40:42,287 - INFO - RECALL    : 0.9500 ± 0.1000
2026-01-16 10:40:42,287 - INFO - AUC       : 0.7433 ± 0.1440
2026-01-16 10:40:42,287 - INFO - AP        : 0.6754 ± 0.1643
2026-01-16 10:40:42,287 - INFO - ============================================================

2026-01-16 10:40:53,991 - INFO - Random seed set to: 3150
2026-01-16 10:40:54,001 - INFO - Using device: cuda
2026-01-16 10:40:54,001 - INFO - Starting experiment with parameters:
2026-01-16 10:40:54,001 - INFO - Base directory: /ailab/group/medai-share/syDu/ruijin/Final_data/AAL3_VTB
2026-01-16 10:40:54,001 - INFO - Excel path: /ailab/user/dusiyuan/code/Brain/EC/ruijin/TI_gt_1_10.xlsx
2026-01-16 10:40:54,001 - INFO - Sample type: all
2026-01-16 10:40:54,001 - INFO - Z-score normalize: False
2026-01-16 10:40:54,125 - INFO - Parsing patient data from Excel (grouped by 姓名 + 日期)...
2026-01-16 10:40:54,204 - WARNING - Missing diff files for name=鞠喆, date=2025-11-24 00:00:00
2026-01-16 10:40:54,206 - WARNING - Missing diff files for name=鞠喆, date=2025-12-08 00:00:00
2026-01-16 10:40:54,220 - INFO - Found 51 valid pre-treatment samples with complete data
2026-01-16 10:40:54,220 - INFO - Preparing features and labels (sample_type=all, zscore_normalize=False)...
2026-01-16 10:40:54,250 - INFO - Final dataset: 51 samples, 366 features
2026-01-16 10:40:54,250 - INFO - Class distribution: [30 21]
2026-01-16 10:40:54,250 - INFO - 
============================================================
2026-01-16 10:40:54,251 - INFO - Starting Cross-Validation Experiment: Treatment_Response_Diff_Clinical
2026-01-16 10:40:54,251 - INFO - Total samples: 51 | Class distribution: [30 21]
2026-01-16 10:40:54,251 - INFO - Parameters: batch_size=8, lr=0.001, epochs=40, hidden_dim=512, num_blocks=4, dropout=0.1, use_young=True, n_splits=5, random_seed=3150
2026-01-16 10:40:54,252 - INFO - 
--- Fold 1/5 ---
2026-01-16 10:40:54,252 - INFO - Train set: 40 samples | Class 0: 24, Class 1: 16
2026-01-16 10:40:54,252 - INFO - Test set: 11 samples | Class 0: 6, Class 1: 5
2026-01-16 10:40:54,961 - INFO - Training fold 1...
2026-01-16 10:40:55,213 - INFO - Fold 1 | Epoch 10/40 | Train Loss: 0.3722
2026-01-16 10:40:55,345 - INFO - Fold 1 | Epoch 20/40 | Train Loss: 0.1197
2026-01-16 10:40:55,478 - INFO - Fold 1 | Epoch 30/40 | Train Loss: 0.1471
2026-01-16 10:40:55,611 - INFO - Fold 1 | Epoch 40/40 | Train Loss: 0.0001
2026-01-16 10:40:55,613 - INFO - Fold 1 - Optimal Youden threshold: 0.0000
2026-01-16 10:40:55,624 - INFO - Fold 1 - Acc: 0.7273, F1: 0.7692, AUC: 0.6333
2026-01-16 10:40:55,624 - INFO - 
--- Fold 2/5 ---
2026-01-16 10:40:55,625 - INFO - Train set: 41 samples | Class 0: 24, Class 1: 17
2026-01-16 10:40:55,625 - INFO - Test set: 10 samples | Class 0: 6, Class 1: 4
2026-01-16 10:40:55,642 - INFO - Training fold 2...
2026-01-16 10:40:55,801 - INFO - Fold 2 | Epoch 10/40 | Train Loss: 0.2550
2026-01-16 10:40:55,959 - INFO - Fold 2 | Epoch 20/40 | Train Loss: 0.0118
2026-01-16 10:40:56,116 - INFO - Fold 2 | Epoch 30/40 | Train Loss: 0.0000
2026-01-16 10:40:56,274 - INFO - Fold 2 | Epoch 40/40 | Train Loss: 0.0000
2026-01-16 10:40:56,276 - INFO - Fold 2 - Optimal Youden threshold: 0.0005
2026-01-16 10:40:56,287 - INFO - Fold 2 - Acc: 0.9000, F1: 0.8571, AUC: 0.9167
2026-01-16 10:40:56,287 - INFO - 
--- Fold 3/5 ---
2026-01-16 10:40:56,287 - INFO - Train set: 41 samples | Class 0: 24, Class 1: 17
2026-01-16 10:40:56,287 - INFO - Test set: 10 samples | Class 0: 6, Class 1: 4
2026-01-16 10:40:56,303 - INFO - Training fold 3...
2026-01-16 10:40:56,463 - INFO - Fold 3 | Epoch 10/40 | Train Loss: 0.2834
2026-01-16 10:40:56,621 - INFO - Fold 3 | Epoch 20/40 | Train Loss: 0.0364
2026-01-16 10:40:56,780 - INFO - Fold 3 | Epoch 30/40 | Train Loss: 0.0002
2026-01-16 10:40:56,938 - INFO - Fold 3 | Epoch 40/40 | Train Loss: 0.0001
2026-01-16 10:40:56,941 - INFO - Fold 3 - Optimal Youden threshold: 0.0010
2026-01-16 10:40:56,949 - INFO - Fold 3 - Acc: 0.9000, F1: 0.8889, AUC: 0.9583
2026-01-16 10:40:56,949 - INFO - 
--- Fold 4/5 ---
2026-01-16 10:40:56,950 - INFO - Train set: 41 samples | Class 0: 24, Class 1: 17
2026-01-16 10:40:56,950 - INFO - Test set: 10 samples | Class 0: 6, Class 1: 4
2026-01-16 10:40:56,965 - INFO - Training fold 4...
2026-01-16 10:40:57,124 - INFO - Fold 4 | Epoch 10/40 | Train Loss: 0.4182
2026-01-16 10:40:57,283 - INFO - Fold 4 | Epoch 20/40 | Train Loss: 0.0480
2026-01-16 10:40:57,442 - INFO - Fold 4 | Epoch 30/40 | Train Loss: 0.0002
2026-01-16 10:40:57,606 - INFO - Fold 4 | Epoch 40/40 | Train Loss: 0.0001
2026-01-16 10:40:57,609 - INFO - Fold 4 - Optimal Youden threshold: 0.9893
2026-01-16 10:40:57,618 - INFO - Fold 4 - Acc: 0.9000, F1: 0.8889, AUC: 0.9583
2026-01-16 10:40:57,618 - INFO - 
--- Fold 5/5 ---
2026-01-16 10:40:57,618 - INFO - Train set: 41 samples | Class 0: 24, Class 1: 17
2026-01-16 10:40:57,618 - INFO - Test set: 10 samples | Class 0: 6, Class 1: 4
2026-01-16 10:40:57,634 - INFO - Training fold 5...
2026-01-16 10:40:57,792 - INFO - Fold 5 | Epoch 10/40 | Train Loss: 0.2857
2026-01-16 10:40:57,950 - INFO - Fold 5 | Epoch 20/40 | Train Loss: 0.7957
2026-01-16 10:40:58,107 - INFO - Fold 5 | Epoch 30/40 | Train Loss: 0.6252
2026-01-16 10:40:58,266 - INFO - Fold 5 | Epoch 40/40 | Train Loss: 0.2810
2026-01-16 10:40:58,268 - INFO - Fold 5 - Optimal Youden threshold: 0.0434
2026-01-16 10:40:58,277 - INFO - Fold 5 - Acc: 0.7000, F1: 0.7273, AUC: 0.7500
2026-01-16 10:40:58,280 - INFO - Combined results saved to Treatment_Response_Diff_Clinical_all_folds_combined.csv
2026-01-16 10:40:58,280 - INFO - 
============================================================
2026-01-16 10:40:58,280 - INFO - FINAL CROSS-VALIDATION RESULTS FOR: Treatment_Response_Diff_Clinical
2026-01-16 10:40:58,280 - INFO - ACC       : 0.8255 ± 0.0917
2026-01-16 10:40:58,280 - INFO - F1        : 0.8263 ± 0.0661
2026-01-16 10:40:58,280 - INFO - PRECISION : 0.7593 ± 0.1514
2026-01-16 10:40:58,280 - INFO - RECALL    : 0.9500 ± 0.1000
2026-01-16 10:40:58,280 - INFO - AUC       : 0.8433 ± 0.1301
2026-01-16 10:40:58,280 - INFO - AP        : 0.8198 ± 0.1527
2026-01-16 10:40:58,280 - INFO - ============================================================

2026-01-16 10:42:30,335 - INFO - Random seed set to: 5309
2026-01-16 10:42:30,350 - INFO - Using device: cuda
2026-01-16 10:42:30,350 - INFO - Starting experiment with parameters:
2026-01-16 10:42:30,350 - INFO - Base directory: /ailab/group/medai-share/syDu/ruijin/Final_data/AAL3_VTB
2026-01-16 10:42:30,350 - INFO - Excel path: /ailab/user/dusiyuan/code/Brain/EC/ruijin/TI_gt_1_10.xlsx
2026-01-16 10:42:30,350 - INFO - Sample type: all
2026-01-16 10:42:30,350 - INFO - Z-score normalize: False
2026-01-16 10:42:30,496 - INFO - Parsing patient data from Excel (grouped by 姓名 + 日期)...
2026-01-16 10:42:30,574 - WARNING - Missing diff files for name=鞠喆, date=2025-11-24 00:00:00
2026-01-16 10:42:30,575 - WARNING - Missing diff files for name=鞠喆, date=2025-12-08 00:00:00
2026-01-16 10:42:30,589 - INFO - Found 51 valid pre-treatment samples with complete data
2026-01-16 10:42:30,589 - INFO - Preparing features and labels (sample_type=all, zscore_normalize=False)...
2026-01-16 10:42:30,621 - INFO - Final dataset: 51 samples, 366 features
2026-01-16 10:42:30,621 - INFO - Class distribution: [30 21]
2026-01-16 10:42:30,621 - INFO - 
============================================================
2026-01-16 10:42:30,621 - INFO - Starting Cross-Validation Experiment: Treatment_Response_Diff_Clinical
2026-01-16 10:42:30,621 - INFO - Total samples: 51 | Class distribution: [30 21]
2026-01-16 10:42:30,621 - INFO - Parameters: batch_size=8, lr=0.001, epochs=20, hidden_dim=512, num_blocks=4, dropout=0.1, use_young=True, n_splits=5, random_seed=5309
2026-01-16 10:42:30,622 - INFO - 
--- Fold 1/5 ---
2026-01-16 10:42:30,622 - INFO - Train set: 40 samples | Class 0: 24, Class 1: 16
2026-01-16 10:42:30,622 - INFO - Test set: 11 samples | Class 0: 6, Class 1: 5
2026-01-16 10:42:31,364 - INFO - Training fold 1...
2026-01-16 10:42:31,612 - INFO - Fold 1 | Epoch 10/20 | Train Loss: 0.3035
2026-01-16 10:42:31,743 - INFO - Fold 1 | Epoch 20/20 | Train Loss: 0.0005
2026-01-16 10:42:31,746 - INFO - Fold 1 - Optimal Youden threshold: 0.9992
2026-01-16 10:42:31,762 - INFO - Fold 1 - Acc: 0.7273, F1: 0.7273, AUC: 0.7000
2026-01-16 10:42:31,762 - INFO - 
--- Fold 2/5 ---
2026-01-16 10:42:31,763 - INFO - Train set: 41 samples | Class 0: 24, Class 1: 17
2026-01-16 10:42:31,763 - INFO - Test set: 10 samples | Class 0: 6, Class 1: 4
2026-01-16 10:42:31,780 - INFO - Training fold 2...
2026-01-16 10:42:31,938 - INFO - Fold 2 | Epoch 10/20 | Train Loss: 0.2491
2026-01-16 10:42:32,095 - INFO - Fold 2 | Epoch 20/20 | Train Loss: 0.0044
2026-01-16 10:42:32,097 - INFO - Fold 2 - Optimal Youden threshold: 0.9917
2026-01-16 10:42:32,105 - INFO - Fold 2 - Acc: 0.9000, F1: 0.8889, AUC: 0.9583
2026-01-16 10:42:32,105 - INFO - 
--- Fold 3/5 ---
2026-01-16 10:42:32,106 - INFO - Train set: 41 samples | Class 0: 24, Class 1: 17
2026-01-16 10:42:32,106 - INFO - Test set: 10 samples | Class 0: 6, Class 1: 4
2026-01-16 10:42:32,120 - INFO - Training fold 3...
2026-01-16 10:42:32,278 - INFO - Fold 3 | Epoch 10/20 | Train Loss: 0.4234
2026-01-16 10:42:32,435 - INFO - Fold 3 | Epoch 20/20 | Train Loss: 0.6873
2026-01-16 10:42:32,437 - INFO - Fold 3 - Optimal Youden threshold: 0.3675
2026-01-16 10:42:32,445 - INFO - Fold 3 - Acc: 0.8000, F1: 0.7500, AUC: 0.7917
2026-01-16 10:42:32,445 - INFO - 
--- Fold 4/5 ---
2026-01-16 10:42:32,445 - INFO - Train set: 41 samples | Class 0: 24, Class 1: 17
2026-01-16 10:42:32,445 - INFO - Test set: 10 samples | Class 0: 6, Class 1: 4
2026-01-16 10:42:32,461 - INFO - Training fold 4...
2026-01-16 10:42:32,618 - INFO - Fold 4 | Epoch 10/20 | Train Loss: 0.4112
2026-01-16 10:42:32,775 - INFO - Fold 4 | Epoch 20/20 | Train Loss: 0.0031
2026-01-16 10:42:32,777 - INFO - Fold 4 - Optimal Youden threshold: 0.9955
2026-01-16 10:42:32,785 - INFO - Fold 4 - Acc: 0.9000, F1: 0.8571, AUC: 0.8333
2026-01-16 10:42:32,785 - INFO - 
--- Fold 5/5 ---
2026-01-16 10:42:32,785 - INFO - Train set: 41 samples | Class 0: 24, Class 1: 17
2026-01-16 10:42:32,785 - INFO - Test set: 10 samples | Class 0: 6, Class 1: 4
2026-01-16 10:42:32,799 - INFO - Training fold 5...
2026-01-16 10:42:32,957 - INFO - Fold 5 | Epoch 10/20 | Train Loss: 0.2592
2026-01-16 10:42:33,114 - INFO - Fold 5 | Epoch 20/20 | Train Loss: 0.0670
2026-01-16 10:42:33,116 - INFO - Fold 5 - Optimal Youden threshold: 0.0002
2026-01-16 10:42:33,124 - INFO - Fold 5 - Acc: 0.9000, F1: 0.8571, AUC: 0.8333
2026-01-16 10:42:33,126 - INFO - Combined results saved to Treatment_Response_Diff_Clinical_all_folds_combined.csv
2026-01-16 10:42:33,126 - INFO - 
============================================================
2026-01-16 10:42:33,126 - INFO - FINAL CROSS-VALIDATION RESULTS FOR: Treatment_Response_Diff_Clinical
2026-01-16 10:42:33,126 - INFO - ACC       : 0.8455 ± 0.0707
2026-01-16 10:42:33,126 - INFO - F1        : 0.8161 ± 0.0647
2026-01-16 10:42:33,126 - INFO - PRECISION : 0.8433 ± 0.1348
2026-01-16 10:42:33,126 - INFO - RECALL    : 0.8100 ± 0.0970
2026-01-16 10:42:33,126 - INFO - AUC       : 0.8233 ± 0.0832
2026-01-16 10:42:33,126 - INFO - AP        : 0.8532 ± 0.0663
2026-01-16 10:42:33,126 - INFO - ============================================================

2026-01-16 10:42:46,097 - INFO - Random seed set to: 5309
2026-01-16 10:42:46,107 - INFO - Using device: cuda
2026-01-16 10:42:46,107 - INFO - Starting experiment with parameters:
2026-01-16 10:42:46,107 - INFO - Base directory: /ailab/group/medai-share/syDu/ruijin/Final_data/AAL3_VTB
2026-01-16 10:42:46,107 - INFO - Excel path: /ailab/user/dusiyuan/code/Brain/EC/ruijin/TI_gt_1_10.xlsx
2026-01-16 10:42:46,107 - INFO - Sample type: all
2026-01-16 10:42:46,107 - INFO - Z-score normalize: False
2026-01-16 10:42:46,231 - INFO - Parsing patient data from Excel (grouped by 姓名 + 日期)...
2026-01-16 10:42:46,309 - WARNING - Missing diff files for name=鞠喆, date=2025-11-24 00:00:00
2026-01-16 10:42:46,311 - WARNING - Missing diff files for name=鞠喆, date=2025-12-08 00:00:00
2026-01-16 10:42:46,325 - INFO - Found 51 valid pre-treatment samples with complete data
2026-01-16 10:42:46,325 - INFO - Preparing features and labels (sample_type=all, zscore_normalize=False)...
2026-01-16 10:42:46,356 - INFO - Final dataset: 51 samples, 366 features
2026-01-16 10:42:46,356 - INFO - Class distribution: [30 21]
2026-01-16 10:42:46,356 - INFO - 
============================================================
2026-01-16 10:42:46,356 - INFO - Starting Cross-Validation Experiment: Treatment_Response_Diff_Clinical
2026-01-16 10:42:46,356 - INFO - Total samples: 51 | Class distribution: [30 21]
2026-01-16 10:42:46,356 - INFO - Parameters: batch_size=8, lr=0.001, epochs=25, hidden_dim=512, num_blocks=4, dropout=0.1, use_young=True, n_splits=5, random_seed=5309
2026-01-16 10:42:46,357 - INFO - 
--- Fold 1/5 ---
2026-01-16 10:42:46,357 - INFO - Train set: 40 samples | Class 0: 24, Class 1: 16
2026-01-16 10:42:46,358 - INFO - Test set: 11 samples | Class 0: 6, Class 1: 5
2026-01-16 10:42:47,060 - INFO - Training fold 1...
2026-01-16 10:42:47,310 - INFO - Fold 1 | Epoch 10/25 | Train Loss: 0.3035
2026-01-16 10:42:47,443 - INFO - Fold 1 | Epoch 20/25 | Train Loss: 0.0005
2026-01-16 10:42:47,509 - INFO - Fold 1 | Epoch 25/25 | Train Loss: 0.0000
2026-01-16 10:42:47,512 - INFO - Fold 1 - Optimal Youden threshold: 0.0002
2026-01-16 10:42:47,523 - INFO - Fold 1 - Acc: 0.7273, F1: 0.7273, AUC: 0.6667
2026-01-16 10:42:47,523 - INFO - 
--- Fold 2/5 ---
2026-01-16 10:42:47,523 - INFO - Train set: 41 samples | Class 0: 24, Class 1: 17
2026-01-16 10:42:47,523 - INFO - Test set: 10 samples | Class 0: 6, Class 1: 4
2026-01-16 10:42:47,540 - INFO - Training fold 2...
2026-01-16 10:42:47,699 - INFO - Fold 2 | Epoch 10/25 | Train Loss: 0.5495
2026-01-16 10:42:47,857 - INFO - Fold 2 | Epoch 20/25 | Train Loss: 0.0243
2026-01-16 10:42:47,936 - INFO - Fold 2 | Epoch 25/25 | Train Loss: 0.0000
2026-01-16 10:42:47,938 - INFO - Fold 2 - Optimal Youden threshold: 0.9995
2026-01-16 10:42:47,949 - INFO - Fold 2 - Acc: 0.8000, F1: 0.7500, AUC: 0.6667
2026-01-16 10:42:47,949 - INFO - 
--- Fold 3/5 ---
2026-01-16 10:42:47,949 - INFO - Train set: 41 samples | Class 0: 24, Class 1: 17
2026-01-16 10:42:47,949 - INFO - Test set: 10 samples | Class 0: 6, Class 1: 4
2026-01-16 10:42:47,965 - INFO - Training fold 3...
2026-01-16 10:42:48,125 - INFO - Fold 3 | Epoch 10/25 | Train Loss: 0.2060
2026-01-16 10:42:48,283 - INFO - Fold 3 | Epoch 20/25 | Train Loss: 0.0143
2026-01-16 10:42:48,362 - INFO - Fold 3 | Epoch 25/25 | Train Loss: 0.0265
2026-01-16 10:42:48,364 - INFO - Fold 3 - Optimal Youden threshold: 0.9998
2026-01-16 10:42:48,372 - INFO - Fold 3 - Acc: 0.8000, F1: 0.6667, AUC: 0.7083
2026-01-16 10:42:48,372 - INFO - 
--- Fold 4/5 ---
2026-01-16 10:42:48,372 - INFO - Train set: 41 samples | Class 0: 24, Class 1: 17
2026-01-16 10:42:48,373 - INFO - Test set: 10 samples | Class 0: 6, Class 1: 4
2026-01-16 10:42:48,390 - INFO - Training fold 4...
2026-01-16 10:42:48,549 - INFO - Fold 4 | Epoch 10/25 | Train Loss: 0.6019
2026-01-16 10:42:48,707 - INFO - Fold 4 | Epoch 20/25 | Train Loss: 0.2694
2026-01-16 10:42:48,786 - INFO - Fold 4 | Epoch 25/25 | Train Loss: 0.0004
2026-01-16 10:42:48,788 - INFO - Fold 4 - Optimal Youden threshold: 0.0099
2026-01-16 10:42:48,797 - INFO - Fold 4 - Acc: 0.8000, F1: 0.7500, AUC: 0.7500
2026-01-16 10:42:48,797 - INFO - 
--- Fold 5/5 ---
2026-01-16 10:42:48,797 - INFO - Train set: 41 samples | Class 0: 24, Class 1: 17
2026-01-16 10:42:48,797 - INFO - Test set: 10 samples | Class 0: 6, Class 1: 4
2026-01-16 10:42:48,813 - INFO - Training fold 5...
2026-01-16 10:42:48,971 - INFO - Fold 5 | Epoch 10/25 | Train Loss: 0.3051
2026-01-16 10:42:49,129 - INFO - Fold 5 | Epoch 20/25 | Train Loss: 0.0673
2026-01-16 10:42:49,208 - INFO - Fold 5 | Epoch 25/25 | Train Loss: 0.0002
2026-01-16 10:42:49,211 - INFO - Fold 5 - Optimal Youden threshold: 0.9992
2026-01-16 10:42:49,219 - INFO - Fold 5 - Acc: 0.8000, F1: 0.6667, AUC: 0.6667
2026-01-16 10:42:49,221 - INFO - Combined results saved to Treatment_Response_Diff_Clinical_all_folds_combined.csv
2026-01-16 10:42:49,221 - INFO - 
============================================================
2026-01-16 10:42:49,221 - INFO - FINAL CROSS-VALIDATION RESULTS FOR: Treatment_Response_Diff_Clinical
2026-01-16 10:42:49,221 - INFO - ACC       : 0.7855 ± 0.0291
2026-01-16 10:42:49,221 - INFO - F1        : 0.7121 ± 0.0380
2026-01-16 10:42:49,221 - INFO - PRECISION : 0.8333 ± 0.1394
2026-01-16 10:42:49,221 - INFO - RECALL    : 0.6600 ± 0.1319
2026-01-16 10:42:49,221 - INFO - AUC       : 0.6917 ± 0.0333
2026-01-16 10:42:49,221 - INFO - AP        : 0.7034 ± 0.0620
2026-01-16 10:42:49,221 - INFO - ============================================================

2026-01-16 10:42:58,995 - INFO - Random seed set to: 5309
2026-01-16 10:42:59,005 - INFO - Using device: cuda
2026-01-16 10:42:59,005 - INFO - Starting experiment with parameters:
2026-01-16 10:42:59,005 - INFO - Base directory: /ailab/group/medai-share/syDu/ruijin/Final_data/AAL3_VTB
2026-01-16 10:42:59,006 - INFO - Excel path: /ailab/user/dusiyuan/code/Brain/EC/ruijin/TI_gt_1_10.xlsx
2026-01-16 10:42:59,006 - INFO - Sample type: all
2026-01-16 10:42:59,006 - INFO - Z-score normalize: False
2026-01-16 10:42:59,126 - INFO - Parsing patient data from Excel (grouped by 姓名 + 日期)...
2026-01-16 10:42:59,204 - WARNING - Missing diff files for name=鞠喆, date=2025-11-24 00:00:00
2026-01-16 10:42:59,206 - WARNING - Missing diff files for name=鞠喆, date=2025-12-08 00:00:00
2026-01-16 10:42:59,220 - INFO - Found 51 valid pre-treatment samples with complete data
2026-01-16 10:42:59,220 - INFO - Preparing features and labels (sample_type=all, zscore_normalize=False)...
2026-01-16 10:42:59,251 - INFO - Final dataset: 51 samples, 366 features
2026-01-16 10:42:59,251 - INFO - Class distribution: [30 21]
2026-01-16 10:42:59,251 - INFO - 
============================================================
2026-01-16 10:42:59,251 - INFO - Starting Cross-Validation Experiment: Treatment_Response_Diff_Clinical
2026-01-16 10:42:59,251 - INFO - Total samples: 51 | Class distribution: [30 21]
2026-01-16 10:42:59,251 - INFO - Parameters: batch_size=8, lr=0.001, epochs=15, hidden_dim=512, num_blocks=4, dropout=0.1, use_young=True, n_splits=5, random_seed=5309
2026-01-16 10:42:59,252 - INFO - 
--- Fold 1/5 ---
2026-01-16 10:42:59,252 - INFO - Train set: 40 samples | Class 0: 24, Class 1: 16
2026-01-16 10:42:59,252 - INFO - Test set: 11 samples | Class 0: 6, Class 1: 5
2026-01-16 10:42:59,945 - INFO - Training fold 1...
2026-01-16 10:43:00,195 - INFO - Fold 1 | Epoch 10/15 | Train Loss: 0.3035
2026-01-16 10:43:00,261 - INFO - Fold 1 | Epoch 15/15 | Train Loss: 0.3095
2026-01-16 10:43:00,264 - INFO - Fold 1 - Optimal Youden threshold: 0.0569
2026-01-16 10:43:00,275 - INFO - Fold 1 - Acc: 0.8182, F1: 0.8333, AUC: 0.7667
2026-01-16 10:43:00,275 - INFO - 
--- Fold 2/5 ---
2026-01-16 10:43:00,275 - INFO - Train set: 41 samples | Class 0: 24, Class 1: 17
2026-01-16 10:43:00,275 - INFO - Test set: 10 samples | Class 0: 6, Class 1: 4
2026-01-16 10:43:00,293 - INFO - Training fold 2...
2026-01-16 10:43:00,453 - INFO - Fold 2 | Epoch 10/15 | Train Loss: 0.6638
2026-01-16 10:43:00,533 - INFO - Fold 2 | Epoch 15/15 | Train Loss: 0.1207
2026-01-16 10:43:00,535 - INFO - Fold 2 - Optimal Youden threshold: 0.6752
2026-01-16 10:43:00,543 - INFO - Fold 2 - Acc: 0.6000, F1: 0.5000, AUC: 0.5000
2026-01-16 10:43:00,543 - INFO - 
--- Fold 3/5 ---
2026-01-16 10:43:00,543 - INFO - Train set: 41 samples | Class 0: 24, Class 1: 17
2026-01-16 10:43:00,543 - INFO - Test set: 10 samples | Class 0: 6, Class 1: 4
2026-01-16 10:43:00,559 - INFO - Training fold 3...
2026-01-16 10:43:00,719 - INFO - Fold 3 | Epoch 10/15 | Train Loss: 0.1959
2026-01-16 10:43:00,799 - INFO - Fold 3 | Epoch 15/15 | Train Loss: 0.0390
2026-01-16 10:43:00,801 - INFO - Fold 3 - Optimal Youden threshold: 0.9915
2026-01-16 10:43:00,809 - INFO - Fold 3 - Acc: 0.8000, F1: 0.6667, AUC: 0.7083
2026-01-16 10:43:00,809 - INFO - 
--- Fold 4/5 ---
2026-01-16 10:43:00,809 - INFO - Train set: 41 samples | Class 0: 24, Class 1: 17
2026-01-16 10:43:00,809 - INFO - Test set: 10 samples | Class 0: 6, Class 1: 4
2026-01-16 10:43:00,824 - INFO - Training fold 4...
2026-01-16 10:43:00,983 - INFO - Fold 4 | Epoch 10/15 | Train Loss: 0.4911
2026-01-16 10:43:01,062 - INFO - Fold 4 | Epoch 15/15 | Train Loss: 0.2579
2026-01-16 10:43:01,065 - INFO - Fold 4 - Optimal Youden threshold: 0.2332
2026-01-16 10:43:01,073 - INFO - Fold 4 - Acc: 0.9000, F1: 0.8889, AUC: 0.9583
2026-01-16 10:43:01,073 - INFO - 
--- Fold 5/5 ---
2026-01-16 10:43:01,073 - INFO - Train set: 41 samples | Class 0: 24, Class 1: 17
2026-01-16 10:43:01,073 - INFO - Test set: 10 samples | Class 0: 6, Class 1: 4
2026-01-16 10:43:01,087 - INFO - Training fold 5...
2026-01-16 10:43:01,247 - INFO - Fold 5 | Epoch 10/15 | Train Loss: 0.4896
2026-01-16 10:43:01,327 - INFO - Fold 5 | Epoch 15/15 | Train Loss: 0.1378
2026-01-16 10:43:01,329 - INFO - Fold 5 - Optimal Youden threshold: 0.9927
2026-01-16 10:43:01,337 - INFO - Fold 5 - Acc: 0.8000, F1: 0.7500, AUC: 0.7917
2026-01-16 10:43:01,339 - INFO - Combined results saved to Treatment_Response_Diff_Clinical_all_folds_combined.csv
2026-01-16 10:43:01,339 - INFO - 
============================================================
2026-01-16 10:43:01,339 - INFO - FINAL CROSS-VALIDATION RESULTS FOR: Treatment_Response_Diff_Clinical
2026-01-16 10:43:01,339 - INFO - ACC       : 0.7836 ± 0.0990
2026-01-16 10:43:01,339 - INFO - F1        : 0.7278 ± 0.1365
2026-01-16 10:43:01,340 - INFO - PRECISION : 0.7529 ± 0.1605
2026-01-16 10:43:01,340 - INFO - RECALL    : 0.7500 ± 0.2236
2026-01-16 10:43:01,340 - INFO - AUC       : 0.7450 ± 0.1480
2026-01-16 10:43:01,340 - INFO - AP        : 0.7443 ± 0.1573
2026-01-16 10:43:01,340 - INFO - ============================================================

2026-01-16 10:43:09,580 - INFO - Random seed set to: 5309
2026-01-16 10:43:09,589 - INFO - Using device: cuda
2026-01-16 10:43:09,590 - INFO - Starting experiment with parameters:
2026-01-16 10:43:09,590 - INFO - Base directory: /ailab/group/medai-share/syDu/ruijin/Final_data/AAL3_VTB
2026-01-16 10:43:09,590 - INFO - Excel path: /ailab/user/dusiyuan/code/Brain/EC/ruijin/TI_gt_1_10.xlsx
2026-01-16 10:43:09,590 - INFO - Sample type: all
2026-01-16 10:43:09,590 - INFO - Z-score normalize: False
2026-01-16 10:43:09,713 - INFO - Parsing patient data from Excel (grouped by 姓名 + 日期)...
2026-01-16 10:43:09,792 - WARNING - Missing diff files for name=鞠喆, date=2025-11-24 00:00:00
2026-01-16 10:43:09,793 - WARNING - Missing diff files for name=鞠喆, date=2025-12-08 00:00:00
2026-01-16 10:43:09,807 - INFO - Found 51 valid pre-treatment samples with complete data
2026-01-16 10:43:09,807 - INFO - Preparing features and labels (sample_type=all, zscore_normalize=False)...
2026-01-16 10:43:09,839 - INFO - Final dataset: 51 samples, 366 features
2026-01-16 10:43:09,839 - INFO - Class distribution: [30 21]
2026-01-16 10:43:09,839 - INFO - 
============================================================
2026-01-16 10:43:09,839 - INFO - Starting Cross-Validation Experiment: Treatment_Response_Diff_Clinical
2026-01-16 10:43:09,840 - INFO - Total samples: 51 | Class distribution: [30 21]
2026-01-16 10:43:09,840 - INFO - Parameters: batch_size=8, lr=0.001, epochs=20, hidden_dim=512, num_blocks=4, dropout=0.1, use_young=True, n_splits=5, random_seed=5309
2026-01-16 10:43:09,840 - INFO - 
--- Fold 1/5 ---
2026-01-16 10:43:09,841 - INFO - Train set: 40 samples | Class 0: 24, Class 1: 16
2026-01-16 10:43:09,841 - INFO - Test set: 11 samples | Class 0: 6, Class 1: 5
2026-01-16 10:43:10,533 - INFO - Training fold 1...
2026-01-16 10:43:10,784 - INFO - Fold 1 | Epoch 10/20 | Train Loss: 0.3035
2026-01-16 10:43:10,917 - INFO - Fold 1 | Epoch 20/20 | Train Loss: 0.0005
2026-01-16 10:43:10,920 - INFO - Fold 1 - Optimal Youden threshold: 0.9992
2026-01-16 10:43:10,931 - INFO - Fold 1 - Acc: 0.7273, F1: 0.7273, AUC: 0.7000
2026-01-16 10:43:10,931 - INFO - 
--- Fold 2/5 ---
2026-01-16 10:43:10,931 - INFO - Train set: 41 samples | Class 0: 24, Class 1: 17
2026-01-16 10:43:10,931 - INFO - Test set: 10 samples | Class 0: 6, Class 1: 4
2026-01-16 10:43:10,948 - INFO - Training fold 2...
2026-01-16 10:43:11,108 - INFO - Fold 2 | Epoch 10/20 | Train Loss: 0.2491
2026-01-16 10:43:11,266 - INFO - Fold 2 | Epoch 20/20 | Train Loss: 0.0044
2026-01-16 10:43:11,269 - INFO - Fold 2 - Optimal Youden threshold: 0.9917
2026-01-16 10:43:11,277 - INFO - Fold 2 - Acc: 0.9000, F1: 0.8889, AUC: 0.9583
2026-01-16 10:43:11,277 - INFO - 
--- Fold 3/5 ---
2026-01-16 10:43:11,277 - INFO - Train set: 41 samples | Class 0: 24, Class 1: 17
2026-01-16 10:43:11,277 - INFO - Test set: 10 samples | Class 0: 6, Class 1: 4
2026-01-16 10:43:11,293 - INFO - Training fold 3...
2026-01-16 10:43:11,452 - INFO - Fold 3 | Epoch 10/20 | Train Loss: 0.4234
2026-01-16 10:43:11,611 - INFO - Fold 3 | Epoch 20/20 | Train Loss: 0.6873
2026-01-16 10:43:11,614 - INFO - Fold 3 - Optimal Youden threshold: 0.3675
2026-01-16 10:43:11,622 - INFO - Fold 3 - Acc: 0.8000, F1: 0.7500, AUC: 0.7917
2026-01-16 10:43:11,622 - INFO - 
--- Fold 4/5 ---
2026-01-16 10:43:11,622 - INFO - Train set: 41 samples | Class 0: 24, Class 1: 17
2026-01-16 10:43:11,622 - INFO - Test set: 10 samples | Class 0: 6, Class 1: 4
2026-01-16 10:43:11,637 - INFO - Training fold 4...
2026-01-16 10:43:11,797 - INFO - Fold 4 | Epoch 10/20 | Train Loss: 0.4112
2026-01-16 10:43:11,957 - INFO - Fold 4 | Epoch 20/20 | Train Loss: 0.0031
2026-01-16 10:43:11,960 - INFO - Fold 4 - Optimal Youden threshold: 0.9955
2026-01-16 10:43:11,968 - INFO - Fold 4 - Acc: 0.9000, F1: 0.8571, AUC: 0.8333
2026-01-16 10:43:11,968 - INFO - 
--- Fold 5/5 ---
2026-01-16 10:43:11,968 - INFO - Train set: 41 samples | Class 0: 24, Class 1: 17
2026-01-16 10:43:11,968 - INFO - Test set: 10 samples | Class 0: 6, Class 1: 4
2026-01-16 10:43:11,983 - INFO - Training fold 5...
2026-01-16 10:43:12,142 - INFO - Fold 5 | Epoch 10/20 | Train Loss: 0.2592
2026-01-16 10:43:12,301 - INFO - Fold 5 | Epoch 20/20 | Train Loss: 0.0670
2026-01-16 10:43:12,303 - INFO - Fold 5 - Optimal Youden threshold: 0.0002
2026-01-16 10:43:12,311 - INFO - Fold 5 - Acc: 0.9000, F1: 0.8571, AUC: 0.8333
2026-01-16 10:43:12,313 - INFO - Combined results saved to Treatment_Response_Diff_Clinical_all_folds_combined.csv
2026-01-16 10:43:12,314 - INFO - 
============================================================
2026-01-16 10:43:12,314 - INFO - FINAL CROSS-VALIDATION RESULTS FOR: Treatment_Response_Diff_Clinical
2026-01-16 10:43:12,314 - INFO - ACC       : 0.8455 ± 0.0707
2026-01-16 10:43:12,314 - INFO - F1        : 0.8161 ± 0.0647
2026-01-16 10:43:12,314 - INFO - PRECISION : 0.8433 ± 0.1348
2026-01-16 10:43:12,314 - INFO - RECALL    : 0.8100 ± 0.0970
2026-01-16 10:43:12,314 - INFO - AUC       : 0.8233 ± 0.0832
2026-01-16 10:43:12,314 - INFO - AP        : 0.8532 ± 0.0663
2026-01-16 10:43:12,314 - INFO - ============================================================

2026-01-16 10:44:05,158 - INFO - Random seed set to: 5309
2026-01-16 10:44:05,168 - INFO - Using device: cuda
2026-01-16 10:44:05,168 - INFO - Starting experiment with parameters:
2026-01-16 10:44:05,168 - INFO - Base directory: /ailab/group/medai-share/syDu/ruijin/Final_data/AAL3_VTB
2026-01-16 10:44:05,168 - INFO - Excel path: /ailab/user/dusiyuan/code/Brain/EC/ruijin/TI_gt_1_10.xlsx
2026-01-16 10:44:05,168 - INFO - Sample type: all
2026-01-16 10:44:05,168 - INFO - Z-score normalize: False
2026-01-16 10:44:05,310 - INFO - Parsing patient data from Excel (grouped by 姓名 + 日期)...
2026-01-16 10:44:05,389 - WARNING - Missing diff files for name=鞠喆, date=2025-11-24 00:00:00
2026-01-16 10:44:05,390 - WARNING - Missing diff files for name=鞠喆, date=2025-12-08 00:00:00
2026-01-16 10:44:05,404 - INFO - Found 51 valid pre-treatment samples with complete data
2026-01-16 10:44:05,404 - INFO - Preparing features and labels (sample_type=all, zscore_normalize=False)...
2026-01-16 10:44:05,436 - INFO - Final dataset: 51 samples, 366 features
2026-01-16 10:44:05,436 - INFO - Class distribution: [30 21]
2026-01-16 10:44:05,436 - INFO - 
============================================================
2026-01-16 10:44:05,436 - INFO - Starting Cross-Validation Experiment: Treatment_Response_Diff_Clinical
2026-01-16 10:44:05,436 - INFO - Total samples: 51 | Class distribution: [30 21]
2026-01-16 10:44:05,436 - INFO - Parameters: batch_size=8, lr=0.001, epochs=30, hidden_dim=512, num_blocks=4, dropout=0.1, use_young=True, n_splits=5, random_seed=5309
2026-01-16 10:44:05,437 - INFO - 
--- Fold 1/5 ---
2026-01-16 10:44:05,437 - INFO - Train set: 40 samples | Class 0: 24, Class 1: 16
2026-01-16 10:44:05,437 - INFO - Test set: 11 samples | Class 0: 6, Class 1: 5
2026-01-16 10:44:06,186 - INFO - Training fold 1...
2026-01-16 10:44:06,437 - INFO - Fold 1 | Epoch 10/30 | Train Loss: 0.3035
2026-01-16 10:44:06,569 - INFO - Fold 1 | Epoch 20/30 | Train Loss: 0.0005
2026-01-16 10:44:06,701 - INFO - Fold 1 | Epoch 30/30 | Train Loss: 0.0000
2026-01-16 10:44:06,704 - INFO - Fold 1 - Optimal Youden threshold: 0.0001
2026-01-16 10:44:06,715 - INFO - Fold 1 - Acc: 0.7273, F1: 0.7273, AUC: 0.6667
2026-01-16 10:44:06,715 - INFO - 
--- Fold 2/5 ---
2026-01-16 10:44:06,715 - INFO - Train set: 41 samples | Class 0: 24, Class 1: 17
2026-01-16 10:44:06,715 - INFO - Test set: 10 samples | Class 0: 6, Class 1: 4
2026-01-16 10:44:06,733 - INFO - Training fold 2...
2026-01-16 10:44:06,891 - INFO - Fold 2 | Epoch 10/30 | Train Loss: 0.5114
2026-01-16 10:44:07,048 - INFO - Fold 2 | Epoch 20/30 | Train Loss: 0.0956
2026-01-16 10:44:07,205 - INFO - Fold 2 | Epoch 30/30 | Train Loss: 0.0033
2026-01-16 10:44:07,207 - INFO - Fold 2 - Optimal Youden threshold: 0.0000
2026-01-16 10:44:07,216 - INFO - Fold 2 - Acc: 0.6000, F1: 0.6667, AUC: 0.5833
2026-01-16 10:44:07,216 - INFO - 
--- Fold 3/5 ---
2026-01-16 10:44:07,216 - INFO - Train set: 41 samples | Class 0: 24, Class 1: 17
2026-01-16 10:44:07,216 - INFO - Test set: 10 samples | Class 0: 6, Class 1: 4
2026-01-16 10:44:07,231 - INFO - Training fold 3...
2026-01-16 10:44:07,390 - INFO - Fold 3 | Epoch 10/30 | Train Loss: 0.3951
2026-01-16 10:44:07,548 - INFO - Fold 3 | Epoch 20/30 | Train Loss: 0.0227
2026-01-16 10:44:07,705 - INFO - Fold 3 | Epoch 30/30 | Train Loss: 0.0005
2026-01-16 10:44:07,708 - INFO - Fold 3 - Optimal Youden threshold: 1.0000
2026-01-16 10:44:07,716 - INFO - Fold 3 - Acc: 0.8000, F1: 0.6667, AUC: 0.7083
2026-01-16 10:44:07,716 - INFO - 
--- Fold 4/5 ---
2026-01-16 10:44:07,716 - INFO - Train set: 41 samples | Class 0: 24, Class 1: 17
2026-01-16 10:44:07,716 - INFO - Test set: 10 samples | Class 0: 6, Class 1: 4
2026-01-16 10:44:07,731 - INFO - Training fold 4...
2026-01-16 10:44:07,889 - INFO - Fold 4 | Epoch 10/30 | Train Loss: 0.5733
2026-01-16 10:44:08,048 - INFO - Fold 4 | Epoch 20/30 | Train Loss: 0.0015
2026-01-16 10:44:08,205 - INFO - Fold 4 | Epoch 30/30 | Train Loss: 0.5568
2026-01-16 10:44:08,207 - INFO - Fold 4 - Optimal Youden threshold: 0.0493
2026-01-16 10:44:08,216 - INFO - Fold 4 - Acc: 0.8000, F1: 0.7500, AUC: 0.7083
2026-01-16 10:44:08,216 - INFO - 
--- Fold 5/5 ---
2026-01-16 10:44:08,216 - INFO - Train set: 41 samples | Class 0: 24, Class 1: 17
2026-01-16 10:44:08,216 - INFO - Test set: 10 samples | Class 0: 6, Class 1: 4
2026-01-16 10:44:08,231 - INFO - Training fold 5...
2026-01-16 10:44:08,389 - INFO - Fold 5 | Epoch 10/30 | Train Loss: 0.5339
2026-01-16 10:44:08,546 - INFO - Fold 5 | Epoch 20/30 | Train Loss: 0.0854
2026-01-16 10:44:08,703 - INFO - Fold 5 | Epoch 30/30 | Train Loss: 0.0182
2026-01-16 10:44:08,705 - INFO - Fold 5 - Optimal Youden threshold: 0.8913
2026-01-16 10:44:08,713 - INFO - Fold 5 - Acc: 0.9000, F1: 0.8571, AUC: 0.8750
2026-01-16 10:44:08,716 - INFO - Combined results saved to Treatment_Response_Diff_Clinical_all_folds_combined.csv
2026-01-16 10:44:08,716 - INFO - 
============================================================
2026-01-16 10:44:08,716 - INFO - FINAL CROSS-VALIDATION RESULTS FOR: Treatment_Response_Diff_Clinical
2026-01-16 10:44:08,716 - INFO - ACC       : 0.7655 ± 0.0993
2026-01-16 10:44:08,716 - INFO - F1        : 0.7335 ± 0.0700
2026-01-16 10:44:08,716 - INFO - PRECISION : 0.7833 ± 0.1944
2026-01-16 10:44:08,716 - INFO - RECALL    : 0.7600 ± 0.1594
2026-01-16 10:44:08,716 - INFO - AUC       : 0.7083 ± 0.0950
2026-01-16 10:44:08,716 - INFO - AP        : 0.7090 ± 0.1263
2026-01-16 10:44:08,716 - INFO - ============================================================

2026-01-16 10:44:22,678 - INFO - Random seed set to: 5309
2026-01-16 10:44:22,688 - INFO - Using device: cuda
2026-01-16 10:44:22,688 - INFO - Starting experiment with parameters:
2026-01-16 10:44:22,688 - INFO - Base directory: /ailab/group/medai-share/syDu/ruijin/Final_data/AAL3_VTB
2026-01-16 10:44:22,688 - INFO - Excel path: /ailab/user/dusiyuan/code/Brain/EC/ruijin/TI_gt_1_10.xlsx
2026-01-16 10:44:22,688 - INFO - Sample type: all
2026-01-16 10:44:22,688 - INFO - Z-score normalize: False
2026-01-16 10:44:22,812 - INFO - Parsing patient data from Excel (grouped by 姓名 + 日期)...
2026-01-16 10:44:22,892 - WARNING - Missing diff files for name=鞠喆, date=2025-11-24 00:00:00
2026-01-16 10:44:22,893 - WARNING - Missing diff files for name=鞠喆, date=2025-12-08 00:00:00
2026-01-16 10:44:22,907 - INFO - Found 51 valid pre-treatment samples with complete data
2026-01-16 10:44:22,907 - INFO - Preparing features and labels (sample_type=all, zscore_normalize=False)...
2026-01-16 10:44:22,939 - INFO - Final dataset: 51 samples, 366 features
2026-01-16 10:44:22,939 - INFO - Class distribution: [30 21]
2026-01-16 10:44:22,939 - INFO - 
============================================================
2026-01-16 10:44:22,939 - INFO - Starting Cross-Validation Experiment: Treatment_Response_Diff_Clinical
2026-01-16 10:44:22,939 - INFO - Total samples: 51 | Class distribution: [30 21]
2026-01-16 10:44:22,939 - INFO - Parameters: batch_size=8, lr=0.001, epochs=21, hidden_dim=512, num_blocks=4, dropout=0.1, use_young=True, n_splits=5, random_seed=5309
2026-01-16 10:44:22,940 - INFO - 
--- Fold 1/5 ---
2026-01-16 10:44:22,941 - INFO - Train set: 40 samples | Class 0: 24, Class 1: 16
2026-01-16 10:44:22,941 - INFO - Test set: 11 samples | Class 0: 6, Class 1: 5
2026-01-16 10:44:23,658 - INFO - Training fold 1...
2026-01-16 10:44:23,914 - INFO - Fold 1 | Epoch 10/21 | Train Loss: 0.3035
2026-01-16 10:44:24,047 - INFO - Fold 1 | Epoch 20/21 | Train Loss: 0.0005
2026-01-16 10:44:24,060 - INFO - Fold 1 | Epoch 21/21 | Train Loss: 0.1894
2026-01-16 10:44:24,063 - INFO - Fold 1 - Optimal Youden threshold: 0.7561
2026-01-16 10:44:24,073 - INFO - Fold 1 - Acc: 0.7273, F1: 0.7273, AUC: 0.7000
2026-01-16 10:44:24,074 - INFO - 
--- Fold 2/5 ---
2026-01-16 10:44:24,074 - INFO - Train set: 41 samples | Class 0: 24, Class 1: 17
2026-01-16 10:44:24,074 - INFO - Test set: 10 samples | Class 0: 6, Class 1: 4
2026-01-16 10:44:24,091 - INFO - Training fold 2...
2026-01-16 10:44:24,251 - INFO - Fold 2 | Epoch 10/21 | Train Loss: 0.3216
2026-01-16 10:44:24,410 - INFO - Fold 2 | Epoch 20/21 | Train Loss: 0.0422
2026-01-16 10:44:24,426 - INFO - Fold 2 | Epoch 21/21 | Train Loss: 0.0071
2026-01-16 10:44:24,428 - INFO - Fold 2 - Optimal Youden threshold: 0.0027
2026-01-16 10:44:24,437 - INFO - Fold 2 - Acc: 0.7000, F1: 0.6667, AUC: 0.6667
2026-01-16 10:44:24,437 - INFO - 
--- Fold 3/5 ---
2026-01-16 10:44:24,437 - INFO - Train set: 41 samples | Class 0: 24, Class 1: 17
2026-01-16 10:44:24,437 - INFO - Test set: 10 samples | Class 0: 6, Class 1: 4
2026-01-16 10:44:24,453 - INFO - Training fold 3...
2026-01-16 10:44:24,613 - INFO - Fold 3 | Epoch 10/21 | Train Loss: 0.5025
2026-01-16 10:44:24,772 - INFO - Fold 3 | Epoch 20/21 | Train Loss: 0.1217
2026-01-16 10:44:24,788 - INFO - Fold 3 | Epoch 21/21 | Train Loss: 0.0053
2026-01-16 10:44:24,790 - INFO - Fold 3 - Optimal Youden threshold: 0.9997
2026-01-16 10:44:24,798 - INFO - Fold 3 - Acc: 0.8000, F1: 0.6667, AUC: 0.6667
2026-01-16 10:44:24,798 - INFO - 
--- Fold 4/5 ---
2026-01-16 10:44:24,799 - INFO - Train set: 41 samples | Class 0: 24, Class 1: 17
2026-01-16 10:44:24,799 - INFO - Test set: 10 samples | Class 0: 6, Class 1: 4
2026-01-16 10:44:24,814 - INFO - Training fold 4...
2026-01-16 10:44:24,973 - INFO - Fold 4 | Epoch 10/21 | Train Loss: 0.4272
2026-01-16 10:44:25,134 - INFO - Fold 4 | Epoch 20/21 | Train Loss: 0.0111
2026-01-16 10:44:25,150 - INFO - Fold 4 | Epoch 21/21 | Train Loss: 0.0033
2026-01-16 10:44:25,153 - INFO - Fold 4 - Optimal Youden threshold: 0.0028
2026-01-16 10:44:25,161 - INFO - Fold 4 - Acc: 0.8000, F1: 0.7500, AUC: 0.7500
2026-01-16 10:44:25,161 - INFO - 
--- Fold 5/5 ---
2026-01-16 10:44:25,161 - INFO - Train set: 41 samples | Class 0: 24, Class 1: 17
2026-01-16 10:44:25,161 - INFO - Test set: 10 samples | Class 0: 6, Class 1: 4
2026-01-16 10:44:25,177 - INFO - Training fold 5...
2026-01-16 10:44:25,336 - INFO - Fold 5 | Epoch 10/21 | Train Loss: 0.2636
2026-01-16 10:44:25,495 - INFO - Fold 5 | Epoch 20/21 | Train Loss: 0.0007
2026-01-16 10:44:25,511 - INFO - Fold 5 | Epoch 21/21 | Train Loss: 0.0006
2026-01-16 10:44:25,513 - INFO - Fold 5 - Optimal Youden threshold: 0.0107
2026-01-16 10:44:25,521 - INFO - Fold 5 - Acc: 0.8000, F1: 0.7500, AUC: 0.7500
2026-01-16 10:44:25,523 - INFO - Combined results saved to Treatment_Response_Diff_Clinical_all_folds_combined.csv
2026-01-16 10:44:25,524 - INFO - 
============================================================
2026-01-16 10:44:25,524 - INFO - FINAL CROSS-VALIDATION RESULTS FOR: Treatment_Response_Diff_Clinical
2026-01-16 10:44:25,524 - INFO - ACC       : 0.7655 ± 0.0432
2026-01-16 10:44:25,524 - INFO - F1        : 0.7121 ± 0.0380
2026-01-16 10:44:25,524 - INFO - PRECISION : 0.7533 ± 0.1356
2026-01-16 10:44:25,524 - INFO - RECALL    : 0.7100 ± 0.1068
2026-01-16 10:44:25,524 - INFO - AUC       : 0.7067 ± 0.0374
2026-01-16 10:44:25,524 - INFO - AP        : 0.7334 ± 0.0482
2026-01-16 10:44:25,524 - INFO - ============================================================

2026-01-16 10:44:38,718 - INFO - Random seed set to: 5309
2026-01-16 10:44:38,728 - INFO - Using device: cuda
2026-01-16 10:44:38,728 - INFO - Starting experiment with parameters:
2026-01-16 10:44:38,728 - INFO - Base directory: /ailab/group/medai-share/syDu/ruijin/Final_data/AAL3_VTB
2026-01-16 10:44:38,728 - INFO - Excel path: /ailab/user/dusiyuan/code/Brain/EC/ruijin/TI_gt_1_10.xlsx
2026-01-16 10:44:38,728 - INFO - Sample type: all
2026-01-16 10:44:38,728 - INFO - Z-score normalize: False
2026-01-16 10:44:38,852 - INFO - Parsing patient data from Excel (grouped by 姓名 + 日期)...
2026-01-16 10:44:38,932 - WARNING - Missing diff files for name=鞠喆, date=2025-11-24 00:00:00
2026-01-16 10:44:38,933 - WARNING - Missing diff files for name=鞠喆, date=2025-12-08 00:00:00
2026-01-16 10:44:38,948 - INFO - Found 51 valid pre-treatment samples with complete data
2026-01-16 10:44:38,948 - INFO - Preparing features and labels (sample_type=all, zscore_normalize=False)...
2026-01-16 10:44:38,979 - INFO - Final dataset: 51 samples, 366 features
2026-01-16 10:44:38,979 - INFO - Class distribution: [30 21]
2026-01-16 10:44:38,979 - INFO - 
============================================================
2026-01-16 10:44:38,979 - INFO - Starting Cross-Validation Experiment: Treatment_Response_Diff_Clinical
2026-01-16 10:44:38,979 - INFO - Total samples: 51 | Class distribution: [30 21]
2026-01-16 10:44:38,979 - INFO - Parameters: batch_size=8, lr=0.001, epochs=19, hidden_dim=512, num_blocks=4, dropout=0.1, use_young=True, n_splits=5, random_seed=5309
2026-01-16 10:44:38,980 - INFO - 
--- Fold 1/5 ---
2026-01-16 10:44:38,980 - INFO - Train set: 40 samples | Class 0: 24, Class 1: 16
2026-01-16 10:44:38,980 - INFO - Test set: 11 samples | Class 0: 6, Class 1: 5
2026-01-16 10:44:39,689 - INFO - Training fold 1...
2026-01-16 10:44:39,943 - INFO - Fold 1 | Epoch 10/19 | Train Loss: 0.3035
2026-01-16 10:44:40,062 - INFO - Fold 1 | Epoch 19/19 | Train Loss: 0.0124
2026-01-16 10:44:40,065 - INFO - Fold 1 - Optimal Youden threshold: 0.0055
2026-01-16 10:44:40,075 - INFO - Fold 1 - Acc: 0.7273, F1: 0.7273, AUC: 0.7000
2026-01-16 10:44:40,075 - INFO - 
--- Fold 2/5 ---
2026-01-16 10:44:40,076 - INFO - Train set: 41 samples | Class 0: 24, Class 1: 17
2026-01-16 10:44:40,076 - INFO - Test set: 10 samples | Class 0: 6, Class 1: 4
2026-01-16 10:44:40,094 - INFO - Training fold 2...
2026-01-16 10:44:40,251 - INFO - Fold 2 | Epoch 10/19 | Train Loss: 0.3467
2026-01-16 10:44:40,393 - INFO - Fold 2 | Epoch 19/19 | Train Loss: 0.0528
2026-01-16 10:44:40,395 - INFO - Fold 2 - Optimal Youden threshold: 0.9283
2026-01-16 10:44:40,404 - INFO - Fold 2 - Acc: 0.8000, F1: 0.7500, AUC: 0.7917
2026-01-16 10:44:40,404 - INFO - 
--- Fold 3/5 ---
2026-01-16 10:44:40,404 - INFO - Train set: 41 samples | Class 0: 24, Class 1: 17
2026-01-16 10:44:40,404 - INFO - Test set: 10 samples | Class 0: 6, Class 1: 4
2026-01-16 10:44:40,420 - INFO - Training fold 3...
2026-01-16 10:44:40,578 - INFO - Fold 3 | Epoch 10/19 | Train Loss: 1.0839
2026-01-16 10:44:40,720 - INFO - Fold 3 | Epoch 19/19 | Train Loss: 0.0093
2026-01-16 10:44:40,722 - INFO - Fold 3 - Optimal Youden threshold: 0.9038
2026-01-16 10:44:40,731 - INFO - Fold 3 - Acc: 0.7000, F1: 0.6667, AUC: 0.7083
2026-01-16 10:44:40,731 - INFO - 
--- Fold 4/5 ---
2026-01-16 10:44:40,731 - INFO - Train set: 41 samples | Class 0: 24, Class 1: 17
2026-01-16 10:44:40,731 - INFO - Test set: 10 samples | Class 0: 6, Class 1: 4
2026-01-16 10:44:40,747 - INFO - Training fold 4...
2026-01-16 10:44:40,905 - INFO - Fold 4 | Epoch 10/19 | Train Loss: 0.4453
2026-01-16 10:44:41,049 - INFO - Fold 4 | Epoch 19/19 | Train Loss: 0.0195
2026-01-16 10:44:41,051 - INFO - Fold 4 - Optimal Youden threshold: 0.9948
2026-01-16 10:44:41,061 - INFO - Fold 4 - Acc: 0.9000, F1: 0.8571, AUC: 0.8333
2026-01-16 10:44:41,061 - INFO - 
--- Fold 5/5 ---
2026-01-16 10:44:41,061 - INFO - Train set: 41 samples | Class 0: 24, Class 1: 17
2026-01-16 10:44:41,061 - INFO - Test set: 10 samples | Class 0: 6, Class 1: 4
2026-01-16 10:44:41,077 - INFO - Training fold 5...
2026-01-16 10:44:41,235 - INFO - Fold 5 | Epoch 10/19 | Train Loss: 0.2079
2026-01-16 10:44:41,377 - INFO - Fold 5 | Epoch 19/19 | Train Loss: 0.0005
2026-01-16 10:44:41,379 - INFO - Fold 5 - Optimal Youden threshold: 0.0195
2026-01-16 10:44:41,388 - INFO - Fold 5 - Acc: 0.8000, F1: 0.7500, AUC: 0.7917
2026-01-16 10:44:41,391 - INFO - Combined results saved to Treatment_Response_Diff_Clinical_all_folds_combined.csv
2026-01-16 10:44:41,392 - INFO - 
============================================================
2026-01-16 10:44:41,392 - INFO - FINAL CROSS-VALIDATION RESULTS FOR: Treatment_Response_Diff_Clinical
2026-01-16 10:44:41,392 - INFO - ACC       : 0.7855 ± 0.0696
2026-01-16 10:44:41,392 - INFO - F1        : 0.7502 ± 0.0615
2026-01-16 10:44:41,392 - INFO - PRECISION : 0.7533 ± 0.1356
2026-01-16 10:44:41,392 - INFO - RECALL    : 0.7600 ± 0.0200
2026-01-16 10:44:41,392 - INFO - AUC       : 0.7650 ± 0.0520
2026-01-16 10:44:41,392 - INFO - AP        : 0.7759 ± 0.0626
2026-01-16 10:44:41,392 - INFO - ============================================================

2026-01-16 10:44:49,556 - INFO - Random seed set to: 5309
2026-01-16 10:44:49,566 - INFO - Using device: cuda
2026-01-16 10:44:49,566 - INFO - Starting experiment with parameters:
2026-01-16 10:44:49,566 - INFO - Base directory: /ailab/group/medai-share/syDu/ruijin/Final_data/AAL3_VTB
2026-01-16 10:44:49,567 - INFO - Excel path: /ailab/user/dusiyuan/code/Brain/EC/ruijin/TI_gt_1_10.xlsx
2026-01-16 10:44:49,567 - INFO - Sample type: all
2026-01-16 10:44:49,567 - INFO - Z-score normalize: False
2026-01-16 10:44:49,688 - INFO - Parsing patient data from Excel (grouped by 姓名 + 日期)...
2026-01-16 10:44:49,768 - WARNING - Missing diff files for name=鞠喆, date=2025-11-24 00:00:00
2026-01-16 10:44:49,769 - WARNING - Missing diff files for name=鞠喆, date=2025-12-08 00:00:00
2026-01-16 10:44:49,783 - INFO - Found 51 valid pre-treatment samples with complete data
2026-01-16 10:44:49,783 - INFO - Preparing features and labels (sample_type=all, zscore_normalize=False)...
2026-01-16 10:44:49,815 - INFO - Final dataset: 51 samples, 366 features
2026-01-16 10:44:49,815 - INFO - Class distribution: [30 21]
2026-01-16 10:44:49,815 - INFO - 
============================================================
2026-01-16 10:44:49,815 - INFO - Starting Cross-Validation Experiment: Treatment_Response_Diff_Clinical
2026-01-16 10:44:49,815 - INFO - Total samples: 51 | Class distribution: [30 21]
2026-01-16 10:44:49,815 - INFO - Parameters: batch_size=8, lr=0.001, epochs=20, hidden_dim=512, num_blocks=4, dropout=0.1, use_young=True, n_splits=5, random_seed=5309
2026-01-16 10:44:49,816 - INFO - 
--- Fold 1/5 ---
2026-01-16 10:44:49,816 - INFO - Train set: 40 samples | Class 0: 24, Class 1: 16
2026-01-16 10:44:49,816 - INFO - Test set: 11 samples | Class 0: 6, Class 1: 5
2026-01-16 10:44:50,529 - INFO - Training fold 1...
2026-01-16 10:44:50,781 - INFO - Fold 1 | Epoch 10/20 | Train Loss: 0.3035
2026-01-16 10:44:50,913 - INFO - Fold 1 | Epoch 20/20 | Train Loss: 0.0005
2026-01-16 10:44:50,916 - INFO - Fold 1 - Optimal Youden threshold: 0.9992
2026-01-16 10:44:50,926 - INFO - Fold 1 - Acc: 0.7273, F1: 0.7273, AUC: 0.7000
2026-01-16 10:44:50,927 - INFO - 
--- Fold 2/5 ---
2026-01-16 10:44:50,927 - INFO - Train set: 41 samples | Class 0: 24, Class 1: 17
2026-01-16 10:44:50,927 - INFO - Test set: 10 samples | Class 0: 6, Class 1: 4
2026-01-16 10:44:50,945 - INFO - Training fold 2...
2026-01-16 10:44:51,103 - INFO - Fold 2 | Epoch 10/20 | Train Loss: 0.2491
2026-01-16 10:44:51,259 - INFO - Fold 2 | Epoch 20/20 | Train Loss: 0.0044
2026-01-16 10:44:51,262 - INFO - Fold 2 - Optimal Youden threshold: 0.9917
2026-01-16 10:44:51,270 - INFO - Fold 2 - Acc: 0.9000, F1: 0.8889, AUC: 0.9583
2026-01-16 10:44:51,270 - INFO - 
--- Fold 3/5 ---
2026-01-16 10:44:51,270 - INFO - Train set: 41 samples | Class 0: 24, Class 1: 17
2026-01-16 10:44:51,270 - INFO - Test set: 10 samples | Class 0: 6, Class 1: 4
2026-01-16 10:44:51,287 - INFO - Training fold 3...
2026-01-16 10:44:51,445 - INFO - Fold 3 | Epoch 10/20 | Train Loss: 0.4234
2026-01-16 10:44:51,602 - INFO - Fold 3 | Epoch 20/20 | Train Loss: 0.6873
2026-01-16 10:44:51,604 - INFO - Fold 3 - Optimal Youden threshold: 0.3675
2026-01-16 10:44:51,612 - INFO - Fold 3 - Acc: 0.8000, F1: 0.7500, AUC: 0.7917
2026-01-16 10:44:51,613 - INFO - 
--- Fold 4/5 ---
2026-01-16 10:44:51,613 - INFO - Train set: 41 samples | Class 0: 24, Class 1: 17
2026-01-16 10:44:51,613 - INFO - Test set: 10 samples | Class 0: 6, Class 1: 4
2026-01-16 10:44:51,629 - INFO - Training fold 4...
2026-01-16 10:44:51,787 - INFO - Fold 4 | Epoch 10/20 | Train Loss: 0.4112
2026-01-16 10:44:51,943 - INFO - Fold 4 | Epoch 20/20 | Train Loss: 0.0031
2026-01-16 10:44:51,945 - INFO - Fold 4 - Optimal Youden threshold: 0.9955
2026-01-16 10:44:51,954 - INFO - Fold 4 - Acc: 0.9000, F1: 0.8571, AUC: 0.8333
2026-01-16 10:44:51,954 - INFO - 
--- Fold 5/5 ---
2026-01-16 10:44:51,954 - INFO - Train set: 41 samples | Class 0: 24, Class 1: 17
2026-01-16 10:44:51,954 - INFO - Test set: 10 samples | Class 0: 6, Class 1: 4
2026-01-16 10:44:51,971 - INFO - Training fold 5...
2026-01-16 10:44:52,128 - INFO - Fold 5 | Epoch 10/20 | Train Loss: 0.2592
2026-01-16 10:44:52,285 - INFO - Fold 5 | Epoch 20/20 | Train Loss: 0.0670
2026-01-16 10:44:52,288 - INFO - Fold 5 - Optimal Youden threshold: 0.0002
2026-01-16 10:44:52,296 - INFO - Fold 5 - Acc: 0.9000, F1: 0.8571, AUC: 0.8333
2026-01-16 10:44:52,299 - INFO - Combined results saved to Treatment_Response_Diff_Clinical_all_folds_combined.csv
2026-01-16 10:44:52,299 - INFO - 
============================================================
2026-01-16 10:44:52,299 - INFO - FINAL CROSS-VALIDATION RESULTS FOR: Treatment_Response_Diff_Clinical
2026-01-16 10:44:52,299 - INFO - ACC       : 0.8455 ± 0.0707
2026-01-16 10:44:52,299 - INFO - F1        : 0.8161 ± 0.0647
2026-01-16 10:44:52,299 - INFO - PRECISION : 0.8433 ± 0.1348
2026-01-16 10:44:52,299 - INFO - RECALL    : 0.8100 ± 0.0970
2026-01-16 10:44:52,299 - INFO - AUC       : 0.8233 ± 0.0832
2026-01-16 10:44:52,299 - INFO - AP        : 0.8532 ± 0.0663
2026-01-16 10:44:52,299 - INFO - ============================================================

2026-01-16 10:45:35,229 - INFO - Random seed set to: 5309
2026-01-16 10:45:35,239 - INFO - Using device: cuda
2026-01-16 10:45:35,239 - INFO - Starting experiment with parameters:
2026-01-16 10:45:35,239 - INFO - Base directory: /ailab/group/medai-share/syDu/ruijin/Final_data/AAL3_VTB
2026-01-16 10:45:35,239 - INFO - Excel path: /ailab/user/dusiyuan/code/Brain/EC/ruijin/TI_gt_1_10.xlsx
2026-01-16 10:45:35,239 - INFO - Sample type: diff
2026-01-16 10:45:35,239 - INFO - Z-score normalize: False
2026-01-16 10:45:35,379 - INFO - Parsing patient data from Excel (grouped by 姓名 + 日期)...
2026-01-16 10:45:35,458 - WARNING - Missing diff files for name=鞠喆, date=2025-11-24 00:00:00
2026-01-16 10:45:35,459 - WARNING - Missing diff files for name=鞠喆, date=2025-12-08 00:00:00
2026-01-16 10:45:35,473 - INFO - Found 51 valid pre-treatment samples with complete data
2026-01-16 10:45:35,474 - INFO - Preparing features and labels (sample_type=diff, zscore_normalize=False)...
2026-01-16 10:45:35,505 - INFO - Final dataset: 51 samples, 332 features
2026-01-16 10:45:35,505 - INFO - Class distribution: [30 21]
2026-01-16 10:45:35,505 - INFO - 
============================================================
2026-01-16 10:45:35,505 - INFO - Starting Cross-Validation Experiment: Treatment_Response_Diff_Clinical
2026-01-16 10:45:35,505 - INFO - Total samples: 51 | Class distribution: [30 21]
2026-01-16 10:45:35,506 - INFO - Parameters: batch_size=8, lr=0.001, epochs=20, hidden_dim=512, num_blocks=4, dropout=0.1, use_young=True, n_splits=5, random_seed=5309
2026-01-16 10:45:35,506 - INFO - 
--- Fold 1/5 ---
2026-01-16 10:45:35,506 - INFO - Train set: 40 samples | Class 0: 24, Class 1: 16
2026-01-16 10:45:35,506 - INFO - Test set: 11 samples | Class 0: 6, Class 1: 5
2026-01-16 10:45:36,233 - INFO - Training fold 1...
2026-01-16 10:45:36,483 - INFO - Fold 1 | Epoch 10/20 | Train Loss: 0.0333
2026-01-16 10:45:36,615 - INFO - Fold 1 | Epoch 20/20 | Train Loss: 0.0001
2026-01-16 10:45:36,617 - INFO - Fold 1 - Optimal Youden threshold: 0.0013
2026-01-16 10:45:36,629 - INFO - Fold 1 - Acc: 0.6364, F1: 0.6000, AUC: 0.4667
2026-01-16 10:45:36,629 - INFO - 
--- Fold 2/5 ---
2026-01-16 10:45:36,629 - INFO - Train set: 41 samples | Class 0: 24, Class 1: 17
2026-01-16 10:45:36,629 - INFO - Test set: 10 samples | Class 0: 6, Class 1: 4
2026-01-16 10:45:36,646 - INFO - Training fold 2...
2026-01-16 10:45:36,803 - INFO - Fold 2 | Epoch 10/20 | Train Loss: 0.1220
2026-01-16 10:45:36,959 - INFO - Fold 2 | Epoch 20/20 | Train Loss: 0.0003
2026-01-16 10:45:36,962 - INFO - Fold 2 - Optimal Youden threshold: 0.0000
2026-01-16 10:45:36,970 - INFO - Fold 2 - Acc: 0.7000, F1: 0.7273, AUC: 0.7083
2026-01-16 10:45:36,970 - INFO - 
--- Fold 3/5 ---
2026-01-16 10:45:36,970 - INFO - Train set: 41 samples | Class 0: 24, Class 1: 17
2026-01-16 10:45:36,970 - INFO - Test set: 10 samples | Class 0: 6, Class 1: 4
2026-01-16 10:45:36,986 - INFO - Training fold 3...
2026-01-16 10:45:37,143 - INFO - Fold 3 | Epoch 10/20 | Train Loss: 0.1692
2026-01-16 10:45:37,300 - INFO - Fold 3 | Epoch 20/20 | Train Loss: 0.0001
2026-01-16 10:45:37,302 - INFO - Fold 3 - Optimal Youden threshold: 0.9688
2026-01-16 10:45:37,310 - INFO - Fold 3 - Acc: 0.8000, F1: 0.6667, AUC: 0.6667
2026-01-16 10:45:37,310 - INFO - 
--- Fold 4/5 ---
2026-01-16 10:45:37,311 - INFO - Train set: 41 samples | Class 0: 24, Class 1: 17
2026-01-16 10:45:37,311 - INFO - Test set: 10 samples | Class 0: 6, Class 1: 4
2026-01-16 10:45:37,326 - INFO - Training fold 4...
2026-01-16 10:45:37,483 - INFO - Fold 4 | Epoch 10/20 | Train Loss: 0.0004
2026-01-16 10:45:37,640 - INFO - Fold 4 | Epoch 20/20 | Train Loss: 0.0000
2026-01-16 10:45:37,642 - INFO - Fold 4 - Optimal Youden threshold: 0.0027
2026-01-16 10:45:37,650 - INFO - Fold 4 - Acc: 0.7000, F1: 0.5714, AUC: 0.6250
2026-01-16 10:45:37,650 - INFO - 
--- Fold 5/5 ---
2026-01-16 10:45:37,651 - INFO - Train set: 41 samples | Class 0: 24, Class 1: 17
2026-01-16 10:45:37,651 - INFO - Test set: 10 samples | Class 0: 6, Class 1: 4
2026-01-16 10:45:37,665 - INFO - Training fold 5...
2026-01-16 10:45:37,822 - INFO - Fold 5 | Epoch 10/20 | Train Loss: 0.0090
2026-01-16 10:45:37,978 - INFO - Fold 5 | Epoch 20/20 | Train Loss: 0.0000
2026-01-16 10:45:37,980 - INFO - Fold 5 - Optimal Youden threshold: 0.0005
2026-01-16 10:45:37,991 - INFO - Fold 5 - Acc: 0.8000, F1: 0.8000, AUC: 0.8333
2026-01-16 10:45:37,993 - INFO - Combined results saved to Treatment_Response_Diff_Clinical_all_folds_combined.csv
2026-01-16 10:45:37,994 - INFO - 
============================================================
2026-01-16 10:45:37,994 - INFO - FINAL CROSS-VALIDATION RESULTS FOR: Treatment_Response_Diff_Clinical
2026-01-16 10:45:37,994 - INFO - ACC       : 0.7273 ± 0.0638
2026-01-16 10:45:37,994 - INFO - F1        : 0.6731 ± 0.0834
2026-01-16 10:45:37,994 - INFO - PRECISION : 0.7010 ± 0.1541
2026-01-16 10:45:37,994 - INFO - RECALL    : 0.7200 ± 0.2315
2026-01-16 10:45:37,994 - INFO - AUC       : 0.6600 ± 0.1192
2026-01-16 10:45:37,994 - INFO - AP        : 0.6621 ± 0.1045
2026-01-16 10:45:37,994 - INFO - ============================================================

2026-01-16 10:45:45,272 - INFO - Random seed set to: 5309
2026-01-16 10:45:45,282 - INFO - Using device: cuda
2026-01-16 10:45:45,282 - INFO - Starting experiment with parameters:
2026-01-16 10:45:45,282 - INFO - Base directory: /ailab/group/medai-share/syDu/ruijin/Final_data/AAL3_VTB
2026-01-16 10:45:45,282 - INFO - Excel path: /ailab/user/dusiyuan/code/Brain/EC/ruijin/TI_gt_1_10.xlsx
2026-01-16 10:45:45,282 - INFO - Sample type: all
2026-01-16 10:45:45,282 - INFO - Z-score normalize: False
2026-01-16 10:45:45,402 - INFO - Parsing patient data from Excel (grouped by 姓名 + 日期)...
2026-01-16 10:45:45,482 - WARNING - Missing diff files for name=鞠喆, date=2025-11-24 00:00:00
2026-01-16 10:45:45,483 - WARNING - Missing diff files for name=鞠喆, date=2025-12-08 00:00:00
2026-01-16 10:45:45,497 - INFO - Found 51 valid pre-treatment samples with complete data
2026-01-16 10:45:45,498 - INFO - Preparing features and labels (sample_type=all, zscore_normalize=False)...
2026-01-16 10:45:45,530 - INFO - Final dataset: 51 samples, 366 features
2026-01-16 10:45:45,530 - INFO - Class distribution: [30 21]
2026-01-16 10:45:45,530 - INFO - 
============================================================
2026-01-16 10:45:45,530 - INFO - Starting Cross-Validation Experiment: Treatment_Response_Diff_Clinical
2026-01-16 10:45:45,530 - INFO - Total samples: 51 | Class distribution: [30 21]
2026-01-16 10:45:45,530 - INFO - Parameters: batch_size=8, lr=0.001, epochs=20, hidden_dim=512, num_blocks=4, dropout=0.1, use_young=True, n_splits=5, random_seed=5309
2026-01-16 10:45:45,531 - INFO - 
--- Fold 1/5 ---
2026-01-16 10:45:45,531 - INFO - Train set: 40 samples | Class 0: 24, Class 1: 16
2026-01-16 10:45:45,531 - INFO - Test set: 11 samples | Class 0: 6, Class 1: 5
2026-01-16 10:45:46,223 - INFO - Training fold 1...
2026-01-16 10:45:46,474 - INFO - Fold 1 | Epoch 10/20 | Train Loss: 0.3035
2026-01-16 10:45:46,605 - INFO - Fold 1 | Epoch 20/20 | Train Loss: 0.0005
2026-01-16 10:45:46,608 - INFO - Fold 1 - Optimal Youden threshold: 0.9992
2026-01-16 10:45:46,618 - INFO - Fold 1 - Acc: 0.7273, F1: 0.7273, AUC: 0.7000
2026-01-16 10:45:46,619 - INFO - 
--- Fold 2/5 ---
2026-01-16 10:45:46,619 - INFO - Train set: 41 samples | Class 0: 24, Class 1: 17
2026-01-16 10:45:46,619 - INFO - Test set: 10 samples | Class 0: 6, Class 1: 4
2026-01-16 10:45:46,636 - INFO - Training fold 2...
2026-01-16 10:45:46,794 - INFO - Fold 2 | Epoch 10/20 | Train Loss: 0.2491
2026-01-16 10:45:46,951 - INFO - Fold 2 | Epoch 20/20 | Train Loss: 0.0044
2026-01-16 10:45:46,953 - INFO - Fold 2 - Optimal Youden threshold: 0.9917
2026-01-16 10:45:46,962 - INFO - Fold 2 - Acc: 0.9000, F1: 0.8889, AUC: 0.9583
2026-01-16 10:45:46,962 - INFO - 
--- Fold 3/5 ---
2026-01-16 10:45:46,962 - INFO - Train set: 41 samples | Class 0: 24, Class 1: 17
2026-01-16 10:45:46,962 - INFO - Test set: 10 samples | Class 0: 6, Class 1: 4
2026-01-16 10:45:46,979 - INFO - Training fold 3...
2026-01-16 10:45:47,137 - INFO - Fold 3 | Epoch 10/20 | Train Loss: 0.4234
2026-01-16 10:45:47,294 - INFO - Fold 3 | Epoch 20/20 | Train Loss: 0.6873
2026-01-16 10:45:47,296 - INFO - Fold 3 - Optimal Youden threshold: 0.3675
2026-01-16 10:45:47,304 - INFO - Fold 3 - Acc: 0.8000, F1: 0.7500, AUC: 0.7917
2026-01-16 10:45:47,305 - INFO - 
--- Fold 4/5 ---
2026-01-16 10:45:47,305 - INFO - Train set: 41 samples | Class 0: 24, Class 1: 17
2026-01-16 10:45:47,305 - INFO - Test set: 10 samples | Class 0: 6, Class 1: 4
2026-01-16 10:45:47,323 - INFO - Training fold 4...
2026-01-16 10:45:47,480 - INFO - Fold 4 | Epoch 10/20 | Train Loss: 0.4112
2026-01-16 10:45:47,638 - INFO - Fold 4 | Epoch 20/20 | Train Loss: 0.0031
2026-01-16 10:45:47,640 - INFO - Fold 4 - Optimal Youden threshold: 0.9955
2026-01-16 10:45:47,649 - INFO - Fold 4 - Acc: 0.9000, F1: 0.8571, AUC: 0.8333
2026-01-16 10:45:47,649 - INFO - 
--- Fold 5/5 ---
2026-01-16 10:45:47,650 - INFO - Train set: 41 samples | Class 0: 24, Class 1: 17
2026-01-16 10:45:47,650 - INFO - Test set: 10 samples | Class 0: 6, Class 1: 4
2026-01-16 10:45:47,666 - INFO - Training fold 5...
2026-01-16 10:45:47,823 - INFO - Fold 5 | Epoch 10/20 | Train Loss: 0.2592
2026-01-16 10:45:47,980 - INFO - Fold 5 | Epoch 20/20 | Train Loss: 0.0670
2026-01-16 10:45:47,982 - INFO - Fold 5 - Optimal Youden threshold: 0.0002
2026-01-16 10:45:47,990 - INFO - Fold 5 - Acc: 0.9000, F1: 0.8571, AUC: 0.8333
2026-01-16 10:45:47,992 - INFO - Combined results saved to Treatment_Response_Diff_Clinical_all_folds_combined.csv
2026-01-16 10:45:47,992 - INFO - 
============================================================
2026-01-16 10:45:47,993 - INFO - FINAL CROSS-VALIDATION RESULTS FOR: Treatment_Response_Diff_Clinical
2026-01-16 10:45:47,993 - INFO - ACC       : 0.8455 ± 0.0707
2026-01-16 10:45:47,993 - INFO - F1        : 0.8161 ± 0.0647
2026-01-16 10:45:47,993 - INFO - PRECISION : 0.8433 ± 0.1348
2026-01-16 10:45:47,993 - INFO - RECALL    : 0.8100 ± 0.0970
2026-01-16 10:45:47,993 - INFO - AUC       : 0.8233 ± 0.0832
2026-01-16 10:45:47,993 - INFO - AP        : 0.8532 ± 0.0663
2026-01-16 10:45:47,993 - INFO - ============================================================

2026-01-16 10:46:20,344 - INFO - Random seed set to: 5309
2026-01-16 10:46:20,354 - INFO - Using device: cuda
2026-01-16 10:46:20,354 - INFO - Starting experiment with parameters:
2026-01-16 10:46:20,354 - INFO - Base directory: /ailab/group/medai-share/syDu/ruijin/Final_data/AAL3_VTB
2026-01-16 10:46:20,354 - INFO - Excel path: /ailab/user/dusiyuan/code/Brain/EC/ruijin/TI_gt_1_10.xlsx
2026-01-16 10:46:20,354 - INFO - Sample type: all
2026-01-16 10:46:20,355 - INFO - Z-score normalize: False
2026-01-16 10:46:20,497 - INFO - Parsing patient data from Excel (grouped by 姓名 + 日期)...
2026-01-16 10:46:20,576 - WARNING - Missing diff files for name=鞠喆, date=2025-11-24 00:00:00
2026-01-16 10:46:20,577 - WARNING - Missing diff files for name=鞠喆, date=2025-12-08 00:00:00
2026-01-16 10:46:20,591 - INFO - Found 51 valid pre-treatment samples with complete data
2026-01-16 10:46:20,592 - INFO - Preparing features and labels (sample_type=all, zscore_normalize=False)...
2026-01-16 10:46:20,623 - INFO - Final dataset: 51 samples, 366 features
2026-01-16 10:46:20,624 - INFO - Class distribution: [30 21]
2026-01-16 10:46:20,624 - INFO - 
============================================================
2026-01-16 10:46:20,624 - INFO - Starting Cross-Validation Experiment: Treatment_Response_Diff_Clinical
2026-01-16 10:46:20,624 - INFO - Total samples: 51 | Class distribution: [30 21]
2026-01-16 10:46:20,624 - INFO - Parameters: batch_size=8, lr=0.001, epochs=20, hidden_dim=512, num_blocks=4, dropout=0.1, use_young=True, n_splits=5, random_seed=5309
2026-01-16 10:46:20,625 - INFO - 
--- Fold 1/5 ---
2026-01-16 10:46:20,625 - INFO - Train set: 40 samples | Class 0: 24, Class 1: 16
2026-01-16 10:46:20,625 - INFO - Test set: 11 samples | Class 0: 6, Class 1: 5
2026-01-16 10:46:21,373 - INFO - Training fold 1...
2026-01-16 10:46:21,622 - INFO - Fold 1 | Epoch 10/20 | Train Loss: 0.3035
2026-01-16 10:46:21,754 - INFO - Fold 1 | Epoch 20/20 | Train Loss: 0.0005
2026-01-16 10:46:21,757 - INFO - Fold 1 - Optimal Youden threshold: 0.9992
2026-01-16 10:46:21,767 - INFO - Fold 1 - Acc: 0.7273, F1: 0.7273, AUC: 0.7000
2026-01-16 10:46:21,768 - INFO - 
--- Fold 2/5 ---
2026-01-16 10:46:21,768 - INFO - Train set: 41 samples | Class 0: 24, Class 1: 17
2026-01-16 10:46:21,768 - INFO - Test set: 10 samples | Class 0: 6, Class 1: 4
2026-01-16 10:46:21,785 - INFO - Training fold 2...
2026-01-16 10:46:21,943 - INFO - Fold 2 | Epoch 10/20 | Train Loss: 0.2491
2026-01-16 10:46:22,100 - INFO - Fold 2 | Epoch 20/20 | Train Loss: 0.0044
2026-01-16 10:46:22,102 - INFO - Fold 2 - Optimal Youden threshold: 0.9917
2026-01-16 10:46:22,111 - INFO - Fold 2 - Acc: 0.9000, F1: 0.8889, AUC: 0.9583
2026-01-16 10:46:22,111 - INFO - 
--- Fold 3/5 ---
2026-01-16 10:46:22,111 - INFO - Train set: 41 samples | Class 0: 24, Class 1: 17
2026-01-16 10:46:22,111 - INFO - Test set: 10 samples | Class 0: 6, Class 1: 4
2026-01-16 10:46:22,127 - INFO - Training fold 3...
2026-01-16 10:46:22,284 - INFO - Fold 3 | Epoch 10/20 | Train Loss: 0.4234
2026-01-16 10:46:22,441 - INFO - Fold 3 | Epoch 20/20 | Train Loss: 0.6873
2026-01-16 10:46:22,443 - INFO - Fold 3 - Optimal Youden threshold: 0.3675
2026-01-16 10:46:22,452 - INFO - Fold 3 - Acc: 0.8000, F1: 0.7500, AUC: 0.7917
2026-01-16 10:46:22,452 - INFO - 
--- Fold 4/5 ---
2026-01-16 10:46:22,452 - INFO - Train set: 41 samples | Class 0: 24, Class 1: 17
2026-01-16 10:46:22,452 - INFO - Test set: 10 samples | Class 0: 6, Class 1: 4
2026-01-16 10:46:22,468 - INFO - Training fold 4...
2026-01-16 10:46:22,625 - INFO - Fold 4 | Epoch 10/20 | Train Loss: 0.4112
2026-01-16 10:46:22,782 - INFO - Fold 4 | Epoch 20/20 | Train Loss: 0.0031
2026-01-16 10:46:22,784 - INFO - Fold 4 - Optimal Youden threshold: 0.9955
2026-01-16 10:46:22,792 - INFO - Fold 4 - Acc: 0.9000, F1: 0.8571, AUC: 0.8333
2026-01-16 10:46:22,792 - INFO - 
--- Fold 5/5 ---
2026-01-16 10:46:22,792 - INFO - Train set: 41 samples | Class 0: 24, Class 1: 17
2026-01-16 10:46:22,792 - INFO - Test set: 10 samples | Class 0: 6, Class 1: 4
2026-01-16 10:46:22,808 - INFO - Training fold 5...
2026-01-16 10:46:22,965 - INFO - Fold 5 | Epoch 10/20 | Train Loss: 0.2592
2026-01-16 10:46:23,122 - INFO - Fold 5 | Epoch 20/20 | Train Loss: 0.0670
2026-01-16 10:46:23,124 - INFO - Fold 5 - Optimal Youden threshold: 0.0002
2026-01-16 10:46:23,132 - INFO - Fold 5 - Acc: 0.9000, F1: 0.8571, AUC: 0.8333
2026-01-16 10:46:23,135 - INFO - Combined results saved to Treatment_Response_Diff_Clinical_all_folds_combined.csv
2026-01-16 10:46:23,135 - INFO - 
============================================================
2026-01-16 10:46:23,135 - INFO - FINAL CROSS-VALIDATION RESULTS FOR: Treatment_Response_Diff_Clinical
2026-01-16 10:46:23,135 - INFO - ACC       : 0.8455 ± 0.0707
2026-01-16 10:46:23,135 - INFO - F1        : 0.8161 ± 0.0647
2026-01-16 10:46:23,135 - INFO - PRECISION : 0.8433 ± 0.1348
2026-01-16 10:46:23,135 - INFO - RECALL    : 0.8100 ± 0.0970
2026-01-16 10:46:23,135 - INFO - AUC       : 0.8233 ± 0.0832
2026-01-16 10:46:23,135 - INFO - AP        : 0.8532 ± 0.0663
2026-01-16 10:46:23,135 - INFO - ============================================================

2026-01-16 10:47:49,481 - INFO - Random seed set to: 5309
2026-01-16 10:47:49,496 - INFO - Using device: cuda
2026-01-16 10:47:49,496 - INFO - Starting experiment with parameters:
2026-01-16 10:47:49,497 - INFO - Base directory: /ailab/group/medai-share/syDu/ruijin/Final_data/AAL3_VTB
2026-01-16 10:47:49,497 - INFO - Excel path: /ailab/user/dusiyuan/code/Brain/EC/ruijin/TI_gt_1_10.xlsx
2026-01-16 10:47:49,497 - INFO - Sample type: all
2026-01-16 10:47:49,497 - INFO - Z-score normalize: False
2026-01-16 10:47:49,643 - INFO - Parsing patient data from Excel (grouped by 姓名 + 日期)...
2026-01-16 10:47:49,722 - WARNING - Missing diff files for name=鞠喆, date=2025-11-24 00:00:00
2026-01-16 10:47:49,723 - WARNING - Missing diff files for name=鞠喆, date=2025-12-08 00:00:00
2026-01-16 10:47:49,737 - INFO - Found 51 valid pre-treatment samples with complete data
2026-01-16 10:47:49,738 - INFO - Preparing features and labels (sample_type=all, zscore_normalize=False)...
2026-01-16 10:47:49,769 - INFO - Final dataset: 51 samples, 366 features
2026-01-16 10:47:49,769 - INFO - Class distribution: [30 21]
2026-01-16 10:47:49,769 - INFO - 
============================================================
2026-01-16 10:47:49,769 - INFO - Starting Cross-Validation Experiment: Treatment_Response_Diff_Clinical
2026-01-16 10:47:49,769 - INFO - Total samples: 51 | Class distribution: [30 21]
2026-01-16 10:47:49,769 - INFO - Parameters: batch_size=8, lr=0.001, epochs=20, hidden_dim=512, num_blocks=4, dropout=0.1, use_young=True, n_splits=5, random_seed=5309
2026-01-16 10:47:49,770 - INFO - 
--- Fold 1/5 ---
2026-01-16 10:47:49,770 - INFO - Train set: 40 samples | Class 0: 24, Class 1: 16
2026-01-16 10:47:49,770 - INFO - Test set: 11 samples | Class 0: 6, Class 1: 5
2026-01-16 10:47:50,524 - INFO - Training fold 1...
2026-01-16 10:47:50,774 - INFO - Fold 1 | Epoch 10/20 | Train Loss: 0.3035
2026-01-16 10:47:50,906 - INFO - Fold 1 | Epoch 20/20 | Train Loss: 0.0005
2026-01-16 10:47:50,909 - INFO - Fold 1 - Optimal Youden threshold: 0.9992
2026-01-16 10:47:50,923 - INFO - Fold 1 - Acc: 0.7273, F1: 0.7273, AUC: 0.7000
2026-01-16 10:47:50,923 - INFO - 
--- Fold 2/5 ---
2026-01-16 10:47:50,923 - INFO - Train set: 41 samples | Class 0: 24, Class 1: 17
2026-01-16 10:47:50,923 - INFO - Test set: 10 samples | Class 0: 6, Class 1: 4
2026-01-16 10:47:50,942 - INFO - Training fold 2...
2026-01-16 10:47:51,099 - INFO - Fold 2 | Epoch 10/20 | Train Loss: 0.2491
2026-01-16 10:47:51,256 - INFO - Fold 2 | Epoch 20/20 | Train Loss: 0.0044
2026-01-16 10:47:51,259 - INFO - Fold 2 - Optimal Youden threshold: 0.9917
2026-01-16 10:47:51,267 - INFO - Fold 2 - Acc: 0.9000, F1: 0.8889, AUC: 0.9583
2026-01-16 10:47:51,267 - INFO - 
--- Fold 3/5 ---
2026-01-16 10:47:51,267 - INFO - Train set: 41 samples | Class 0: 24, Class 1: 17
2026-01-16 10:47:51,267 - INFO - Test set: 10 samples | Class 0: 6, Class 1: 4
2026-01-16 10:47:51,285 - INFO - Training fold 3...
2026-01-16 10:47:51,443 - INFO - Fold 3 | Epoch 10/20 | Train Loss: 0.4234
2026-01-16 10:47:51,600 - INFO - Fold 3 | Epoch 20/20 | Train Loss: 0.6873
2026-01-16 10:47:51,602 - INFO - Fold 3 - Optimal Youden threshold: 0.3675
2026-01-16 10:47:51,610 - INFO - Fold 3 - Acc: 0.8000, F1: 0.7500, AUC: 0.7917
2026-01-16 10:47:51,611 - INFO - 
--- Fold 4/5 ---
2026-01-16 10:47:51,611 - INFO - Train set: 41 samples | Class 0: 24, Class 1: 17
2026-01-16 10:47:51,611 - INFO - Test set: 10 samples | Class 0: 6, Class 1: 4
2026-01-16 10:47:51,628 - INFO - Training fold 4...
2026-01-16 10:47:51,785 - INFO - Fold 4 | Epoch 10/20 | Train Loss: 0.4112
2026-01-16 10:47:51,942 - INFO - Fold 4 | Epoch 20/20 | Train Loss: 0.0031
2026-01-16 10:47:51,944 - INFO - Fold 4 - Optimal Youden threshold: 0.9955
2026-01-16 10:47:51,953 - INFO - Fold 4 - Acc: 0.9000, F1: 0.8571, AUC: 0.8333
2026-01-16 10:47:51,953 - INFO - 
--- Fold 5/5 ---
2026-01-16 10:47:51,953 - INFO - Train set: 41 samples | Class 0: 24, Class 1: 17
2026-01-16 10:47:51,953 - INFO - Test set: 10 samples | Class 0: 6, Class 1: 4
2026-01-16 10:47:51,972 - INFO - Training fold 5...
2026-01-16 10:47:52,130 - INFO - Fold 5 | Epoch 10/20 | Train Loss: 0.2592
2026-01-16 10:47:52,289 - INFO - Fold 5 | Epoch 20/20 | Train Loss: 0.0670
2026-01-16 10:47:52,292 - INFO - Fold 5 - Optimal Youden threshold: 0.0002
2026-01-16 10:47:52,300 - INFO - Fold 5 - Acc: 0.9000, F1: 0.8571, AUC: 0.8333
2026-01-16 10:47:52,302 - INFO - Combined results saved to Treatment_Response_Diff_Clinical_all_folds_combined.csv
2026-01-16 10:47:52,302 - INFO - 
============================================================
2026-01-16 10:47:52,303 - INFO - FINAL CROSS-VALIDATION RESULTS FOR: Treatment_Response_Diff_Clinical
2026-01-16 10:47:52,303 - INFO - ACC       : 0.8455 ± 0.0707
2026-01-16 10:47:52,303 - INFO - F1        : 0.8161 ± 0.0647
2026-01-16 10:47:52,303 - INFO - PRECISION : 0.8433 ± 0.1348
2026-01-16 10:47:52,303 - INFO - RECALL    : 0.8100 ± 0.0970
2026-01-16 10:47:52,303 - INFO - AUC       : 0.8233 ± 0.0832
2026-01-16 10:47:52,303 - INFO - AP        : 0.8532 ± 0.0663
2026-01-16 10:47:52,303 - INFO - ============================================================

2026-01-16 10:49:47,662 - INFO - Random seed set to: 5309
2026-01-16 10:49:47,674 - INFO - Using device: cuda
2026-01-16 10:49:47,674 - INFO - Starting experiment with parameters:
2026-01-16 10:49:47,674 - INFO - Base directory: /ailab/group/medai-share/syDu/ruijin/Final_data/AAL3_VTB
2026-01-16 10:49:47,674 - INFO - Excel path: /ailab/user/dusiyuan/code/Brain/EC/ruijin/TI_gt_1_10.xlsx
2026-01-16 10:49:47,674 - INFO - Sample type: all
2026-01-16 10:49:47,674 - INFO - Z-score normalize: False
2026-01-16 10:49:47,818 - INFO - Parsing patient data from Excel (grouped by 姓名 + 日期)...
2026-01-16 10:49:47,897 - WARNING - Missing diff files for name=鞠喆, date=2025-11-24 00:00:00
2026-01-16 10:49:47,899 - WARNING - Missing diff files for name=鞠喆, date=2025-12-08 00:00:00
2026-01-16 10:49:47,913 - INFO - Found 51 valid pre-treatment samples with complete data
2026-01-16 10:49:47,913 - INFO - Preparing features and labels (sample_type=all, zscore_normalize=False)...
2026-01-16 10:49:47,947 - INFO - Final dataset: 51 samples, 366 features
2026-01-16 10:49:47,947 - INFO - Class distribution: [30 21]
2026-01-16 10:49:47,947 - INFO - 
============================================================
2026-01-16 10:49:47,948 - INFO - Starting Cross-Validation Experiment: Treatment_Response_Diff_Clinical
2026-01-16 10:49:47,948 - INFO - Total samples: 51 | Class distribution: [30 21]
2026-01-16 10:49:47,948 - INFO - Parameters: batch_size=8, lr=0.001, epochs=20, hidden_dim=512, num_blocks=4, dropout=0.1, use_young=True, n_splits=5, random_seed=5309
2026-01-16 10:49:47,948 - INFO - 
--- Fold 1/5 ---
2026-01-16 10:49:47,948 - INFO - Train set: 40 samples | Class 0: 24, Class 1: 16
2026-01-16 10:49:47,948 - INFO - Test set: 11 samples | Class 0: 6, Class 1: 5
2026-01-16 10:49:48,717 - INFO - Training fold 1...
2026-01-16 10:49:48,968 - INFO - Fold 1 | Epoch 10/20 | Train Loss: 0.3035
2026-01-16 10:49:49,101 - INFO - Fold 1 | Epoch 20/20 | Train Loss: 0.0005
2026-01-16 10:49:49,103 - INFO - Fold 1 - Optimal Youden threshold: 0.9992
2026-01-16 10:49:49,117 - INFO - Fold 1 - Acc: 0.7273, F1: 0.7273, AUC: 0.7000
2026-01-16 10:49:49,117 - INFO - 
--- Fold 2/5 ---
2026-01-16 10:49:49,117 - INFO - Train set: 41 samples | Class 0: 24, Class 1: 17
2026-01-16 10:49:49,117 - INFO - Test set: 10 samples | Class 0: 6, Class 1: 4
2026-01-16 10:49:49,134 - INFO - Training fold 2...
2026-01-16 10:49:49,293 - INFO - Fold 2 | Epoch 10/20 | Train Loss: 0.2491
2026-01-16 10:49:49,450 - INFO - Fold 2 | Epoch 20/20 | Train Loss: 0.0044
2026-01-16 10:49:49,453 - INFO - Fold 2 - Optimal Youden threshold: 0.9917
2026-01-16 10:49:49,461 - INFO - Fold 2 - Acc: 0.9000, F1: 0.8889, AUC: 0.9583
2026-01-16 10:49:49,461 - INFO - 
--- Fold 3/5 ---
2026-01-16 10:49:49,461 - INFO - Train set: 41 samples | Class 0: 24, Class 1: 17
2026-01-16 10:49:49,461 - INFO - Test set: 10 samples | Class 0: 6, Class 1: 4
2026-01-16 10:49:49,477 - INFO - Training fold 3...
2026-01-16 10:49:49,636 - INFO - Fold 3 | Epoch 10/20 | Train Loss: 0.4234
2026-01-16 10:49:49,793 - INFO - Fold 3 | Epoch 20/20 | Train Loss: 0.6873
2026-01-16 10:49:49,795 - INFO - Fold 3 - Optimal Youden threshold: 0.3675
2026-01-16 10:49:49,803 - INFO - Fold 3 - Acc: 0.8000, F1: 0.7500, AUC: 0.7917
2026-01-16 10:49:49,803 - INFO - 
--- Fold 4/5 ---
2026-01-16 10:49:49,804 - INFO - Train set: 41 samples | Class 0: 24, Class 1: 17
2026-01-16 10:49:49,804 - INFO - Test set: 10 samples | Class 0: 6, Class 1: 4
2026-01-16 10:49:49,819 - INFO - Training fold 4...
2026-01-16 10:49:49,977 - INFO - Fold 4 | Epoch 10/20 | Train Loss: 0.4112
2026-01-16 10:49:50,134 - INFO - Fold 4 | Epoch 20/20 | Train Loss: 0.0031
2026-01-16 10:49:50,137 - INFO - Fold 4 - Optimal Youden threshold: 0.9955
2026-01-16 10:49:50,145 - INFO - Fold 4 - Acc: 0.9000, F1: 0.8571, AUC: 0.8333
2026-01-16 10:49:50,145 - INFO - 
--- Fold 5/5 ---
2026-01-16 10:49:50,145 - INFO - Train set: 41 samples | Class 0: 24, Class 1: 17
2026-01-16 10:49:50,145 - INFO - Test set: 10 samples | Class 0: 6, Class 1: 4
2026-01-16 10:49:50,160 - INFO - Training fold 5...
2026-01-16 10:49:50,318 - INFO - Fold 5 | Epoch 10/20 | Train Loss: 0.2592
2026-01-16 10:49:50,476 - INFO - Fold 5 | Epoch 20/20 | Train Loss: 0.0670
2026-01-16 10:49:50,478 - INFO - Fold 5 - Optimal Youden threshold: 0.0002
2026-01-16 10:49:50,486 - INFO - Fold 5 - Acc: 0.9000, F1: 0.8571, AUC: 0.8333
2026-01-16 10:49:50,488 - INFO - Combined results saved to Treatment_Response_Diff_Clinical_all_folds_combined.csv
2026-01-16 10:49:50,488 - INFO - 
============================================================
2026-01-16 10:49:50,488 - INFO - FINAL CROSS-VALIDATION RESULTS FOR: Treatment_Response_Diff_Clinical
2026-01-16 10:49:50,489 - INFO - ACC       : 0.8455 ± 0.0707
2026-01-16 10:49:50,489 - INFO - F1        : 0.8161 ± 0.0647
2026-01-16 10:49:50,489 - INFO - PRECISION : 0.8433 ± 0.1348
2026-01-16 10:49:50,489 - INFO - RECALL    : 0.8100 ± 0.0970
2026-01-16 10:49:50,489 - INFO - AUC       : 0.8233 ± 0.0832
2026-01-16 10:49:50,489 - INFO - AP        : 0.8532 ± 0.0663
2026-01-16 10:49:50,489 - INFO - ============================================================

2026-01-16 15:36:04,214 - INFO - Random seed set to: 5309
2026-01-16 15:36:04,237 - INFO - Using device: cuda
2026-01-16 15:36:04,237 - INFO - Starting experiment with parameters:
2026-01-16 15:36:04,237 - INFO - Base directory: /ailab/group/medai-share/syDu/ruijin/Final_data/AAL3_VTB
2026-01-16 15:36:04,237 - INFO - Excel path: /ailab/user/dusiyuan/code/Brain/EC/ruijin/TI_gt_1_10.xlsx
2026-01-16 15:36:04,237 - INFO - Sample type: all
2026-01-16 15:36:04,237 - INFO - Z-score normalize: False
2026-01-16 15:36:04,532 - INFO - Parsing patient data from Excel (grouped by 姓名 + 日期)...
2026-01-16 15:36:07,871 - WARNING - Missing diff files for name=鞠喆, date=2025-11-24 00:00:00
2026-01-16 15:36:07,873 - WARNING - Missing diff files for name=鞠喆, date=2025-12-08 00:00:00
2026-01-16 15:36:08,314 - INFO - Found 51 valid pre-treatment samples with complete data
2026-01-16 15:36:08,314 - INFO - Preparing features and labels (sample_type=all, zscore_normalize=False)...
2026-01-16 15:36:09,910 - INFO - Final dataset: 51 samples, 366 features
2026-01-16 15:36:09,910 - INFO - Class distribution: [30 21]
2026-01-16 15:36:09,910 - INFO - 
============================================================
2026-01-16 15:36:09,910 - INFO - Starting Cross-Validation Experiment: Treatment_Response_Diff_Clinical
2026-01-16 15:36:09,910 - INFO - Total samples: 51 | Class distribution: [30 21]
2026-01-16 15:36:09,910 - INFO - Parameters: batch_size=8, lr=0.001, epochs=20, hidden_dim=512, num_blocks=4, dropout=0.1, use_young=True, n_splits=5, random_seed=5309
2026-01-16 15:36:09,911 - INFO - 
--- Fold 1/5 ---
2026-01-16 15:36:09,911 - INFO - Train set: 40 samples | Class 0: 24, Class 1: 16
2026-01-16 15:36:09,911 - INFO - Test set: 11 samples | Class 0: 6, Class 1: 5
2026-01-16 15:36:11,076 - INFO - Training fold 1...
2026-01-16 15:36:11,332 - INFO - Fold 1 | Epoch 10/20 | Train Loss: 0.3035
2026-01-16 15:36:11,466 - INFO - Fold 1 | Epoch 20/20 | Train Loss: 0.0005
2026-01-16 15:36:11,469 - INFO - Fold 1 - Optimal Youden threshold: 0.9992
2026-01-16 15:36:11,486 - INFO - Fold 1 - Acc: 0.7273, F1: 0.7273, AUC: 0.7000
2026-01-16 15:36:11,486 - INFO - 
--- Fold 2/5 ---
2026-01-16 15:36:11,486 - INFO - Train set: 41 samples | Class 0: 24, Class 1: 17
2026-01-16 15:36:11,486 - INFO - Test set: 10 samples | Class 0: 6, Class 1: 4
2026-01-16 15:36:11,504 - INFO - Training fold 2...
2026-01-16 15:36:11,664 - INFO - Fold 2 | Epoch 10/20 | Train Loss: 0.2491
2026-01-16 15:36:11,823 - INFO - Fold 2 | Epoch 20/20 | Train Loss: 0.0044
2026-01-16 15:36:11,826 - INFO - Fold 2 - Optimal Youden threshold: 0.9917
2026-01-16 15:36:11,835 - INFO - Fold 2 - Acc: 0.9000, F1: 0.8889, AUC: 0.9583
2026-01-16 15:36:11,835 - INFO - 
--- Fold 3/5 ---
2026-01-16 15:36:11,835 - INFO - Train set: 41 samples | Class 0: 24, Class 1: 17
2026-01-16 15:36:11,835 - INFO - Test set: 10 samples | Class 0: 6, Class 1: 4
2026-01-16 15:36:11,851 - INFO - Training fold 3...
2026-01-16 15:36:12,011 - INFO - Fold 3 | Epoch 10/20 | Train Loss: 0.4234
2026-01-16 15:36:12,170 - INFO - Fold 3 | Epoch 20/20 | Train Loss: 0.6873
2026-01-16 15:36:12,173 - INFO - Fold 3 - Optimal Youden threshold: 0.3675
2026-01-16 15:36:12,182 - INFO - Fold 3 - Acc: 0.8000, F1: 0.7500, AUC: 0.7917
2026-01-16 15:36:12,183 - INFO - 
--- Fold 4/5 ---
2026-01-16 15:36:12,183 - INFO - Train set: 41 samples | Class 0: 24, Class 1: 17
2026-01-16 15:36:12,183 - INFO - Test set: 10 samples | Class 0: 6, Class 1: 4
2026-01-16 15:36:12,200 - INFO - Training fold 4...
2026-01-16 15:36:12,360 - INFO - Fold 4 | Epoch 10/20 | Train Loss: 0.4112
2026-01-16 15:36:12,519 - INFO - Fold 4 | Epoch 20/20 | Train Loss: 0.0031
2026-01-16 15:36:12,521 - INFO - Fold 4 - Optimal Youden threshold: 0.9955
2026-01-16 15:36:12,530 - INFO - Fold 4 - Acc: 0.9000, F1: 0.8571, AUC: 0.8333
2026-01-16 15:36:12,531 - INFO - 
--- Fold 5/5 ---
2026-01-16 15:36:12,531 - INFO - Train set: 41 samples | Class 0: 24, Class 1: 17
2026-01-16 15:36:12,531 - INFO - Test set: 10 samples | Class 0: 6, Class 1: 4
2026-01-16 15:36:12,548 - INFO - Training fold 5...
2026-01-16 15:36:12,708 - INFO - Fold 5 | Epoch 10/20 | Train Loss: 0.2592
2026-01-16 15:36:12,867 - INFO - Fold 5 | Epoch 20/20 | Train Loss: 0.0670
2026-01-16 15:36:12,869 - INFO - Fold 5 - Optimal Youden threshold: 0.0002
2026-01-16 15:36:12,878 - INFO - Fold 5 - Acc: 0.9000, F1: 0.8571, AUC: 0.8333
2026-01-16 15:36:12,880 - INFO - Combined results saved to Treatment_Response_Diff_Clinical_all_folds_combined.csv
2026-01-16 15:36:12,881 - INFO - 
============================================================
2026-01-16 15:36:12,881 - INFO - FINAL CROSS-VALIDATION RESULTS FOR: Treatment_Response_Diff_Clinical
2026-01-16 15:36:12,881 - INFO - ACC       : 0.8455 ± 0.0707
2026-01-16 15:36:12,881 - INFO - F1        : 0.8161 ± 0.0647
2026-01-16 15:36:12,881 - INFO - PRECISION : 0.8433 ± 0.1348
2026-01-16 15:36:12,881 - INFO - RECALL    : 0.8100 ± 0.0970
2026-01-16 15:36:12,881 - INFO - AUC       : 0.8233 ± 0.0832
2026-01-16 15:36:12,881 - INFO - AP        : 0.8532 ± 0.0663
2026-01-16 15:36:12,881 - INFO - ============================================================

2026-01-16 15:45:20,100 - INFO - Random seed set to: 3150
2026-01-16 15:45:20,118 - INFO - Using device: cuda
2026-01-16 15:45:20,118 - INFO - Starting experiment with parameters:
2026-01-16 15:45:20,118 - INFO - Base directory: /ailab/group/medai-share/syDu/ruijin/Final_data/AAL3_VTB
2026-01-16 15:45:20,118 - INFO - Excel path: /ailab/user/dusiyuan/code/Brain/EC/ruijin/TI_gt_1_10.xlsx
2026-01-16 15:45:20,118 - INFO - Sample type: all
2026-01-16 15:45:20,118 - INFO - Z-score normalize: False
2026-01-16 15:45:20,271 - INFO - Parsing patient data from Excel (grouped by 姓名 + 日期)...
2026-01-16 15:45:20,348 - WARNING - Missing diff files for name=鞠喆, date=2025-11-24 00:00:00
2026-01-16 15:45:20,349 - WARNING - Missing diff files for name=鞠喆, date=2025-12-08 00:00:00
2026-01-16 15:45:20,363 - INFO - Found 51 valid pre-treatment samples with complete data
2026-01-16 15:45:20,363 - INFO - Preparing features and labels (sample_type=all, zscore_normalize=False)...
2026-01-16 15:45:20,392 - INFO - Final dataset: 51 samples, 366 features
2026-01-16 15:45:20,392 - INFO - Class distribution: [30 21]
2026-01-16 15:45:20,392 - INFO - 
============================================================
2026-01-16 15:45:20,392 - INFO - Starting Cross-Validation Experiment: Treatment_Response_Diff_Clinical
2026-01-16 15:45:20,393 - INFO - Total samples: 51 | Class distribution: [30 21]
2026-01-16 15:45:20,393 - INFO - Parameters: batch_size=8, lr=0.001, epochs=40, hidden_dim=512, num_blocks=4, dropout=0.1, use_young=True, n_splits=5, random_seed=3150
2026-01-16 15:45:20,393 - INFO - 
--- Fold 1/5 ---
2026-01-16 15:45:20,393 - INFO - Train set: 40 samples | Class 0: 24, Class 1: 16
2026-01-16 15:45:20,393 - INFO - Test set: 11 samples | Class 0: 6, Class 1: 5
2026-01-16 15:45:21,147 - INFO - Training fold 1...
2026-01-16 15:45:21,400 - INFO - Fold 1 | Epoch 10/40 | Train Loss: 0.3722
2026-01-16 15:45:21,533 - INFO - Fold 1 | Epoch 20/40 | Train Loss: 0.1197
2026-01-16 15:45:21,666 - INFO - Fold 1 | Epoch 30/40 | Train Loss: 0.1471
2026-01-16 15:45:21,799 - INFO - Fold 1 | Epoch 40/40 | Train Loss: 0.0001
2026-01-16 15:45:21,802 - INFO - Fold 1 - Optimal Youden threshold: 0.0000
2026-01-16 15:45:21,817 - INFO - Fold 1 - Acc: 0.7273, F1: 0.7692, AUC: 0.6333
2026-01-16 15:45:21,817 - INFO - 
--- Fold 2/5 ---
2026-01-16 15:45:21,817 - INFO - Train set: 41 samples | Class 0: 24, Class 1: 17
2026-01-16 15:45:21,817 - INFO - Test set: 10 samples | Class 0: 6, Class 1: 4
2026-01-16 15:45:21,834 - INFO - Training fold 2...
2026-01-16 15:45:21,995 - INFO - Fold 2 | Epoch 10/40 | Train Loss: 0.2550
2026-01-16 15:45:22,154 - INFO - Fold 2 | Epoch 20/40 | Train Loss: 0.0118
2026-01-16 15:45:22,313 - INFO - Fold 2 | Epoch 30/40 | Train Loss: 0.0000
2026-01-16 15:45:22,470 - INFO - Fold 2 | Epoch 40/40 | Train Loss: 0.0000
2026-01-16 15:45:22,473 - INFO - Fold 2 - Optimal Youden threshold: 0.0005
2026-01-16 15:45:22,483 - INFO - Fold 2 - Acc: 0.9000, F1: 0.8571, AUC: 0.9167
2026-01-16 15:45:22,483 - INFO - 
--- Fold 3/5 ---
2026-01-16 15:45:22,483 - INFO - Train set: 41 samples | Class 0: 24, Class 1: 17
2026-01-16 15:45:22,483 - INFO - Test set: 10 samples | Class 0: 6, Class 1: 4
2026-01-16 15:45:22,499 - INFO - Training fold 3...
2026-01-16 15:45:22,657 - INFO - Fold 3 | Epoch 10/40 | Train Loss: 0.2834
2026-01-16 15:45:22,815 - INFO - Fold 3 | Epoch 20/40 | Train Loss: 0.0364
2026-01-16 15:45:22,974 - INFO - Fold 3 | Epoch 30/40 | Train Loss: 0.0002
2026-01-16 15:45:23,132 - INFO - Fold 3 | Epoch 40/40 | Train Loss: 0.0001
2026-01-16 15:45:23,135 - INFO - Fold 3 - Optimal Youden threshold: 0.0010
2026-01-16 15:45:23,144 - INFO - Fold 3 - Acc: 0.9000, F1: 0.8889, AUC: 0.9583
2026-01-16 15:45:23,144 - INFO - 
--- Fold 4/5 ---
2026-01-16 15:45:23,145 - INFO - Train set: 41 samples | Class 0: 24, Class 1: 17
2026-01-16 15:45:23,145 - INFO - Test set: 10 samples | Class 0: 6, Class 1: 4
2026-01-16 15:45:23,160 - INFO - Training fold 4...
2026-01-16 15:45:23,319 - INFO - Fold 4 | Epoch 10/40 | Train Loss: 0.4182
2026-01-16 15:45:23,477 - INFO - Fold 4 | Epoch 20/40 | Train Loss: 0.0480
2026-01-16 15:45:23,635 - INFO - Fold 4 | Epoch 30/40 | Train Loss: 0.0002
2026-01-16 15:45:23,792 - INFO - Fold 4 | Epoch 40/40 | Train Loss: 0.0001
2026-01-16 15:45:23,794 - INFO - Fold 4 - Optimal Youden threshold: 0.9893
2026-01-16 15:45:23,823 - INFO - Fold 4 - Acc: 0.9000, F1: 0.8889, AUC: 0.9583
2026-01-16 15:45:23,823 - INFO - 
--- Fold 5/5 ---
2026-01-16 15:45:23,823 - INFO - Train set: 41 samples | Class 0: 24, Class 1: 17
2026-01-16 15:45:23,823 - INFO - Test set: 10 samples | Class 0: 6, Class 1: 4
2026-01-16 15:45:23,840 - INFO - Training fold 5...
2026-01-16 15:45:24,000 - INFO - Fold 5 | Epoch 10/40 | Train Loss: 0.2857
2026-01-16 15:45:24,157 - INFO - Fold 5 | Epoch 20/40 | Train Loss: 0.7957
2026-01-16 15:45:24,317 - INFO - Fold 5 | Epoch 30/40 | Train Loss: 0.6252
2026-01-16 15:45:24,475 - INFO - Fold 5 | Epoch 40/40 | Train Loss: 0.2810
2026-01-16 15:45:24,477 - INFO - Fold 5 - Optimal Youden threshold: 0.0434
2026-01-16 15:45:24,490 - INFO - Fold 5 - Acc: 0.7000, F1: 0.7273, AUC: 0.7500
2026-01-16 15:45:24,493 - INFO - Combined results saved to Treatment_Response_Diff_Clinical_all_folds_combined.csv
2026-01-16 15:45:24,493 - INFO - 
============================================================
2026-01-16 15:45:24,493 - INFO - FINAL CROSS-VALIDATION RESULTS FOR: Treatment_Response_Diff_Clinical
2026-01-16 15:45:24,493 - INFO - ACC       : 0.8255 ± 0.0917
2026-01-16 15:45:24,493 - INFO - F1        : 0.8263 ± 0.0661
2026-01-16 15:45:24,493 - INFO - PRECISION : 0.7593 ± 0.1514
2026-01-16 15:45:24,493 - INFO - RECALL    : 0.9500 ± 0.1000
2026-01-16 15:45:24,493 - INFO - AUC       : 0.8433 ± 0.1301
2026-01-16 15:45:24,493 - INFO - AP        : 0.8198 ± 0.1527
2026-01-16 15:45:24,493 - INFO - ============================================================

2026-01-16 15:55:32,918 - INFO - Random seed set to: 3150
2026-01-16 15:55:32,930 - INFO - Using device: cuda
2026-01-16 15:55:32,930 - INFO - Starting experiment with parameters:
2026-01-16 15:55:32,930 - INFO - Base directory: /ailab/group/medai-share/syDu/ruijin/Final_data/AAL3_VTB
2026-01-16 15:55:32,930 - INFO - Excel path: /ailab/user/dusiyuan/code/Brain/EC/ruijin/TI_gt_1_10.xlsx
2026-01-16 15:55:32,930 - INFO - Sample type: all
2026-01-16 15:55:32,930 - INFO - Z-score normalize: False
2026-01-16 15:55:33,054 - INFO - Parsing patient data from Excel (grouped by 姓名 + 日期)...
2026-01-16 15:55:33,132 - WARNING - Missing diff files for name=鞠喆, date=2025-11-24 00:00:00
2026-01-16 15:55:33,133 - WARNING - Missing diff files for name=鞠喆, date=2025-12-08 00:00:00
2026-01-16 15:55:33,147 - INFO - Found 51 valid pre-treatment samples with complete data
2026-01-16 15:55:33,147 - INFO - Preparing features and labels (sample_type=all, zscore_normalize=False)...
2026-01-16 15:55:33,244 - INFO - Final dataset: 51 samples, 366 features
2026-01-16 15:55:33,245 - INFO - Class distribution: [30 21]
2026-01-16 15:55:33,245 - INFO - 
============================================================
2026-01-16 15:55:33,245 - INFO - Starting Cross-Validation Experiment: Treatment_Response_Diff_Clinical
2026-01-16 15:55:33,245 - INFO - Total samples: 51 | Class distribution: [30 21]
2026-01-16 15:55:33,245 - INFO - Parameters: batch_size=8, lr=0.001, epochs=40, hidden_dim=512, num_blocks=4, dropout=0.1, use_young=True, n_splits=5, random_seed=3150
2026-01-16 15:55:33,246 - INFO - 
--- Fold 1/5 ---
2026-01-16 15:55:33,246 - INFO - Train set: 40 samples | Class 0: 24, Class 1: 16
2026-01-16 15:55:33,246 - INFO - Test set: 11 samples | Class 0: 6, Class 1: 5
2026-01-16 15:55:33,949 - INFO - Training fold 1...
2026-01-16 15:55:34,200 - INFO - Fold 1 | Epoch 10/40 | Train Loss: 0.3722
2026-01-16 15:55:34,331 - INFO - Fold 1 | Epoch 20/40 | Train Loss: 0.1197
2026-01-16 15:55:34,462 - INFO - Fold 1 | Epoch 30/40 | Train Loss: 0.1471
2026-01-16 15:55:34,593 - INFO - Fold 1 | Epoch 40/40 | Train Loss: 0.0001
2026-01-16 15:55:34,596 - INFO - Fold 1 - Optimal Youden threshold: 0.0000
2026-01-16 15:55:34,607 - INFO - Fold 1 - Acc: 0.7273, F1: 0.7692, AUC: 0.6333
2026-01-16 15:55:34,608 - INFO - 
--- Fold 2/5 ---
2026-01-16 15:55:34,608 - INFO - Train set: 41 samples | Class 0: 24, Class 1: 17
2026-01-16 15:55:34,608 - INFO - Test set: 10 samples | Class 0: 6, Class 1: 4
2026-01-16 15:55:34,625 - INFO - Training fold 2...
2026-01-16 15:55:34,782 - INFO - Fold 2 | Epoch 10/40 | Train Loss: 0.2550
2026-01-16 15:55:34,937 - INFO - Fold 2 | Epoch 20/40 | Train Loss: 0.0118
2026-01-16 15:55:35,093 - INFO - Fold 2 | Epoch 30/40 | Train Loss: 0.0000
2026-01-16 15:55:35,248 - INFO - Fold 2 | Epoch 40/40 | Train Loss: 0.0000
2026-01-16 15:55:35,251 - INFO - Fold 2 - Optimal Youden threshold: 0.0005
2026-01-16 15:55:35,259 - INFO - Fold 2 - Acc: 0.9000, F1: 0.8571, AUC: 0.9167
2026-01-16 15:55:35,259 - INFO - 
--- Fold 3/5 ---
2026-01-16 15:55:35,259 - INFO - Train set: 41 samples | Class 0: 24, Class 1: 17
2026-01-16 15:55:35,259 - INFO - Test set: 10 samples | Class 0: 6, Class 1: 4
2026-01-16 15:55:35,275 - INFO - Training fold 3...
2026-01-16 15:55:35,434 - INFO - Fold 3 | Epoch 10/40 | Train Loss: 0.2834
2026-01-16 15:55:35,589 - INFO - Fold 3 | Epoch 20/40 | Train Loss: 0.0364
2026-01-16 15:55:35,745 - INFO - Fold 3 | Epoch 30/40 | Train Loss: 0.0002
2026-01-16 15:55:35,901 - INFO - Fold 3 | Epoch 40/40 | Train Loss: 0.0001
2026-01-16 15:55:35,903 - INFO - Fold 3 - Optimal Youden threshold: 0.0010
2026-01-16 15:55:35,913 - INFO - Fold 3 - Acc: 0.9000, F1: 0.8889, AUC: 0.9583
2026-01-16 15:55:35,913 - INFO - 
--- Fold 4/5 ---
2026-01-16 15:55:35,913 - INFO - Train set: 41 samples | Class 0: 24, Class 1: 17
2026-01-16 15:55:35,913 - INFO - Test set: 10 samples | Class 0: 6, Class 1: 4
2026-01-16 15:55:35,930 - INFO - Training fold 4...
2026-01-16 15:55:36,087 - INFO - Fold 4 | Epoch 10/40 | Train Loss: 0.4182
2026-01-16 15:55:36,242 - INFO - Fold 4 | Epoch 20/40 | Train Loss: 0.0480
2026-01-16 15:55:36,398 - INFO - Fold 4 | Epoch 30/40 | Train Loss: 0.0002
2026-01-16 15:55:36,553 - INFO - Fold 4 | Epoch 40/40 | Train Loss: 0.0001
2026-01-16 15:55:36,556 - INFO - Fold 4 - Optimal Youden threshold: 0.9893
2026-01-16 15:55:36,564 - INFO - Fold 4 - Acc: 0.9000, F1: 0.8889, AUC: 0.9583
2026-01-16 15:55:36,565 - INFO - 
--- Fold 5/5 ---
2026-01-16 15:55:36,565 - INFO - Train set: 41 samples | Class 0: 24, Class 1: 17
2026-01-16 15:55:36,565 - INFO - Test set: 10 samples | Class 0: 6, Class 1: 4
2026-01-16 15:55:36,582 - INFO - Training fold 5...
2026-01-16 15:55:36,740 - INFO - Fold 5 | Epoch 10/40 | Train Loss: 0.2857
2026-01-16 15:55:36,895 - INFO - Fold 5 | Epoch 20/40 | Train Loss: 0.7957
2026-01-16 15:55:37,050 - INFO - Fold 5 | Epoch 30/40 | Train Loss: 0.6252
2026-01-16 15:55:37,205 - INFO - Fold 5 | Epoch 40/40 | Train Loss: 0.2810
2026-01-16 15:55:37,207 - INFO - Fold 5 - Optimal Youden threshold: 0.0434
2026-01-16 15:55:37,217 - INFO - Fold 5 - Acc: 0.7000, F1: 0.7273, AUC: 0.7500
2026-01-16 15:55:37,219 - INFO - Combined results saved to Treatment_Response_Diff_Clinical_all_folds_combined.csv
2026-01-16 15:55:37,220 - INFO - 
============================================================
2026-01-16 15:55:37,220 - INFO - FINAL CROSS-VALIDATION RESULTS FOR: Treatment_Response_Diff_Clinical
2026-01-16 15:55:37,220 - INFO - ACC       : 0.8255 ± 0.0917
2026-01-16 15:55:37,220 - INFO - F1        : 0.8263 ± 0.0661
2026-01-16 15:55:37,220 - INFO - PRECISION : 0.7593 ± 0.1514
2026-01-16 15:55:37,220 - INFO - RECALL    : 0.9500 ± 0.1000
2026-01-16 15:55:37,220 - INFO - AUC       : 0.8433 ± 0.1301
2026-01-16 15:55:37,220 - INFO - AP        : 0.8198 ± 0.1527
2026-01-16 15:55:37,220 - INFO - ============================================================

2026-01-16 15:55:50,118 - INFO - Random seed set to: 5309
2026-01-16 15:55:50,128 - INFO - Using device: cuda
2026-01-16 15:55:50,128 - INFO - Starting experiment with parameters:
2026-01-16 15:55:50,128 - INFO - Base directory: /ailab/group/medai-share/syDu/ruijin/Final_data/AAL3_VTB
2026-01-16 15:55:50,128 - INFO - Excel path: /ailab/user/dusiyuan/code/Brain/EC/ruijin/TI_gt_1_10.xlsx
2026-01-16 15:55:50,128 - INFO - Sample type: all
2026-01-16 15:55:50,128 - INFO - Z-score normalize: False
2026-01-16 15:55:50,249 - INFO - Parsing patient data from Excel (grouped by 姓名 + 日期)...
2026-01-16 15:55:50,326 - WARNING - Missing diff files for name=鞠喆, date=2025-11-24 00:00:00
2026-01-16 15:55:50,327 - WARNING - Missing diff files for name=鞠喆, date=2025-12-08 00:00:00
2026-01-16 15:55:50,343 - INFO - Found 51 valid pre-treatment samples with complete data
2026-01-16 15:55:50,343 - INFO - Preparing features and labels (sample_type=all, zscore_normalize=False)...
2026-01-16 15:55:50,372 - INFO - Final dataset: 51 samples, 366 features
2026-01-16 15:55:50,373 - INFO - Class distribution: [30 21]
2026-01-16 15:55:50,373 - INFO - 
============================================================
2026-01-16 15:55:50,373 - INFO - Starting Cross-Validation Experiment: Treatment_Response_Diff_Clinical
2026-01-16 15:55:50,373 - INFO - Total samples: 51 | Class distribution: [30 21]
2026-01-16 15:55:50,373 - INFO - Parameters: batch_size=8, lr=0.001, epochs=20, hidden_dim=512, num_blocks=4, dropout=0.1, use_young=True, n_splits=5, random_seed=5309
2026-01-16 15:55:50,374 - INFO - 
--- Fold 1/5 ---
2026-01-16 15:55:50,374 - INFO - Train set: 40 samples | Class 0: 24, Class 1: 16
2026-01-16 15:55:50,374 - INFO - Test set: 11 samples | Class 0: 6, Class 1: 5
2026-01-16 15:55:51,063 - INFO - Training fold 1...
2026-01-16 15:55:51,313 - INFO - Fold 1 | Epoch 10/20 | Train Loss: 0.3035
2026-01-16 15:55:51,444 - INFO - Fold 1 | Epoch 20/20 | Train Loss: 0.0005
2026-01-16 15:55:51,446 - INFO - Fold 1 - Optimal Youden threshold: 0.9992
2026-01-16 15:55:51,460 - INFO - Fold 1 - Acc: 0.7273, F1: 0.7273, AUC: 0.7000
2026-01-16 15:55:51,460 - INFO - 
--- Fold 2/5 ---
2026-01-16 15:55:51,460 - INFO - Train set: 41 samples | Class 0: 24, Class 1: 17
2026-01-16 15:55:51,460 - INFO - Test set: 10 samples | Class 0: 6, Class 1: 4
2026-01-16 15:55:51,477 - INFO - Training fold 2...
2026-01-16 15:55:51,634 - INFO - Fold 2 | Epoch 10/20 | Train Loss: 0.2491
2026-01-16 15:55:51,790 - INFO - Fold 2 | Epoch 20/20 | Train Loss: 0.0044
2026-01-16 15:55:51,793 - INFO - Fold 2 - Optimal Youden threshold: 0.9917
2026-01-16 15:55:51,802 - INFO - Fold 2 - Acc: 0.9000, F1: 0.8889, AUC: 0.9583
2026-01-16 15:55:51,802 - INFO - 
--- Fold 3/5 ---
2026-01-16 15:55:51,803 - INFO - Train set: 41 samples | Class 0: 24, Class 1: 17
2026-01-16 15:55:51,803 - INFO - Test set: 10 samples | Class 0: 6, Class 1: 4
2026-01-16 15:55:51,818 - INFO - Training fold 3...
2026-01-16 15:55:51,976 - INFO - Fold 3 | Epoch 10/20 | Train Loss: 0.4234
2026-01-16 15:55:52,133 - INFO - Fold 3 | Epoch 20/20 | Train Loss: 0.6873
2026-01-16 15:55:52,136 - INFO - Fold 3 - Optimal Youden threshold: 0.3675
2026-01-16 15:55:52,145 - INFO - Fold 3 - Acc: 0.8000, F1: 0.7500, AUC: 0.7917
2026-01-16 15:55:52,145 - INFO - 
--- Fold 4/5 ---
2026-01-16 15:55:52,145 - INFO - Train set: 41 samples | Class 0: 24, Class 1: 17
2026-01-16 15:55:52,145 - INFO - Test set: 10 samples | Class 0: 6, Class 1: 4
2026-01-16 15:55:52,162 - INFO - Training fold 4...
2026-01-16 15:55:52,319 - INFO - Fold 4 | Epoch 10/20 | Train Loss: 0.4112
2026-01-16 15:55:52,474 - INFO - Fold 4 | Epoch 20/20 | Train Loss: 0.0031
2026-01-16 15:55:52,476 - INFO - Fold 4 - Optimal Youden threshold: 0.9955
2026-01-16 15:55:52,485 - INFO - Fold 4 - Acc: 0.9000, F1: 0.8571, AUC: 0.8333
2026-01-16 15:55:52,485 - INFO - 
--- Fold 5/5 ---
2026-01-16 15:55:52,485 - INFO - Train set: 41 samples | Class 0: 24, Class 1: 17
2026-01-16 15:55:52,485 - INFO - Test set: 10 samples | Class 0: 6, Class 1: 4
2026-01-16 15:55:52,503 - INFO - Training fold 5...
2026-01-16 15:55:52,659 - INFO - Fold 5 | Epoch 10/20 | Train Loss: 0.2592
2026-01-16 15:55:52,815 - INFO - Fold 5 | Epoch 20/20 | Train Loss: 0.0670
2026-01-16 15:55:52,817 - INFO - Fold 5 - Optimal Youden threshold: 0.0002
2026-01-16 15:55:52,825 - INFO - Fold 5 - Acc: 0.9000, F1: 0.8571, AUC: 0.8333
2026-01-16 15:55:52,828 - INFO - Combined results saved to Treatment_Response_Diff_Clinical_all_folds_combined.csv
2026-01-16 15:55:52,828 - INFO - 
============================================================
2026-01-16 15:55:52,828 - INFO - FINAL CROSS-VALIDATION RESULTS FOR: Treatment_Response_Diff_Clinical
2026-01-16 15:55:52,828 - INFO - ACC       : 0.8455 ± 0.0707
2026-01-16 15:55:52,828 - INFO - F1        : 0.8161 ± 0.0647
2026-01-16 15:55:52,828 - INFO - PRECISION : 0.8433 ± 0.1348
2026-01-16 15:55:52,828 - INFO - RECALL    : 0.8100 ± 0.0970
2026-01-16 15:55:52,828 - INFO - AUC       : 0.8233 ± 0.0832
2026-01-16 15:55:52,828 - INFO - AP        : 0.8532 ± 0.0663
2026-01-16 15:55:52,828 - INFO - ============================================================

2026-02-03 15:01:33,946 - INFO - Random seed set to: 3150
2026-02-03 15:01:33,968 - INFO - Using device: cuda
2026-02-03 15:01:33,968 - INFO - Starting experiment with parameters:
2026-02-03 15:01:33,968 - INFO - Base directory: /ailab/group/medai-share/syDu/ruijin/Final_data/AAL3_VTB
2026-02-03 15:01:33,968 - INFO - Excel path: /ailab/user/dusiyuan/code/Brain/EC/ruijin/TI_gt_1_10.xlsx
2026-02-03 15:01:33,968 - INFO - Sample type: all
2026-02-03 15:01:33,968 - INFO - Z-score normalize: False
2026-02-03 15:01:34,166 - INFO - Parsing patient data from Excel (grouped by 姓名 + 日期)...
2026-02-03 15:01:38,840 - WARNING - Missing diff files for name=鞠喆, date=2025-11-24 00:00:00
2026-02-03 15:01:38,842 - WARNING - Missing diff files for name=鞠喆, date=2025-12-08 00:00:00
2026-02-03 15:01:39,476 - INFO - Found 52 valid pre-treatment samples with complete data
2026-02-03 15:01:39,476 - INFO - Preparing features and labels (sample_type=all, zscore_normalize=False)...
2026-02-03 15:01:41,029 - INFO - Final dataset: 52 samples, 366 features
2026-02-03 15:01:41,030 - INFO - Class distribution: [31 21]
2026-02-03 15:01:41,030 - INFO - 
============================================================
2026-02-03 15:01:41,030 - INFO - Starting Cross-Validation Experiment: Treatment_Response_Diff_Clinical
2026-02-03 15:01:41,030 - INFO - Total samples: 52 | Class distribution: [31 21]
2026-02-03 15:01:41,030 - INFO - Parameters: batch_size=8, lr=0.001, epochs=40, hidden_dim=512, num_blocks=4, dropout=0.1, use_young=True, n_splits=5, random_seed=3150
2026-02-03 15:01:41,031 - INFO - 
--- Fold 1/5 ---
2026-02-03 15:01:41,031 - INFO - Train set: 41 samples | Class 0: 24, Class 1: 17
2026-02-03 15:01:41,031 - INFO - Test set: 11 samples | Class 0: 7, Class 1: 4
2026-02-03 15:01:41,884 - INFO - Training fold 1...
2026-02-03 15:01:42,296 - INFO - Fold 1 | Epoch 10/40 | Train Loss: 0.3662
2026-02-03 15:01:42,472 - INFO - Fold 1 | Epoch 20/40 | Train Loss: 0.0054
2026-02-03 15:01:42,648 - INFO - Fold 1 | Epoch 30/40 | Train Loss: 0.0002
2026-02-03 15:01:42,824 - INFO - Fold 1 | Epoch 40/40 | Train Loss: 0.0000
2026-02-03 15:01:42,827 - INFO - Fold 1 - Optimal Youden threshold: 0.0000
2026-02-03 15:01:42,839 - INFO - Fold 1 - Acc: 0.4545, F1: 0.5714, AUC: 0.3929
2026-02-03 15:01:42,839 - INFO - 
--- Fold 2/5 ---
2026-02-03 15:01:42,839 - INFO - Train set: 41 samples | Class 0: 25, Class 1: 16
2026-02-03 15:01:42,839 - INFO - Test set: 11 samples | Class 0: 6, Class 1: 5
2026-02-03 15:01:42,857 - INFO - Training fold 2...
2026-02-03 15:01:43,039 - INFO - Fold 2 | Epoch 10/40 | Train Loss: 0.5033
2026-02-03 15:01:43,216 - INFO - Fold 2 | Epoch 20/40 | Train Loss: 0.0047
2026-02-03 15:01:43,392 - INFO - Fold 2 | Epoch 30/40 | Train Loss: 0.0001
2026-02-03 15:01:43,568 - INFO - Fold 2 | Epoch 40/40 | Train Loss: 0.0000
2026-02-03 15:01:43,571 - INFO - Fold 2 - Optimal Youden threshold: 0.0000
2026-02-03 15:01:43,580 - INFO - Fold 2 - Acc: 0.6364, F1: 0.7143, AUC: 0.3667
2026-02-03 15:01:43,580 - INFO - 
--- Fold 3/5 ---
2026-02-03 15:01:43,580 - INFO - Train set: 42 samples | Class 0: 25, Class 1: 17
2026-02-03 15:01:43,580 - INFO - Test set: 10 samples | Class 0: 6, Class 1: 4
2026-02-03 15:01:43,598 - INFO - Training fold 3...
2026-02-03 15:01:43,777 - INFO - Fold 3 | Epoch 10/40 | Train Loss: 0.4246
2026-02-03 15:01:43,953 - INFO - Fold 3 | Epoch 20/40 | Train Loss: 0.0159
2026-02-03 15:01:44,131 - INFO - Fold 3 | Epoch 30/40 | Train Loss: 0.0002
2026-02-03 15:01:44,309 - INFO - Fold 3 | Epoch 40/40 | Train Loss: 0.0001
2026-02-03 15:01:44,312 - INFO - Fold 3 - Optimal Youden threshold: 0.0000
2026-02-03 15:01:44,320 - INFO - Fold 3 - Acc: 0.7000, F1: 0.7273, AUC: 0.6667
2026-02-03 15:01:44,320 - INFO - 
--- Fold 4/5 ---
2026-02-03 15:01:44,320 - INFO - Train set: 42 samples | Class 0: 25, Class 1: 17
2026-02-03 15:01:44,321 - INFO - Test set: 10 samples | Class 0: 6, Class 1: 4
2026-02-03 15:01:44,338 - INFO - Training fold 4...
2026-02-03 15:01:44,517 - INFO - Fold 4 | Epoch 10/40 | Train Loss: 0.4257
2026-02-03 15:01:44,707 - INFO - Fold 4 | Epoch 20/40 | Train Loss: 0.0291
2026-02-03 15:01:44,909 - INFO - Fold 4 | Epoch 30/40 | Train Loss: 0.0116
2026-02-03 16:42:21,587 - INFO - Random seed set to: 3150
2026-02-03 16:42:21,616 - INFO - Using device: cuda
2026-02-03 16:42:21,616 - INFO - Starting experiment with parameters:
2026-02-03 16:42:21,616 - INFO - Base directory: /ailab/group/medai-share/syDu/ruijin/Final_data/AAL3_VTB
2026-02-03 16:42:21,616 - INFO - Excel path: /ailab/user/dusiyuan/code/Brain/EC/ruijin/TI_gt_1_10.xlsx
2026-02-03 16:42:21,616 - INFO - Sample type: all
2026-02-03 16:42:21,616 - INFO - Z-score normalize: False
2026-02-03 16:42:21,966 - INFO - Parsing patient data from Excel (grouped by 姓名 + 日期)...
2026-02-03 16:42:26,980 - WARNING - Missing diff files for name=鞠喆, date=2025-11-24 00:00:00
2026-02-03 16:42:26,982 - WARNING - Missing diff files for name=鞠喆, date=2025-12-08 00:00:00
2026-02-03 16:42:28,025 - INFO - Found 52 valid pre-treatment samples with complete data
2026-02-03 16:42:28,025 - INFO - Preparing features and labels (sample_type=all, zscore_normalize=False)...
2026-02-03 16:42:30,159 - INFO - Final dataset: 52 samples, 366 features
2026-02-03 16:42:30,159 - INFO - Class distribution: [31 21]
2026-02-03 16:42:30,159 - INFO - 
============================================================
2026-02-03 16:42:30,160 - INFO - Starting Cross-Validation Experiment: Treatment_Response_Diff_Clinical
2026-02-03 16:42:30,160 - INFO - Total samples: 52 | Class distribution: [31 21]
2026-02-03 16:42:30,160 - INFO - Parameters: batch_size=8, lr=0.001, epochs=40, hidden_dim=512, num_blocks=4, dropout=0.1, use_young=True, n_splits=5, random_seed=3150
2026-02-03 16:42:30,162 - INFO - 
--- Fold 1/5 ---
2026-02-03 16:42:30,162 - INFO - Train set: 41 samples | Class 0: 24, Class 1: 17
2026-02-03 16:42:30,162 - INFO - Test set: 11 samples | Class 0: 7, Class 1: 4
2026-02-03 16:42:31,298 - INFO - Training fold 1...
2026-02-03 16:42:31,973 - INFO - Fold 1 | Epoch 10/40 | Train Loss: 0.3662
2026-02-03 16:42:32,159 - INFO - Fold 1 | Epoch 20/40 | Train Loss: 0.0054
2026-02-03 16:42:32,346 - INFO - Fold 1 | Epoch 30/40 | Train Loss: 0.0002
2026-02-03 16:42:32,528 - INFO - Fold 1 | Epoch 40/40 | Train Loss: 0.0000
2026-02-03 16:42:32,531 - INFO - Fold 1 - Optimal Youden threshold: 0.0000
2026-02-03 16:42:32,550 - INFO - Fold 1 - Acc: 0.4545, F1: 0.5714, AUC: 0.3929
2026-02-03 16:42:32,550 - INFO - 
--- Fold 2/5 ---
2026-02-03 16:42:32,550 - INFO - Train set: 41 samples | Class 0: 25, Class 1: 16
2026-02-03 16:42:32,550 - INFO - Test set: 11 samples | Class 0: 6, Class 1: 5
2026-02-03 16:42:32,570 - INFO - Training fold 2...
2026-02-03 16:42:32,750 - INFO - Fold 2 | Epoch 10/40 | Train Loss: 0.5033
2026-02-03 16:42:32,930 - INFO - Fold 2 | Epoch 20/40 | Train Loss: 0.0047
2026-02-03 16:42:33,110 - INFO - Fold 2 | Epoch 30/40 | Train Loss: 0.0001
2026-02-03 16:42:33,288 - INFO - Fold 2 | Epoch 40/40 | Train Loss: 0.0000
2026-02-03 16:42:33,290 - INFO - Fold 2 - Optimal Youden threshold: 0.0000
2026-02-03 16:42:33,301 - INFO - Fold 2 - Acc: 0.6364, F1: 0.7143, AUC: 0.3667
2026-02-03 16:42:33,301 - INFO - 
--- Fold 3/5 ---
2026-02-03 16:42:33,301 - INFO - Train set: 42 samples | Class 0: 25, Class 1: 17
2026-02-03 16:42:33,301 - INFO - Test set: 10 samples | Class 0: 6, Class 1: 4
2026-02-03 16:42:33,318 - INFO - Training fold 3...
2026-02-03 16:42:33,497 - INFO - Fold 3 | Epoch 10/40 | Train Loss: 0.4246
2026-02-03 16:42:33,677 - INFO - Fold 3 | Epoch 20/40 | Train Loss: 0.0159
2026-02-03 16:42:33,857 - INFO - Fold 3 | Epoch 30/40 | Train Loss: 0.0002
2026-02-03 16:42:34,038 - INFO - Fold 3 | Epoch 40/40 | Train Loss: 0.0001
2026-02-03 16:42:34,041 - INFO - Fold 3 - Optimal Youden threshold: 0.0000
2026-02-03 16:42:34,051 - INFO - Fold 3 - Acc: 0.7000, F1: 0.7273, AUC: 0.6667
2026-02-03 16:42:34,051 - INFO - 
--- Fold 4/5 ---
2026-02-03 16:42:34,051 - INFO - Train set: 42 samples | Class 0: 25, Class 1: 17
2026-02-03 16:42:34,051 - INFO - Test set: 10 samples | Class 0: 6, Class 1: 4
2026-02-03 16:42:34,069 - INFO - Training fold 4...
2026-02-03 16:42:34,249 - INFO - Fold 4 | Epoch 10/40 | Train Loss: 0.4257
2026-02-03 16:42:34,431 - INFO - Fold 4 | Epoch 20/40 | Train Loss: 0.0291
2026-02-03 16:42:34,612 - INFO - Fold 4 | Epoch 30/40 | Train Loss: 0.0116
2026-02-03 16:42:34,793 - INFO - Fold 4 | Epoch 40/40 | Train Loss: 0.0002
2026-02-03 16:42:34,796 - INFO - Fold 4 - Optimal Youden threshold: 1.0000
2026-02-03 16:42:34,806 - INFO - Fold 4 - Acc: 0.7000, F1: 0.4000, AUC: 0.5000
2026-02-03 16:42:34,806 - INFO - 
--- Fold 5/5 ---
2026-02-03 16:42:34,806 - INFO - Train set: 42 samples | Class 0: 25, Class 1: 17
2026-02-03 16:42:34,806 - INFO - Test set: 10 samples | Class 0: 6, Class 1: 4
2026-02-03 16:42:34,826 - INFO - Training fold 5...
2026-02-03 16:42:35,007 - INFO - Fold 5 | Epoch 10/40 | Train Loss: 0.4010
2026-02-03 16:42:35,187 - INFO - Fold 5 | Epoch 20/40 | Train Loss: 0.0890
2026-02-03 16:42:35,367 - INFO - Fold 5 | Epoch 30/40 | Train Loss: 0.0005
2026-02-11 16:02:38,654 - INFO - Random seed set to: 3150
2026-02-11 16:02:38,773 - INFO - Using device: cuda
2026-02-11 16:02:38,773 - INFO - Starting experiment with parameters:
2026-02-11 16:02:38,773 - INFO - Base directory: /ailab/group/medai-share/syDu/ruijin/Final_data/AAL3_VTB
2026-02-11 16:02:38,773 - INFO - Excel path: /ailab/user/dusiyuan/code/Brain/EC/ruijin/TI_gt_1_10.xlsx
2026-02-11 16:02:38,773 - INFO - Sample type: all
2026-02-11 16:02:38,773 - INFO - Z-score normalize: False
2026-02-11 16:02:38,900 - INFO - Parsing patient data from Excel (grouped by 姓名 + 日期)...
2026-02-11 16:02:43,632 - WARNING - Missing diff files for name=鞠喆, date=2025-11-24 00:00:00
2026-02-11 16:02:43,634 - WARNING - Missing diff files for name=鞠喆, date=2025-12-08 00:00:00
2026-02-11 16:02:44,392 - INFO - Found 52 valid pre-treatment samples with complete data
2026-02-11 16:02:44,392 - INFO - Preparing features and labels (sample_type=all, zscore_normalize=False)...
2026-02-11 16:02:46,271 - INFO - Final dataset: 52 samples, 366 features
2026-02-11 16:02:46,271 - INFO - Class distribution: [31 21]
2026-02-11 16:02:46,271 - INFO - 
============================================================
2026-02-11 16:02:46,271 - INFO - Starting Cross-Validation Experiment: Treatment_Response_Diff_Clinical
2026-02-11 16:02:46,272 - INFO - Total samples: 52 | Class distribution: [31 21]
2026-02-11 16:02:46,272 - INFO - Parameters: batch_size=8, lr=0.001, epochs=40, hidden_dim=512, num_blocks=4, dropout=0.1, use_young=True, n_splits=5, random_seed=3150
2026-02-11 16:02:46,272 - INFO - 
--- Fold 1/5 ---
2026-02-11 16:02:46,272 - INFO - Train set: 41 samples | Class 0: 24, Class 1: 17
2026-02-11 16:02:46,273 - INFO - Test set: 11 samples | Class 0: 7, Class 1: 4
2026-02-11 16:02:47,430 - INFO - Training fold 1...
2026-02-11 16:02:47,961 - INFO - Fold 1 | Epoch 10/40 | Train Loss: 0.3662
2026-02-11 16:02:48,120 - INFO - Fold 1 | Epoch 20/40 | Train Loss: 0.0054
2026-02-11 16:02:48,279 - INFO - Fold 1 | Epoch 30/40 | Train Loss: 0.0002
2026-02-11 16:02:48,437 - INFO - Fold 1 | Epoch 40/40 | Train Loss: 0.0000
2026-02-11 16:02:48,440 - INFO - Fold 1 - Optimal Youden threshold: 0.0000
2026-02-11 16:02:48,457 - INFO - Fold 1 - Acc: 0.4545, F1: 0.5714, AUC: 0.3929
2026-02-11 16:02:48,457 - INFO - 
--- Fold 2/5 ---
2026-02-11 16:02:48,457 - INFO - Train set: 41 samples | Class 0: 25, Class 1: 16
2026-02-11 16:02:48,457 - INFO - Test set: 11 samples | Class 0: 6, Class 1: 5
2026-02-11 16:02:48,473 - INFO - Training fold 2...
2026-02-11 16:02:48,634 - INFO - Fold 2 | Epoch 10/40 | Train Loss: 0.5033
2026-02-11 16:02:48,793 - INFO - Fold 2 | Epoch 20/40 | Train Loss: 0.0047
2026-02-11 16:02:48,952 - INFO - Fold 2 | Epoch 30/40 | Train Loss: 0.0001
2026-02-11 16:02:49,110 - INFO - Fold 2 | Epoch 40/40 | Train Loss: 0.0000
2026-02-11 16:02:49,113 - INFO - Fold 2 - Optimal Youden threshold: 0.0000
2026-02-11 16:02:49,121 - INFO - Fold 2 - Acc: 0.6364, F1: 0.7143, AUC: 0.3667
2026-02-11 16:02:49,122 - INFO - 
--- Fold 3/5 ---
2026-02-11 16:02:49,122 - INFO - Train set: 42 samples | Class 0: 25, Class 1: 17
2026-02-11 16:02:49,122 - INFO - Test set: 10 samples | Class 0: 6, Class 1: 4
2026-02-11 16:02:49,138 - INFO - Training fold 3...
2026-02-11 16:02:49,298 - INFO - Fold 3 | Epoch 10/40 | Train Loss: 0.4246
2026-02-11 16:02:49,458 - INFO - Fold 3 | Epoch 20/40 | Train Loss: 0.0159
2026-02-11 16:02:49,617 - INFO - Fold 3 | Epoch 30/40 | Train Loss: 0.0002
2026-02-11 16:02:49,776 - INFO - Fold 3 | Epoch 40/40 | Train Loss: 0.0001
2026-02-11 16:02:49,778 - INFO - Fold 3 - Optimal Youden threshold: 0.0000
2026-02-11 16:02:49,787 - INFO - Fold 3 - Acc: 0.7000, F1: 0.7273, AUC: 0.6667
2026-02-11 16:02:49,787 - INFO - 
--- Fold 4/5 ---
2026-02-11 16:02:49,787 - INFO - Train set: 42 samples | Class 0: 25, Class 1: 17
2026-02-11 16:02:49,787 - INFO - Test set: 10 samples | Class 0: 6, Class 1: 4
2026-02-11 16:02:49,802 - INFO - Training fold 4...
2026-02-11 16:02:49,964 - INFO - Fold 4 | Epoch 10/40 | Train Loss: 0.4257
2026-02-11 16:02:50,123 - INFO - Fold 4 | Epoch 20/40 | Train Loss: 0.0291
2026-02-11 16:02:50,283 - INFO - Fold 4 | Epoch 30/40 | Train Loss: 0.0116
2026-02-11 16:02:50,444 - INFO - Fold 4 | Epoch 40/40 | Train Loss: 0.0002
2026-02-11 16:02:50,447 - INFO - Fold 4 - Optimal Youden threshold: 1.0000
2026-02-11 16:02:50,455 - INFO - Fold 4 - Acc: 0.7000, F1: 0.4000, AUC: 0.5000
2026-02-11 16:02:50,456 - INFO - 
--- Fold 5/5 ---
2026-02-11 16:02:50,456 - INFO - Train set: 42 samples | Class 0: 25, Class 1: 17
2026-02-11 16:02:50,456 - INFO - Test set: 10 samples | Class 0: 6, Class 1: 4
2026-02-11 16:02:50,471 - INFO - Training fold 5...
2026-02-11 16:02:50,631 - INFO - Fold 5 | Epoch 10/40 | Train Loss: 0.4010
2026-02-11 16:02:50,791 - INFO - Fold 5 | Epoch 20/40 | Train Loss: 0.0890
2026-02-11 16:02:50,949 - INFO - Fold 5 | Epoch 30/40 | Train Loss: 0.0005
2026-02-11 16:02:51,110 - INFO - Fold 5 | Epoch 40/40 | Train Loss: 0.0001
2026-02-11 16:02:51,112 - INFO - Fold 5 - Optimal Youden threshold: 0.0194
2026-02-11 16:02:51,121 - INFO - Fold 5 - Acc: 0.8000, F1: 0.7500, AUC: 0.6667
2026-02-11 16:02:51,123 - INFO - Combined results saved to Treatment_Response_Diff_Clinical_all_folds_combined.csv
2026-02-11 16:02:51,124 - INFO - 
============================================================
2026-02-11 16:02:51,124 - INFO - FINAL CROSS-VALIDATION RESULTS FOR: Treatment_Response_Diff_Clinical
2026-02-11 16:02:51,124 - INFO - ACC       : 0.6582 ± 0.1145
2026-02-11 16:02:51,124 - INFO - F1        : 0.6326 ± 0.1321
2026-02-11 16:02:51,124 - INFO - PRECISION : 0.6554 ± 0.2049
2026-02-11 16:02:51,124 - INFO - RECALL    : 0.8000 ± 0.2915
2026-02-11 16:02:51,124 - INFO - AUC       : 0.5186 ± 0.1289
2026-02-11 16:02:51,124 - INFO - AP        : 0.5174 ± 0.1099
2026-02-11 16:02:51,124 - INFO - ============================================================

2026-02-11 16:08:41,404 - INFO - Random seed set to: 5309
2026-02-11 16:08:41,518 - INFO - Using device: cuda
2026-02-11 16:08:41,518 - INFO - Starting experiment with parameters:
2026-02-11 16:08:41,518 - INFO - Base directory: /ailab/group/medai-share/syDu/ruijin/Final_data/AAL3_VTB
2026-02-11 16:08:41,518 - INFO - Excel path: /ailab/user/dusiyuan/code/Brain/EC/ruijin/TI_gt_1_10.xlsx
2026-02-11 16:08:41,518 - INFO - Sample type: all
2026-02-11 16:08:41,518 - INFO - Z-score normalize: False
2026-02-11 16:08:41,645 - INFO - Parsing patient data from Excel (grouped by 姓名 + 日期)...
2026-02-11 16:08:41,723 - WARNING - Missing diff files for name=鞠喆, date=2025-11-24 00:00:00
2026-02-11 16:08:41,724 - WARNING - Missing diff files for name=鞠喆, date=2025-12-08 00:00:00
2026-02-11 16:08:41,738 - INFO - Found 52 valid pre-treatment samples with complete data
2026-02-11 16:08:41,738 - INFO - Preparing features and labels (sample_type=all, zscore_normalize=False)...
2026-02-11 16:08:41,767 - INFO - Final dataset: 52 samples, 366 features
2026-02-11 16:08:41,767 - INFO - Class distribution: [31 21]
2026-02-11 16:08:41,767 - INFO - 
============================================================
2026-02-11 16:08:41,767 - INFO - Starting Cross-Validation Experiment: Treatment_Response_Diff_Clinical
2026-02-11 16:08:41,768 - INFO - Total samples: 52 | Class distribution: [31 21]
2026-02-11 16:08:41,768 - INFO - Parameters: batch_size=8, lr=0.001, epochs=20, hidden_dim=512, num_blocks=4, dropout=0.1, use_young=True, n_splits=5, random_seed=5309
2026-02-11 16:08:41,768 - INFO - 
--- Fold 1/5 ---
2026-02-11 16:08:41,769 - INFO - Train set: 41 samples | Class 0: 24, Class 1: 17
2026-02-11 16:08:41,769 - INFO - Test set: 11 samples | Class 0: 7, Class 1: 4
2026-02-11 16:08:42,541 - INFO - Training fold 1...
2026-02-11 16:08:42,822 - INFO - Fold 1 | Epoch 10/20 | Train Loss: 0.2872
2026-02-11 16:08:42,980 - INFO - Fold 1 | Epoch 20/20 | Train Loss: 0.0003
2026-02-11 16:08:42,983 - INFO - Fold 1 - Optimal Youden threshold: 0.0004
2026-02-11 16:08:43,001 - INFO - Fold 1 - Acc: 0.5455, F1: 0.5455, AUC: 0.4286
2026-02-11 16:08:43,001 - INFO - 
--- Fold 2/5 ---
2026-02-11 16:08:43,002 - INFO - Train set: 41 samples | Class 0: 25, Class 1: 16
2026-02-11 16:08:43,002 - INFO - Test set: 11 samples | Class 0: 6, Class 1: 5
2026-02-11 16:08:43,018 - INFO - Training fold 2...
2026-02-11 16:08:43,177 - INFO - Fold 2 | Epoch 10/20 | Train Loss: 0.6780
2026-02-11 16:08:43,335 - INFO - Fold 2 | Epoch 20/20 | Train Loss: 0.2766
2026-02-11 16:08:43,338 - INFO - Fold 2 - Optimal Youden threshold: 0.7070
2026-02-11 16:08:43,347 - INFO - Fold 2 - Acc: 0.7273, F1: 0.5714, AUC: 0.6667
2026-02-11 16:08:43,348 - INFO - 
--- Fold 3/5 ---
2026-02-11 16:08:43,348 - INFO - Train set: 42 samples | Class 0: 25, Class 1: 17
2026-02-11 16:08:43,348 - INFO - Test set: 10 samples | Class 0: 6, Class 1: 4
2026-02-11 16:08:43,364 - INFO - Training fold 3...
2026-02-11 16:08:43,524 - INFO - Fold 3 | Epoch 10/20 | Train Loss: 0.4001
2026-02-11 16:08:43,683 - INFO - Fold 3 | Epoch 20/20 | Train Loss: 0.0034
2026-02-11 16:08:43,685 - INFO - Fold 3 - Optimal Youden threshold: 0.9998
2026-02-11 16:08:43,693 - INFO - Fold 3 - Acc: 0.8000, F1: 0.6667, AUC: 0.6667
2026-02-11 16:08:43,693 - INFO - 
--- Fold 4/5 ---
2026-02-11 16:08:43,693 - INFO - Train set: 42 samples | Class 0: 25, Class 1: 17
2026-02-11 16:08:43,693 - INFO - Test set: 10 samples | Class 0: 6, Class 1: 4
2026-02-11 16:08:43,708 - INFO - Training fold 4...
2026-02-11 16:08:43,868 - INFO - Fold 4 | Epoch 10/20 | Train Loss: 0.4666
2026-02-11 16:08:44,027 - INFO - Fold 4 | Epoch 20/20 | Train Loss: 0.0099
2026-02-11 16:08:44,029 - INFO - Fold 4 - Optimal Youden threshold: 0.9798
2026-02-11 16:08:44,038 - INFO - Fold 4 - Acc: 0.7000, F1: 0.5714, AUC: 0.6250
2026-02-11 16:08:44,038 - INFO - 
--- Fold 5/5 ---
2026-02-11 16:08:44,038 - INFO - Train set: 42 samples | Class 0: 25, Class 1: 17
2026-02-11 16:08:44,038 - INFO - Test set: 10 samples | Class 0: 6, Class 1: 4
2026-02-11 16:08:44,053 - INFO - Training fold 5...
2026-02-11 16:08:44,213 - INFO - Fold 5 | Epoch 10/20 | Train Loss: 0.5686
2026-02-11 16:08:44,372 - INFO - Fold 5 | Epoch 20/20 | Train Loss: 0.1404
2026-02-11 16:08:44,375 - INFO - Fold 5 - Optimal Youden threshold: 0.0302
2026-02-11 16:08:44,383 - INFO - Fold 5 - Acc: 0.8000, F1: 0.7500, AUC: 0.7083
2026-02-11 16:08:44,385 - INFO - Combined results saved to Treatment_Response_Diff_Clinical_all_folds_combined.csv
2026-02-11 16:08:44,386 - INFO - 
============================================================
2026-02-11 16:08:44,386 - INFO - FINAL CROSS-VALIDATION RESULTS FOR: Treatment_Response_Diff_Clinical
2026-02-11 16:08:44,386 - INFO - ACC       : 0.7145 ± 0.0933
2026-02-11 16:08:44,386 - INFO - F1        : 0.6210 ± 0.0766
2026-02-11 16:08:44,386 - INFO - PRECISION : 0.7690 ± 0.2161
2026-02-11 16:08:44,386 - INFO - RECALL    : 0.5800 ± 0.1435
2026-02-11 16:08:44,386 - INFO - AUC       : 0.6190 ± 0.0988
2026-02-11 16:08:44,386 - INFO - AP        : 0.6215 ± 0.1464
2026-02-11 16:08:44,386 - INFO - ============================================================

2026-02-11 16:09:27,658 - INFO - Random seed set to: 3150
2026-02-11 16:09:27,765 - INFO - Using device: cuda
2026-02-11 16:09:27,765 - INFO - Starting experiment with parameters:
2026-02-11 16:09:27,765 - INFO - Base directory: /ailab/group/medai-share/syDu/ruijin/Final_data/AAL3_VTB
2026-02-11 16:09:27,765 - INFO - Excel path: /ailab/user/dusiyuan/code/Brain/EC/ruijin/TI_gt_1_10.xlsx
2026-02-11 16:09:27,765 - INFO - Sample type: all
2026-02-11 16:09:27,765 - INFO - Z-score normalize: False
2026-02-11 16:09:27,888 - INFO - Parsing patient data from Excel (grouped by 姓名 + 日期)...
2026-02-11 16:09:27,967 - WARNING - Missing diff files for name=鞠喆, date=2025-11-24 00:00:00
2026-02-11 16:09:27,968 - WARNING - Missing diff files for name=鞠喆, date=2025-12-08 00:00:00
2026-02-11 16:09:27,982 - INFO - Found 52 valid pre-treatment samples with complete data
2026-02-11 16:09:27,982 - INFO - Preparing features and labels (sample_type=all, zscore_normalize=False)...
2026-02-11 16:09:28,046 - INFO - Final dataset: 52 samples, 366 features
2026-02-11 16:09:28,046 - INFO - Class distribution: [31 21]
2026-02-11 16:09:28,046 - INFO - 
============================================================
2026-02-11 16:09:28,046 - INFO - Starting Cross-Validation Experiment: Treatment_Response_Diff_Clinical
2026-02-11 16:09:28,046 - INFO - Total samples: 52 | Class distribution: [31 21]
2026-02-11 16:09:28,046 - INFO - Parameters: batch_size=8, lr=0.001, epochs=20, hidden_dim=512, num_blocks=4, dropout=0.1, use_young=True, n_splits=5, random_seed=3150
2026-02-11 16:09:28,047 - INFO - 
--- Fold 1/5 ---
2026-02-11 16:09:28,047 - INFO - Train set: 41 samples | Class 0: 24, Class 1: 17
2026-02-11 16:09:28,047 - INFO - Test set: 11 samples | Class 0: 7, Class 1: 4
2026-02-11 16:09:28,808 - INFO - Training fold 1...
2026-02-11 16:09:29,089 - INFO - Fold 1 | Epoch 10/20 | Train Loss: 0.3662
2026-02-11 16:09:29,247 - INFO - Fold 1 | Epoch 20/20 | Train Loss: 0.0054
2026-02-11 16:09:29,250 - INFO - Fold 1 - Optimal Youden threshold: 0.0000
2026-02-11 16:09:29,262 - INFO - Fold 1 - Acc: 0.4545, F1: 0.5714, AUC: 0.3214
2026-02-11 16:09:29,262 - INFO - 
--- Fold 2/5 ---
2026-02-11 16:09:29,262 - INFO - Train set: 41 samples | Class 0: 25, Class 1: 16
2026-02-11 16:09:29,262 - INFO - Test set: 11 samples | Class 0: 6, Class 1: 5
2026-02-11 16:09:29,279 - INFO - Training fold 2...
2026-02-11 16:09:29,438 - INFO - Fold 2 | Epoch 10/20 | Train Loss: 0.2863
2026-02-11 16:09:29,596 - INFO - Fold 2 | Epoch 20/20 | Train Loss: 0.0031
2026-02-11 16:09:29,599 - INFO - Fold 2 - Optimal Youden threshold: 0.0000
2026-02-11 16:09:29,607 - INFO - Fold 2 - Acc: 0.6364, F1: 0.7143, AUC: 0.3333
2026-02-11 16:09:29,607 - INFO - 
--- Fold 3/5 ---
2026-02-11 16:09:29,607 - INFO - Train set: 42 samples | Class 0: 25, Class 1: 17
2026-02-11 16:09:29,607 - INFO - Test set: 10 samples | Class 0: 6, Class 1: 4
2026-02-11 16:09:29,624 - INFO - Training fold 3...
2026-02-11 16:09:29,784 - INFO - Fold 3 | Epoch 10/20 | Train Loss: 0.3402
2026-02-11 16:09:29,943 - INFO - Fold 3 | Epoch 20/20 | Train Loss: 0.0000
2026-02-11 16:09:29,945 - INFO - Fold 3 - Optimal Youden threshold: 0.9999
2026-02-11 16:09:29,953 - INFO - Fold 3 - Acc: 0.8000, F1: 0.6667, AUC: 0.6667
2026-02-11 16:09:29,954 - INFO - 
--- Fold 4/5 ---
2026-02-11 16:09:29,954 - INFO - Train set: 42 samples | Class 0: 25, Class 1: 17
2026-02-11 16:09:29,954 - INFO - Test set: 10 samples | Class 0: 6, Class 1: 4
2026-02-11 16:09:29,970 - INFO - Training fold 4...
2026-02-11 16:09:30,130 - INFO - Fold 4 | Epoch 10/20 | Train Loss: 0.3147
2026-02-11 16:09:30,289 - INFO - Fold 4 | Epoch 20/20 | Train Loss: 0.1277
2026-02-11 16:09:30,291 - INFO - Fold 4 - Optimal Youden threshold: 0.4819
2026-02-11 16:09:30,299 - INFO - Fold 4 - Acc: 0.7000, F1: 0.5714, AUC: 0.5000
2026-02-11 16:09:30,299 - INFO - 
--- Fold 5/5 ---
2026-02-11 16:09:30,300 - INFO - Train set: 42 samples | Class 0: 25, Class 1: 17
2026-02-11 16:09:30,300 - INFO - Test set: 10 samples | Class 0: 6, Class 1: 4
2026-02-11 16:09:30,316 - INFO - Training fold 5...
2026-02-11 16:09:30,476 - INFO - Fold 5 | Epoch 10/20 | Train Loss: 0.2643
2026-02-11 16:09:30,635 - INFO - Fold 5 | Epoch 20/20 | Train Loss: 0.0192
2026-02-11 16:09:30,637 - INFO - Fold 5 - Optimal Youden threshold: 0.0001
2026-02-11 16:09:30,646 - INFO - Fold 5 - Acc: 0.7000, F1: 0.7273, AUC: 0.7083
2026-02-11 16:09:30,648 - INFO - Combined results saved to Treatment_Response_Diff_Clinical_all_folds_combined.csv
2026-02-11 16:09:30,648 - INFO - 
============================================================
2026-02-11 16:09:30,648 - INFO - FINAL CROSS-VALIDATION RESULTS FOR: Treatment_Response_Diff_Clinical
2026-02-11 16:09:30,648 - INFO - ACC       : 0.6582 ± 0.1145
2026-02-11 16:09:30,648 - INFO - F1        : 0.6502 ± 0.0674
2026-02-11 16:09:30,648 - INFO - PRECISION : 0.6387 ± 0.1999
2026-02-11 16:09:30,648 - INFO - RECALL    : 0.8000 ± 0.2449
2026-02-11 16:09:30,649 - INFO - AUC       : 0.5060 ± 0.1617
2026-02-11 16:09:30,649 - INFO - AP        : 0.5300 ± 0.1578
2026-02-11 16:09:30,649 - INFO - ============================================================

2026-02-11 16:21:21,298 - INFO - Random seed set to: 5309
2026-02-11 16:21:21,407 - INFO - Using device: cuda
2026-02-11 16:21:21,407 - INFO - Starting experiment with parameters:
2026-02-11 16:21:21,407 - INFO - Base directory: /ailab/group/medai-share/syDu/ruijin/Final_data/AAL3_VTB
2026-02-11 16:21:21,407 - INFO - Excel path: /ailab/user/dusiyuan/code/Brain/EC/ruijin/TI_gt_1_10_filled.xlsx
2026-02-11 16:21:21,407 - INFO - Sample type: all
2026-02-11 16:21:21,407 - INFO - Z-score normalize: False
2026-02-11 16:21:21,523 - INFO - Parsing patient data from Excel (grouped by 姓名 + 日期)...
2026-02-11 16:21:21,612 - INFO - Found 52 valid pre-treatment samples with complete data
2026-02-11 16:21:21,612 - INFO - Preparing features and labels (sample_type=all, zscore_normalize=False)...
2026-02-11 16:21:21,642 - INFO - Final dataset: 52 samples, 366 features
2026-02-11 16:21:21,642 - INFO - Class distribution: [31 21]
2026-02-11 16:21:21,642 - INFO - 
============================================================
2026-02-11 16:21:21,643 - INFO - Starting Cross-Validation Experiment: Treatment_Response_Diff_Clinical
2026-02-11 16:21:21,643 - INFO - Total samples: 52 | Class distribution: [31 21]
2026-02-11 16:21:21,643 - INFO - Parameters: batch_size=8, lr=0.001, epochs=20, hidden_dim=512, num_blocks=4, dropout=0.1, use_young=True, n_splits=5, random_seed=5309
2026-02-11 16:21:21,644 - INFO - 
--- Fold 1/5 ---
2026-02-11 16:21:21,644 - INFO - Train set: 41 samples | Class 0: 24, Class 1: 17
2026-02-11 16:21:21,644 - INFO - Test set: 11 samples | Class 0: 7, Class 1: 4
2026-02-11 16:21:22,460 - INFO - Training fold 1...
2026-02-11 16:21:22,740 - INFO - Fold 1 | Epoch 10/20 | Train Loss: 0.2872
2026-02-11 16:21:22,898 - INFO - Fold 1 | Epoch 20/20 | Train Loss: 0.0003
2026-02-11 16:21:22,901 - INFO - Fold 1 - Optimal Youden threshold: 0.0004
2026-02-11 16:21:22,927 - INFO - Fold 1 - Acc: 0.5455, F1: 0.5455, AUC: 0.4286
2026-02-11 16:21:22,927 - INFO - 
--- Fold 2/5 ---
2026-02-11 16:21:22,927 - INFO - Train set: 41 samples | Class 0: 25, Class 1: 16
2026-02-11 16:21:22,927 - INFO - Test set: 11 samples | Class 0: 6, Class 1: 5
2026-02-11 16:21:22,944 - INFO - Training fold 2...
2026-02-11 16:21:23,103 - INFO - Fold 2 | Epoch 10/20 | Train Loss: 0.6780
2026-02-11 16:21:23,262 - INFO - Fold 2 | Epoch 20/20 | Train Loss: 0.2766
2026-02-11 16:21:23,264 - INFO - Fold 2 - Optimal Youden threshold: 0.7070
2026-02-11 16:21:23,282 - INFO - Fold 2 - Acc: 0.7273, F1: 0.5714, AUC: 0.6667
2026-02-11 16:21:23,282 - INFO - 
--- Fold 3/5 ---
2026-02-11 16:21:23,282 - INFO - Train set: 42 samples | Class 0: 25, Class 1: 17
2026-02-11 16:21:23,282 - INFO - Test set: 10 samples | Class 0: 6, Class 1: 4
2026-02-11 16:21:23,298 - INFO - Training fold 3...
2026-02-11 16:21:23,458 - INFO - Fold 3 | Epoch 10/20 | Train Loss: 0.4001
2026-02-11 16:21:23,618 - INFO - Fold 3 | Epoch 20/20 | Train Loss: 0.0034
2026-02-11 16:21:23,620 - INFO - Fold 3 - Optimal Youden threshold: 0.9998
2026-02-11 16:21:23,630 - INFO - Fold 3 - Acc: 0.8000, F1: 0.6667, AUC: 0.6667
2026-02-11 16:21:23,630 - INFO - 
--- Fold 4/5 ---
2026-02-11 16:21:23,630 - INFO - Train set: 42 samples | Class 0: 25, Class 1: 17
2026-02-11 16:21:23,630 - INFO - Test set: 10 samples | Class 0: 6, Class 1: 4
2026-02-11 16:21:23,646 - INFO - Training fold 4...
2026-02-11 16:21:23,807 - INFO - Fold 4 | Epoch 10/20 | Train Loss: 0.4666
2026-02-11 16:21:23,966 - INFO - Fold 4 | Epoch 20/20 | Train Loss: 0.0099
2026-02-11 16:21:23,968 - INFO - Fold 4 - Optimal Youden threshold: 0.9798
2026-02-11 16:21:23,979 - INFO - Fold 4 - Acc: 0.7000, F1: 0.5714, AUC: 0.6250
2026-02-11 16:21:23,979 - INFO - 
--- Fold 5/5 ---
2026-02-11 16:21:23,979 - INFO - Train set: 42 samples | Class 0: 25, Class 1: 17
2026-02-11 16:21:23,979 - INFO - Test set: 10 samples | Class 0: 6, Class 1: 4
2026-02-11 16:21:23,996 - INFO - Training fold 5...
2026-02-11 16:21:24,156 - INFO - Fold 5 | Epoch 10/20 | Train Loss: 0.5686
2026-02-11 16:21:24,316 - INFO - Fold 5 | Epoch 20/20 | Train Loss: 0.1404
2026-02-11 16:21:24,318 - INFO - Fold 5 - Optimal Youden threshold: 0.0302
2026-02-11 16:21:24,328 - INFO - Fold 5 - Acc: 0.8000, F1: 0.7500, AUC: 0.7083
2026-02-11 16:21:24,333 - INFO - Combined results saved to Treatment_Response_Diff_Clinical_all_folds_combined.csv
2026-02-11 16:21:24,333 - INFO - 
============================================================
2026-02-11 16:21:24,333 - INFO - FINAL CROSS-VALIDATION RESULTS FOR: Treatment_Response_Diff_Clinical
2026-02-11 16:21:24,333 - INFO - ACC       : 0.7145 ± 0.0933
2026-02-11 16:21:24,333 - INFO - F1        : 0.6210 ± 0.0766
2026-02-11 16:21:24,333 - INFO - PRECISION : 0.7690 ± 0.2161
2026-02-11 16:21:24,333 - INFO - RECALL    : 0.5800 ± 0.1435
2026-02-11 16:21:24,333 - INFO - AUC       : 0.6190 ± 0.0988
2026-02-11 16:21:24,333 - INFO - AP        : 0.6215 ± 0.1464
2026-02-11 16:21:24,333 - INFO - ============================================================

2026-02-11 16:22:48,299 - INFO - Random seed set to: 5309
2026-02-11 16:22:48,433 - INFO - Using device: cuda
2026-02-11 16:22:48,433 - INFO - Starting experiment with parameters:
2026-02-11 16:22:48,433 - INFO - Base directory: /ailab/group/medai-share/syDu/ruijin/Final_data/AAL3_VTB
2026-02-11 16:22:48,433 - INFO - Excel path: /ailab/user/dusiyuan/code/Brain/EC/ruijin/TI_gt_1_10_old.xlsx
2026-02-11 16:22:48,433 - INFO - Sample type: all
2026-02-11 16:22:48,433 - INFO - Z-score normalize: False
2026-02-11 16:22:48,560 - INFO - Parsing patient data from Excel (grouped by 姓名 + 日期)...
2026-02-11 16:22:48,637 - WARNING - Missing diff files for name=鞠喆, date=2025-11-24 00:00:00
2026-02-11 16:22:48,639 - WARNING - Missing diff files for name=鞠喆, date=2025-12-08 00:00:00
2026-02-11 16:22:48,652 - INFO - Found 51 valid pre-treatment samples with complete data
2026-02-11 16:22:48,652 - INFO - Preparing features and labels (sample_type=all, zscore_normalize=False)...
2026-02-11 16:22:48,682 - INFO - Final dataset: 51 samples, 366 features
2026-02-11 16:22:48,682 - INFO - Class distribution: [30 21]
2026-02-11 16:22:48,682 - INFO - 
============================================================
2026-02-11 16:22:48,682 - INFO - Starting Cross-Validation Experiment: Treatment_Response_Diff_Clinical
2026-02-11 16:22:48,682 - INFO - Total samples: 51 | Class distribution: [30 21]
2026-02-11 16:22:48,682 - INFO - Parameters: batch_size=8, lr=0.001, epochs=20, hidden_dim=512, num_blocks=4, dropout=0.1, use_young=True, n_splits=5, random_seed=5309
2026-02-11 16:22:48,683 - INFO - 
--- Fold 1/5 ---
2026-02-11 16:22:48,683 - INFO - Train set: 40 samples | Class 0: 24, Class 1: 16
2026-02-11 16:22:48,683 - INFO - Test set: 11 samples | Class 0: 6, Class 1: 5
2026-02-11 16:22:49,436 - INFO - Training fold 1...
2026-02-11 16:22:49,693 - INFO - Fold 1 | Epoch 10/20 | Train Loss: 0.3035
2026-02-11 16:22:49,827 - INFO - Fold 1 | Epoch 20/20 | Train Loss: 0.0005
2026-02-11 16:22:49,830 - INFO - Fold 1 - Optimal Youden threshold: 0.9992
2026-02-11 16:22:49,840 - INFO - Fold 1 - Acc: 0.7273, F1: 0.7273, AUC: 0.7000
2026-02-11 16:22:49,840 - INFO - 
--- Fold 2/5 ---
2026-02-11 16:22:49,841 - INFO - Train set: 41 samples | Class 0: 24, Class 1: 17
2026-02-11 16:22:49,841 - INFO - Test set: 10 samples | Class 0: 6, Class 1: 4
2026-02-11 16:22:49,865 - INFO - Training fold 2...
2026-02-11 16:22:50,073 - INFO - Fold 2 | Epoch 10/20 | Train Loss: 0.2491
2026-02-11 16:22:50,231 - INFO - Fold 2 | Epoch 20/20 | Train Loss: 0.0044
2026-02-11 16:22:50,234 - INFO - Fold 2 - Optimal Youden threshold: 0.9917
2026-02-11 16:22:50,242 - INFO - Fold 2 - Acc: 0.9000, F1: 0.8889, AUC: 0.9583
2026-02-11 16:22:50,242 - INFO - 
--- Fold 3/5 ---
2026-02-11 16:22:50,242 - INFO - Train set: 41 samples | Class 0: 24, Class 1: 17
2026-02-11 16:22:50,242 - INFO - Test set: 10 samples | Class 0: 6, Class 1: 4
2026-02-11 16:22:50,258 - INFO - Training fold 3...
2026-02-11 16:22:50,418 - INFO - Fold 3 | Epoch 10/20 | Train Loss: 0.4234
2026-02-11 16:22:50,577 - INFO - Fold 3 | Epoch 20/20 | Train Loss: 0.6873
2026-02-11 16:22:50,580 - INFO - Fold 3 - Optimal Youden threshold: 0.3675
2026-02-11 16:22:50,588 - INFO - Fold 3 - Acc: 0.8000, F1: 0.7500, AUC: 0.7917
2026-02-11 16:22:50,588 - INFO - 
--- Fold 4/5 ---
2026-02-11 16:22:50,588 - INFO - Train set: 41 samples | Class 0: 24, Class 1: 17
2026-02-11 16:22:50,588 - INFO - Test set: 10 samples | Class 0: 6, Class 1: 4
2026-02-11 16:22:50,605 - INFO - Training fold 4...
2026-02-11 16:22:50,763 - INFO - Fold 4 | Epoch 10/20 | Train Loss: 0.4112
2026-02-11 16:22:50,976 - INFO - Fold 4 | Epoch 20/20 | Train Loss: 0.0031
2026-02-11 16:22:50,978 - INFO - Fold 4 - Optimal Youden threshold: 0.9955
2026-02-11 16:22:50,987 - INFO - Fold 4 - Acc: 0.9000, F1: 0.8571, AUC: 0.8333
2026-02-11 16:22:50,987 - INFO - 
--- Fold 5/5 ---
2026-02-11 16:22:50,987 - INFO - Train set: 41 samples | Class 0: 24, Class 1: 17
2026-02-11 16:22:50,987 - INFO - Test set: 10 samples | Class 0: 6, Class 1: 4
2026-02-11 16:22:51,003 - INFO - Training fold 5...
2026-02-11 16:22:51,162 - INFO - Fold 5 | Epoch 10/20 | Train Loss: 0.2592
2026-02-11 16:22:51,320 - INFO - Fold 5 | Epoch 20/20 | Train Loss: 0.0670
2026-02-11 16:22:51,322 - INFO - Fold 5 - Optimal Youden threshold: 0.0002
2026-02-11 16:22:51,330 - INFO - Fold 5 - Acc: 0.9000, F1: 0.8571, AUC: 0.8333
2026-02-11 16:22:51,332 - INFO - Combined results saved to Treatment_Response_Diff_Clinical_all_folds_combined.csv
2026-02-11 16:22:51,333 - INFO - 
============================================================
2026-02-11 16:22:51,333 - INFO - FINAL CROSS-VALIDATION RESULTS FOR: Treatment_Response_Diff_Clinical
2026-02-11 16:22:51,333 - INFO - ACC       : 0.8455 ± 0.0707
2026-02-11 16:22:51,333 - INFO - F1        : 0.8161 ± 0.0647
2026-02-11 16:22:51,333 - INFO - PRECISION : 0.8433 ± 0.1348
2026-02-11 16:22:51,333 - INFO - RECALL    : 0.8100 ± 0.0970
2026-02-11 16:22:51,333 - INFO - AUC       : 0.8233 ± 0.0832
2026-02-11 16:22:51,333 - INFO - AP        : 0.8532 ± 0.0663
2026-02-11 16:22:51,333 - INFO - ============================================================

2026-02-11 16:28:35,516 - INFO - Random seed set to: 5309
2026-02-11 16:28:35,624 - INFO - Using device: cuda
2026-02-11 16:28:35,624 - INFO - Starting experiment with parameters:
2026-02-11 16:28:35,624 - INFO - Base directory: /ailab/group/medai-share/syDu/ruijin/Final_data/AAL3_VTB
2026-02-11 16:28:35,624 - INFO - Excel path: /ailab/user/dusiyuan/code/Brain/EC/ruijin/TI_gt_1_10.xlsx
2026-02-11 16:28:35,624 - INFO - Sample type: all
2026-02-11 16:28:35,624 - INFO - Z-score normalize: False
2026-02-11 16:28:35,750 - INFO - Parsing patient data from Excel (grouped by 姓名 + 日期)...
2026-02-11 16:28:35,825 - WARNING - Missing diff files for name=鞠喆, date=2025-11-24 00:00:00
2026-02-11 16:28:35,826 - WARNING - Missing diff files for name=鞠喆, date=2025-12-08 00:00:00
2026-02-11 16:28:35,840 - INFO - Found 51 valid pre-treatment samples with complete data
2026-02-11 16:28:35,840 - INFO - Preparing features and labels (sample_type=all, zscore_normalize=False)...
2026-02-11 16:28:35,871 - INFO - Final dataset: 51 samples, 366 features
2026-02-11 16:28:35,871 - INFO - Class distribution: [30 21]
2026-02-11 16:28:35,871 - INFO - 
============================================================
2026-02-11 16:28:35,871 - INFO - Starting Cross-Validation Experiment: Treatment_Response_Diff_Clinical
2026-02-11 16:28:35,871 - INFO - Total samples: 51 | Class distribution: [30 21]
2026-02-11 16:28:35,871 - INFO - Parameters: batch_size=8, lr=0.001, epochs=20, hidden_dim=512, num_blocks=4, dropout=0.1, use_young=True, n_splits=5, random_seed=5309
2026-02-11 16:28:35,872 - INFO - 
--- Fold 1/5 ---
2026-02-11 16:28:35,872 - INFO - Train set: 40 samples | Class 0: 24, Class 1: 16
2026-02-11 16:28:35,872 - INFO - Test set: 11 samples | Class 0: 6, Class 1: 5
2026-02-11 16:28:36,643 - INFO - Training fold 1...
2026-02-11 16:28:36,897 - INFO - Fold 1 | Epoch 10/20 | Train Loss: 0.3035
2026-02-11 16:28:37,030 - INFO - Fold 1 | Epoch 20/20 | Train Loss: 0.0005
2026-02-11 16:28:37,033 - INFO - Fold 1 - Optimal Youden threshold: 0.9992
2026-02-11 16:28:37,050 - INFO - Fold 1 - Acc: 0.7273, F1: 0.7273, AUC: 0.7000
2026-02-11 16:28:37,050 - INFO - 
--- Fold 2/5 ---
2026-02-11 16:28:37,050 - INFO - Train set: 41 samples | Class 0: 24, Class 1: 17
2026-02-11 16:28:37,050 - INFO - Test set: 10 samples | Class 0: 6, Class 1: 4
2026-02-11 16:28:37,067 - INFO - Training fold 2...
2026-02-11 16:28:37,226 - INFO - Fold 2 | Epoch 10/20 | Train Loss: 0.2491
2026-02-11 16:28:37,384 - INFO - Fold 2 | Epoch 20/20 | Train Loss: 0.0044
2026-02-11 16:28:37,386 - INFO - Fold 2 - Optimal Youden threshold: 0.9917
2026-02-11 16:28:37,395 - INFO - Fold 2 - Acc: 0.9000, F1: 0.8889, AUC: 0.9583
2026-02-11 16:28:37,395 - INFO - 
--- Fold 3/5 ---
2026-02-11 16:28:37,395 - INFO - Train set: 41 samples | Class 0: 24, Class 1: 17
2026-02-11 16:28:37,395 - INFO - Test set: 10 samples | Class 0: 6, Class 1: 4
2026-02-11 16:28:37,412 - INFO - Training fold 3...
2026-02-11 16:28:37,571 - INFO - Fold 3 | Epoch 10/20 | Train Loss: 0.4234
2026-02-11 16:28:37,729 - INFO - Fold 3 | Epoch 20/20 | Train Loss: 0.6873
2026-02-11 16:28:37,731 - INFO - Fold 3 - Optimal Youden threshold: 0.3675
2026-02-11 16:28:37,740 - INFO - Fold 3 - Acc: 0.8000, F1: 0.7500, AUC: 0.7917
2026-02-11 16:28:37,740 - INFO - 
--- Fold 4/5 ---
2026-02-11 16:28:37,740 - INFO - Train set: 41 samples | Class 0: 24, Class 1: 17
2026-02-11 16:28:37,741 - INFO - Test set: 10 samples | Class 0: 6, Class 1: 4
2026-02-11 16:28:37,757 - INFO - Training fold 4...
2026-02-11 16:28:37,915 - INFO - Fold 4 | Epoch 10/20 | Train Loss: 0.4112
2026-02-11 16:28:38,072 - INFO - Fold 4 | Epoch 20/20 | Train Loss: 0.0031
2026-02-11 16:28:38,074 - INFO - Fold 4 - Optimal Youden threshold: 0.9955
2026-02-11 16:28:38,082 - INFO - Fold 4 - Acc: 0.9000, F1: 0.8571, AUC: 0.8333
2026-02-11 16:28:38,082 - INFO - 
--- Fold 5/5 ---
2026-02-11 16:28:38,083 - INFO - Train set: 41 samples | Class 0: 24, Class 1: 17
2026-02-11 16:28:38,083 - INFO - Test set: 10 samples | Class 0: 6, Class 1: 4
2026-02-11 16:28:38,099 - INFO - Training fold 5...
2026-02-11 16:28:38,257 - INFO - Fold 5 | Epoch 10/20 | Train Loss: 0.2592
2026-02-11 16:28:38,414 - INFO - Fold 5 | Epoch 20/20 | Train Loss: 0.0670
2026-02-11 16:28:38,417 - INFO - Fold 5 - Optimal Youden threshold: 0.0002
2026-02-11 16:28:38,425 - INFO - Fold 5 - Acc: 0.9000, F1: 0.8571, AUC: 0.8333
2026-02-11 16:28:38,427 - INFO - Combined results saved to Treatment_Response_Diff_Clinical_all_folds_combined.csv
2026-02-11 16:28:38,428 - INFO - 
============================================================
2026-02-11 16:28:38,428 - INFO - FINAL CROSS-VALIDATION RESULTS FOR: Treatment_Response_Diff_Clinical
2026-02-11 16:28:38,428 - INFO - ACC       : 0.8455 ± 0.0707
2026-02-11 16:28:38,428 - INFO - F1        : 0.8161 ± 0.0647
2026-02-11 16:28:38,428 - INFO - PRECISION : 0.8433 ± 0.1348
2026-02-11 16:28:38,428 - INFO - RECALL    : 0.8100 ± 0.0970
2026-02-11 16:28:38,428 - INFO - AUC       : 0.8233 ± 0.0832
2026-02-11 16:28:38,428 - INFO - AP        : 0.8532 ± 0.0663
2026-02-11 16:28:38,428 - INFO - ============================================================

2026-02-26 16:50:08,418 - INFO - Random seed set to: 5309
2026-02-26 16:50:08,474 - INFO - Using device: cuda
2026-02-26 16:50:08,474 - INFO - Starting experiment with parameters:
2026-02-26 16:50:08,474 - INFO - Base directory: /ailab/group/medai-share/syDu/ruijin/Final_data/AAL3_VTB
2026-02-26 16:50:08,475 - INFO - Excel path: /ailab/user/dusiyuan/code/Brain/EC/ruijin/TI_gt_1_10.xlsx
2026-02-26 16:50:08,475 - INFO - Sample type: all
2026-02-26 16:50:08,475 - INFO - Z-score normalize: False
2026-02-26 16:50:08,599 - INFO - Parsing patient data from Excel (grouped by 姓名 + 日期)...
2026-02-26 16:50:13,268 - WARNING - Missing diff files for name=鞠喆, date=2025-11-24 00:00:00
2026-02-26 16:50:13,270 - WARNING - Missing diff files for name=鞠喆, date=2025-12-08 00:00:00
2026-02-26 16:50:13,968 - INFO - Found 51 valid pre-treatment samples with complete data
2026-02-26 16:50:13,968 - INFO - Preparing features and labels (sample_type=all, zscore_normalize=False)...
2026-02-26 16:50:15,730 - INFO - Final dataset: 51 samples, 366 features
2026-02-26 16:50:15,731 - INFO - Class distribution: [30 21]
2026-02-26 16:50:15,731 - INFO - 
============================================================
2026-02-26 16:50:15,731 - INFO - Starting Cross-Validation Experiment: Treatment_Response_Diff_Clinical
2026-02-26 16:50:15,731 - INFO - Total samples: 51 | Class distribution: [30 21]
2026-02-26 16:50:15,731 - INFO - Parameters: batch_size=8, lr=0.001, epochs=20, hidden_dim=512, num_blocks=4, dropout=0.1, use_young=True, n_splits=5, random_seed=5309
2026-02-26 16:50:15,732 - INFO - 
--- Fold 1/5 ---
2026-02-26 16:50:15,732 - INFO - Train set: 40 samples | Class 0: 24, Class 1: 16
2026-02-26 16:50:15,732 - INFO - Test set: 11 samples | Class 0: 6, Class 1: 5
2026-02-26 16:50:16,976 - INFO - Training fold 1...
2026-02-26 16:50:17,490 - INFO - Fold 1 | Epoch 10/20 | Train Loss: 0.3035
2026-02-26 16:50:17,621 - INFO - Fold 1 | Epoch 20/20 | Train Loss: 0.0005
2026-02-26 16:50:17,623 - INFO - Fold 1 - Optimal Youden threshold: 0.9992
2026-02-26 16:50:17,640 - INFO - Fold 1 - Acc: 0.7273, F1: 0.7273, AUC: 0.7000
2026-02-26 16:50:17,640 - INFO - 
--- Fold 2/5 ---
2026-02-26 16:50:17,640 - INFO - Train set: 41 samples | Class 0: 24, Class 1: 17
2026-02-26 16:50:17,640 - INFO - Test set: 10 samples | Class 0: 6, Class 1: 4
2026-02-26 16:50:17,657 - INFO - Training fold 2...
2026-02-26 16:50:17,813 - INFO - Fold 2 | Epoch 10/20 | Train Loss: 0.2491
2026-02-26 16:50:17,968 - INFO - Fold 2 | Epoch 20/20 | Train Loss: 0.0044
2026-02-26 16:50:17,970 - INFO - Fold 2 - Optimal Youden threshold: 0.9917
2026-02-26 16:50:17,979 - INFO - Fold 2 - Acc: 0.9000, F1: 0.8889, AUC: 0.9583
2026-02-26 16:50:17,979 - INFO - 
--- Fold 3/5 ---
2026-02-26 16:50:17,979 - INFO - Train set: 41 samples | Class 0: 24, Class 1: 17
2026-02-26 16:50:17,979 - INFO - Test set: 10 samples | Class 0: 6, Class 1: 4
2026-02-26 16:50:17,995 - INFO - Training fold 3...
2026-02-26 16:50:18,151 - INFO - Fold 3 | Epoch 10/20 | Train Loss: 0.4234
2026-02-26 16:50:18,306 - INFO - Fold 3 | Epoch 20/20 | Train Loss: 0.6873
2026-02-26 16:50:18,309 - INFO - Fold 3 - Optimal Youden threshold: 0.3675
2026-02-26 16:50:18,317 - INFO - Fold 3 - Acc: 0.8000, F1: 0.7500, AUC: 0.7917
2026-02-26 16:50:18,317 - INFO - 
--- Fold 4/5 ---
2026-02-26 16:50:18,317 - INFO - Train set: 41 samples | Class 0: 24, Class 1: 17
2026-02-26 16:50:18,317 - INFO - Test set: 10 samples | Class 0: 6, Class 1: 4
2026-02-26 16:50:18,333 - INFO - Training fold 4...
2026-02-26 16:50:18,488 - INFO - Fold 4 | Epoch 10/20 | Train Loss: 0.4112
2026-02-26 16:50:18,643 - INFO - Fold 4 | Epoch 20/20 | Train Loss: 0.0031
2026-02-26 16:50:18,646 - INFO - Fold 4 - Optimal Youden threshold: 0.9955
2026-02-26 16:50:18,654 - INFO - Fold 4 - Acc: 0.9000, F1: 0.8571, AUC: 0.8333
2026-02-26 16:50:18,654 - INFO - 
--- Fold 5/5 ---
2026-02-26 16:50:18,654 - INFO - Train set: 41 samples | Class 0: 24, Class 1: 17
2026-02-26 16:50:18,654 - INFO - Test set: 10 samples | Class 0: 6, Class 1: 4
2026-02-26 16:50:18,669 - INFO - Training fold 5...
2026-02-26 16:50:18,827 - INFO - Fold 5 | Epoch 10/20 | Train Loss: 0.2592
2026-02-26 16:50:18,982 - INFO - Fold 5 | Epoch 20/20 | Train Loss: 0.0670
2026-02-26 16:50:18,984 - INFO - Fold 5 - Optimal Youden threshold: 0.0002
2026-02-26 16:50:18,993 - INFO - Fold 5 - Acc: 0.9000, F1: 0.8571, AUC: 0.8333
2026-02-26 16:50:18,995 - INFO - Combined results saved to Treatment_Response_Diff_Clinical_all_folds_combined.csv
2026-02-26 16:50:18,995 - INFO - 
============================================================
2026-02-26 16:50:18,995 - INFO - FINAL CROSS-VALIDATION RESULTS FOR: Treatment_Response_Diff_Clinical
2026-02-26 16:50:18,995 - INFO - ACC       : 0.8455 ± 0.0707
2026-02-26 16:50:18,995 - INFO - F1        : 0.8161 ± 0.0647
2026-02-26 16:50:18,995 - INFO - PRECISION : 0.8433 ± 0.1348
2026-02-26 16:50:18,995 - INFO - RECALL    : 0.8100 ± 0.0970
2026-02-26 16:50:18,995 - INFO - AUC       : 0.8233 ± 0.0832
2026-02-26 16:50:18,996 - INFO - AP        : 0.8532 ± 0.0663
2026-02-26 16:50:18,996 - INFO - ============================================================

