2025-12-01 11:15:54,977 - INFO - Using device: cuda
2025-12-01 11:15:54,977 - INFO - Hyperparameters: {
  "batch_size": 8,
  "learning_rate": 0.0005,
  "num_epochs": 200,
  "hidden_dim": 512,
  "num_blocks": 4,
  "dropout": 0.3,
  "feature_type": "ALL",
  "improvement_threshold": 0.25
}
2025-12-01 11:15:54,977 - INFO - Starting treatment response prediction pipeline
2025-12-01 11:15:54,977 - INFO - Building diff file index (mean_anomaly & mean_distortion)...
2025-12-01 11:15:55,609 - WARNING - Duplicate patient ID found: stn02, skipping additional entry
2025-12-01 11:15:56,014 - WARNING - Duplicate patient ID found: gpi11, skipping additional entry
2025-12-01 11:15:56,246 - WARNING - Duplicate patient ID found: gpi02, skipping additional entry
2025-12-01 11:15:56,293 - WARNING - Duplicate patient ID found: gpi19, skipping additional entry
2025-12-01 11:15:56,422 - WARNING - Duplicate patient ID found: stn23, skipping additional entry
2025-12-01 11:15:56,643 - WARNING - Duplicate patient ID found: stn03, skipping additional entry
2025-12-01 11:15:56,737 - WARNING - Duplicate patient ID found: gpi20, skipping additional entry
2025-12-01 11:15:56,837 - WARNING - Duplicate patient ID found: stn04, skipping additional entry
2025-12-01 11:15:57,150 - WARNING - Duplicate patient ID found: stn24, skipping additional entry
2025-12-01 11:15:57,227 - WARNING - Duplicate patient ID found: gpi04, skipping additional entry
2025-12-01 11:15:57,245 - WARNING - Duplicate patient ID found: gpi15, skipping additional entry
2025-12-01 11:15:57,317 - WARNING - Duplicate patient ID found: stn19, skipping additional entry
2025-12-01 11:15:57,336 - WARNING - Duplicate patient ID found: stn08, skipping additional entry
2025-12-01 11:15:57,399 - WARNING - Duplicate patient ID found: stn11, skipping additional entry
2025-12-01 11:15:57,448 - WARNING - Duplicate patient ID found: gpi07, skipping additional entry
2025-12-01 11:15:57,506 - WARNING - Duplicate patient ID found: gpi26, skipping additional entry
2025-12-01 11:15:57,536 - WARNING - Duplicate patient ID found: stn13, skipping additional entry
2025-12-01 11:15:57,635 - WARNING - Duplicate patient ID found: gpi06, skipping additional entry
2025-12-01 11:15:57,736 - WARNING - Duplicate patient ID found: stn30, skipping additional entry
2025-12-01 11:15:57,799 - WARNING - Duplicate patient ID found: stn18, skipping additional entry
2025-12-01 11:15:57,840 - WARNING - Duplicate patient ID found: gpi24, skipping additional entry
2025-12-01 11:15:57,866 - WARNING - Duplicate patient ID found: gpi13, skipping additional entry
2025-12-01 11:15:57,926 - WARNING - Duplicate patient ID found: stn07, skipping additional entry
2025-12-01 11:15:58,070 - WARNING - Duplicate patient ID found: stn20, skipping additional entry
2025-12-01 11:15:58,200 - WARNING - Duplicate patient ID found: gpi12, skipping additional entry
2025-12-01 11:15:58,374 - WARNING - Duplicate patient ID found: stn01, skipping additional entry
2025-12-01 11:15:58,457 - WARNING - Duplicate patient ID found: gpi22, skipping additional entry
2025-12-01 11:15:58,483 - WARNING - Duplicate patient ID found: gpi18, skipping additional entry
2025-12-01 11:15:58,529 - WARNING - Duplicate patient ID found: gpi09, skipping additional entry
2025-12-01 11:15:58,638 - WARNING - Duplicate patient ID found: gpi25, skipping additional entry
2025-12-01 11:15:58,665 - WARNING - Duplicate patient ID found: stn29, skipping additional entry
2025-12-01 11:15:58,737 - WARNING - Duplicate patient ID found: gpi31, skipping additional entry
2025-12-01 11:15:58,811 - WARNING - Duplicate patient ID found: stn10, skipping additional entry
2025-12-01 11:15:58,843 - WARNING - Duplicate patient ID found: gpi28, skipping additional entry
2025-12-01 11:15:58,861 - WARNING - Duplicate patient ID found: stn31, skipping additional entry
2025-12-01 11:15:58,905 - WARNING - Duplicate patient ID found: gpi03, skipping additional entry
2025-12-01 11:15:58,953 - WARNING - Duplicate patient ID found: gpi05, skipping additional entry
2025-12-01 11:15:58,977 - WARNING - Duplicate patient ID found: stn25, skipping additional entry
2025-12-01 11:15:58,999 - WARNING - Duplicate patient ID found: gpi08, skipping additional entry
2025-12-01 11:15:59,037 - WARNING - Duplicate patient ID found: gpi27, skipping additional entry
2025-12-01 11:15:59,090 - WARNING - Duplicate patient ID found: stn16, skipping additional entry
2025-12-01 11:15:59,134 - WARNING - Duplicate patient ID found: gpi23, skipping additional entry
2025-12-01 11:15:59,232 - WARNING - Duplicate patient ID found: stn09, skipping additional entry
2025-12-01 11:15:59,263 - WARNING - Duplicate patient ID found: stn28, skipping additional entry
2025-12-01 11:15:59,285 - WARNING - Duplicate patient ID found: stn06, skipping additional entry
2025-12-01 11:15:59,321 - WARNING - Duplicate patient ID found: stn12, skipping additional entry
2025-12-01 11:15:59,359 - WARNING - Duplicate patient ID found: gpi16, skipping additional entry
2025-12-01 11:15:59,398 - WARNING - Duplicate patient ID found: gpi30, skipping additional entry
2025-12-01 11:15:59,411 - WARNING - Duplicate patient ID found: stn21, skipping additional entry
2025-12-01 11:15:59,433 - WARNING - Duplicate patient ID found: stn22, skipping additional entry
2025-12-01 11:15:59,459 - WARNING - Duplicate patient ID found: stn14, skipping additional entry
2025-12-01 11:15:59,468 - WARNING - Duplicate patient ID found: gpi17, skipping additional entry
2025-12-01 11:15:59,481 - WARNING - Duplicate patient ID found: gpi21, skipping additional entry
2025-12-01 11:15:59,517 - WARNING - Duplicate patient ID found: gpi32, skipping additional entry
2025-12-01 11:15:59,593 - WARNING - Duplicate patient ID found: stn15, skipping additional entry
2025-12-01 11:15:59,593 - INFO - Built diff index with 71 patients
2025-12-01 11:15:59,593 - INFO - Parsing UPDRS data with diff features...
2025-12-01 11:15:59,649 - INFO - Found 55 valid samples
2025-12-01 11:15:59,649 - INFO - Preparing feature matrices with diff features...
2025-12-01 11:16:01,341 - INFO - Feature matrix shape: (55, 365), Class distribution: [24 31]
2025-12-01 11:16:01,341 - INFO - 
============================================================
2025-12-01 11:16:01,341 - INFO - Starting Cross-Validation Experiment: Treatment_Response_ALL_Thresh0.25
2025-12-01 11:16:01,341 - INFO - Total samples: 55 | Class distribution: [24 31]
2025-12-01 11:16:01,342 - INFO - 
--- Fold 1/5 ---
2025-12-01 11:16:01,342 - INFO - Train size: 44, Test size: 11
2025-12-01 11:16:01,342 - INFO - Train class balance - 0: 19, 1: 25
2025-12-01 11:16:01,342 - INFO - Test class balance  - 0: 5, 1: 6
2025-12-01 11:16:02,178 - INFO - Training fold 1 with early stopping (patience=50)...
2025-12-01 11:16:02,330 - INFO - Epoch 1/200 | Train Loss: 0.769167 | Val Loss: 0.683342 | Best Val Loss: inf (epoch 1)
2025-12-01 11:16:02,487 - INFO - Epoch 10/200 | Train Loss: 0.000039 | Val Loss: 3.944113 | Best Val Loss: inf (epoch 1)
2025-12-01 11:16:02,660 - INFO - Epoch 20/200 | Train Loss: 0.000109 | Val Loss: 3.982242 | Best Val Loss: inf (epoch 1)
2025-12-01 11:16:02,833 - INFO - Epoch 30/200 | Train Loss: 0.000023 | Val Loss: 4.000170 | Best Val Loss: inf (epoch 1)
2025-12-01 11:16:03,007 - INFO - Epoch 40/200 | Train Loss: 0.000013 | Val Loss: 3.986610 | Best Val Loss: inf (epoch 1)
2025-12-01 11:16:03,180 - INFO - Epoch 50/200 | Train Loss: 0.000157 | Val Loss: 5.910591 | Best Val Loss: inf (epoch 1)
2025-12-01 11:16:03,411 - INFO - Epoch 60/200 | Train Loss: 0.160103 | Val Loss: 2.779491 | Best Val Loss: 2.077937 (epoch 59)
2025-12-01 11:16:03,582 - INFO - Epoch 70/200 | Train Loss: 0.016143 | Val Loss: 3.002979 | Best Val Loss: 2.077937 (epoch 59)
2025-12-01 11:16:03,753 - INFO - Epoch 80/200 | Train Loss: 0.095635 | Val Loss: 5.132425 | Best Val Loss: 2.077937 (epoch 59)
2025-12-01 11:16:03,926 - INFO - Epoch 90/200 | Train Loss: 0.001944 | Val Loss: 3.101877 | Best Val Loss: 2.077937 (epoch 59)
2025-12-01 11:16:04,098 - INFO - Epoch 100/200 | Train Loss: 0.000037 | Val Loss: 5.004324 | Best Val Loss: 2.077937 (epoch 59)
2025-12-01 11:16:04,251 - INFO - Early stopping triggered at epoch 109! Best validation loss: 2.077937 at epoch 59
2025-12-01 11:16:04,263 - INFO - Loaded best model from epoch 59
2025-12-01 11:16:04,266 - INFO - Optimal Youden threshold: 0.9999
2025-12-01 11:16:04,278 - INFO - Fold 1 Results - Acc: 0.6364, F1: 0.5000, AUC: 0.5667, AP: 0.7437
2025-12-01 11:16:04,278 - INFO - 
--- Fold 2/5 ---
2025-12-01 11:16:04,278 - INFO - Train size: 44, Test size: 11
2025-12-01 11:16:04,278 - INFO - Train class balance - 0: 19, 1: 25
2025-12-01 11:16:04,279 - INFO - Test class balance  - 0: 5, 1: 6
2025-12-01 11:16:04,296 - INFO - Training fold 2 with early stopping (patience=50)...
2025-12-01 11:16:04,315 - INFO - Epoch 1/200 | Train Loss: 0.716478 | Val Loss: 0.688460 | Best Val Loss: inf (epoch 1)
2025-12-01 11:16:04,469 - INFO - Epoch 10/200 | Train Loss: 0.000489 | Val Loss: 4.268054 | Best Val Loss: inf (epoch 1)
2025-12-01 11:16:04,640 - INFO - Epoch 20/200 | Train Loss: 0.000203 | Val Loss: 4.377815 | Best Val Loss: inf (epoch 1)
2025-12-01 11:16:04,812 - INFO - Epoch 30/200 | Train Loss: 0.000017 | Val Loss: 3.637864 | Best Val Loss: inf (epoch 1)
2025-12-01 11:16:04,982 - INFO - Epoch 40/200 | Train Loss: 0.000032 | Val Loss: 3.648469 | Best Val Loss: inf (epoch 1)
2025-12-01 11:16:05,153 - INFO - Epoch 50/200 | Train Loss: 0.000037 | Val Loss: 3.695785 | Best Val Loss: inf (epoch 1)
2025-12-01 11:16:05,339 - INFO - Epoch 60/200 | Train Loss: 0.000016 | Val Loss: 3.717850 | Best Val Loss: 3.700056 (epoch 51)
2025-12-01 11:16:05,510 - INFO - Epoch 70/200 | Train Loss: 0.000014 | Val Loss: 3.737802 | Best Val Loss: 3.700056 (epoch 51)
2025-12-01 11:16:05,682 - INFO - Epoch 80/200 | Train Loss: 0.000022 | Val Loss: 3.764875 | Best Val Loss: 3.700056 (epoch 51)
2025-12-01 11:16:05,853 - INFO - Epoch 90/200 | Train Loss: 0.000011 | Val Loss: 3.839566 | Best Val Loss: 3.700056 (epoch 51)
2025-12-01 11:16:06,024 - INFO - Epoch 100/200 | Train Loss: 0.000010 | Val Loss: 3.858224 | Best Val Loss: 3.700056 (epoch 51)
2025-12-01 11:16:06,041 - INFO - Early stopping triggered at epoch 101! Best validation loss: 3.700056 at epoch 51
2025-12-01 11:16:06,053 - INFO - Loaded best model from epoch 51
2025-12-01 11:16:06,056 - INFO - Optimal Youden threshold: 1.0000
2025-12-01 11:16:06,069 - INFO - Fold 2 Results - Acc: 0.6364, F1: 0.6000, AUC: 0.5833, AP: 0.6256
2025-12-01 11:16:06,069 - INFO - 
--- Fold 3/5 ---
2025-12-01 11:16:06,070 - INFO - Train size: 44, Test size: 11
2025-12-01 11:16:06,070 - INFO - Train class balance - 0: 19, 1: 25
2025-12-01 11:16:06,070 - INFO - Test class balance  - 0: 5, 1: 6
2025-12-01 11:16:06,086 - INFO - Training fold 3 with early stopping (patience=50)...
2025-12-01 11:16:06,105 - INFO - Epoch 1/200 | Train Loss: 0.685132 | Val Loss: 0.632585 | Best Val Loss: inf (epoch 1)
2025-12-01 11:16:06,261 - INFO - Epoch 10/200 | Train Loss: 0.007455 | Val Loss: 1.776985 | Best Val Loss: inf (epoch 1)
2025-12-01 11:16:06,437 - INFO - Epoch 20/200 | Train Loss: 0.097445 | Val Loss: 3.332582 | Best Val Loss: inf (epoch 1)
2025-12-01 11:16:06,611 - INFO - Epoch 30/200 | Train Loss: 0.000575 | Val Loss: 2.363764 | Best Val Loss: inf (epoch 1)
2025-12-01 11:16:06,784 - INFO - Epoch 40/200 | Train Loss: 0.000244 | Val Loss: 2.663066 | Best Val Loss: inf (epoch 1)
2025-12-01 11:16:06,959 - INFO - Epoch 50/200 | Train Loss: 0.000039 | Val Loss: 2.808250 | Best Val Loss: inf (epoch 1)
2025-12-01 11:16:07,148 - INFO - Epoch 60/200 | Train Loss: 0.000034 | Val Loss: 2.890297 | Best Val Loss: 2.817687 (epoch 51)
2025-12-01 11:16:07,320 - INFO - Epoch 70/200 | Train Loss: 0.000032 | Val Loss: 2.958905 | Best Val Loss: 2.817687 (epoch 51)
2025-12-01 11:16:07,493 - INFO - Epoch 80/200 | Train Loss: 0.000020 | Val Loss: 3.024819 | Best Val Loss: 2.817687 (epoch 51)
2025-12-01 11:16:07,667 - INFO - Epoch 90/200 | Train Loss: 0.000017 | Val Loss: 3.084888 | Best Val Loss: 2.817687 (epoch 51)
2025-12-01 11:16:07,839 - INFO - Epoch 100/200 | Train Loss: 0.000010 | Val Loss: 3.166347 | Best Val Loss: 2.817687 (epoch 51)
2025-12-01 11:16:07,857 - INFO - Early stopping triggered at epoch 101! Best validation loss: 2.817687 at epoch 51
2025-12-01 11:16:07,869 - INFO - Loaded best model from epoch 51
2025-12-01 11:16:07,871 - INFO - Optimal Youden threshold: 0.0007
2025-12-01 11:16:07,888 - INFO - Fold 3 Results - Acc: 0.8182, F1: 0.8333, AUC: 0.7667, AP: 0.7167
2025-12-01 11:16:07,888 - INFO - 
--- Fold 4/5 ---
2025-12-01 11:16:07,888 - INFO - Train size: 44, Test size: 11
2025-12-01 11:16:07,888 - INFO - Train class balance - 0: 19, 1: 25
2025-12-01 11:16:07,888 - INFO - Test class balance  - 0: 5, 1: 6
2025-12-01 11:16:07,904 - INFO - Training fold 4 with early stopping (patience=50)...
2025-12-01 11:16:07,923 - INFO - Epoch 1/200 | Train Loss: 0.718366 | Val Loss: 0.692066 | Best Val Loss: inf (epoch 1)
2025-12-01 11:16:08,079 - INFO - Epoch 10/200 | Train Loss: 0.000598 | Val Loss: 4.742935 | Best Val Loss: inf (epoch 1)
2025-12-01 11:16:08,253 - INFO - Epoch 20/200 | Train Loss: 0.000090 | Val Loss: 5.407527 | Best Val Loss: inf (epoch 1)
2025-12-01 11:16:08,428 - INFO - Epoch 30/200 | Train Loss: 0.129819 | Val Loss: 2.195780 | Best Val Loss: inf (epoch 1)
2025-12-01 11:16:08,607 - INFO - Epoch 40/200 | Train Loss: 0.000241 | Val Loss: 2.858453 | Best Val Loss: inf (epoch 1)
2025-12-01 11:16:08,783 - INFO - Epoch 50/200 | Train Loss: 0.000108 | Val Loss: 3.547628 | Best Val Loss: inf (epoch 1)
2025-12-01 11:16:08,973 - INFO - Epoch 60/200 | Train Loss: 0.000005 | Val Loss: 4.628449 | Best Val Loss: 3.551720 (epoch 51)
2025-12-01 11:16:09,150 - INFO - Epoch 70/200 | Train Loss: 0.000002 | Val Loss: 4.748156 | Best Val Loss: 3.551720 (epoch 51)
2025-12-01 11:16:09,324 - INFO - Epoch 80/200 | Train Loss: 0.000003 | Val Loss: 4.754296 | Best Val Loss: 3.551720 (epoch 51)
2025-12-01 11:16:09,497 - INFO - Epoch 90/200 | Train Loss: 0.000002 | Val Loss: 4.657260 | Best Val Loss: 3.551720 (epoch 51)
2025-12-01 11:16:09,672 - INFO - Epoch 100/200 | Train Loss: 0.000003 | Val Loss: 4.664799 | Best Val Loss: 3.551720 (epoch 51)
2025-12-01 11:16:09,691 - INFO - Early stopping triggered at epoch 101! Best validation loss: 3.551720 at epoch 51
2025-12-01 11:16:09,702 - INFO - Loaded best model from epoch 51
2025-12-01 11:16:09,705 - INFO - Optimal Youden threshold: 1.0000
2025-12-01 11:16:09,719 - INFO - Fold 4 Results - Acc: 0.6364, F1: 0.5000, AUC: 0.5667, AP: 0.7236
2025-12-01 11:16:09,719 - INFO - 
--- Fold 5/5 ---
2025-12-01 11:16:09,719 - INFO - Train size: 44, Test size: 11
2025-12-01 11:16:09,719 - INFO - Train class balance - 0: 20, 1: 24
2025-12-01 11:16:09,720 - INFO - Test class balance  - 0: 4, 1: 7
2025-12-01 11:16:09,736 - INFO - Training fold 5 with early stopping (patience=50)...
2025-12-01 11:16:09,756 - INFO - Epoch 1/200 | Train Loss: 0.712864 | Val Loss: 0.657760 | Best Val Loss: inf (epoch 1)
2025-12-01 11:16:09,915 - INFO - Epoch 10/200 | Train Loss: 0.047693 | Val Loss: 4.124328 | Best Val Loss: inf (epoch 1)
2025-12-01 11:16:10,090 - INFO - Epoch 20/200 | Train Loss: 0.003505 | Val Loss: 6.039465 | Best Val Loss: inf (epoch 1)
2025-12-01 11:16:10,264 - INFO - Epoch 30/200 | Train Loss: 0.480044 | Val Loss: 2.011584 | Best Val Loss: inf (epoch 1)
2025-12-01 11:16:10,437 - INFO - Epoch 40/200 | Train Loss: 0.000045 | Val Loss: 6.233475 | Best Val Loss: inf (epoch 1)
2025-12-01 11:16:10,609 - INFO - Epoch 50/200 | Train Loss: 0.000126 | Val Loss: 5.618954 | Best Val Loss: inf (epoch 1)
2025-12-01 11:16:10,796 - INFO - Epoch 60/200 | Train Loss: 0.000048 | Val Loss: 5.786525 | Best Val Loss: 5.639566 (epoch 51)
2025-12-01 11:16:10,971 - INFO - Epoch 70/200 | Train Loss: 0.000063 | Val Loss: 5.967786 | Best Val Loss: 5.639566 (epoch 51)
2025-12-01 11:16:11,146 - INFO - Epoch 80/200 | Train Loss: 0.000031 | Val Loss: 6.122505 | Best Val Loss: 5.639566 (epoch 51)
2025-12-01 11:16:11,319 - INFO - Epoch 90/200 | Train Loss: 0.000048 | Val Loss: 6.246430 | Best Val Loss: 5.639566 (epoch 51)
2025-12-01 11:16:11,491 - INFO - Epoch 100/200 | Train Loss: 0.000021 | Val Loss: 6.349430 | Best Val Loss: 5.639566 (epoch 51)
2025-12-01 11:16:11,509 - INFO - Early stopping triggered at epoch 101! Best validation loss: 5.639566 at epoch 51
2025-12-01 11:16:11,521 - INFO - Loaded best model from epoch 51
2025-12-01 11:16:11,523 - INFO - Optimal Youden threshold: 0.0000
2025-12-01 11:16:11,535 - INFO - Fold 5 Results - Acc: 0.7273, F1: 0.8235, AUC: 0.3571, AP: 0.5804
2025-12-01 11:16:11,536 - INFO - 
============================================================
2025-12-01 11:16:11,536 - INFO - FINAL CROSS-VALIDATION RESULTS FOR: Treatment_Response_ALL_Thresh0.25
2025-12-01 11:16:11,536 - INFO - ACC       : 0.6909 ± 0.0727
2025-12-01 11:16:11,536 - INFO - F1        : 0.6514 ± 0.1491
2025-12-01 11:16:11,536 - INFO - PRECISION : 0.8567 ± 0.1245
2025-12-01 11:16:11,536 - INFO - RECALL    : 0.6000 ± 0.2708
2025-12-01 11:16:11,536 - INFO - AUC       : 0.5681 ± 0.1297
2025-12-01 11:16:11,536 - INFO - AP        : 0.6780 ± 0.0635
2025-12-01 11:16:11,536 - INFO - ============================================================

2025-12-01 11:16:11,538 - INFO - Results saved to final_results_Treatment_Response_ALL_Thresh0.25.json
2025-12-01 11:16:11,538 - INFO - Total execution time: 16.56 seconds
2025-12-01 11:20:03,413 - INFO - Using device: cuda
2025-12-01 11:20:03,413 - INFO - Hyperparameters: {
  "batch_size": 8,
  "learning_rate": 0.0005,
  "num_epochs": 200,
  "hidden_dim": 512,
  "num_blocks": 4,
  "dropout": 0.3,
  "feature_type": "ALL",
  "improvement_threshold": 0.25
}
2025-12-01 11:20:03,413 - INFO - Starting treatment response prediction pipeline
2025-12-01 11:20:03,413 - INFO - Building diff file index (mean_anomaly & mean_distortion)...
2025-12-01 11:20:03,414 - WARNING - Duplicate patient ID found: stn02, skipping additional entry
2025-12-01 11:20:03,415 - WARNING - Duplicate patient ID found: gpi11, skipping additional entry
2025-12-01 11:20:03,415 - WARNING - Duplicate patient ID found: gpi02, skipping additional entry
2025-12-01 11:20:03,415 - WARNING - Duplicate patient ID found: gpi19, skipping additional entry
2025-12-01 11:20:03,415 - WARNING - Duplicate patient ID found: stn23, skipping additional entry
2025-12-01 11:20:03,415 - WARNING - Duplicate patient ID found: stn03, skipping additional entry
2025-12-01 11:20:03,415 - WARNING - Duplicate patient ID found: gpi20, skipping additional entry
2025-12-01 11:20:03,416 - WARNING - Duplicate patient ID found: stn04, skipping additional entry
2025-12-01 11:20:03,416 - WARNING - Duplicate patient ID found: stn24, skipping additional entry
2025-12-01 11:20:03,416 - WARNING - Duplicate patient ID found: gpi04, skipping additional entry
2025-12-01 11:20:03,416 - WARNING - Duplicate patient ID found: gpi15, skipping additional entry
2025-12-01 11:20:03,416 - WARNING - Duplicate patient ID found: stn19, skipping additional entry
2025-12-01 11:20:03,416 - WARNING - Duplicate patient ID found: stn08, skipping additional entry
2025-12-01 11:20:03,416 - WARNING - Duplicate patient ID found: stn11, skipping additional entry
2025-12-01 11:20:03,416 - WARNING - Duplicate patient ID found: gpi07, skipping additional entry
2025-12-01 11:20:03,416 - WARNING - Duplicate patient ID found: gpi26, skipping additional entry
2025-12-01 11:20:03,416 - WARNING - Duplicate patient ID found: stn13, skipping additional entry
2025-12-01 11:20:03,417 - WARNING - Duplicate patient ID found: gpi06, skipping additional entry
2025-12-01 11:20:03,417 - WARNING - Duplicate patient ID found: stn30, skipping additional entry
2025-12-01 11:20:03,417 - WARNING - Duplicate patient ID found: stn18, skipping additional entry
2025-12-01 11:20:03,417 - WARNING - Duplicate patient ID found: gpi24, skipping additional entry
2025-12-01 11:20:03,417 - WARNING - Duplicate patient ID found: gpi13, skipping additional entry
2025-12-01 11:20:03,417 - WARNING - Duplicate patient ID found: stn07, skipping additional entry
2025-12-01 11:20:03,417 - WARNING - Duplicate patient ID found: stn20, skipping additional entry
2025-12-01 11:20:03,417 - WARNING - Duplicate patient ID found: gpi12, skipping additional entry
2025-12-01 11:20:03,418 - WARNING - Duplicate patient ID found: stn01, skipping additional entry
2025-12-01 11:20:03,418 - WARNING - Duplicate patient ID found: gpi22, skipping additional entry
2025-12-01 11:20:03,418 - WARNING - Duplicate patient ID found: gpi18, skipping additional entry
2025-12-01 11:20:03,418 - WARNING - Duplicate patient ID found: gpi09, skipping additional entry
2025-12-01 11:20:03,418 - WARNING - Duplicate patient ID found: gpi25, skipping additional entry
2025-12-01 11:20:03,418 - WARNING - Duplicate patient ID found: stn29, skipping additional entry
2025-12-01 11:20:03,418 - WARNING - Duplicate patient ID found: gpi31, skipping additional entry
2025-12-01 11:20:03,418 - WARNING - Duplicate patient ID found: stn10, skipping additional entry
2025-12-01 11:20:03,418 - WARNING - Duplicate patient ID found: gpi28, skipping additional entry
2025-12-01 11:20:03,418 - WARNING - Duplicate patient ID found: stn31, skipping additional entry
2025-12-01 11:20:03,418 - WARNING - Duplicate patient ID found: gpi03, skipping additional entry
2025-12-01 11:20:03,418 - WARNING - Duplicate patient ID found: gpi05, skipping additional entry
2025-12-01 11:20:03,419 - WARNING - Duplicate patient ID found: stn25, skipping additional entry
2025-12-01 11:20:03,419 - WARNING - Duplicate patient ID found: gpi08, skipping additional entry
2025-12-01 11:20:03,419 - WARNING - Duplicate patient ID found: gpi27, skipping additional entry
2025-12-01 11:20:03,419 - WARNING - Duplicate patient ID found: stn16, skipping additional entry
2025-12-01 11:20:03,419 - WARNING - Duplicate patient ID found: gpi23, skipping additional entry
2025-12-01 11:20:03,419 - WARNING - Duplicate patient ID found: stn09, skipping additional entry
2025-12-01 11:20:03,419 - WARNING - Duplicate patient ID found: stn28, skipping additional entry
2025-12-01 11:20:03,419 - WARNING - Duplicate patient ID found: stn06, skipping additional entry
2025-12-01 11:20:03,419 - WARNING - Duplicate patient ID found: stn12, skipping additional entry
2025-12-01 11:20:03,419 - WARNING - Duplicate patient ID found: gpi16, skipping additional entry
2025-12-01 11:20:03,419 - WARNING - Duplicate patient ID found: gpi30, skipping additional entry
2025-12-01 11:20:03,419 - WARNING - Duplicate patient ID found: stn21, skipping additional entry
2025-12-01 11:20:03,419 - WARNING - Duplicate patient ID found: stn22, skipping additional entry
2025-12-01 11:20:03,420 - WARNING - Duplicate patient ID found: stn14, skipping additional entry
2025-12-01 11:20:03,420 - WARNING - Duplicate patient ID found: gpi17, skipping additional entry
2025-12-01 11:20:03,420 - WARNING - Duplicate patient ID found: gpi21, skipping additional entry
2025-12-01 11:20:03,420 - WARNING - Duplicate patient ID found: gpi32, skipping additional entry
2025-12-01 11:20:03,420 - WARNING - Duplicate patient ID found: stn15, skipping additional entry
2025-12-01 11:20:03,420 - INFO - Built diff index with 71 patients
2025-12-01 11:20:03,420 - INFO - Parsing UPDRS data with diff features...
2025-12-01 11:20:03,434 - INFO - Found 55 valid samples
2025-12-01 11:20:03,434 - INFO - Preparing feature matrices with diff features...
2025-12-01 11:20:34,381 - INFO - Using device: cuda
2025-12-01 11:20:34,381 - INFO - Hyperparameters: {
  "batch_size": 8,
  "learning_rate": 0.0005,
  "num_epochs": 200,
  "hidden_dim": 512,
  "num_blocks": 4,
  "dropout": 0.3,
  "feature_type": "ALL",
  "improvement_threshold": 0.25
}
2025-12-01 11:20:34,381 - INFO - Starting treatment response prediction pipeline
2025-12-01 11:20:34,381 - INFO - Building diff file index (mean_anomaly & mean_distortion)...
2025-12-01 11:20:34,382 - WARNING - Duplicate patient ID found: stn02, skipping additional entry
2025-12-01 11:20:34,383 - WARNING - Duplicate patient ID found: gpi11, skipping additional entry
2025-12-01 11:20:34,383 - WARNING - Duplicate patient ID found: gpi02, skipping additional entry
2025-12-01 11:20:34,383 - WARNING - Duplicate patient ID found: gpi19, skipping additional entry
2025-12-01 11:20:34,383 - WARNING - Duplicate patient ID found: stn23, skipping additional entry
2025-12-01 11:20:34,383 - WARNING - Duplicate patient ID found: stn03, skipping additional entry
2025-12-01 11:20:34,384 - WARNING - Duplicate patient ID found: gpi20, skipping additional entry
2025-12-01 11:20:34,384 - WARNING - Duplicate patient ID found: stn04, skipping additional entry
2025-12-01 11:20:34,384 - WARNING - Duplicate patient ID found: stn24, skipping additional entry
2025-12-01 11:20:34,384 - WARNING - Duplicate patient ID found: gpi04, skipping additional entry
2025-12-01 11:20:34,384 - WARNING - Duplicate patient ID found: gpi15, skipping additional entry
2025-12-01 11:20:34,384 - WARNING - Duplicate patient ID found: stn19, skipping additional entry
2025-12-01 11:20:34,384 - WARNING - Duplicate patient ID found: stn08, skipping additional entry
2025-12-01 11:20:34,384 - WARNING - Duplicate patient ID found: stn11, skipping additional entry
2025-12-01 11:20:34,384 - WARNING - Duplicate patient ID found: gpi07, skipping additional entry
2025-12-01 11:20:34,385 - WARNING - Duplicate patient ID found: gpi26, skipping additional entry
2025-12-01 11:20:34,385 - WARNING - Duplicate patient ID found: stn13, skipping additional entry
2025-12-01 11:20:34,385 - WARNING - Duplicate patient ID found: gpi06, skipping additional entry
2025-12-01 11:20:34,385 - WARNING - Duplicate patient ID found: stn30, skipping additional entry
2025-12-01 11:20:34,385 - WARNING - Duplicate patient ID found: stn18, skipping additional entry
2025-12-01 11:20:34,385 - WARNING - Duplicate patient ID found: gpi24, skipping additional entry
2025-12-01 11:20:34,385 - WARNING - Duplicate patient ID found: gpi13, skipping additional entry
2025-12-01 11:20:34,385 - WARNING - Duplicate patient ID found: stn07, skipping additional entry
2025-12-01 11:20:34,385 - WARNING - Duplicate patient ID found: stn20, skipping additional entry
2025-12-01 11:20:34,386 - WARNING - Duplicate patient ID found: gpi12, skipping additional entry
2025-12-01 11:20:34,386 - WARNING - Duplicate patient ID found: stn01, skipping additional entry
2025-12-01 11:20:34,386 - WARNING - Duplicate patient ID found: gpi22, skipping additional entry
2025-12-01 11:20:34,386 - WARNING - Duplicate patient ID found: gpi18, skipping additional entry
2025-12-01 11:20:34,386 - WARNING - Duplicate patient ID found: gpi09, skipping additional entry
2025-12-01 11:20:34,386 - WARNING - Duplicate patient ID found: gpi25, skipping additional entry
2025-12-01 11:20:34,386 - WARNING - Duplicate patient ID found: stn29, skipping additional entry
2025-12-01 11:20:34,386 - WARNING - Duplicate patient ID found: gpi31, skipping additional entry
2025-12-01 11:20:34,386 - WARNING - Duplicate patient ID found: stn10, skipping additional entry
2025-12-01 11:20:34,386 - WARNING - Duplicate patient ID found: gpi28, skipping additional entry
2025-12-01 11:20:34,387 - WARNING - Duplicate patient ID found: stn31, skipping additional entry
2025-12-01 11:20:34,387 - WARNING - Duplicate patient ID found: gpi03, skipping additional entry
2025-12-01 11:20:34,387 - WARNING - Duplicate patient ID found: gpi05, skipping additional entry
2025-12-01 11:20:34,387 - WARNING - Duplicate patient ID found: stn25, skipping additional entry
2025-12-01 11:20:34,387 - WARNING - Duplicate patient ID found: gpi08, skipping additional entry
2025-12-01 11:20:34,387 - WARNING - Duplicate patient ID found: gpi27, skipping additional entry
2025-12-01 11:20:34,387 - WARNING - Duplicate patient ID found: stn16, skipping additional entry
2025-12-01 11:20:34,387 - WARNING - Duplicate patient ID found: gpi23, skipping additional entry
2025-12-01 11:20:34,387 - WARNING - Duplicate patient ID found: stn09, skipping additional entry
2025-12-01 11:20:34,387 - WARNING - Duplicate patient ID found: stn28, skipping additional entry
2025-12-01 11:20:34,387 - WARNING - Duplicate patient ID found: stn06, skipping additional entry
2025-12-01 11:20:34,387 - WARNING - Duplicate patient ID found: stn12, skipping additional entry
2025-12-01 11:20:34,387 - WARNING - Duplicate patient ID found: gpi16, skipping additional entry
2025-12-01 11:20:34,388 - WARNING - Duplicate patient ID found: gpi30, skipping additional entry
2025-12-01 11:20:34,388 - WARNING - Duplicate patient ID found: stn21, skipping additional entry
2025-12-01 11:20:34,388 - WARNING - Duplicate patient ID found: stn22, skipping additional entry
2025-12-01 11:20:34,388 - WARNING - Duplicate patient ID found: stn14, skipping additional entry
2025-12-01 11:20:34,388 - WARNING - Duplicate patient ID found: gpi17, skipping additional entry
2025-12-01 11:20:34,388 - WARNING - Duplicate patient ID found: gpi21, skipping additional entry
2025-12-01 11:20:34,388 - WARNING - Duplicate patient ID found: gpi32, skipping additional entry
2025-12-01 11:20:34,388 - WARNING - Duplicate patient ID found: stn15, skipping additional entry
2025-12-01 11:20:34,388 - INFO - Built diff index with 71 patients
2025-12-01 11:20:34,388 - INFO - Parsing UPDRS data with diff features...
2025-12-01 11:20:34,402 - INFO - Found 55 valid samples
2025-12-01 11:20:34,403 - INFO - Preparing feature matrices with diff features...
2025-12-01 11:20:47,992 - INFO - Using device: cuda
2025-12-01 11:20:47,992 - INFO - Hyperparameters: {
  "batch_size": 8,
  "learning_rate": 0.0005,
  "num_epochs": 200,
  "hidden_dim": 512,
  "num_blocks": 4,
  "dropout": 0.3,
  "feature_type": "ALL",
  "improvement_threshold": 0.25
}
2025-12-01 11:20:47,993 - INFO - Starting treatment response prediction pipeline
2025-12-01 11:20:47,993 - INFO - Building diff file index (mean_anomaly & mean_distortion)...
2025-12-01 11:20:47,994 - WARNING - Duplicate patient ID found: stn02, skipping additional entry
2025-12-01 11:20:47,994 - WARNING - Duplicate patient ID found: gpi11, skipping additional entry
2025-12-01 11:20:47,994 - WARNING - Duplicate patient ID found: gpi02, skipping additional entry
2025-12-01 11:20:47,994 - WARNING - Duplicate patient ID found: gpi19, skipping additional entry
2025-12-01 11:20:47,995 - WARNING - Duplicate patient ID found: stn23, skipping additional entry
2025-12-01 11:20:47,995 - WARNING - Duplicate patient ID found: stn03, skipping additional entry
2025-12-01 11:20:47,995 - WARNING - Duplicate patient ID found: gpi20, skipping additional entry
2025-12-01 11:20:47,995 - WARNING - Duplicate patient ID found: stn04, skipping additional entry
2025-12-01 11:20:47,995 - WARNING - Duplicate patient ID found: stn24, skipping additional entry
2025-12-01 11:20:47,995 - WARNING - Duplicate patient ID found: gpi04, skipping additional entry
2025-12-01 11:20:47,995 - WARNING - Duplicate patient ID found: gpi15, skipping additional entry
2025-12-01 11:20:47,996 - WARNING - Duplicate patient ID found: stn19, skipping additional entry
2025-12-01 11:20:47,996 - WARNING - Duplicate patient ID found: stn08, skipping additional entry
2025-12-01 11:20:47,996 - WARNING - Duplicate patient ID found: stn11, skipping additional entry
2025-12-01 11:20:47,996 - WARNING - Duplicate patient ID found: gpi07, skipping additional entry
2025-12-01 11:20:47,996 - WARNING - Duplicate patient ID found: gpi26, skipping additional entry
2025-12-01 11:20:47,996 - WARNING - Duplicate patient ID found: stn13, skipping additional entry
2025-12-01 11:20:47,996 - WARNING - Duplicate patient ID found: gpi06, skipping additional entry
2025-12-01 11:20:47,996 - WARNING - Duplicate patient ID found: stn30, skipping additional entry
2025-12-01 11:20:47,996 - WARNING - Duplicate patient ID found: stn18, skipping additional entry
2025-12-01 11:20:47,996 - WARNING - Duplicate patient ID found: gpi24, skipping additional entry
2025-12-01 11:20:47,996 - WARNING - Duplicate patient ID found: gpi13, skipping additional entry
2025-12-01 11:20:47,997 - WARNING - Duplicate patient ID found: stn07, skipping additional entry
2025-12-01 11:20:47,997 - WARNING - Duplicate patient ID found: stn20, skipping additional entry
2025-12-01 11:20:47,997 - WARNING - Duplicate patient ID found: gpi12, skipping additional entry
2025-12-01 11:20:47,997 - WARNING - Duplicate patient ID found: stn01, skipping additional entry
2025-12-01 11:20:47,997 - WARNING - Duplicate patient ID found: gpi22, skipping additional entry
2025-12-01 11:20:47,997 - WARNING - Duplicate patient ID found: gpi18, skipping additional entry
2025-12-01 11:20:47,997 - WARNING - Duplicate patient ID found: gpi09, skipping additional entry
2025-12-01 11:20:47,997 - WARNING - Duplicate patient ID found: gpi25, skipping additional entry
2025-12-01 11:20:47,998 - WARNING - Duplicate patient ID found: stn29, skipping additional entry
2025-12-01 11:20:47,998 - WARNING - Duplicate patient ID found: gpi31, skipping additional entry
2025-12-01 11:20:47,998 - WARNING - Duplicate patient ID found: stn10, skipping additional entry
2025-12-01 11:20:47,998 - WARNING - Duplicate patient ID found: gpi28, skipping additional entry
2025-12-01 11:20:47,998 - WARNING - Duplicate patient ID found: stn31, skipping additional entry
2025-12-01 11:20:47,998 - WARNING - Duplicate patient ID found: gpi03, skipping additional entry
2025-12-01 11:20:47,998 - WARNING - Duplicate patient ID found: gpi05, skipping additional entry
2025-12-01 11:20:47,998 - WARNING - Duplicate patient ID found: stn25, skipping additional entry
2025-12-01 11:20:47,998 - WARNING - Duplicate patient ID found: gpi08, skipping additional entry
2025-12-01 11:20:47,998 - WARNING - Duplicate patient ID found: gpi27, skipping additional entry
2025-12-01 11:20:47,998 - WARNING - Duplicate patient ID found: stn16, skipping additional entry
2025-12-01 11:20:47,998 - WARNING - Duplicate patient ID found: gpi23, skipping additional entry
2025-12-01 11:20:47,999 - WARNING - Duplicate patient ID found: stn09, skipping additional entry
2025-12-01 11:20:47,999 - WARNING - Duplicate patient ID found: stn28, skipping additional entry
2025-12-01 11:20:47,999 - WARNING - Duplicate patient ID found: stn06, skipping additional entry
2025-12-01 11:20:47,999 - WARNING - Duplicate patient ID found: stn12, skipping additional entry
2025-12-01 11:20:47,999 - WARNING - Duplicate patient ID found: gpi16, skipping additional entry
2025-12-01 11:20:47,999 - WARNING - Duplicate patient ID found: gpi30, skipping additional entry
2025-12-01 11:20:47,999 - WARNING - Duplicate patient ID found: stn21, skipping additional entry
2025-12-01 11:20:47,999 - WARNING - Duplicate patient ID found: stn22, skipping additional entry
2025-12-01 11:20:47,999 - WARNING - Duplicate patient ID found: stn14, skipping additional entry
2025-12-01 11:20:47,999 - WARNING - Duplicate patient ID found: gpi17, skipping additional entry
2025-12-01 11:20:47,999 - WARNING - Duplicate patient ID found: gpi21, skipping additional entry
2025-12-01 11:20:47,999 - WARNING - Duplicate patient ID found: gpi32, skipping additional entry
2025-12-01 11:20:47,999 - WARNING - Duplicate patient ID found: stn15, skipping additional entry
2025-12-01 11:20:47,999 - INFO - Built diff index with 71 patients
2025-12-01 11:20:47,999 - INFO - Parsing UPDRS data with diff features...
2025-12-01 11:20:48,013 - INFO - Found 55 valid samples
2025-12-01 11:20:48,014 - INFO - Preparing feature matrices with diff features...
2025-12-01 11:20:48,052 - INFO - Feature matrix shape: (55, 365), Class distribution: [24 31]
2025-12-01 11:20:48,052 - INFO - 
============================================================
2025-12-01 11:20:48,052 - INFO - Starting Cross-Validation Experiment: Treatment_Response_ALL_Thresh0.25
2025-12-01 11:20:48,052 - INFO - Total samples: 55 | Class distribution: [24 31]
2025-12-01 11:20:48,053 - INFO - 
--- Fold 1/5 ---
2025-12-01 11:20:48,053 - INFO - Train size: 44, Test size: 11
2025-12-01 11:20:48,053 - INFO - Train class balance - 0: 19, 1: 25
2025-12-01 11:20:48,053 - INFO - Test class balance  - 0: 5, 1: 6
2025-12-01 11:20:48,894 - INFO - Training fold 1 with early stopping (patience=50)...
2025-12-01 11:20:49,047 - INFO - Epoch 1/200 | Train Loss: 0.769167 | Val Loss: 0.683342 | Best Val Loss: inf (epoch 1)
2025-12-01 11:20:49,206 - INFO - Epoch 10/200 | Train Loss: 0.000039 | Val Loss: 3.944113 | Best Val Loss: inf (epoch 1)
2025-12-01 11:20:49,381 - INFO - Epoch 20/200 | Train Loss: 0.000109 | Val Loss: 3.982242 | Best Val Loss: inf (epoch 1)
2025-12-01 11:20:49,556 - INFO - Epoch 30/200 | Train Loss: 0.000023 | Val Loss: 4.000170 | Best Val Loss: inf (epoch 1)
2025-12-01 11:20:49,732 - INFO - Epoch 40/200 | Train Loss: 0.000013 | Val Loss: 3.986610 | Best Val Loss: inf (epoch 1)
2025-12-01 11:20:49,908 - INFO - Epoch 50/200 | Train Loss: 0.000157 | Val Loss: 5.910591 | Best Val Loss: inf (epoch 1)
2025-12-01 11:20:50,145 - INFO - Epoch 60/200 | Train Loss: 0.160103 | Val Loss: 2.779491 | Best Val Loss: 2.077937 (epoch 59)
2025-12-01 11:20:50,319 - INFO - Epoch 70/200 | Train Loss: 0.016143 | Val Loss: 3.002979 | Best Val Loss: 2.077937 (epoch 59)
2025-12-01 11:20:50,492 - INFO - Epoch 80/200 | Train Loss: 0.095635 | Val Loss: 5.132425 | Best Val Loss: 2.077937 (epoch 59)
2025-12-01 11:20:50,666 - INFO - Epoch 90/200 | Train Loss: 0.001944 | Val Loss: 3.101877 | Best Val Loss: 2.077937 (epoch 59)
2025-12-01 11:20:50,839 - INFO - Epoch 100/200 | Train Loss: 0.000037 | Val Loss: 5.004324 | Best Val Loss: 2.077937 (epoch 59)
2025-12-01 11:20:50,997 - INFO - Early stopping triggered at epoch 109! Best validation loss: 2.077937 at epoch 59
2025-12-01 11:20:51,009 - INFO - Loaded best model from epoch 59
2025-12-01 11:20:51,012 - INFO - Optimal Youden threshold: 0.9999
2025-12-01 11:20:51,029 - INFO - Fold 1 Results - Acc: 0.6364, F1: 0.5000, AUC: 0.5667, AP: 0.7437
2025-12-01 11:20:51,029 - INFO - 
--- Fold 2/5 ---
2025-12-01 11:20:51,029 - INFO - Train size: 44, Test size: 11
2025-12-01 11:20:51,029 - INFO - Train class balance - 0: 19, 1: 25
2025-12-01 11:20:51,029 - INFO - Test class balance  - 0: 5, 1: 6
2025-12-01 11:20:51,048 - INFO - Training fold 2 with early stopping (patience=50)...
2025-12-01 11:20:51,067 - INFO - Epoch 1/200 | Train Loss: 0.716478 | Val Loss: 0.688460 | Best Val Loss: inf (epoch 1)
2025-12-01 11:20:51,223 - INFO - Epoch 10/200 | Train Loss: 0.000489 | Val Loss: 4.268054 | Best Val Loss: inf (epoch 1)
2025-12-01 11:20:51,396 - INFO - Epoch 20/200 | Train Loss: 0.000203 | Val Loss: 4.377815 | Best Val Loss: inf (epoch 1)
2025-12-01 11:20:51,569 - INFO - Epoch 30/200 | Train Loss: 0.000017 | Val Loss: 3.637864 | Best Val Loss: inf (epoch 1)
2025-12-01 11:20:51,743 - INFO - Epoch 40/200 | Train Loss: 0.000032 | Val Loss: 3.648469 | Best Val Loss: inf (epoch 1)
2025-12-01 11:20:51,916 - INFO - Epoch 50/200 | Train Loss: 0.000037 | Val Loss: 3.695785 | Best Val Loss: inf (epoch 1)
2025-12-01 11:20:52,101 - INFO - Epoch 60/200 | Train Loss: 0.000016 | Val Loss: 3.717850 | Best Val Loss: 3.700056 (epoch 51)
2025-12-01 11:20:52,277 - INFO - Epoch 70/200 | Train Loss: 0.000014 | Val Loss: 3.737802 | Best Val Loss: 3.700056 (epoch 51)
2025-12-01 11:20:52,451 - INFO - Epoch 80/200 | Train Loss: 0.000022 | Val Loss: 3.764875 | Best Val Loss: 3.700056 (epoch 51)
2025-12-01 11:20:52,624 - INFO - Epoch 90/200 | Train Loss: 0.000011 | Val Loss: 3.839566 | Best Val Loss: 3.700056 (epoch 51)
2025-12-01 11:20:52,798 - INFO - Epoch 100/200 | Train Loss: 0.000010 | Val Loss: 3.858224 | Best Val Loss: 3.700056 (epoch 51)
2025-12-01 11:20:52,816 - INFO - Early stopping triggered at epoch 101! Best validation loss: 3.700056 at epoch 51
2025-12-01 11:20:52,828 - INFO - Loaded best model from epoch 51
2025-12-01 11:20:52,831 - INFO - Optimal Youden threshold: 1.0000
2025-12-01 11:20:52,845 - INFO - Fold 2 Results - Acc: 0.6364, F1: 0.6000, AUC: 0.5833, AP: 0.6256
2025-12-01 11:20:52,845 - INFO - 
--- Fold 3/5 ---
2025-12-01 11:20:52,845 - INFO - Train size: 44, Test size: 11
2025-12-01 11:20:52,845 - INFO - Train class balance - 0: 19, 1: 25
2025-12-01 11:20:52,845 - INFO - Test class balance  - 0: 5, 1: 6
2025-12-01 11:20:52,862 - INFO - Training fold 3 with early stopping (patience=50)...
2025-12-01 11:20:52,881 - INFO - Epoch 1/200 | Train Loss: 0.685132 | Val Loss: 0.632585 | Best Val Loss: inf (epoch 1)
2025-12-01 11:20:53,038 - INFO - Epoch 10/200 | Train Loss: 0.007455 | Val Loss: 1.776985 | Best Val Loss: inf (epoch 1)
2025-12-01 11:20:53,211 - INFO - Epoch 20/200 | Train Loss: 0.097445 | Val Loss: 3.332582 | Best Val Loss: inf (epoch 1)
2025-12-01 11:20:53,385 - INFO - Epoch 30/200 | Train Loss: 0.000575 | Val Loss: 2.363764 | Best Val Loss: inf (epoch 1)
2025-12-01 11:20:53,560 - INFO - Epoch 40/200 | Train Loss: 0.000244 | Val Loss: 2.663066 | Best Val Loss: inf (epoch 1)
2025-12-01 11:20:53,734 - INFO - Epoch 50/200 | Train Loss: 0.000039 | Val Loss: 2.808250 | Best Val Loss: inf (epoch 1)
2025-12-01 11:20:53,919 - INFO - Epoch 60/200 | Train Loss: 0.000034 | Val Loss: 2.890297 | Best Val Loss: 2.817687 (epoch 51)
2025-12-01 11:20:54,093 - INFO - Epoch 70/200 | Train Loss: 0.000032 | Val Loss: 2.958905 | Best Val Loss: 2.817687 (epoch 51)
2025-12-01 11:20:54,267 - INFO - Epoch 80/200 | Train Loss: 0.000020 | Val Loss: 3.024819 | Best Val Loss: 2.817687 (epoch 51)
2025-12-01 11:20:54,441 - INFO - Epoch 90/200 | Train Loss: 0.000017 | Val Loss: 3.084888 | Best Val Loss: 2.817687 (epoch 51)
2025-12-01 11:20:54,615 - INFO - Epoch 100/200 | Train Loss: 0.000010 | Val Loss: 3.166347 | Best Val Loss: 2.817687 (epoch 51)
2025-12-01 11:20:54,634 - INFO - Early stopping triggered at epoch 101! Best validation loss: 2.817687 at epoch 51
2025-12-01 11:20:54,645 - INFO - Loaded best model from epoch 51
2025-12-01 11:20:54,648 - INFO - Optimal Youden threshold: 0.0007
2025-12-01 11:20:54,662 - INFO - Fold 3 Results - Acc: 0.8182, F1: 0.8333, AUC: 0.7667, AP: 0.7167
2025-12-01 11:20:54,662 - INFO - 
--- Fold 4/5 ---
2025-12-01 11:20:54,662 - INFO - Train size: 44, Test size: 11
2025-12-01 11:20:54,662 - INFO - Train class balance - 0: 19, 1: 25
2025-12-01 11:20:54,662 - INFO - Test class balance  - 0: 5, 1: 6
2025-12-01 11:20:54,678 - INFO - Training fold 4 with early stopping (patience=50)...
2025-12-01 11:20:54,698 - INFO - Epoch 1/200 | Train Loss: 0.718366 | Val Loss: 0.692066 | Best Val Loss: inf (epoch 1)
2025-12-01 11:20:54,855 - INFO - Epoch 10/200 | Train Loss: 0.000598 | Val Loss: 4.742935 | Best Val Loss: inf (epoch 1)
2025-12-01 11:20:55,031 - INFO - Epoch 20/200 | Train Loss: 0.000090 | Val Loss: 5.407527 | Best Val Loss: inf (epoch 1)
2025-12-01 11:20:55,206 - INFO - Epoch 30/200 | Train Loss: 0.129819 | Val Loss: 2.195780 | Best Val Loss: inf (epoch 1)
2025-12-01 11:20:55,383 - INFO - Epoch 40/200 | Train Loss: 0.000241 | Val Loss: 2.858453 | Best Val Loss: inf (epoch 1)
2025-12-01 11:20:55,560 - INFO - Epoch 50/200 | Train Loss: 0.000108 | Val Loss: 3.547628 | Best Val Loss: inf (epoch 1)
2025-12-01 11:20:55,746 - INFO - Epoch 60/200 | Train Loss: 0.000005 | Val Loss: 4.628449 | Best Val Loss: 3.551720 (epoch 51)
2025-12-01 11:20:55,922 - INFO - Epoch 70/200 | Train Loss: 0.000002 | Val Loss: 4.748156 | Best Val Loss: 3.551720 (epoch 51)
2025-12-01 11:20:56,097 - INFO - Epoch 80/200 | Train Loss: 0.000003 | Val Loss: 4.754296 | Best Val Loss: 3.551720 (epoch 51)
2025-12-01 11:20:56,273 - INFO - Epoch 90/200 | Train Loss: 0.000002 | Val Loss: 4.657260 | Best Val Loss: 3.551720 (epoch 51)
2025-12-01 11:20:56,446 - INFO - Epoch 100/200 | Train Loss: 0.000003 | Val Loss: 4.664799 | Best Val Loss: 3.551720 (epoch 51)
2025-12-01 11:20:56,464 - INFO - Early stopping triggered at epoch 101! Best validation loss: 3.551720 at epoch 51
2025-12-01 11:20:56,474 - INFO - Loaded best model from epoch 51
2025-12-01 11:20:56,477 - INFO - Optimal Youden threshold: 1.0000
2025-12-01 11:20:56,490 - INFO - Fold 4 Results - Acc: 0.6364, F1: 0.5000, AUC: 0.5667, AP: 0.7236
2025-12-01 11:20:56,490 - INFO - 
--- Fold 5/5 ---
2025-12-01 11:20:56,490 - INFO - Train size: 44, Test size: 11
2025-12-01 11:20:56,490 - INFO - Train class balance - 0: 20, 1: 24
2025-12-01 11:20:56,490 - INFO - Test class balance  - 0: 4, 1: 7
2025-12-01 11:20:56,506 - INFO - Training fold 5 with early stopping (patience=50)...
2025-12-01 11:20:56,525 - INFO - Epoch 1/200 | Train Loss: 0.712864 | Val Loss: 0.657760 | Best Val Loss: inf (epoch 1)
2025-12-01 11:20:56,683 - INFO - Epoch 10/200 | Train Loss: 0.047693 | Val Loss: 4.124328 | Best Val Loss: inf (epoch 1)
2025-12-01 11:20:56,857 - INFO - Epoch 20/200 | Train Loss: 0.003505 | Val Loss: 6.039465 | Best Val Loss: inf (epoch 1)
2025-12-01 11:20:57,031 - INFO - Epoch 30/200 | Train Loss: 0.480044 | Val Loss: 2.011584 | Best Val Loss: inf (epoch 1)
2025-12-01 11:20:57,206 - INFO - Epoch 40/200 | Train Loss: 0.000045 | Val Loss: 6.233475 | Best Val Loss: inf (epoch 1)
2025-12-01 11:20:57,379 - INFO - Epoch 50/200 | Train Loss: 0.000126 | Val Loss: 5.618954 | Best Val Loss: inf (epoch 1)
2025-12-01 11:20:57,562 - INFO - Epoch 60/200 | Train Loss: 0.000048 | Val Loss: 5.786525 | Best Val Loss: 5.639566 (epoch 51)
2025-12-01 11:20:57,736 - INFO - Epoch 70/200 | Train Loss: 0.000063 | Val Loss: 5.967786 | Best Val Loss: 5.639566 (epoch 51)
2025-12-01 11:20:57,909 - INFO - Epoch 80/200 | Train Loss: 0.000031 | Val Loss: 6.122505 | Best Val Loss: 5.639566 (epoch 51)
2025-12-01 11:20:58,081 - INFO - Epoch 90/200 | Train Loss: 0.000048 | Val Loss: 6.246430 | Best Val Loss: 5.639566 (epoch 51)
2025-12-01 11:20:58,254 - INFO - Epoch 100/200 | Train Loss: 0.000021 | Val Loss: 6.349430 | Best Val Loss: 5.639566 (epoch 51)
2025-12-01 11:20:58,272 - INFO - Early stopping triggered at epoch 101! Best validation loss: 5.639566 at epoch 51
2025-12-01 11:20:58,284 - INFO - Loaded best model from epoch 51
2025-12-01 11:20:58,288 - INFO - Optimal Youden threshold: 0.0000
2025-12-01 11:20:58,302 - INFO - Fold 5 Results - Acc: 0.7273, F1: 0.8235, AUC: 0.3571, AP: 0.5804
2025-12-01 11:20:58,302 - INFO - 
============================================================
2025-12-01 11:20:58,302 - INFO - FINAL CROSS-VALIDATION RESULTS FOR: Treatment_Response_ALL_Thresh0.25
2025-12-01 11:20:58,302 - INFO - ACC       : 0.6909 ± 0.0727
2025-12-01 11:20:58,302 - INFO - F1        : 0.6514 ± 0.1491
2025-12-01 11:20:58,302 - INFO - PRECISION : 0.8567 ± 0.1245
2025-12-01 11:20:58,302 - INFO - RECALL    : 0.6000 ± 0.2708
2025-12-01 11:20:58,302 - INFO - AUC       : 0.5681 ± 0.1297
2025-12-01 11:20:58,302 - INFO - AP        : 0.6780 ± 0.0635
2025-12-01 11:20:58,302 - INFO - ============================================================

2025-12-01 11:20:58,306 - INFO - Results saved to final_results_Treatment_Response_ALL_Thresh0.25.json
2025-12-01 11:20:58,306 - INFO - Total execution time: 10.31 seconds
2025-12-01 11:21:34,093 - INFO - Using device: cuda
2025-12-01 11:21:34,093 - INFO - Hyperparameters: {
  "batch_size": 8,
  "learning_rate": 0.0005,
  "num_epochs": 200,
  "hidden_dim": 512,
  "num_blocks": 4,
  "dropout": 0.3,
  "feature_type": "UPDRS",
  "improvement_threshold": 0.25
}
2025-12-01 11:21:34,094 - INFO - Starting treatment response prediction pipeline
2025-12-01 11:21:34,094 - INFO - Building diff file index (mean_anomaly & mean_distortion)...
2025-12-01 11:21:34,095 - WARNING - Duplicate patient ID found: stn02, skipping additional entry
2025-12-01 11:21:34,095 - WARNING - Duplicate patient ID found: gpi11, skipping additional entry
2025-12-01 11:21:34,095 - WARNING - Duplicate patient ID found: gpi02, skipping additional entry
2025-12-01 11:21:34,095 - WARNING - Duplicate patient ID found: gpi19, skipping additional entry
2025-12-01 11:21:34,096 - WARNING - Duplicate patient ID found: stn23, skipping additional entry
2025-12-01 11:21:34,096 - WARNING - Duplicate patient ID found: stn03, skipping additional entry
2025-12-01 11:21:34,096 - WARNING - Duplicate patient ID found: gpi20, skipping additional entry
2025-12-01 11:21:34,096 - WARNING - Duplicate patient ID found: stn04, skipping additional entry
2025-12-01 11:21:34,096 - WARNING - Duplicate patient ID found: stn24, skipping additional entry
2025-12-01 11:21:34,096 - WARNING - Duplicate patient ID found: gpi04, skipping additional entry
2025-12-01 11:21:34,096 - WARNING - Duplicate patient ID found: gpi15, skipping additional entry
2025-12-01 11:21:34,097 - WARNING - Duplicate patient ID found: stn19, skipping additional entry
2025-12-01 11:21:34,097 - WARNING - Duplicate patient ID found: stn08, skipping additional entry
2025-12-01 11:21:34,097 - WARNING - Duplicate patient ID found: stn11, skipping additional entry
2025-12-01 11:21:34,097 - WARNING - Duplicate patient ID found: gpi07, skipping additional entry
2025-12-01 11:21:34,097 - WARNING - Duplicate patient ID found: gpi26, skipping additional entry
2025-12-01 11:21:34,097 - WARNING - Duplicate patient ID found: stn13, skipping additional entry
2025-12-01 11:21:34,097 - WARNING - Duplicate patient ID found: gpi06, skipping additional entry
2025-12-01 11:21:34,097 - WARNING - Duplicate patient ID found: stn30, skipping additional entry
2025-12-01 11:21:34,097 - WARNING - Duplicate patient ID found: stn18, skipping additional entry
2025-12-01 11:21:34,097 - WARNING - Duplicate patient ID found: gpi24, skipping additional entry
2025-12-01 11:21:34,097 - WARNING - Duplicate patient ID found: gpi13, skipping additional entry
2025-12-01 11:21:34,098 - WARNING - Duplicate patient ID found: stn07, skipping additional entry
2025-12-01 11:21:34,098 - WARNING - Duplicate patient ID found: stn20, skipping additional entry
2025-12-01 11:21:34,098 - WARNING - Duplicate patient ID found: gpi12, skipping additional entry
2025-12-01 11:21:34,098 - WARNING - Duplicate patient ID found: stn01, skipping additional entry
2025-12-01 11:21:34,098 - WARNING - Duplicate patient ID found: gpi22, skipping additional entry
2025-12-01 11:21:34,098 - WARNING - Duplicate patient ID found: gpi18, skipping additional entry
2025-12-01 11:21:34,098 - WARNING - Duplicate patient ID found: gpi09, skipping additional entry
2025-12-01 11:21:34,098 - WARNING - Duplicate patient ID found: gpi25, skipping additional entry
2025-12-01 11:21:34,099 - WARNING - Duplicate patient ID found: stn29, skipping additional entry
2025-12-01 11:21:34,099 - WARNING - Duplicate patient ID found: gpi31, skipping additional entry
2025-12-01 11:21:34,099 - WARNING - Duplicate patient ID found: stn10, skipping additional entry
2025-12-01 11:21:34,099 - WARNING - Duplicate patient ID found: gpi28, skipping additional entry
2025-12-01 11:21:34,099 - WARNING - Duplicate patient ID found: stn31, skipping additional entry
2025-12-01 11:21:34,099 - WARNING - Duplicate patient ID found: gpi03, skipping additional entry
2025-12-01 11:21:34,099 - WARNING - Duplicate patient ID found: gpi05, skipping additional entry
2025-12-01 11:21:34,099 - WARNING - Duplicate patient ID found: stn25, skipping additional entry
2025-12-01 11:21:34,099 - WARNING - Duplicate patient ID found: gpi08, skipping additional entry
2025-12-01 11:21:34,099 - WARNING - Duplicate patient ID found: gpi27, skipping additional entry
2025-12-01 11:21:34,099 - WARNING - Duplicate patient ID found: stn16, skipping additional entry
2025-12-01 11:21:34,099 - WARNING - Duplicate patient ID found: gpi23, skipping additional entry
2025-12-01 11:21:34,100 - WARNING - Duplicate patient ID found: stn09, skipping additional entry
2025-12-01 11:21:34,100 - WARNING - Duplicate patient ID found: stn28, skipping additional entry
2025-12-01 11:21:34,100 - WARNING - Duplicate patient ID found: stn06, skipping additional entry
2025-12-01 11:21:34,100 - WARNING - Duplicate patient ID found: stn12, skipping additional entry
2025-12-01 11:21:34,100 - WARNING - Duplicate patient ID found: gpi16, skipping additional entry
2025-12-01 11:21:34,100 - WARNING - Duplicate patient ID found: gpi30, skipping additional entry
2025-12-01 11:21:34,100 - WARNING - Duplicate patient ID found: stn21, skipping additional entry
2025-12-01 11:21:34,100 - WARNING - Duplicate patient ID found: stn22, skipping additional entry
2025-12-01 11:21:34,100 - WARNING - Duplicate patient ID found: stn14, skipping additional entry
2025-12-01 11:21:34,100 - WARNING - Duplicate patient ID found: gpi17, skipping additional entry
2025-12-01 11:21:34,100 - WARNING - Duplicate patient ID found: gpi21, skipping additional entry
2025-12-01 11:21:34,100 - WARNING - Duplicate patient ID found: gpi32, skipping additional entry
2025-12-01 11:21:34,100 - WARNING - Duplicate patient ID found: stn15, skipping additional entry
2025-12-01 11:21:34,100 - INFO - Built diff index with 71 patients
2025-12-01 11:21:34,100 - INFO - Parsing UPDRS data with diff features...
2025-12-01 11:21:34,115 - INFO - Found 55 valid samples
2025-12-01 11:21:34,115 - INFO - Preparing feature matrices with diff features...
2025-12-01 11:21:34,152 - INFO - Feature matrix shape: (55, 33), Class distribution: [24 31]
2025-12-01 11:21:34,153 - INFO - 
============================================================
2025-12-01 11:21:34,153 - INFO - Starting Cross-Validation Experiment: Treatment_Response_UPDRS_Thresh0.25
2025-12-01 11:21:34,153 - INFO - Total samples: 55 | Class distribution: [24 31]
2025-12-01 11:21:34,153 - INFO - 
--- Fold 1/5 ---
2025-12-01 11:21:34,154 - INFO - Train size: 44, Test size: 11
2025-12-01 11:21:34,154 - INFO - Train class balance - 0: 19, 1: 25
2025-12-01 11:21:34,154 - INFO - Test class balance  - 0: 5, 1: 6
2025-12-01 11:21:34,975 - INFO - Training fold 1 with early stopping (patience=50)...
2025-12-01 11:21:35,127 - INFO - Epoch 1/200 | Train Loss: 0.603987 | Val Loss: 1.008903 | Best Val Loss: inf (epoch 1)
2025-12-01 11:21:35,283 - INFO - Epoch 10/200 | Train Loss: 0.309296 | Val Loss: 1.201134 | Best Val Loss: inf (epoch 1)
2025-12-01 11:21:35,455 - INFO - Epoch 20/200 | Train Loss: 0.045893 | Val Loss: 1.846317 | Best Val Loss: inf (epoch 1)
2025-12-01 11:21:35,627 - INFO - Epoch 30/200 | Train Loss: 0.097754 | Val Loss: 1.796260 | Best Val Loss: inf (epoch 1)
2025-12-01 11:21:35,799 - INFO - Epoch 40/200 | Train Loss: 0.009592 | Val Loss: 2.725645 | Best Val Loss: inf (epoch 1)
2025-12-01 11:21:35,971 - INFO - Epoch 50/200 | Train Loss: 0.002362 | Val Loss: 2.525148 | Best Val Loss: inf (epoch 1)
2025-12-01 11:21:36,160 - INFO - Epoch 60/200 | Train Loss: 0.000486 | Val Loss: 2.798546 | Best Val Loss: 2.557047 (epoch 51)
2025-12-01 11:21:36,349 - INFO - Epoch 70/200 | Train Loss: 0.001055 | Val Loss: 2.859623 | Best Val Loss: 2.125382 (epoch 64)
2025-12-01 11:21:36,524 - INFO - Epoch 80/200 | Train Loss: 0.000094 | Val Loss: 3.686928 | Best Val Loss: 2.125382 (epoch 64)
2025-12-01 11:21:36,702 - INFO - Epoch 90/200 | Train Loss: 0.000037 | Val Loss: 4.109751 | Best Val Loss: 2.125382 (epoch 64)
2025-12-01 11:21:36,877 - INFO - Epoch 100/200 | Train Loss: 0.000022 | Val Loss: 4.231954 | Best Val Loss: 2.125382 (epoch 64)
2025-12-01 11:21:37,054 - INFO - Epoch 110/200 | Train Loss: 0.000030 | Val Loss: 4.275526 | Best Val Loss: 2.125382 (epoch 64)
2025-12-01 11:21:37,124 - INFO - Early stopping triggered at epoch 114! Best validation loss: 2.125382 at epoch 64
2025-12-01 11:21:37,137 - INFO - Loaded best model from epoch 64
2025-12-01 11:21:37,140 - INFO - Optimal Youden threshold: 0.0350
2025-12-01 11:21:37,152 - INFO - Fold 1 Results - Acc: 0.7273, F1: 0.8000, AUC: 0.7000, AP: 0.7847
2025-12-01 11:21:37,152 - INFO - 
--- Fold 2/5 ---
2025-12-01 11:21:37,152 - INFO - Train size: 44, Test size: 11
2025-12-01 11:21:37,153 - INFO - Train class balance - 0: 19, 1: 25
2025-12-01 11:21:37,153 - INFO - Test class balance  - 0: 5, 1: 6
2025-12-01 11:21:37,170 - INFO - Training fold 2 with early stopping (patience=50)...
2025-12-01 11:21:37,189 - INFO - Epoch 1/200 | Train Loss: 0.711102 | Val Loss: 0.656902 | Best Val Loss: inf (epoch 1)
2025-12-01 11:21:37,346 - INFO - Epoch 10/200 | Train Loss: 0.457960 | Val Loss: 0.414817 | Best Val Loss: inf (epoch 1)
2025-12-01 11:21:37,521 - INFO - Epoch 20/200 | Train Loss: 0.161867 | Val Loss: 1.085858 | Best Val Loss: inf (epoch 1)
2025-12-01 11:21:37,697 - INFO - Epoch 30/200 | Train Loss: 0.048190 | Val Loss: 1.126045 | Best Val Loss: inf (epoch 1)
2025-12-01 11:21:37,873 - INFO - Epoch 40/200 | Train Loss: 0.005492 | Val Loss: 1.213855 | Best Val Loss: inf (epoch 1)
2025-12-01 11:21:38,050 - INFO - Epoch 50/200 | Train Loss: 0.218347 | Val Loss: 1.055535 | Best Val Loss: inf (epoch 1)
2025-12-01 11:21:38,233 - INFO - Epoch 60/200 | Train Loss: 0.000242 | Val Loss: 2.339966 | Best Val Loss: 1.085512 (epoch 51)
2025-12-01 11:21:38,403 - INFO - Epoch 70/200 | Train Loss: 0.000433 | Val Loss: 2.419132 | Best Val Loss: 1.085512 (epoch 51)
2025-12-01 11:21:38,573 - INFO - Epoch 80/200 | Train Loss: 0.000046 | Val Loss: 2.502948 | Best Val Loss: 1.085512 (epoch 51)
2025-12-01 11:21:38,745 - INFO - Epoch 90/200 | Train Loss: 0.000053 | Val Loss: 2.675102 | Best Val Loss: 1.085512 (epoch 51)
2025-12-01 11:21:38,916 - INFO - Epoch 100/200 | Train Loss: 0.000140 | Val Loss: 2.653801 | Best Val Loss: 1.085512 (epoch 51)
2025-12-01 11:21:38,933 - INFO - Early stopping triggered at epoch 101! Best validation loss: 1.085512 at epoch 51
2025-12-01 11:21:38,945 - INFO - Loaded best model from epoch 51
2025-12-01 11:21:38,948 - INFO - Optimal Youden threshold: 0.9866
2025-12-01 11:21:38,961 - INFO - Fold 2 Results - Acc: 0.8182, F1: 0.8000, AUC: 0.8333, AP: 0.8968
2025-12-01 11:21:38,961 - INFO - 
--- Fold 3/5 ---
2025-12-01 11:21:38,961 - INFO - Train size: 44, Test size: 11
2025-12-01 11:21:38,961 - INFO - Train class balance - 0: 19, 1: 25
2025-12-01 11:21:38,961 - INFO - Test class balance  - 0: 5, 1: 6
2025-12-01 11:21:38,976 - INFO - Training fold 3 with early stopping (patience=50)...
2025-12-01 11:21:38,995 - INFO - Epoch 1/200 | Train Loss: 0.841776 | Val Loss: 0.729625 | Best Val Loss: inf (epoch 1)
2025-12-01 11:21:39,152 - INFO - Epoch 10/200 | Train Loss: 0.323917 | Val Loss: 1.650388 | Best Val Loss: inf (epoch 1)
2025-12-01 11:21:39,327 - INFO - Epoch 20/200 | Train Loss: 0.113316 | Val Loss: 0.801566 | Best Val Loss: inf (epoch 1)
2025-12-01 11:21:39,500 - INFO - Epoch 30/200 | Train Loss: 0.199072 | Val Loss: 1.465777 | Best Val Loss: inf (epoch 1)
2025-12-01 11:21:39,673 - INFO - Epoch 40/200 | Train Loss: 0.398742 | Val Loss: 1.341803 | Best Val Loss: inf (epoch 1)
2025-12-01 11:21:39,848 - INFO - Epoch 50/200 | Train Loss: 0.004799 | Val Loss: 1.154988 | Best Val Loss: inf (epoch 1)
2025-12-01 11:21:40,061 - INFO - Epoch 60/200 | Train Loss: 0.012442 | Val Loss: 1.969935 | Best Val Loss: 0.776216 (epoch 57)
2025-12-01 11:21:40,237 - INFO - Epoch 70/200 | Train Loss: 0.002254 | Val Loss: 2.395848 | Best Val Loss: 0.776216 (epoch 57)
2025-12-01 11:21:40,412 - INFO - Epoch 80/200 | Train Loss: 0.088701 | Val Loss: 0.833161 | Best Val Loss: 0.776216 (epoch 57)
2025-12-01 11:21:40,585 - INFO - Epoch 90/200 | Train Loss: 0.012093 | Val Loss: 2.180766 | Best Val Loss: 0.776216 (epoch 57)
2025-12-01 11:21:40,760 - INFO - Epoch 100/200 | Train Loss: 0.004672 | Val Loss: 2.848661 | Best Val Loss: 0.776216 (epoch 57)
2025-12-01 11:21:40,882 - INFO - Early stopping triggered at epoch 107! Best validation loss: 0.776216 at epoch 57
2025-12-01 11:21:40,893 - INFO - Loaded best model from epoch 57
2025-12-01 11:21:40,896 - INFO - Optimal Youden threshold: 0.0091
2025-12-01 11:21:40,908 - INFO - Fold 3 Results - Acc: 0.9091, F1: 0.9231, AUC: 0.9333, AP: 0.9484
2025-12-01 11:21:40,908 - INFO - 
--- Fold 4/5 ---
2025-12-01 11:21:40,908 - INFO - Train size: 44, Test size: 11
2025-12-01 11:21:40,908 - INFO - Train class balance - 0: 19, 1: 25
2025-12-01 11:21:40,908 - INFO - Test class balance  - 0: 5, 1: 6
2025-12-01 11:21:40,925 - INFO - Training fold 4 with early stopping (patience=50)...
2025-12-01 11:21:40,945 - INFO - Epoch 1/200 | Train Loss: 0.816500 | Val Loss: 0.704242 | Best Val Loss: inf (epoch 1)
2025-12-01 11:21:41,102 - INFO - Epoch 10/200 | Train Loss: 0.264283 | Val Loss: 0.884333 | Best Val Loss: inf (epoch 1)
2025-12-01 11:21:41,281 - INFO - Epoch 20/200 | Train Loss: 0.046444 | Val Loss: 1.264868 | Best Val Loss: inf (epoch 1)
2025-12-01 11:21:41,457 - INFO - Epoch 30/200 | Train Loss: 0.050110 | Val Loss: 1.428848 | Best Val Loss: inf (epoch 1)
2025-12-01 11:21:41,631 - INFO - Epoch 40/200 | Train Loss: 0.011321 | Val Loss: 1.657878 | Best Val Loss: inf (epoch 1)
2025-12-01 11:21:41,806 - INFO - Epoch 50/200 | Train Loss: 0.000164 | Val Loss: 2.014876 | Best Val Loss: inf (epoch 1)
2025-12-01 11:21:41,991 - INFO - Epoch 60/200 | Train Loss: 0.000036 | Val Loss: 2.368225 | Best Val Loss: 2.021431 (epoch 51)
2025-12-01 11:21:42,167 - INFO - Epoch 70/200 | Train Loss: 0.000042 | Val Loss: 2.655455 | Best Val Loss: 2.021431 (epoch 51)
2025-12-01 11:21:42,342 - INFO - Epoch 80/200 | Train Loss: 0.000033 | Val Loss: 2.664001 | Best Val Loss: 2.021431 (epoch 51)
2025-12-01 11:21:42,517 - INFO - Epoch 90/200 | Train Loss: 0.000562 | Val Loss: 2.921919 | Best Val Loss: 2.021431 (epoch 51)
2025-12-01 11:21:42,733 - INFO - Epoch 100/200 | Train Loss: 0.023064 | Val Loss: 2.168724 | Best Val Loss: 1.022404 (epoch 97)
2025-12-01 11:21:42,907 - INFO - Epoch 110/200 | Train Loss: 0.000085 | Val Loss: 1.701748 | Best Val Loss: 1.022404 (epoch 97)
2025-12-01 11:21:43,082 - INFO - Epoch 120/200 | Train Loss: 0.224678 | Val Loss: 2.130432 | Best Val Loss: 1.022404 (epoch 97)
2025-12-01 11:21:43,256 - INFO - Epoch 130/200 | Train Loss: 0.000114 | Val Loss: 3.162459 | Best Val Loss: 1.022404 (epoch 97)
2025-12-01 11:21:43,431 - INFO - Epoch 140/200 | Train Loss: 0.000199 | Val Loss: 2.935301 | Best Val Loss: 1.022404 (epoch 97)
2025-12-01 11:21:43,554 - INFO - Early stopping triggered at epoch 147! Best validation loss: 1.022404 at epoch 97
2025-12-01 11:21:43,566 - INFO - Loaded best model from epoch 97
2025-12-01 11:21:43,569 - INFO - Optimal Youden threshold: 0.9983
2025-12-01 11:21:43,581 - INFO - Fold 4 Results - Acc: 0.7273, F1: 0.6667, AUC: 0.7333, AP: 0.8375
2025-12-01 11:21:43,581 - INFO - 
--- Fold 5/5 ---
2025-12-01 11:21:43,581 - INFO - Train size: 44, Test size: 11
2025-12-01 11:21:43,581 - INFO - Train class balance - 0: 20, 1: 24
2025-12-01 11:21:43,581 - INFO - Test class balance  - 0: 4, 1: 7
2025-12-01 11:21:43,597 - INFO - Training fold 5 with early stopping (patience=50)...
2025-12-01 11:21:43,616 - INFO - Epoch 1/200 | Train Loss: 0.733338 | Val Loss: 0.802720 | Best Val Loss: inf (epoch 1)
2025-12-01 11:21:43,770 - INFO - Epoch 10/200 | Train Loss: 0.427208 | Val Loss: 1.111922 | Best Val Loss: inf (epoch 1)
2025-12-01 11:21:43,943 - INFO - Epoch 20/200 | Train Loss: 0.404643 | Val Loss: 0.614946 | Best Val Loss: inf (epoch 1)
2025-12-01 11:21:44,116 - INFO - Epoch 30/200 | Train Loss: 0.065891 | Val Loss: 1.708857 | Best Val Loss: inf (epoch 1)
2025-12-01 11:21:44,288 - INFO - Epoch 40/200 | Train Loss: 0.016884 | Val Loss: 1.851935 | Best Val Loss: inf (epoch 1)
2025-12-01 11:21:44,459 - INFO - Epoch 50/200 | Train Loss: 0.324053 | Val Loss: 1.301575 | Best Val Loss: inf (epoch 1)
2025-12-01 11:21:44,657 - INFO - Epoch 60/200 | Train Loss: 0.000648 | Val Loss: 2.357113 | Best Val Loss: 1.156153 (epoch 52)
2025-12-01 11:21:44,830 - INFO - Epoch 70/200 | Train Loss: 0.000259 | Val Loss: 2.434889 | Best Val Loss: 1.156153 (epoch 52)
2025-12-01 11:21:45,002 - INFO - Epoch 80/200 | Train Loss: 0.000409 | Val Loss: 2.490271 | Best Val Loss: 1.156153 (epoch 52)
2025-12-01 11:21:45,174 - INFO - Epoch 90/200 | Train Loss: 0.000108 | Val Loss: 2.883327 | Best Val Loss: 1.156153 (epoch 52)
2025-12-01 11:21:45,348 - INFO - Epoch 100/200 | Train Loss: 0.000031 | Val Loss: 2.883720 | Best Val Loss: 1.156153 (epoch 52)
2025-12-01 11:21:45,383 - INFO - Early stopping triggered at epoch 102! Best validation loss: 1.156153 at epoch 52
2025-12-01 11:21:45,394 - INFO - Loaded best model from epoch 52
2025-12-01 11:21:45,396 - INFO - Optimal Youden threshold: 0.9974
2025-12-01 11:21:45,407 - INFO - Fold 5 Results - Acc: 0.6364, F1: 0.6000, AUC: 0.7143, AP: 0.8520
2025-12-01 11:21:45,407 - INFO - 
============================================================
2025-12-01 11:21:45,407 - INFO - FINAL CROSS-VALIDATION RESULTS FOR: Treatment_Response_UPDRS_Thresh0.25
2025-12-01 11:21:45,408 - INFO - ACC       : 0.7636 ± 0.0927
2025-12-01 11:21:45,408 - INFO - F1        : 0.7579 ± 0.1132
2025-12-01 11:21:45,408 - INFO - PRECISION : 0.9048 ± 0.1313
2025-12-01 11:21:45,408 - INFO - RECALL    : 0.7190 ± 0.2421
2025-12-01 11:21:45,408 - INFO - AUC       : 0.7829 ± 0.0886
2025-12-01 11:21:45,408 - INFO - AP        : 0.8639 ± 0.0554
2025-12-01 11:21:45,408 - INFO - ============================================================

2025-12-01 11:21:45,409 - INFO - Results saved to final_results_Treatment_Response_UPDRS_Thresh0.25.json
2025-12-01 11:21:45,409 - INFO - Total execution time: 11.32 seconds
2025-12-01 11:22:17,802 - INFO - Using device: cuda
2025-12-01 11:22:17,802 - INFO - Hyperparameters: {
  "batch_size": 8,
  "learning_rate": 0.0005,
  "num_epochs": 200,
  "hidden_dim": 512,
  "num_blocks": 4,
  "dropout": 0.3,
  "feature_type": "DIFF",
  "improvement_threshold": 0.25
}
2025-12-01 11:22:17,802 - INFO - Starting treatment response prediction pipeline
2025-12-01 11:22:17,802 - INFO - Building diff file index (mean_anomaly & mean_distortion)...
2025-12-01 11:22:17,803 - WARNING - Duplicate patient ID found: stn02, skipping additional entry
2025-12-01 11:22:17,804 - WARNING - Duplicate patient ID found: gpi11, skipping additional entry
2025-12-01 11:22:17,804 - WARNING - Duplicate patient ID found: gpi02, skipping additional entry
2025-12-01 11:22:17,804 - WARNING - Duplicate patient ID found: gpi19, skipping additional entry
2025-12-01 11:22:17,804 - WARNING - Duplicate patient ID found: stn23, skipping additional entry
2025-12-01 11:22:17,805 - WARNING - Duplicate patient ID found: stn03, skipping additional entry
2025-12-01 11:22:17,805 - WARNING - Duplicate patient ID found: gpi20, skipping additional entry
2025-12-01 11:22:17,805 - WARNING - Duplicate patient ID found: stn04, skipping additional entry
2025-12-01 11:22:17,805 - WARNING - Duplicate patient ID found: stn24, skipping additional entry
2025-12-01 11:22:17,805 - WARNING - Duplicate patient ID found: gpi04, skipping additional entry
2025-12-01 11:22:17,805 - WARNING - Duplicate patient ID found: gpi15, skipping additional entry
2025-12-01 11:22:17,805 - WARNING - Duplicate patient ID found: stn19, skipping additional entry
2025-12-01 11:22:17,805 - WARNING - Duplicate patient ID found: stn08, skipping additional entry
2025-12-01 11:22:17,805 - WARNING - Duplicate patient ID found: stn11, skipping additional entry
2025-12-01 11:22:17,806 - WARNING - Duplicate patient ID found: gpi07, skipping additional entry
2025-12-01 11:22:17,806 - WARNING - Duplicate patient ID found: gpi26, skipping additional entry
2025-12-01 11:22:17,806 - WARNING - Duplicate patient ID found: stn13, skipping additional entry
2025-12-01 11:22:17,806 - WARNING - Duplicate patient ID found: gpi06, skipping additional entry
2025-12-01 11:22:17,806 - WARNING - Duplicate patient ID found: stn30, skipping additional entry
2025-12-01 11:22:17,806 - WARNING - Duplicate patient ID found: stn18, skipping additional entry
2025-12-01 11:22:17,806 - WARNING - Duplicate patient ID found: gpi24, skipping additional entry
2025-12-01 11:22:17,806 - WARNING - Duplicate patient ID found: gpi13, skipping additional entry
2025-12-01 11:22:17,806 - WARNING - Duplicate patient ID found: stn07, skipping additional entry
2025-12-01 11:22:17,806 - WARNING - Duplicate patient ID found: stn20, skipping additional entry
2025-12-01 11:22:17,807 - WARNING - Duplicate patient ID found: gpi12, skipping additional entry
2025-12-01 11:22:17,807 - WARNING - Duplicate patient ID found: stn01, skipping additional entry
2025-12-01 11:22:17,807 - WARNING - Duplicate patient ID found: gpi22, skipping additional entry
2025-12-01 11:22:17,807 - WARNING - Duplicate patient ID found: gpi18, skipping additional entry
2025-12-01 11:22:17,807 - WARNING - Duplicate patient ID found: gpi09, skipping additional entry
2025-12-01 11:22:17,807 - WARNING - Duplicate patient ID found: gpi25, skipping additional entry
2025-12-01 11:22:17,807 - WARNING - Duplicate patient ID found: stn29, skipping additional entry
2025-12-01 11:22:17,807 - WARNING - Duplicate patient ID found: gpi31, skipping additional entry
2025-12-01 11:22:17,807 - WARNING - Duplicate patient ID found: stn10, skipping additional entry
2025-12-01 11:22:17,808 - WARNING - Duplicate patient ID found: gpi28, skipping additional entry
2025-12-01 11:22:17,808 - WARNING - Duplicate patient ID found: stn31, skipping additional entry
2025-12-01 11:22:17,808 - WARNING - Duplicate patient ID found: gpi03, skipping additional entry
2025-12-01 11:22:17,808 - WARNING - Duplicate patient ID found: gpi05, skipping additional entry
2025-12-01 11:22:17,808 - WARNING - Duplicate patient ID found: stn25, skipping additional entry
2025-12-01 11:22:17,808 - WARNING - Duplicate patient ID found: gpi08, skipping additional entry
2025-12-01 11:22:17,808 - WARNING - Duplicate patient ID found: gpi27, skipping additional entry
2025-12-01 11:22:17,808 - WARNING - Duplicate patient ID found: stn16, skipping additional entry
2025-12-01 11:22:17,808 - WARNING - Duplicate patient ID found: gpi23, skipping additional entry
2025-12-01 11:22:17,808 - WARNING - Duplicate patient ID found: stn09, skipping additional entry
2025-12-01 11:22:17,808 - WARNING - Duplicate patient ID found: stn28, skipping additional entry
2025-12-01 11:22:17,808 - WARNING - Duplicate patient ID found: stn06, skipping additional entry
2025-12-01 11:22:17,809 - WARNING - Duplicate patient ID found: stn12, skipping additional entry
2025-12-01 11:22:17,809 - WARNING - Duplicate patient ID found: gpi16, skipping additional entry
2025-12-01 11:22:17,809 - WARNING - Duplicate patient ID found: gpi30, skipping additional entry
2025-12-01 11:22:17,809 - WARNING - Duplicate patient ID found: stn21, skipping additional entry
2025-12-01 11:22:17,809 - WARNING - Duplicate patient ID found: stn22, skipping additional entry
2025-12-01 11:22:17,809 - WARNING - Duplicate patient ID found: stn14, skipping additional entry
2025-12-01 11:22:17,809 - WARNING - Duplicate patient ID found: gpi17, skipping additional entry
2025-12-01 11:22:17,809 - WARNING - Duplicate patient ID found: gpi21, skipping additional entry
2025-12-01 11:22:17,809 - WARNING - Duplicate patient ID found: gpi32, skipping additional entry
2025-12-01 11:22:17,809 - WARNING - Duplicate patient ID found: stn15, skipping additional entry
2025-12-01 11:22:17,809 - INFO - Built diff index with 71 patients
2025-12-01 11:22:17,809 - INFO - Parsing UPDRS data with diff features...
2025-12-01 11:22:17,823 - INFO - Found 55 valid samples
2025-12-01 11:22:17,824 - INFO - Preparing feature matrices with diff features...
2025-12-01 11:22:17,862 - INFO - Feature matrix shape: (55, 332), Class distribution: [24 31]
2025-12-01 11:22:17,862 - INFO - 
============================================================
2025-12-01 11:22:17,862 - INFO - Starting Cross-Validation Experiment: Treatment_Response_DIFF_Thresh0.25
2025-12-01 11:22:17,862 - INFO - Total samples: 55 | Class distribution: [24 31]
2025-12-01 11:22:17,863 - INFO - 
--- Fold 1/5 ---
2025-12-01 11:22:17,863 - INFO - Train size: 44, Test size: 11
2025-12-01 11:22:17,863 - INFO - Train class balance - 0: 19, 1: 25
2025-12-01 11:22:17,863 - INFO - Test class balance  - 0: 5, 1: 6
2025-12-01 11:22:18,696 - INFO - Training fold 1 with early stopping (patience=50)...
2025-12-01 11:22:18,850 - INFO - Epoch 1/200 | Train Loss: 0.755057 | Val Loss: 0.614987 | Best Val Loss: inf (epoch 1)
2025-12-01 11:22:19,008 - INFO - Epoch 10/200 | Train Loss: 0.000016 | Val Loss: 4.019511 | Best Val Loss: inf (epoch 1)
2025-12-01 11:22:19,182 - INFO - Epoch 20/200 | Train Loss: 0.000018 | Val Loss: 3.712435 | Best Val Loss: inf (epoch 1)
2025-12-01 11:22:19,355 - INFO - Epoch 30/200 | Train Loss: 0.004116 | Val Loss: 4.214814 | Best Val Loss: inf (epoch 1)
2025-12-01 11:22:19,529 - INFO - Epoch 40/200 | Train Loss: 0.000217 | Val Loss: 4.907396 | Best Val Loss: inf (epoch 1)
2025-12-01 11:22:19,703 - INFO - Epoch 50/200 | Train Loss: 0.000077 | Val Loss: 5.137540 | Best Val Loss: inf (epoch 1)
2025-12-01 11:22:19,891 - INFO - Epoch 60/200 | Train Loss: 0.000092 | Val Loss: 5.349480 | Best Val Loss: 5.158844 (epoch 51)
2025-12-01 11:22:20,064 - INFO - Epoch 70/200 | Train Loss: 0.000023 | Val Loss: 5.494165 | Best Val Loss: 5.158844 (epoch 51)
2025-12-01 11:22:20,238 - INFO - Epoch 80/200 | Train Loss: 0.000025 | Val Loss: 5.603361 | Best Val Loss: 5.158844 (epoch 51)
2025-12-01 11:22:20,414 - INFO - Epoch 90/200 | Train Loss: 0.001685 | Val Loss: 6.068492 | Best Val Loss: 5.158844 (epoch 51)
2025-12-01 11:22:20,617 - INFO - Epoch 100/200 | Train Loss: 0.000193 | Val Loss: 6.987618 | Best Val Loss: 2.337906 (epoch 95)
2025-12-01 11:22:20,790 - INFO - Epoch 110/200 | Train Loss: 0.000021 | Val Loss: 23.862918 | Best Val Loss: 2.337906 (epoch 95)
2025-12-01 11:22:20,965 - INFO - Epoch 120/200 | Train Loss: 0.000008 | Val Loss: 23.889890 | Best Val Loss: 2.337906 (epoch 95)
2025-12-01 11:22:21,140 - INFO - Epoch 130/200 | Train Loss: 0.000021 | Val Loss: 23.912394 | Best Val Loss: 2.337906 (epoch 95)
2025-12-01 11:22:21,313 - INFO - Epoch 140/200 | Train Loss: 0.000031 | Val Loss: 23.936459 | Best Val Loss: 2.337906 (epoch 95)
2025-12-01 11:22:21,400 - INFO - Early stopping triggered at epoch 145! Best validation loss: 2.337906 at epoch 95
2025-12-01 11:22:21,412 - INFO - Loaded best model from epoch 95
2025-12-01 11:22:21,415 - INFO - Optimal Youden threshold: 0.9993
2025-12-01 11:22:21,427 - INFO - Fold 1 Results - Acc: 0.8182, F1: 0.8000, AUC: 0.7000, AP: 0.8502
2025-12-01 11:22:21,427 - INFO - 
--- Fold 2/5 ---
2025-12-01 11:22:21,427 - INFO - Train size: 44, Test size: 11
2025-12-01 11:22:21,427 - INFO - Train class balance - 0: 19, 1: 25
2025-12-01 11:22:21,428 - INFO - Test class balance  - 0: 5, 1: 6
2025-12-01 11:22:21,446 - INFO - Training fold 2 with early stopping (patience=50)...
2025-12-01 11:22:21,465 - INFO - Epoch 1/200 | Train Loss: 0.737401 | Val Loss: 0.713747 | Best Val Loss: inf (epoch 1)
2025-12-01 11:22:21,625 - INFO - Epoch 10/200 | Train Loss: 0.000043 | Val Loss: 2.105074 | Best Val Loss: inf (epoch 1)
2025-12-01 11:22:21,798 - INFO - Epoch 20/200 | Train Loss: 0.000132 | Val Loss: 3.169689 | Best Val Loss: inf (epoch 1)
2025-12-01 11:22:21,971 - INFO - Epoch 30/200 | Train Loss: 0.617379 | Val Loss: 4.893529 | Best Val Loss: inf (epoch 1)
2025-12-01 11:22:22,144 - INFO - Epoch 40/200 | Train Loss: 0.000177 | Val Loss: 4.203647 | Best Val Loss: inf (epoch 1)
2025-12-01 11:22:22,317 - INFO - Epoch 50/200 | Train Loss: 0.151364 | Val Loss: 2.750228 | Best Val Loss: inf (epoch 1)
2025-12-01 11:22:22,502 - INFO - Epoch 60/200 | Train Loss: 0.000040 | Val Loss: 3.211902 | Best Val Loss: 0.664349 (epoch 51)
2025-12-01 11:22:22,675 - INFO - Epoch 70/200 | Train Loss: 0.000022 | Val Loss: 3.324012 | Best Val Loss: 0.664349 (epoch 51)
2025-12-01 11:22:22,850 - INFO - Epoch 80/200 | Train Loss: 0.000013 | Val Loss: 3.425581 | Best Val Loss: 0.664349 (epoch 51)
2025-12-01 11:22:23,026 - INFO - Epoch 90/200 | Train Loss: 0.000013 | Val Loss: 3.490801 | Best Val Loss: 0.664349 (epoch 51)
2025-12-01 11:22:23,202 - INFO - Epoch 100/200 | Train Loss: 0.000367 | Val Loss: 3.562717 | Best Val Loss: 0.664349 (epoch 51)
2025-12-01 11:22:23,219 - INFO - Early stopping triggered at epoch 101! Best validation loss: 0.664349 at epoch 51
2025-12-01 11:22:23,231 - INFO - Loaded best model from epoch 51
2025-12-01 11:22:23,234 - INFO - Optimal Youden threshold: 0.7756
2025-12-01 11:22:23,247 - INFO - Fold 2 Results - Acc: 0.6364, F1: 0.6000, AUC: 0.6000, AP: 0.7022
2025-12-01 11:22:23,247 - INFO - 
--- Fold 3/5 ---
2025-12-01 11:22:23,247 - INFO - Train size: 44, Test size: 11
2025-12-01 11:22:23,248 - INFO - Train class balance - 0: 19, 1: 25
2025-12-01 11:22:23,248 - INFO - Test class balance  - 0: 5, 1: 6
2025-12-01 11:22:23,264 - INFO - Training fold 3 with early stopping (patience=50)...
2025-12-01 11:22:23,283 - INFO - Epoch 1/200 | Train Loss: 0.816009 | Val Loss: 0.657216 | Best Val Loss: inf (epoch 1)
2025-12-01 11:22:23,440 - INFO - Epoch 10/200 | Train Loss: 0.000019 | Val Loss: 5.390584 | Best Val Loss: inf (epoch 1)
2025-12-01 11:22:23,614 - INFO - Epoch 20/200 | Train Loss: 0.000033 | Val Loss: 4.493622 | Best Val Loss: inf (epoch 1)
2025-12-01 11:22:23,788 - INFO - Epoch 30/200 | Train Loss: 0.390369 | Val Loss: 2.298718 | Best Val Loss: inf (epoch 1)
2025-12-01 11:22:23,961 - INFO - Epoch 40/200 | Train Loss: 0.000533 | Val Loss: 2.956240 | Best Val Loss: inf (epoch 1)
2025-12-01 11:22:24,138 - INFO - Epoch 50/200 | Train Loss: 0.000049 | Val Loss: 3.116205 | Best Val Loss: inf (epoch 1)
2025-12-01 11:22:24,329 - INFO - Epoch 60/200 | Train Loss: 0.000029 | Val Loss: 3.191090 | Best Val Loss: 3.121604 (epoch 51)
2025-12-01 11:22:24,504 - INFO - Epoch 70/200 | Train Loss: 0.000032 | Val Loss: 3.234766 | Best Val Loss: 3.121604 (epoch 51)
2025-12-01 11:22:24,679 - INFO - Epoch 80/200 | Train Loss: 0.000060 | Val Loss: 3.280484 | Best Val Loss: 3.121604 (epoch 51)
2025-12-01 11:22:24,855 - INFO - Epoch 90/200 | Train Loss: 0.000027 | Val Loss: 3.319845 | Best Val Loss: 3.121604 (epoch 51)
2025-12-01 11:22:25,032 - INFO - Epoch 100/200 | Train Loss: 0.000013 | Val Loss: 3.360387 | Best Val Loss: 3.121604 (epoch 51)
2025-12-01 11:22:25,050 - INFO - Early stopping triggered at epoch 101! Best validation loss: 3.121604 at epoch 51
2025-12-01 11:22:25,063 - INFO - Loaded best model from epoch 51
2025-12-01 11:22:25,067 - INFO - Optimal Youden threshold: 0.4334
2025-12-01 11:22:25,080 - INFO - Fold 3 Results - Acc: 0.7273, F1: 0.7273, AUC: 0.6667, AP: 0.7867
2025-12-01 11:22:25,080 - INFO - 
--- Fold 4/5 ---
2025-12-01 11:22:25,080 - INFO - Train size: 44, Test size: 11
2025-12-01 11:22:25,080 - INFO - Train class balance - 0: 19, 1: 25
2025-12-01 11:22:25,080 - INFO - Test class balance  - 0: 5, 1: 6
2025-12-01 11:22:25,097 - INFO - Training fold 4 with early stopping (patience=50)...
2025-12-01 11:22:25,116 - INFO - Epoch 1/200 | Train Loss: 0.707028 | Val Loss: 0.786089 | Best Val Loss: inf (epoch 1)
2025-12-01 11:22:25,273 - INFO - Epoch 10/200 | Train Loss: 0.000030 | Val Loss: 5.127354 | Best Val Loss: inf (epoch 1)
2025-12-01 11:22:25,447 - INFO - Epoch 20/200 | Train Loss: 0.000018 | Val Loss: 5.469864 | Best Val Loss: inf (epoch 1)
2025-12-01 11:22:25,619 - INFO - Epoch 30/200 | Train Loss: 0.000010 | Val Loss: 5.525052 | Best Val Loss: inf (epoch 1)
2025-12-01 11:22:25,792 - INFO - Epoch 40/200 | Train Loss: 0.000007 | Val Loss: 5.567986 | Best Val Loss: inf (epoch 1)
2025-12-01 11:22:25,965 - INFO - Epoch 50/200 | Train Loss: 0.000007 | Val Loss: 5.627144 | Best Val Loss: inf (epoch 1)
2025-12-01 11:22:26,153 - INFO - Epoch 60/200 | Train Loss: 0.000008 | Val Loss: 5.702997 | Best Val Loss: 5.630345 (epoch 51)
2025-12-01 11:22:26,326 - INFO - Epoch 70/200 | Train Loss: 0.000016 | Val Loss: 5.797756 | Best Val Loss: 5.630345 (epoch 51)
2025-12-01 11:22:26,500 - INFO - Epoch 80/200 | Train Loss: 0.000008 | Val Loss: 5.863754 | Best Val Loss: 5.630345 (epoch 51)
2025-12-01 11:22:26,675 - INFO - Epoch 90/200 | Train Loss: 0.000051 | Val Loss: 5.893550 | Best Val Loss: 5.630345 (epoch 51)
2025-12-01 11:22:26,850 - INFO - Epoch 100/200 | Train Loss: 0.000005 | Val Loss: 5.870105 | Best Val Loss: 5.630345 (epoch 51)
2025-12-01 11:22:26,867 - INFO - Early stopping triggered at epoch 101! Best validation loss: 5.630345 at epoch 51
2025-12-01 11:22:26,879 - INFO - Loaded best model from epoch 51
2025-12-01 11:22:26,882 - INFO - Optimal Youden threshold: 0.0001
2025-12-01 11:22:26,894 - INFO - Fold 4 Results - Acc: 0.7273, F1: 0.8000, AUC: 0.4667, AP: 0.5438
2025-12-01 11:22:26,894 - INFO - 
--- Fold 5/5 ---
2025-12-01 11:22:26,895 - INFO - Train size: 44, Test size: 11
2025-12-01 11:22:26,895 - INFO - Train class balance - 0: 20, 1: 24
2025-12-01 11:22:26,895 - INFO - Test class balance  - 0: 4, 1: 7
2025-12-01 11:22:26,910 - INFO - Training fold 5 with early stopping (patience=50)...
2025-12-01 11:22:26,929 - INFO - Epoch 1/200 | Train Loss: 0.805599 | Val Loss: 0.759921 | Best Val Loss: inf (epoch 1)
2025-12-01 11:22:27,087 - INFO - Epoch 10/200 | Train Loss: 0.000036 | Val Loss: 5.392502 | Best Val Loss: inf (epoch 1)
2025-12-01 11:22:27,260 - INFO - Epoch 20/200 | Train Loss: 0.000019 | Val Loss: 5.774139 | Best Val Loss: inf (epoch 1)
2025-12-01 11:22:27,435 - INFO - Epoch 30/200 | Train Loss: 0.000010 | Val Loss: 5.795764 | Best Val Loss: inf (epoch 1)
2025-12-01 11:22:27,610 - INFO - Epoch 40/200 | Train Loss: 0.000032 | Val Loss: 5.559981 | Best Val Loss: inf (epoch 1)
2025-12-01 11:22:27,785 - INFO - Epoch 50/200 | Train Loss: 0.000008 | Val Loss: 5.638725 | Best Val Loss: inf (epoch 1)
2025-12-01 11:22:27,988 - INFO - Epoch 60/200 | Train Loss: 0.000008 | Val Loss: 5.639758 | Best Val Loss: 5.639758 (epoch 60)
2025-12-01 11:22:28,211 - INFO - Epoch 70/200 | Train Loss: 0.000012 | Val Loss: 5.658472 | Best Val Loss: 5.609007 (epoch 63)
2025-12-01 11:22:28,388 - INFO - Epoch 80/200 | Train Loss: 0.000014 | Val Loss: 5.710921 | Best Val Loss: 5.609007 (epoch 63)
2025-12-01 11:22:28,565 - INFO - Epoch 90/200 | Train Loss: 0.000007 | Val Loss: 5.781594 | Best Val Loss: 5.609007 (epoch 63)
2025-12-01 11:22:28,742 - INFO - Epoch 100/200 | Train Loss: 0.000005 | Val Loss: 5.903687 | Best Val Loss: 5.609007 (epoch 63)
2025-12-01 11:22:28,919 - INFO - Epoch 110/200 | Train Loss: 0.000019 | Val Loss: 5.997478 | Best Val Loss: 5.609007 (epoch 63)
2025-12-01 11:22:28,972 - INFO - Early stopping triggered at epoch 113! Best validation loss: 5.609007 at epoch 63
2025-12-01 11:22:28,984 - INFO - Loaded best model from epoch 63
2025-12-01 11:22:28,986 - INFO - Optimal Youden threshold: 0.0331
2025-12-01 11:22:28,997 - INFO - Fold 5 Results - Acc: 0.5455, F1: 0.5455, AUC: 0.4286, AP: 0.6309
2025-12-01 11:22:28,997 - INFO - 
============================================================
2025-12-01 11:22:28,997 - INFO - FINAL CROSS-VALIDATION RESULTS FOR: Treatment_Response_DIFF_Thresh0.25
2025-12-01 11:22:28,998 - INFO - ACC       : 0.6909 ± 0.0927
2025-12-01 11:22:28,998 - INFO - F1        : 0.6945 ± 0.1044
2025-12-01 11:22:28,998 - INFO - PRECISION : 0.7933 ± 0.1119
2025-12-01 11:22:28,998 - INFO - RECALL    : 0.6524 ± 0.1973
2025-12-01 11:22:28,998 - INFO - AUC       : 0.5724 ± 0.1075
2025-12-01 11:22:28,998 - INFO - AP        : 0.7028 ± 0.1088
2025-12-01 11:22:28,998 - INFO - ============================================================

2025-12-01 11:22:29,001 - INFO - Results saved to final_results_Treatment_Response_DIFF_Thresh0.25.json
2025-12-01 11:22:29,001 - INFO - Total execution time: 11.20 seconds
2025-12-01 11:23:43,559 - INFO - Using device: cuda
2025-12-01 11:23:43,559 - INFO - Hyperparameters: {
  "batch_size": 8,
  "learning_rate": 0.0005,
  "num_epochs": 200,
  "hidden_dim": 512,
  "num_blocks": 4,
  "dropout": 0.3,
  "feature_type": "ALL",
  "improvement_threshold": 0.25
}
2025-12-01 11:23:43,560 - INFO - Starting treatment response prediction pipeline
2025-12-01 11:23:43,560 - INFO - Building diff file index (mean_anomaly & mean_distortion)...
2025-12-01 11:23:43,561 - WARNING - Duplicate patient ID found: stn02, skipping additional entry
2025-12-01 11:23:43,561 - WARNING - Duplicate patient ID found: gpi11, skipping additional entry
2025-12-01 11:23:43,561 - WARNING - Duplicate patient ID found: gpi02, skipping additional entry
2025-12-01 11:23:43,561 - WARNING - Duplicate patient ID found: gpi19, skipping additional entry
2025-12-01 11:23:43,562 - WARNING - Duplicate patient ID found: stn23, skipping additional entry
2025-12-01 11:23:43,562 - WARNING - Duplicate patient ID found: stn03, skipping additional entry
2025-12-01 11:23:43,562 - WARNING - Duplicate patient ID found: gpi20, skipping additional entry
2025-12-01 11:23:43,562 - WARNING - Duplicate patient ID found: stn04, skipping additional entry
2025-12-01 11:23:43,562 - WARNING - Duplicate patient ID found: stn24, skipping additional entry
2025-12-01 11:23:43,562 - WARNING - Duplicate patient ID found: gpi04, skipping additional entry
2025-12-01 11:23:43,563 - WARNING - Duplicate patient ID found: gpi15, skipping additional entry
2025-12-01 11:23:43,563 - WARNING - Duplicate patient ID found: stn19, skipping additional entry
2025-12-01 11:23:43,563 - WARNING - Duplicate patient ID found: stn08, skipping additional entry
2025-12-01 11:23:43,563 - WARNING - Duplicate patient ID found: stn11, skipping additional entry
2025-12-01 11:23:43,563 - WARNING - Duplicate patient ID found: gpi07, skipping additional entry
2025-12-01 11:23:43,563 - WARNING - Duplicate patient ID found: gpi26, skipping additional entry
2025-12-01 11:23:43,563 - WARNING - Duplicate patient ID found: stn13, skipping additional entry
2025-12-01 11:23:43,563 - WARNING - Duplicate patient ID found: gpi06, skipping additional entry
2025-12-01 11:23:43,563 - WARNING - Duplicate patient ID found: stn30, skipping additional entry
2025-12-01 11:23:43,563 - WARNING - Duplicate patient ID found: stn18, skipping additional entry
2025-12-01 11:23:43,563 - WARNING - Duplicate patient ID found: gpi24, skipping additional entry
2025-12-01 11:23:43,563 - WARNING - Duplicate patient ID found: gpi13, skipping additional entry
2025-12-01 11:23:43,564 - WARNING - Duplicate patient ID found: stn07, skipping additional entry
2025-12-01 11:23:43,564 - WARNING - Duplicate patient ID found: stn20, skipping additional entry
2025-12-01 11:23:43,564 - WARNING - Duplicate patient ID found: gpi12, skipping additional entry
2025-12-01 11:23:43,564 - WARNING - Duplicate patient ID found: stn01, skipping additional entry
2025-12-01 11:23:43,564 - WARNING - Duplicate patient ID found: gpi22, skipping additional entry
2025-12-01 11:23:43,564 - WARNING - Duplicate patient ID found: gpi18, skipping additional entry
2025-12-01 11:23:43,564 - WARNING - Duplicate patient ID found: gpi09, skipping additional entry
2025-12-01 11:23:43,565 - WARNING - Duplicate patient ID found: gpi25, skipping additional entry
2025-12-01 11:23:43,565 - WARNING - Duplicate patient ID found: stn29, skipping additional entry
2025-12-01 11:23:43,565 - WARNING - Duplicate patient ID found: gpi31, skipping additional entry
2025-12-01 11:23:43,565 - WARNING - Duplicate patient ID found: stn10, skipping additional entry
2025-12-01 11:23:43,565 - WARNING - Duplicate patient ID found: gpi28, skipping additional entry
2025-12-01 11:23:43,565 - WARNING - Duplicate patient ID found: stn31, skipping additional entry
2025-12-01 11:23:43,565 - WARNING - Duplicate patient ID found: gpi03, skipping additional entry
2025-12-01 11:23:43,565 - WARNING - Duplicate patient ID found: gpi05, skipping additional entry
2025-12-01 11:23:43,565 - WARNING - Duplicate patient ID found: stn25, skipping additional entry
2025-12-01 11:23:43,565 - WARNING - Duplicate patient ID found: gpi08, skipping additional entry
2025-12-01 11:23:43,565 - WARNING - Duplicate patient ID found: gpi27, skipping additional entry
2025-12-01 11:23:43,565 - WARNING - Duplicate patient ID found: stn16, skipping additional entry
2025-12-01 11:23:43,565 - WARNING - Duplicate patient ID found: gpi23, skipping additional entry
2025-12-01 11:23:43,566 - WARNING - Duplicate patient ID found: stn09, skipping additional entry
2025-12-01 11:23:43,566 - WARNING - Duplicate patient ID found: stn28, skipping additional entry
2025-12-01 11:23:43,566 - WARNING - Duplicate patient ID found: stn06, skipping additional entry
2025-12-01 11:23:43,566 - WARNING - Duplicate patient ID found: stn12, skipping additional entry
2025-12-01 11:23:43,566 - WARNING - Duplicate patient ID found: gpi16, skipping additional entry
2025-12-01 11:23:43,566 - WARNING - Duplicate patient ID found: gpi30, skipping additional entry
2025-12-01 11:23:43,566 - WARNING - Duplicate patient ID found: stn21, skipping additional entry
2025-12-01 11:23:43,566 - WARNING - Duplicate patient ID found: stn22, skipping additional entry
2025-12-01 11:23:43,566 - WARNING - Duplicate patient ID found: stn14, skipping additional entry
2025-12-01 11:23:43,566 - WARNING - Duplicate patient ID found: gpi17, skipping additional entry
2025-12-01 11:23:43,566 - WARNING - Duplicate patient ID found: gpi21, skipping additional entry
2025-12-01 11:23:43,566 - WARNING - Duplicate patient ID found: gpi32, skipping additional entry
2025-12-01 11:23:43,566 - WARNING - Duplicate patient ID found: stn15, skipping additional entry
2025-12-01 11:23:43,566 - INFO - Built diff index with 71 patients
2025-12-01 11:23:43,566 - INFO - Parsing UPDRS data with diff features...
2025-12-01 11:23:43,581 - INFO - Found 55 valid samples
2025-12-01 11:23:43,581 - INFO - Preparing feature matrices with diff features...
2025-12-01 11:23:43,614 - INFO - Feature matrix shape: (55, 365), Class distribution: [24 31]
2025-12-01 11:23:43,615 - INFO - 
============================================================
2025-12-01 11:23:43,615 - INFO - Starting Cross-Validation Experiment: Treatment_Response_ALL_Thresh0.25
2025-12-01 11:23:43,615 - INFO - Total samples: 55 | Class distribution: [24 31]
2025-12-01 11:23:43,616 - INFO - 
--- Fold 1/5 ---
2025-12-01 11:23:43,616 - INFO - Train size: 44, Test size: 11
2025-12-01 11:23:43,616 - INFO - Train class balance - 0: 19, 1: 25
2025-12-01 11:23:43,616 - INFO - Test class balance  - 0: 5, 1: 6
2025-12-01 11:23:44,456 - INFO - Training fold 1 with early stopping (patience=50)...
2025-12-01 11:23:44,607 - INFO - Epoch 1/200 | Train Loss: 0.780329 | Val Loss: 0.733097 | Best Val Loss: inf (epoch 1)
2025-12-01 11:23:44,762 - INFO - Epoch 10/200 | Train Loss: 0.000286 | Val Loss: 3.445946 | Best Val Loss: inf (epoch 1)
2025-12-01 11:23:44,935 - INFO - Epoch 20/200 | Train Loss: 0.000198 | Val Loss: 3.417124 | Best Val Loss: inf (epoch 1)
2025-12-01 11:23:45,106 - INFO - Epoch 30/200 | Train Loss: 0.000035 | Val Loss: 3.341189 | Best Val Loss: inf (epoch 1)
2025-12-01 11:23:45,277 - INFO - Epoch 40/200 | Train Loss: 0.000016 | Val Loss: 3.601835 | Best Val Loss: inf (epoch 1)
2025-12-01 11:23:45,451 - INFO - Epoch 50/200 | Train Loss: 0.000079 | Val Loss: 3.344959 | Best Val Loss: inf (epoch 1)
2025-12-01 11:23:45,703 - INFO - Epoch 60/200 | Train Loss: 0.000022 | Val Loss: 3.355728 | Best Val Loss: 3.222658 (epoch 55)
2025-12-01 11:23:45,878 - INFO - Epoch 70/200 | Train Loss: 0.000012 | Val Loss: 3.433505 | Best Val Loss: 3.222658 (epoch 55)
2025-12-01 11:23:46,051 - INFO - Epoch 80/200 | Train Loss: 0.000029 | Val Loss: 3.450841 | Best Val Loss: 3.222658 (epoch 55)
2025-12-01 11:23:46,227 - INFO - Epoch 90/200 | Train Loss: 0.000011 | Val Loss: 3.728928 | Best Val Loss: 3.222658 (epoch 55)
2025-12-01 11:23:46,401 - INFO - Epoch 100/200 | Train Loss: 0.000006 | Val Loss: 3.767067 | Best Val Loss: 3.222658 (epoch 55)
2025-12-01 11:23:46,487 - INFO - Early stopping triggered at epoch 105! Best validation loss: 3.222658 at epoch 55
2025-12-01 11:23:46,499 - INFO - Loaded best model from epoch 55
2025-12-01 11:23:46,502 - INFO - Optimal Youden threshold: 1.0000
2025-12-01 11:23:46,518 - INFO - Fold 1 Results - Acc: 0.8182, F1: 0.8000, AUC: 0.8000, AP: 0.8857
2025-12-01 11:23:46,519 - INFO - 
--- Fold 2/5 ---
2025-12-01 11:23:46,519 - INFO - Train size: 44, Test size: 11
2025-12-01 11:23:46,519 - INFO - Train class balance - 0: 19, 1: 25
2025-12-01 11:23:46,519 - INFO - Test class balance  - 0: 5, 1: 6
2025-12-01 11:23:46,537 - INFO - Training fold 2 with early stopping (patience=50)...
2025-12-01 11:23:46,556 - INFO - Epoch 1/200 | Train Loss: 0.719627 | Val Loss: 0.642329 | Best Val Loss: inf (epoch 1)
2025-12-01 11:23:46,712 - INFO - Epoch 10/200 | Train Loss: 0.000232 | Val Loss: 3.163124 | Best Val Loss: inf (epoch 1)
2025-12-01 11:23:46,885 - INFO - Epoch 20/200 | Train Loss: 0.000029 | Val Loss: 2.898666 | Best Val Loss: inf (epoch 1)
2025-12-01 11:23:47,057 - INFO - Epoch 30/200 | Train Loss: 0.001056 | Val Loss: 12.461345 | Best Val Loss: inf (epoch 1)
2025-12-01 11:23:47,230 - INFO - Epoch 40/200 | Train Loss: 0.000100 | Val Loss: 3.216105 | Best Val Loss: inf (epoch 1)
2025-12-01 11:23:47,405 - INFO - Epoch 50/200 | Train Loss: 0.000028 | Val Loss: 2.507156 | Best Val Loss: inf (epoch 1)
2025-12-01 11:23:47,701 - INFO - Epoch 60/200 | Train Loss: 0.000020 | Val Loss: 2.348380 | Best Val Loss: 2.344915 (epoch 59)
2025-12-01 11:23:47,946 - INFO - Epoch 70/200 | Train Loss: 0.000028 | Val Loss: 2.340277 | Best Val Loss: 2.331352 (epoch 69)
2025-12-01 11:23:48,118 - INFO - Epoch 80/200 | Train Loss: 0.000016 | Val Loss: 2.356450 | Best Val Loss: 2.331352 (epoch 69)
2025-12-01 11:23:48,289 - INFO - Epoch 90/200 | Train Loss: 0.000027 | Val Loss: 2.377833 | Best Val Loss: 2.331352 (epoch 69)
2025-12-01 11:23:48,461 - INFO - Epoch 100/200 | Train Loss: 0.000013 | Val Loss: 2.385413 | Best Val Loss: 2.331352 (epoch 69)
2025-12-01 11:23:48,634 - INFO - Epoch 110/200 | Train Loss: 0.000014 | Val Loss: 2.410129 | Best Val Loss: 2.331352 (epoch 69)
2025-12-01 11:23:48,788 - INFO - Early stopping triggered at epoch 119! Best validation loss: 2.331352 at epoch 69
2025-12-01 11:23:48,800 - INFO - Loaded best model from epoch 69
2025-12-01 11:23:48,803 - INFO - Optimal Youden threshold: 0.8038
2025-12-01 11:23:48,911 - INFO - Fold 2 Results - Acc: 0.8182, F1: 0.8333, AUC: 0.6667, AP: 0.6826
2025-12-01 11:23:48,911 - INFO - 
--- Fold 3/5 ---
2025-12-01 11:23:48,912 - INFO - Train size: 44, Test size: 11
2025-12-01 11:23:48,912 - INFO - Train class balance - 0: 19, 1: 25
2025-12-01 11:23:48,912 - INFO - Test class balance  - 0: 5, 1: 6
2025-12-01 11:23:48,929 - INFO - Training fold 3 with early stopping (patience=50)...
2025-12-01 11:23:48,948 - INFO - Epoch 1/200 | Train Loss: 0.685015 | Val Loss: 0.628144 | Best Val Loss: inf (epoch 1)
2025-12-01 11:23:49,103 - INFO - Epoch 10/200 | Train Loss: 0.157072 | Val Loss: 2.233470 | Best Val Loss: inf (epoch 1)
2025-12-01 11:23:49,276 - INFO - Epoch 20/200 | Train Loss: 0.001805 | Val Loss: 2.520301 | Best Val Loss: inf (epoch 1)
2025-12-01 11:23:49,448 - INFO - Epoch 30/200 | Train Loss: 0.000286 | Val Loss: 2.958848 | Best Val Loss: inf (epoch 1)
2025-12-01 11:23:49,622 - INFO - Epoch 40/200 | Train Loss: 0.000097 | Val Loss: 3.228090 | Best Val Loss: inf (epoch 1)
2025-12-01 11:23:49,795 - INFO - Epoch 50/200 | Train Loss: 0.000063 | Val Loss: 3.377169 | Best Val Loss: inf (epoch 1)
2025-12-01 11:23:49,979 - INFO - Epoch 60/200 | Train Loss: 0.000046 | Val Loss: 3.472312 | Best Val Loss: 3.387268 (epoch 51)
2025-12-01 11:23:50,150 - INFO - Epoch 70/200 | Train Loss: 0.000054 | Val Loss: 3.496325 | Best Val Loss: 3.387268 (epoch 51)
2025-12-01 11:23:50,336 - INFO - Epoch 80/200 | Train Loss: 0.000021 | Val Loss: 3.323177 | Best Val Loss: 3.323177 (epoch 80)
2025-12-01 11:23:50,541 - INFO - Epoch 90/200 | Train Loss: 0.000039 | Val Loss: 3.349788 | Best Val Loss: 3.293161 (epoch 82)
2025-12-01 11:23:50,714 - INFO - Epoch 100/200 | Train Loss: 0.000015 | Val Loss: 3.448519 | Best Val Loss: 3.293161 (epoch 82)
2025-12-01 11:23:50,890 - INFO - Epoch 110/200 | Train Loss: 0.000006 | Val Loss: 3.509218 | Best Val Loss: 3.293161 (epoch 82)
2025-12-01 11:23:51,062 - INFO - Epoch 120/200 | Train Loss: 0.000008 | Val Loss: 3.551641 | Best Val Loss: 3.293161 (epoch 82)
2025-12-01 11:23:51,233 - INFO - Epoch 130/200 | Train Loss: 0.000014 | Val Loss: 3.605705 | Best Val Loss: 3.293161 (epoch 82)
2025-12-01 11:23:51,267 - INFO - Early stopping triggered at epoch 132! Best validation loss: 3.293161 at epoch 82
2025-12-01 11:23:51,279 - INFO - Loaded best model from epoch 82
2025-12-01 11:23:51,282 - INFO - Optimal Youden threshold: 1.0000
2025-12-01 11:23:51,343 - INFO - Fold 3 Results - Acc: 0.7273, F1: 0.6667, AUC: 0.7667, AP: 0.8413
2025-12-01 11:23:51,344 - INFO - 
--- Fold 4/5 ---
2025-12-01 11:23:51,344 - INFO - Train size: 44, Test size: 11
2025-12-01 11:23:51,344 - INFO - Train class balance - 0: 19, 1: 25
2025-12-01 11:23:51,344 - INFO - Test class balance  - 0: 5, 1: 6
2025-12-01 11:23:51,361 - INFO - Training fold 4 with early stopping (patience=50)...
2025-12-01 11:23:51,380 - INFO - Epoch 1/200 | Train Loss: 0.786586 | Val Loss: 0.765190 | Best Val Loss: inf (epoch 1)
2025-12-01 11:23:51,538 - INFO - Epoch 10/200 | Train Loss: 0.004182 | Val Loss: 3.139364 | Best Val Loss: inf (epoch 1)
2025-12-01 11:23:51,713 - INFO - Epoch 20/200 | Train Loss: 0.000361 | Val Loss: 4.849283 | Best Val Loss: inf (epoch 1)
2025-12-01 11:23:51,887 - INFO - Epoch 30/200 | Train Loss: 0.000021 | Val Loss: 4.294733 | Best Val Loss: inf (epoch 1)
2025-12-01 11:23:52,060 - INFO - Epoch 40/200 | Train Loss: 0.000017 | Val Loss: 4.266582 | Best Val Loss: inf (epoch 1)
2025-12-01 11:23:52,233 - INFO - Epoch 50/200 | Train Loss: 0.000018 | Val Loss: 4.252435 | Best Val Loss: inf (epoch 1)
2025-12-01 11:23:52,436 - INFO - Epoch 60/200 | Train Loss: 0.000019 | Val Loss: 4.278626 | Best Val Loss: 4.248376 (epoch 52)
2025-12-01 11:23:52,607 - INFO - Epoch 70/200 | Train Loss: 0.000012 | Val Loss: 4.266560 | Best Val Loss: 4.248376 (epoch 52)
2025-12-01 11:23:52,838 - INFO - Epoch 80/200 | Train Loss: 0.000009 | Val Loss: 4.160436 | Best Val Loss: 4.160436 (epoch 80)
2025-12-01 11:23:53,124 - INFO - Epoch 90/200 | Train Loss: 0.000010 | Val Loss: 4.083397 | Best Val Loss: 4.079365 (epoch 88)
2025-12-01 11:23:53,298 - INFO - Epoch 100/200 | Train Loss: 0.000009 | Val Loss: 4.129447 | Best Val Loss: 4.079365 (epoch 88)
2025-12-01 11:23:53,469 - INFO - Epoch 110/200 | Train Loss: 0.000013 | Val Loss: 4.151260 | Best Val Loss: 4.079365 (epoch 88)
2025-12-01 11:23:53,642 - INFO - Epoch 120/200 | Train Loss: 0.000010 | Val Loss: 4.157172 | Best Val Loss: 4.079365 (epoch 88)
2025-12-01 11:23:53,814 - INFO - Epoch 130/200 | Train Loss: 0.000005 | Val Loss: 4.158403 | Best Val Loss: 4.079365 (epoch 88)
2025-12-01 11:23:53,951 - INFO - Early stopping triggered at epoch 138! Best validation loss: 4.079365 at epoch 88
2025-12-01 11:23:53,962 - INFO - Loaded best model from epoch 88
2025-12-01 11:23:53,964 - INFO - Optimal Youden threshold: 1.0000
2025-12-01 11:23:53,976 - INFO - Fold 4 Results - Acc: 0.8182, F1: 0.8333, AUC: 0.7667, AP: 0.7167
2025-12-01 11:23:53,976 - INFO - 
--- Fold 5/5 ---
2025-12-01 11:23:53,976 - INFO - Train size: 44, Test size: 11
2025-12-01 11:23:53,976 - INFO - Train class balance - 0: 20, 1: 24
2025-12-01 11:23:53,976 - INFO - Test class balance  - 0: 4, 1: 7
2025-12-01 11:23:53,992 - INFO - Training fold 5 with early stopping (patience=50)...
2025-12-01 11:23:54,011 - INFO - Epoch 1/200 | Train Loss: 0.711850 | Val Loss: 0.759114 | Best Val Loss: inf (epoch 1)
2025-12-01 11:23:54,167 - INFO - Epoch 10/200 | Train Loss: 0.000097 | Val Loss: 6.031876 | Best Val Loss: inf (epoch 1)
2025-12-01 11:23:54,342 - INFO - Epoch 20/200 | Train Loss: 0.000120 | Val Loss: 4.335826 | Best Val Loss: inf (epoch 1)
2025-12-01 11:23:54,515 - INFO - Epoch 30/200 | Train Loss: 0.008372 | Val Loss: 1.699961 | Best Val Loss: inf (epoch 1)
2025-12-01 11:23:54,688 - INFO - Epoch 40/200 | Train Loss: 0.000646 | Val Loss: 4.316272 | Best Val Loss: inf (epoch 1)
2025-12-01 11:23:54,860 - INFO - Epoch 50/200 | Train Loss: 0.000022 | Val Loss: 4.833086 | Best Val Loss: inf (epoch 1)
2025-12-01 11:23:55,135 - INFO - Epoch 60/200 | Train Loss: 0.000052 | Val Loss: 5.017047 | Best Val Loss: 4.861291 (epoch 51)
2025-12-01 11:23:55,310 - INFO - Epoch 70/200 | Train Loss: 0.000019 | Val Loss: 5.135946 | Best Val Loss: 4.861291 (epoch 51)
2025-12-01 11:23:55,484 - INFO - Epoch 80/200 | Train Loss: 0.000009 | Val Loss: 5.173026 | Best Val Loss: 4.861291 (epoch 51)
2025-12-01 11:23:55,657 - INFO - Epoch 90/200 | Train Loss: 0.000007 | Val Loss: 5.203747 | Best Val Loss: 4.861291 (epoch 51)
2025-12-01 11:23:55,829 - INFO - Epoch 100/200 | Train Loss: 0.000016 | Val Loss: 5.239443 | Best Val Loss: 4.861291 (epoch 51)
2025-12-01 11:23:55,847 - INFO - Early stopping triggered at epoch 101! Best validation loss: 4.861291 at epoch 51
2025-12-01 11:23:55,858 - INFO - Loaded best model from epoch 51
2025-12-01 11:23:55,860 - INFO - Optimal Youden threshold: 0.0000
2025-12-01 11:23:55,874 - INFO - Fold 5 Results - Acc: 0.8182, F1: 0.8750, AUC: 0.6786, AP: 0.7254
2025-12-01 11:23:55,874 - INFO - 
============================================================
2025-12-01 11:23:55,874 - INFO - FINAL CROSS-VALIDATION RESULTS FOR: Treatment_Response_ALL_Thresh0.25
2025-12-01 11:23:55,874 - INFO - ACC       : 0.8000 ± 0.0364
2025-12-01 11:23:55,874 - INFO - F1        : 0.8017 ± 0.0716
2025-12-01 11:23:55,874 - INFO - PRECISION : 0.8889 ± 0.0930
2025-12-01 11:23:55,874 - INFO - RECALL    : 0.7667 ± 0.1700
2025-12-01 11:23:55,875 - INFO - AUC       : 0.7357 ± 0.0531
2025-12-01 11:23:55,875 - INFO - AP        : 0.7703 ± 0.0787
2025-12-01 11:23:55,875 - INFO - ============================================================

2025-12-01 11:23:55,877 - INFO - Results saved to final_results_Treatment_Response_ALL_Thresh0.25.json
2025-12-01 11:23:55,877 - INFO - Total execution time: 12.32 seconds
2025-12-01 11:25:53,189 - INFO - Using device: cuda
2025-12-01 11:25:53,189 - INFO - Hyperparameters: {
  "batch_size": 8,
  "learning_rate": 0.0005,
  "num_epochs": 200,
  "hidden_dim": 512,
  "num_blocks": 4,
  "dropout": 0.3,
  "feature_type": "DIFF",
  "improvement_threshold": 0.25
}
2025-12-01 11:25:53,190 - INFO - Starting treatment response prediction pipeline
2025-12-01 11:25:53,190 - INFO - Building diff file index (mean_anomaly & mean_distortion)...
2025-12-01 11:25:53,191 - WARNING - Duplicate patient ID found: stn02, skipping additional entry
2025-12-01 11:25:53,191 - WARNING - Duplicate patient ID found: gpi11, skipping additional entry
2025-12-01 11:25:53,192 - WARNING - Duplicate patient ID found: gpi02, skipping additional entry
2025-12-01 11:25:53,192 - WARNING - Duplicate patient ID found: gpi19, skipping additional entry
2025-12-01 11:25:53,192 - WARNING - Duplicate patient ID found: stn23, skipping additional entry
2025-12-01 11:25:53,192 - WARNING - Duplicate patient ID found: stn03, skipping additional entry
2025-12-01 11:25:53,192 - WARNING - Duplicate patient ID found: gpi20, skipping additional entry
2025-12-01 11:25:53,192 - WARNING - Duplicate patient ID found: stn04, skipping additional entry
2025-12-01 11:25:53,193 - WARNING - Duplicate patient ID found: stn24, skipping additional entry
2025-12-01 11:25:53,193 - WARNING - Duplicate patient ID found: gpi04, skipping additional entry
2025-12-01 11:25:53,193 - WARNING - Duplicate patient ID found: gpi15, skipping additional entry
2025-12-01 11:25:53,193 - WARNING - Duplicate patient ID found: stn19, skipping additional entry
2025-12-01 11:25:53,193 - WARNING - Duplicate patient ID found: stn08, skipping additional entry
2025-12-01 11:25:53,193 - WARNING - Duplicate patient ID found: stn11, skipping additional entry
2025-12-01 11:25:53,193 - WARNING - Duplicate patient ID found: gpi07, skipping additional entry
2025-12-01 11:25:53,193 - WARNING - Duplicate patient ID found: gpi26, skipping additional entry
2025-12-01 11:25:53,193 - WARNING - Duplicate patient ID found: stn13, skipping additional entry
2025-12-01 11:25:53,194 - WARNING - Duplicate patient ID found: gpi06, skipping additional entry
2025-12-01 11:25:53,194 - WARNING - Duplicate patient ID found: stn30, skipping additional entry
2025-12-01 11:25:53,194 - WARNING - Duplicate patient ID found: stn18, skipping additional entry
2025-12-01 11:25:53,194 - WARNING - Duplicate patient ID found: gpi24, skipping additional entry
2025-12-01 11:25:53,194 - WARNING - Duplicate patient ID found: gpi13, skipping additional entry
2025-12-01 11:25:53,194 - WARNING - Duplicate patient ID found: stn07, skipping additional entry
2025-12-01 11:25:53,194 - WARNING - Duplicate patient ID found: stn20, skipping additional entry
2025-12-01 11:25:53,194 - WARNING - Duplicate patient ID found: gpi12, skipping additional entry
2025-12-01 11:25:53,195 - WARNING - Duplicate patient ID found: stn01, skipping additional entry
2025-12-01 11:25:53,195 - WARNING - Duplicate patient ID found: gpi22, skipping additional entry
2025-12-01 11:25:53,195 - WARNING - Duplicate patient ID found: gpi18, skipping additional entry
2025-12-01 11:25:53,195 - WARNING - Duplicate patient ID found: gpi09, skipping additional entry
2025-12-01 11:25:53,195 - WARNING - Duplicate patient ID found: gpi25, skipping additional entry
2025-12-01 11:25:53,195 - WARNING - Duplicate patient ID found: stn29, skipping additional entry
2025-12-01 11:25:53,195 - WARNING - Duplicate patient ID found: gpi31, skipping additional entry
2025-12-01 11:25:53,195 - WARNING - Duplicate patient ID found: stn10, skipping additional entry
2025-12-01 11:25:53,195 - WARNING - Duplicate patient ID found: gpi28, skipping additional entry
2025-12-01 11:25:53,195 - WARNING - Duplicate patient ID found: stn31, skipping additional entry
2025-12-01 11:25:53,195 - WARNING - Duplicate patient ID found: gpi03, skipping additional entry
2025-12-01 11:25:53,196 - WARNING - Duplicate patient ID found: gpi05, skipping additional entry
2025-12-01 11:25:53,196 - WARNING - Duplicate patient ID found: stn25, skipping additional entry
2025-12-01 11:25:53,196 - WARNING - Duplicate patient ID found: gpi08, skipping additional entry
2025-12-01 11:25:53,196 - WARNING - Duplicate patient ID found: gpi27, skipping additional entry
2025-12-01 11:25:53,196 - WARNING - Duplicate patient ID found: stn16, skipping additional entry
2025-12-01 11:25:53,196 - WARNING - Duplicate patient ID found: gpi23, skipping additional entry
2025-12-01 11:25:53,196 - WARNING - Duplicate patient ID found: stn09, skipping additional entry
2025-12-01 11:25:53,196 - WARNING - Duplicate patient ID found: stn28, skipping additional entry
2025-12-01 11:25:53,196 - WARNING - Duplicate patient ID found: stn06, skipping additional entry
2025-12-01 11:25:53,196 - WARNING - Duplicate patient ID found: stn12, skipping additional entry
2025-12-01 11:25:53,196 - WARNING - Duplicate patient ID found: gpi16, skipping additional entry
2025-12-01 11:25:53,197 - WARNING - Duplicate patient ID found: gpi30, skipping additional entry
2025-12-01 11:25:53,197 - WARNING - Duplicate patient ID found: stn21, skipping additional entry
2025-12-01 11:25:53,197 - WARNING - Duplicate patient ID found: stn22, skipping additional entry
2025-12-01 11:25:53,197 - WARNING - Duplicate patient ID found: stn14, skipping additional entry
2025-12-01 11:25:53,197 - WARNING - Duplicate patient ID found: gpi17, skipping additional entry
2025-12-01 11:25:53,197 - WARNING - Duplicate patient ID found: gpi21, skipping additional entry
2025-12-01 11:25:53,197 - WARNING - Duplicate patient ID found: gpi32, skipping additional entry
2025-12-01 11:25:53,197 - WARNING - Duplicate patient ID found: stn15, skipping additional entry
2025-12-01 11:25:53,197 - INFO - Built diff index with 71 patients
2025-12-01 11:25:53,197 - INFO - Parsing UPDRS data with diff features...
2025-12-01 11:25:53,211 - INFO - Found 55 valid samples
2025-12-01 11:25:53,211 - INFO - Preparing feature matrices with diff features...
2025-12-01 11:25:53,245 - INFO - Feature matrix shape: (55, 332), Class distribution: [24 31]
2025-12-01 11:25:53,245 - INFO - 
============================================================
2025-12-01 11:25:53,245 - INFO - Starting Cross-Validation Experiment: Treatment_Response_DIFF_Thresh0.25
2025-12-01 11:25:53,245 - INFO - Total samples: 55 | Class distribution: [24 31]
2025-12-01 11:25:53,246 - INFO - 
--- Fold 1/5 ---
2025-12-01 11:25:53,246 - INFO - Train size: 44, Test size: 11
2025-12-01 11:25:53,246 - INFO - Train class balance - 0: 19, 1: 25
2025-12-01 11:25:53,246 - INFO - Test class balance  - 0: 5, 1: 6
2025-12-01 11:25:54,260 - INFO - Training fold 1 with early stopping (patience=50)...
2025-12-01 11:25:54,412 - INFO - Epoch 1/200 | Train Loss: 0.754229 | Val Loss: 0.678901 | Best Val Loss: inf (epoch 1)
2025-12-01 11:25:54,568 - INFO - Epoch 10/200 | Train Loss: 0.000018 | Val Loss: 4.846690 | Best Val Loss: inf (epoch 1)
2025-12-01 11:25:54,741 - INFO - Epoch 20/200 | Train Loss: 0.000011 | Val Loss: 4.836992 | Best Val Loss: inf (epoch 1)
2025-12-01 11:25:54,913 - INFO - Epoch 30/200 | Train Loss: 0.000017 | Val Loss: 4.854629 | Best Val Loss: inf (epoch 1)
2025-12-01 11:25:55,085 - INFO - Epoch 40/200 | Train Loss: 0.000011 | Val Loss: 4.845982 | Best Val Loss: inf (epoch 1)
2025-12-01 11:25:55,257 - INFO - Epoch 50/200 | Train Loss: 0.000020 | Val Loss: 4.870424 | Best Val Loss: inf (epoch 1)
2025-12-01 11:25:55,446 - INFO - Epoch 60/200 | Train Loss: 0.000011 | Val Loss: 4.889879 | Best Val Loss: 4.872307 (epoch 51)
2025-12-01 11:25:55,619 - INFO - Epoch 70/200 | Train Loss: 0.000007 | Val Loss: 4.979088 | Best Val Loss: 4.872307 (epoch 51)
2025-12-01 11:25:55,791 - INFO - Epoch 80/200 | Train Loss: 0.000004 | Val Loss: 5.001914 | Best Val Loss: 4.872307 (epoch 51)
2025-12-01 11:25:55,962 - INFO - Epoch 90/200 | Train Loss: 0.000003 | Val Loss: 4.889359 | Best Val Loss: 4.872307 (epoch 51)
2025-12-01 11:25:56,135 - INFO - Epoch 100/200 | Train Loss: 0.000007 | Val Loss: 4.899195 | Best Val Loss: 4.872307 (epoch 51)
2025-12-01 11:25:56,153 - INFO - Early stopping triggered at epoch 101! Best validation loss: 4.872307 at epoch 51
2025-12-01 11:25:56,165 - INFO - Loaded best model from epoch 51
2025-12-01 11:25:56,168 - INFO - Optimal Youden threshold: 1.0000
2025-12-01 11:25:56,184 - INFO - Fold 1 Results - Acc: 0.6364, F1: 0.6000, AUC: 0.5667, AP: 0.6974
2025-12-01 11:25:56,184 - INFO - 
--- Fold 2/5 ---
2025-12-01 11:25:56,184 - INFO - Train size: 44, Test size: 11
2025-12-01 11:25:56,184 - INFO - Train class balance - 0: 19, 1: 25
2025-12-01 11:25:56,184 - INFO - Test class balance  - 0: 5, 1: 6
2025-12-01 11:25:56,202 - INFO - Training fold 2 with early stopping (patience=50)...
2025-12-01 11:25:56,221 - INFO - Epoch 1/200 | Train Loss: 0.694794 | Val Loss: 0.669622 | Best Val Loss: inf (epoch 1)
2025-12-01 11:25:56,379 - INFO - Epoch 10/200 | Train Loss: 0.000092 | Val Loss: 5.175389 | Best Val Loss: inf (epoch 1)
2025-12-01 11:25:56,552 - INFO - Epoch 20/200 | Train Loss: 0.000009 | Val Loss: 5.574889 | Best Val Loss: inf (epoch 1)
2025-12-01 11:25:56,723 - INFO - Epoch 30/200 | Train Loss: 0.000005 | Val Loss: 5.613251 | Best Val Loss: inf (epoch 1)
2025-12-01 11:25:56,896 - INFO - Epoch 40/200 | Train Loss: 0.000008 | Val Loss: 5.636337 | Best Val Loss: inf (epoch 1)
2025-12-01 11:25:57,068 - INFO - Epoch 50/200 | Train Loss: 0.000017 | Val Loss: 5.652034 | Best Val Loss: inf (epoch 1)
2025-12-01 11:25:57,311 - INFO - Epoch 60/200 | Train Loss: 0.000042 | Val Loss: 5.642714 | Best Val Loss: 5.634713 (epoch 58)
2025-12-01 11:25:57,482 - INFO - Epoch 70/200 | Train Loss: 0.000014 | Val Loss: 5.739518 | Best Val Loss: 5.634713 (epoch 58)
2025-12-01 11:25:57,653 - INFO - Epoch 80/200 | Train Loss: 0.000004 | Val Loss: 13.483500 | Best Val Loss: 5.634713 (epoch 58)
2025-12-01 11:25:57,823 - INFO - Epoch 90/200 | Train Loss: 0.000004 | Val Loss: 13.536321 | Best Val Loss: 5.634713 (epoch 58)
2025-12-01 11:25:57,993 - INFO - Epoch 100/200 | Train Loss: 0.000004 | Val Loss: 13.679469 | Best Val Loss: 5.634713 (epoch 58)
2025-12-01 11:25:58,130 - INFO - Early stopping triggered at epoch 108! Best validation loss: 5.634713 at epoch 58
2025-12-01 11:25:58,142 - INFO - Loaded best model from epoch 58
2025-12-01 11:25:58,145 - INFO - Optimal Youden threshold: 0.9993
2025-12-01 11:25:58,159 - INFO - Fold 2 Results - Acc: 0.5455, F1: 0.5455, AUC: 0.3833, AP: 0.5242
2025-12-01 11:25:58,159 - INFO - 
--- Fold 3/5 ---
2025-12-01 11:25:58,159 - INFO - Train size: 44, Test size: 11
2025-12-01 11:25:58,159 - INFO - Train class balance - 0: 19, 1: 25
2025-12-01 11:25:58,160 - INFO - Test class balance  - 0: 5, 1: 6
2025-12-01 11:25:58,175 - INFO - Training fold 3 with early stopping (patience=50)...
2025-12-01 11:25:58,194 - INFO - Epoch 1/200 | Train Loss: 0.680042 | Val Loss: 0.826304 | Best Val Loss: inf (epoch 1)
2025-12-01 11:25:58,350 - INFO - Epoch 10/200 | Train Loss: 0.004658 | Val Loss: 4.263919 | Best Val Loss: inf (epoch 1)
2025-12-01 11:25:58,524 - INFO - Epoch 20/200 | Train Loss: 0.000035 | Val Loss: 2.391042 | Best Val Loss: inf (epoch 1)
2025-12-01 11:25:58,696 - INFO - Epoch 30/200 | Train Loss: 0.000016 | Val Loss: 2.553409 | Best Val Loss: inf (epoch 1)
2025-12-01 11:25:58,867 - INFO - Epoch 40/200 | Train Loss: 0.000021 | Val Loss: 2.487267 | Best Val Loss: inf (epoch 1)
2025-12-01 11:25:59,037 - INFO - Epoch 50/200 | Train Loss: 0.000032 | Val Loss: 2.529223 | Best Val Loss: inf (epoch 1)
2025-12-01 11:25:59,263 - INFO - Epoch 60/200 | Train Loss: 0.000011 | Val Loss: 2.455016 | Best Val Loss: 2.455016 (epoch 60)
2025-12-01 11:25:59,463 - INFO - Epoch 70/200 | Train Loss: 0.000007 | Val Loss: 2.465826 | Best Val Loss: 2.448016 (epoch 62)
2025-12-01 11:25:59,633 - INFO - Epoch 80/200 | Train Loss: 0.000006 | Val Loss: 2.499358 | Best Val Loss: 2.448016 (epoch 62)
2025-12-01 11:25:59,806 - INFO - Epoch 90/200 | Train Loss: 0.000006 | Val Loss: 2.830674 | Best Val Loss: 2.448016 (epoch 62)
2025-12-01 11:25:59,977 - INFO - Epoch 100/200 | Train Loss: 0.000006 | Val Loss: 2.846028 | Best Val Loss: 2.448016 (epoch 62)
2025-12-01 11:26:00,148 - INFO - Epoch 110/200 | Train Loss: 0.000005 | Val Loss: 2.874487 | Best Val Loss: 2.448016 (epoch 62)
2025-12-01 11:26:00,183 - INFO - Early stopping triggered at epoch 112! Best validation loss: 2.448016 at epoch 62
2025-12-01 11:26:00,194 - INFO - Loaded best model from epoch 62
2025-12-01 11:26:00,197 - INFO - Optimal Youden threshold: 0.9982
2025-12-01 11:26:00,210 - INFO - Fold 3 Results - Acc: 0.7273, F1: 0.7692, AUC: 0.7000, AP: 0.7746
2025-12-01 11:26:00,210 - INFO - 
--- Fold 4/5 ---
2025-12-01 11:26:00,211 - INFO - Train size: 44, Test size: 11
2025-12-01 11:26:00,211 - INFO - Train class balance - 0: 19, 1: 25
2025-12-01 11:26:00,211 - INFO - Test class balance  - 0: 5, 1: 6
2025-12-01 11:26:00,226 - INFO - Training fold 4 with early stopping (patience=50)...
2025-12-01 11:26:00,245 - INFO - Epoch 1/200 | Train Loss: 0.769442 | Val Loss: 0.826026 | Best Val Loss: inf (epoch 1)
2025-12-01 11:26:00,401 - INFO - Epoch 10/200 | Train Loss: 0.000115 | Val Loss: 4.337862 | Best Val Loss: inf (epoch 1)
2025-12-01 11:26:00,575 - INFO - Epoch 20/200 | Train Loss: 0.000019 | Val Loss: 4.337014 | Best Val Loss: inf (epoch 1)
2025-12-01 11:26:00,745 - INFO - Epoch 30/200 | Train Loss: 0.000015 | Val Loss: 4.343697 | Best Val Loss: inf (epoch 1)
2025-12-01 11:26:00,917 - INFO - Epoch 40/200 | Train Loss: 0.000023 | Val Loss: 4.358367 | Best Val Loss: inf (epoch 1)
2025-12-01 11:26:01,088 - INFO - Epoch 50/200 | Train Loss: 0.000010 | Val Loss: 4.395719 | Best Val Loss: inf (epoch 1)
2025-12-01 11:26:01,328 - INFO - Epoch 60/200 | Train Loss: 0.000022 | Val Loss: 4.385567 | Best Val Loss: 4.379324 (epoch 55)
2025-12-01 11:26:01,545 - INFO - Epoch 70/200 | Train Loss: 0.000142 | Val Loss: 5.517094 | Best Val Loss: 3.850134 (epoch 69)
2025-12-01 11:26:01,745 - INFO - Epoch 80/200 | Train Loss: 0.000193 | Val Loss: 20.692951 | Best Val Loss: 1.185008 (epoch 76)
2025-12-01 11:26:01,916 - INFO - Epoch 90/200 | Train Loss: 0.000031 | Val Loss: 28.598980 | Best Val Loss: 1.185008 (epoch 76)
2025-12-01 11:26:02,086 - INFO - Epoch 100/200 | Train Loss: 0.000055 | Val Loss: 28.706924 | Best Val Loss: 1.185008 (epoch 76)
2025-12-01 11:26:02,257 - INFO - Epoch 110/200 | Train Loss: 0.000704 | Val Loss: 11.111132 | Best Val Loss: 1.185008 (epoch 76)
2025-12-01 11:26:02,427 - INFO - Epoch 120/200 | Train Loss: 0.000016 | Val Loss: 11.321536 | Best Val Loss: 1.185008 (epoch 76)
2025-12-01 11:26:02,529 - INFO - Early stopping triggered at epoch 126! Best validation loss: 1.185008 at epoch 76
2025-12-01 11:26:02,546 - INFO - Loaded best model from epoch 76
2025-12-01 11:26:02,549 - INFO - Optimal Youden threshold: 0.6794
2025-12-01 11:26:02,562 - INFO - Fold 4 Results - Acc: 0.5455, F1: 0.2857, AUC: 0.4333, AP: 0.6121
2025-12-01 11:26:02,562 - INFO - 
--- Fold 5/5 ---
2025-12-01 11:26:02,562 - INFO - Train size: 44, Test size: 11
2025-12-01 11:26:02,562 - INFO - Train class balance - 0: 20, 1: 24
2025-12-01 11:26:02,563 - INFO - Test class balance  - 0: 4, 1: 7
2025-12-01 11:26:02,579 - INFO - Training fold 5 with early stopping (patience=50)...
2025-12-01 11:26:02,598 - INFO - Epoch 1/200 | Train Loss: 0.701267 | Val Loss: 0.614750 | Best Val Loss: inf (epoch 1)
2025-12-01 11:26:02,754 - INFO - Epoch 10/200 | Train Loss: 0.000038 | Val Loss: 3.751852 | Best Val Loss: inf (epoch 1)
2025-12-01 11:26:02,925 - INFO - Epoch 20/200 | Train Loss: 0.000910 | Val Loss: 2.613579 | Best Val Loss: inf (epoch 1)
2025-12-01 11:26:03,098 - INFO - Epoch 30/200 | Train Loss: 0.000140 | Val Loss: 1.752149 | Best Val Loss: inf (epoch 1)
2025-12-01 11:26:03,269 - INFO - Epoch 40/200 | Train Loss: 0.000240 | Val Loss: 1.854260 | Best Val Loss: inf (epoch 1)
2025-12-01 11:26:03,442 - INFO - Epoch 50/200 | Train Loss: 0.000027 | Val Loss: 1.950168 | Best Val Loss: inf (epoch 1)
2025-12-01 11:26:03,626 - INFO - Epoch 60/200 | Train Loss: 0.000126 | Val Loss: 1.996614 | Best Val Loss: 1.955558 (epoch 51)
2025-12-01 11:26:03,799 - INFO - Epoch 70/200 | Train Loss: 0.000016 | Val Loss: 2.060960 | Best Val Loss: 1.955558 (epoch 51)
2025-12-01 11:26:03,972 - INFO - Epoch 80/200 | Train Loss: 0.000009 | Val Loss: 2.097209 | Best Val Loss: 1.955558 (epoch 51)
2025-12-01 11:26:04,144 - INFO - Epoch 90/200 | Train Loss: 0.000018 | Val Loss: 2.125430 | Best Val Loss: 1.955558 (epoch 51)
2025-12-01 11:26:04,314 - INFO - Epoch 100/200 | Train Loss: 0.000009 | Val Loss: 2.148159 | Best Val Loss: 1.955558 (epoch 51)
2025-12-01 11:26:04,332 - INFO - Early stopping triggered at epoch 101! Best validation loss: 1.955558 at epoch 51
2025-12-01 11:26:04,343 - INFO - Loaded best model from epoch 51
2025-12-01 11:26:04,346 - INFO - Optimal Youden threshold: 0.8859
2025-12-01 11:26:04,360 - INFO - Fold 5 Results - Acc: 0.8182, F1: 0.8571, AUC: 0.8214, AP: 0.9129
2025-12-01 11:26:04,360 - INFO - 
============================================================
2025-12-01 11:26:04,360 - INFO - FINAL CROSS-VALIDATION RESULTS FOR: Treatment_Response_DIFF_Thresh0.25
2025-12-01 11:26:04,360 - INFO - ACC       : 0.6545 ± 0.1060
2025-12-01 11:26:04,361 - INFO - F1        : 0.6115 ± 0.1979
2025-12-01 11:26:04,361 - INFO - PRECISION : 0.7843 ± 0.1356
2025-12-01 11:26:04,361 - INFO - RECALL    : 0.5714 ± 0.2547
2025-12-01 11:26:04,361 - INFO - AUC       : 0.5810 ± 0.1631
2025-12-01 11:26:04,361 - INFO - AP        : 0.7042 ± 0.1337
2025-12-01 11:26:04,361 - INFO - ============================================================

2025-12-01 11:26:04,364 - INFO - Results saved to final_results_Treatment_Response_DIFF_Thresh0.25.json
2025-12-01 11:26:04,364 - INFO - Total execution time: 11.17 seconds
2025-12-01 11:26:32,720 - INFO - Using device: cuda
2025-12-01 11:26:32,720 - INFO - Hyperparameters: {
  "batch_size": 8,
  "learning_rate": 0.0005,
  "num_epochs": 200,
  "hidden_dim": 512,
  "num_blocks": 4,
  "dropout": 0.3,
  "feature_type": "ALL",
  "improvement_threshold": 0.25
}
2025-12-01 11:26:32,720 - INFO - Starting treatment response prediction pipeline
2025-12-01 11:26:32,720 - INFO - Building diff file index (mean_anomaly & mean_distortion)...
2025-12-01 11:26:32,721 - WARNING - Duplicate patient ID found: stn02, skipping additional entry
2025-12-01 11:26:32,722 - WARNING - Duplicate patient ID found: gpi11, skipping additional entry
2025-12-01 11:26:32,722 - WARNING - Duplicate patient ID found: gpi02, skipping additional entry
2025-12-01 11:26:32,722 - WARNING - Duplicate patient ID found: gpi19, skipping additional entry
2025-12-01 11:26:32,722 - WARNING - Duplicate patient ID found: stn23, skipping additional entry
2025-12-01 11:26:32,722 - WARNING - Duplicate patient ID found: stn03, skipping additional entry
2025-12-01 11:26:32,723 - WARNING - Duplicate patient ID found: gpi20, skipping additional entry
2025-12-01 11:26:32,723 - WARNING - Duplicate patient ID found: stn04, skipping additional entry
2025-12-01 11:26:32,723 - WARNING - Duplicate patient ID found: stn24, skipping additional entry
2025-12-01 11:26:32,723 - WARNING - Duplicate patient ID found: gpi04, skipping additional entry
2025-12-01 11:26:32,723 - WARNING - Duplicate patient ID found: gpi15, skipping additional entry
2025-12-01 11:26:32,723 - WARNING - Duplicate patient ID found: stn19, skipping additional entry
2025-12-01 11:26:32,723 - WARNING - Duplicate patient ID found: stn08, skipping additional entry
2025-12-01 11:26:32,723 - WARNING - Duplicate patient ID found: stn11, skipping additional entry
2025-12-01 11:26:32,723 - WARNING - Duplicate patient ID found: gpi07, skipping additional entry
2025-12-01 11:26:32,724 - WARNING - Duplicate patient ID found: gpi26, skipping additional entry
2025-12-01 11:26:32,724 - WARNING - Duplicate patient ID found: stn13, skipping additional entry
2025-12-01 11:26:32,724 - WARNING - Duplicate patient ID found: gpi06, skipping additional entry
2025-12-01 11:26:32,724 - WARNING - Duplicate patient ID found: stn30, skipping additional entry
2025-12-01 11:26:32,724 - WARNING - Duplicate patient ID found: stn18, skipping additional entry
2025-12-01 11:26:32,724 - WARNING - Duplicate patient ID found: gpi24, skipping additional entry
2025-12-01 11:26:32,724 - WARNING - Duplicate patient ID found: gpi13, skipping additional entry
2025-12-01 11:26:32,724 - WARNING - Duplicate patient ID found: stn07, skipping additional entry
2025-12-01 11:26:32,724 - WARNING - Duplicate patient ID found: stn20, skipping additional entry
2025-12-01 11:26:32,725 - WARNING - Duplicate patient ID found: gpi12, skipping additional entry
2025-12-01 11:26:32,725 - WARNING - Duplicate patient ID found: stn01, skipping additional entry
2025-12-01 11:26:32,725 - WARNING - Duplicate patient ID found: gpi22, skipping additional entry
2025-12-01 11:26:32,725 - WARNING - Duplicate patient ID found: gpi18, skipping additional entry
2025-12-01 11:26:32,725 - WARNING - Duplicate patient ID found: gpi09, skipping additional entry
2025-12-01 11:26:32,725 - WARNING - Duplicate patient ID found: gpi25, skipping additional entry
2025-12-01 11:26:32,725 - WARNING - Duplicate patient ID found: stn29, skipping additional entry
2025-12-01 11:26:32,725 - WARNING - Duplicate patient ID found: gpi31, skipping additional entry
2025-12-01 11:26:32,725 - WARNING - Duplicate patient ID found: stn10, skipping additional entry
2025-12-01 11:26:32,725 - WARNING - Duplicate patient ID found: gpi28, skipping additional entry
2025-12-01 11:26:32,726 - WARNING - Duplicate patient ID found: stn31, skipping additional entry
2025-12-01 11:26:32,726 - WARNING - Duplicate patient ID found: gpi03, skipping additional entry
2025-12-01 11:26:32,726 - WARNING - Duplicate patient ID found: gpi05, skipping additional entry
2025-12-01 11:26:32,726 - WARNING - Duplicate patient ID found: stn25, skipping additional entry
2025-12-01 11:26:32,726 - WARNING - Duplicate patient ID found: gpi08, skipping additional entry
2025-12-01 11:26:32,726 - WARNING - Duplicate patient ID found: gpi27, skipping additional entry
2025-12-01 11:26:32,726 - WARNING - Duplicate patient ID found: stn16, skipping additional entry
2025-12-01 11:26:32,726 - WARNING - Duplicate patient ID found: gpi23, skipping additional entry
2025-12-01 11:26:32,726 - WARNING - Duplicate patient ID found: stn09, skipping additional entry
2025-12-01 11:26:32,726 - WARNING - Duplicate patient ID found: stn28, skipping additional entry
2025-12-01 11:26:32,726 - WARNING - Duplicate patient ID found: stn06, skipping additional entry
2025-12-01 11:26:32,726 - WARNING - Duplicate patient ID found: stn12, skipping additional entry
2025-12-01 11:26:32,727 - WARNING - Duplicate patient ID found: gpi16, skipping additional entry
2025-12-01 11:26:32,727 - WARNING - Duplicate patient ID found: gpi30, skipping additional entry
2025-12-01 11:26:32,727 - WARNING - Duplicate patient ID found: stn21, skipping additional entry
2025-12-01 11:26:32,727 - WARNING - Duplicate patient ID found: stn22, skipping additional entry
2025-12-01 11:26:32,727 - WARNING - Duplicate patient ID found: stn14, skipping additional entry
2025-12-01 11:26:32,727 - WARNING - Duplicate patient ID found: gpi17, skipping additional entry
2025-12-01 11:26:32,727 - WARNING - Duplicate patient ID found: gpi21, skipping additional entry
2025-12-01 11:26:32,727 - WARNING - Duplicate patient ID found: gpi32, skipping additional entry
2025-12-01 11:26:32,727 - WARNING - Duplicate patient ID found: stn15, skipping additional entry
2025-12-01 11:26:32,727 - INFO - Built diff index with 71 patients
2025-12-01 11:26:32,727 - INFO - Parsing UPDRS data with diff features...
2025-12-01 11:26:32,742 - INFO - Found 55 valid samples
2025-12-01 11:26:32,742 - INFO - Preparing feature matrices with diff features...
2025-12-01 11:26:32,775 - INFO - Feature matrix shape: (55, 365), Class distribution: [24 31]
2025-12-01 11:26:32,775 - INFO - 
============================================================
2025-12-01 11:26:32,775 - INFO - Starting Cross-Validation Experiment: Treatment_Response_ALL_Thresh0.25
2025-12-01 11:26:32,775 - INFO - Total samples: 55 | Class distribution: [24 31]
2025-12-01 11:26:32,776 - INFO - 
--- Fold 1/5 ---
2025-12-01 11:26:32,776 - INFO - Train size: 44, Test size: 11
2025-12-01 11:26:32,776 - INFO - Train class balance - 0: 19, 1: 25
2025-12-01 11:26:32,776 - INFO - Test class balance  - 0: 5, 1: 6
2025-12-01 11:26:33,627 - INFO - Training fold 1 with early stopping (patience=50)...
2025-12-01 11:26:33,782 - INFO - Epoch 1/200 | Train Loss: 0.780329 | Val Loss: 0.733097 | Best Val Loss: inf (epoch 1)
2025-12-01 11:26:33,942 - INFO - Epoch 10/200 | Train Loss: 0.000286 | Val Loss: 3.445946 | Best Val Loss: inf (epoch 1)
2025-12-01 11:26:34,122 - INFO - Epoch 20/200 | Train Loss: 0.000198 | Val Loss: 3.417124 | Best Val Loss: inf (epoch 1)
2025-12-01 11:26:34,301 - INFO - Epoch 30/200 | Train Loss: 0.000035 | Val Loss: 3.341189 | Best Val Loss: inf (epoch 1)
2025-12-01 11:26:34,480 - INFO - Epoch 40/200 | Train Loss: 0.000016 | Val Loss: 3.601835 | Best Val Loss: inf (epoch 1)
2025-12-01 11:26:34,657 - INFO - Epoch 50/200 | Train Loss: 0.000079 | Val Loss: 3.344959 | Best Val Loss: inf (epoch 1)
2025-12-01 11:26:34,909 - INFO - Epoch 60/200 | Train Loss: 0.000022 | Val Loss: 3.355728 | Best Val Loss: 3.222658 (epoch 55)
2025-12-01 11:26:35,088 - INFO - Epoch 70/200 | Train Loss: 0.000012 | Val Loss: 3.433505 | Best Val Loss: 3.222658 (epoch 55)
2025-12-01 11:26:35,269 - INFO - Epoch 80/200 | Train Loss: 0.000029 | Val Loss: 3.450841 | Best Val Loss: 3.222658 (epoch 55)
2025-12-01 11:26:35,447 - INFO - Epoch 90/200 | Train Loss: 0.000011 | Val Loss: 3.728928 | Best Val Loss: 3.222658 (epoch 55)
2025-12-01 11:26:35,625 - INFO - Epoch 100/200 | Train Loss: 0.000006 | Val Loss: 3.767067 | Best Val Loss: 3.222658 (epoch 55)
2025-12-01 11:26:35,715 - INFO - Early stopping triggered at epoch 105! Best validation loss: 3.222658 at epoch 55
2025-12-01 11:26:35,728 - INFO - Loaded best model from epoch 55
2025-12-01 11:26:35,731 - INFO - Optimal Youden threshold: 1.0000
2025-12-01 11:26:35,745 - INFO - Fold 1 Results - Acc: 0.8182, F1: 0.8000, AUC: 0.8000, AP: 0.8857
2025-12-01 11:26:35,746 - INFO - 
--- Fold 2/5 ---
2025-12-01 11:26:35,746 - INFO - Train size: 44, Test size: 11
2025-12-01 11:26:35,746 - INFO - Train class balance - 0: 19, 1: 25
2025-12-01 11:26:35,746 - INFO - Test class balance  - 0: 5, 1: 6
2025-12-01 11:26:35,765 - INFO - Training fold 2 with early stopping (patience=50)...
2025-12-01 11:26:35,785 - INFO - Epoch 1/200 | Train Loss: 0.719627 | Val Loss: 0.642329 | Best Val Loss: inf (epoch 1)
2025-12-01 11:26:35,945 - INFO - Epoch 10/200 | Train Loss: 0.000232 | Val Loss: 3.163124 | Best Val Loss: inf (epoch 1)
2025-12-01 11:26:36,122 - INFO - Epoch 20/200 | Train Loss: 0.000029 | Val Loss: 2.898666 | Best Val Loss: inf (epoch 1)
2025-12-01 11:26:36,298 - INFO - Epoch 30/200 | Train Loss: 0.001056 | Val Loss: 12.461345 | Best Val Loss: inf (epoch 1)
2025-12-01 11:26:36,475 - INFO - Epoch 40/200 | Train Loss: 0.000100 | Val Loss: 3.216105 | Best Val Loss: inf (epoch 1)
2025-12-01 11:26:36,655 - INFO - Epoch 50/200 | Train Loss: 0.000028 | Val Loss: 2.507156 | Best Val Loss: inf (epoch 1)
2025-12-01 11:26:36,958 - INFO - Epoch 60/200 | Train Loss: 0.000020 | Val Loss: 2.348380 | Best Val Loss: 2.344915 (epoch 59)
2025-12-01 11:26:37,206 - INFO - Epoch 70/200 | Train Loss: 0.000028 | Val Loss: 2.340277 | Best Val Loss: 2.331352 (epoch 69)
2025-12-01 11:26:37,383 - INFO - Epoch 80/200 | Train Loss: 0.000016 | Val Loss: 2.356450 | Best Val Loss: 2.331352 (epoch 69)
2025-12-01 11:26:37,559 - INFO - Epoch 90/200 | Train Loss: 0.000027 | Val Loss: 2.377833 | Best Val Loss: 2.331352 (epoch 69)
2025-12-01 11:26:37,736 - INFO - Epoch 100/200 | Train Loss: 0.000013 | Val Loss: 2.385413 | Best Val Loss: 2.331352 (epoch 69)
2025-12-01 11:26:37,913 - INFO - Epoch 110/200 | Train Loss: 0.000014 | Val Loss: 2.410129 | Best Val Loss: 2.331352 (epoch 69)
2025-12-01 11:26:38,072 - INFO - Early stopping triggered at epoch 119! Best validation loss: 2.331352 at epoch 69
2025-12-01 11:26:38,085 - INFO - Loaded best model from epoch 69
2025-12-01 11:26:38,088 - INFO - Optimal Youden threshold: 0.8038
2025-12-01 11:26:38,102 - INFO - Fold 2 Results - Acc: 0.8182, F1: 0.8333, AUC: 0.6667, AP: 0.6826
2025-12-01 11:26:38,102 - INFO - 
--- Fold 3/5 ---
2025-12-01 11:26:38,102 - INFO - Train size: 44, Test size: 11
2025-12-01 11:26:38,102 - INFO - Train class balance - 0: 19, 1: 25
2025-12-01 11:26:38,102 - INFO - Test class balance  - 0: 5, 1: 6
2025-12-01 11:26:38,119 - INFO - Training fold 3 with early stopping (patience=50)...
2025-12-01 11:26:38,139 - INFO - Epoch 1/200 | Train Loss: 0.685015 | Val Loss: 0.628144 | Best Val Loss: inf (epoch 1)
2025-12-01 11:26:38,299 - INFO - Epoch 10/200 | Train Loss: 0.157072 | Val Loss: 2.233470 | Best Val Loss: inf (epoch 1)
2025-12-01 11:26:38,474 - INFO - Epoch 20/200 | Train Loss: 0.001805 | Val Loss: 2.520301 | Best Val Loss: inf (epoch 1)
2025-12-01 11:26:38,648 - INFO - Epoch 30/200 | Train Loss: 0.000286 | Val Loss: 2.958848 | Best Val Loss: inf (epoch 1)
2025-12-01 11:26:38,824 - INFO - Epoch 40/200 | Train Loss: 0.000097 | Val Loss: 3.228090 | Best Val Loss: inf (epoch 1)
2025-12-01 11:26:38,998 - INFO - Epoch 50/200 | Train Loss: 0.000063 | Val Loss: 3.377169 | Best Val Loss: inf (epoch 1)
2025-12-01 11:26:39,183 - INFO - Epoch 60/200 | Train Loss: 0.000046 | Val Loss: 3.472312 | Best Val Loss: 3.387268 (epoch 51)
2025-12-01 11:26:39,356 - INFO - Epoch 70/200 | Train Loss: 0.000054 | Val Loss: 3.496325 | Best Val Loss: 3.387268 (epoch 51)
2025-12-01 11:26:39,545 - INFO - Epoch 80/200 | Train Loss: 0.000021 | Val Loss: 3.323177 | Best Val Loss: 3.323177 (epoch 80)
2025-12-01 11:26:39,749 - INFO - Epoch 90/200 | Train Loss: 0.000039 | Val Loss: 3.349788 | Best Val Loss: 3.293161 (epoch 82)
2025-12-01 11:26:39,929 - INFO - Epoch 100/200 | Train Loss: 0.000015 | Val Loss: 3.448519 | Best Val Loss: 3.293161 (epoch 82)
2025-12-01 11:26:40,105 - INFO - Epoch 110/200 | Train Loss: 0.000006 | Val Loss: 3.509218 | Best Val Loss: 3.293161 (epoch 82)
2025-12-01 11:26:40,281 - INFO - Epoch 120/200 | Train Loss: 0.000008 | Val Loss: 3.551641 | Best Val Loss: 3.293161 (epoch 82)
2025-12-01 11:26:40,457 - INFO - Epoch 130/200 | Train Loss: 0.000014 | Val Loss: 3.605705 | Best Val Loss: 3.293161 (epoch 82)
2025-12-01 11:26:40,493 - INFO - Early stopping triggered at epoch 132! Best validation loss: 3.293161 at epoch 82
2025-12-01 11:26:40,506 - INFO - Loaded best model from epoch 82
2025-12-01 11:26:40,510 - INFO - Optimal Youden threshold: 1.0000
2025-12-01 11:26:40,526 - INFO - Fold 3 Results - Acc: 0.7273, F1: 0.6667, AUC: 0.7667, AP: 0.8413
2025-12-01 11:26:40,526 - INFO - 
--- Fold 4/5 ---
2025-12-01 11:26:40,526 - INFO - Train size: 44, Test size: 11
2025-12-01 11:26:40,526 - INFO - Train class balance - 0: 19, 1: 25
2025-12-01 11:26:40,526 - INFO - Test class balance  - 0: 5, 1: 6
2025-12-01 11:26:40,544 - INFO - Training fold 4 with early stopping (patience=50)...
2025-12-01 11:26:40,564 - INFO - Epoch 1/200 | Train Loss: 0.786586 | Val Loss: 0.765190 | Best Val Loss: inf (epoch 1)
2025-12-01 11:26:40,724 - INFO - Epoch 10/200 | Train Loss: 0.004182 | Val Loss: 3.139364 | Best Val Loss: inf (epoch 1)
2025-12-01 11:26:40,902 - INFO - Epoch 20/200 | Train Loss: 0.000361 | Val Loss: 4.849283 | Best Val Loss: inf (epoch 1)
2025-12-01 11:26:41,076 - INFO - Epoch 30/200 | Train Loss: 0.000021 | Val Loss: 4.294733 | Best Val Loss: inf (epoch 1)
2025-12-01 11:26:41,251 - INFO - Epoch 40/200 | Train Loss: 0.000017 | Val Loss: 4.266582 | Best Val Loss: inf (epoch 1)
2025-12-01 11:26:41,426 - INFO - Epoch 50/200 | Train Loss: 0.000018 | Val Loss: 4.252435 | Best Val Loss: inf (epoch 1)
2025-12-01 11:26:41,634 - INFO - Epoch 60/200 | Train Loss: 0.000019 | Val Loss: 4.278626 | Best Val Loss: 4.248376 (epoch 52)
2025-12-01 11:26:41,808 - INFO - Epoch 70/200 | Train Loss: 0.000012 | Val Loss: 4.266560 | Best Val Loss: 4.248376 (epoch 52)
2025-12-01 11:26:42,044 - INFO - Epoch 80/200 | Train Loss: 0.000009 | Val Loss: 4.160436 | Best Val Loss: 4.160436 (epoch 80)
2025-12-01 11:26:42,334 - INFO - Epoch 90/200 | Train Loss: 0.000010 | Val Loss: 4.083397 | Best Val Loss: 4.079365 (epoch 88)
2025-12-01 11:26:42,508 - INFO - Epoch 100/200 | Train Loss: 0.000009 | Val Loss: 4.129447 | Best Val Loss: 4.079365 (epoch 88)
2025-12-01 11:26:42,682 - INFO - Epoch 110/200 | Train Loss: 0.000013 | Val Loss: 4.151260 | Best Val Loss: 4.079365 (epoch 88)
2025-12-01 11:26:42,859 - INFO - Epoch 120/200 | Train Loss: 0.000010 | Val Loss: 4.157172 | Best Val Loss: 4.079365 (epoch 88)
2025-12-01 11:26:43,036 - INFO - Epoch 130/200 | Train Loss: 0.000005 | Val Loss: 4.158403 | Best Val Loss: 4.079365 (epoch 88)
2025-12-01 11:26:43,176 - INFO - Early stopping triggered at epoch 138! Best validation loss: 4.079365 at epoch 88
2025-12-01 11:26:43,188 - INFO - Loaded best model from epoch 88
2025-12-01 11:26:43,191 - INFO - Optimal Youden threshold: 1.0000
2025-12-01 11:26:43,203 - INFO - Fold 4 Results - Acc: 0.8182, F1: 0.8333, AUC: 0.7667, AP: 0.7167
2025-12-01 11:26:43,203 - INFO - 
--- Fold 5/5 ---
2025-12-01 11:26:43,203 - INFO - Train size: 44, Test size: 11
2025-12-01 11:26:43,203 - INFO - Train class balance - 0: 20, 1: 24
2025-12-01 11:26:43,203 - INFO - Test class balance  - 0: 4, 1: 7
2025-12-01 11:26:43,219 - INFO - Training fold 5 with early stopping (patience=50)...
2025-12-01 11:26:43,239 - INFO - Epoch 1/200 | Train Loss: 0.711850 | Val Loss: 0.759114 | Best Val Loss: inf (epoch 1)
2025-12-01 11:26:43,397 - INFO - Epoch 10/200 | Train Loss: 0.000097 | Val Loss: 6.031876 | Best Val Loss: inf (epoch 1)
2025-12-01 11:26:43,572 - INFO - Epoch 20/200 | Train Loss: 0.000120 | Val Loss: 4.335826 | Best Val Loss: inf (epoch 1)
2025-12-01 11:26:43,748 - INFO - Epoch 30/200 | Train Loss: 0.008372 | Val Loss: 1.699961 | Best Val Loss: inf (epoch 1)
2025-12-01 11:26:43,924 - INFO - Epoch 40/200 | Train Loss: 0.000646 | Val Loss: 4.316272 | Best Val Loss: inf (epoch 1)
2025-12-01 11:26:44,101 - INFO - Epoch 50/200 | Train Loss: 0.000022 | Val Loss: 4.833086 | Best Val Loss: inf (epoch 1)
2025-12-01 11:26:44,289 - INFO - Epoch 60/200 | Train Loss: 0.000052 | Val Loss: 5.017047 | Best Val Loss: 4.861291 (epoch 51)
2025-12-01 11:26:44,465 - INFO - Epoch 70/200 | Train Loss: 0.000019 | Val Loss: 5.135946 | Best Val Loss: 4.861291 (epoch 51)
2025-12-01 11:26:44,641 - INFO - Epoch 80/200 | Train Loss: 0.000009 | Val Loss: 5.173026 | Best Val Loss: 4.861291 (epoch 51)
2025-12-01 11:26:44,815 - INFO - Epoch 90/200 | Train Loss: 0.000007 | Val Loss: 5.203747 | Best Val Loss: 4.861291 (epoch 51)
2025-12-01 11:26:44,991 - INFO - Epoch 100/200 | Train Loss: 0.000016 | Val Loss: 5.239443 | Best Val Loss: 4.861291 (epoch 51)
2025-12-01 11:26:45,009 - INFO - Early stopping triggered at epoch 101! Best validation loss: 4.861291 at epoch 51
2025-12-01 11:26:45,020 - INFO - Loaded best model from epoch 51
2025-12-01 11:26:45,023 - INFO - Optimal Youden threshold: 0.0000
2025-12-01 11:26:45,035 - INFO - Fold 5 Results - Acc: 0.8182, F1: 0.8750, AUC: 0.6786, AP: 0.7254
2025-12-01 11:26:45,036 - INFO - 
============================================================
2025-12-01 11:26:45,036 - INFO - FINAL CROSS-VALIDATION RESULTS FOR: Treatment_Response_ALL_Thresh0.25
2025-12-01 11:26:45,036 - INFO - ACC       : 0.8000 ± 0.0364
2025-12-01 11:26:45,036 - INFO - F1        : 0.8017 ± 0.0716
2025-12-01 11:26:45,036 - INFO - PRECISION : 0.8889 ± 0.0930
2025-12-01 11:26:45,036 - INFO - RECALL    : 0.7667 ± 0.1700
2025-12-01 11:26:45,036 - INFO - AUC       : 0.7357 ± 0.0531
2025-12-01 11:26:45,036 - INFO - AP        : 0.7703 ± 0.0787
2025-12-01 11:26:45,036 - INFO - ============================================================

2025-12-01 11:26:45,039 - INFO - Results saved to final_results_Treatment_Response_ALL_Thresh0.25.json
2025-12-01 11:26:45,039 - INFO - Total execution time: 12.32 seconds
2025-12-01 11:26:55,671 - INFO - Using device: cuda
2025-12-01 11:26:55,671 - INFO - Hyperparameters: {
  "batch_size": 8,
  "learning_rate": 0.0005,
  "num_epochs": 200,
  "hidden_dim": 512,
  "num_blocks": 4,
  "dropout": 0.3,
  "feature_type": "UPDRS",
  "improvement_threshold": 0.25
}
2025-12-01 11:26:55,671 - INFO - Starting treatment response prediction pipeline
2025-12-01 11:26:55,672 - INFO - Building diff file index (mean_anomaly & mean_distortion)...
2025-12-01 11:26:55,673 - WARNING - Duplicate patient ID found: stn02, skipping additional entry
2025-12-01 11:26:55,673 - WARNING - Duplicate patient ID found: gpi11, skipping additional entry
2025-12-01 11:26:55,673 - WARNING - Duplicate patient ID found: gpi02, skipping additional entry
2025-12-01 11:26:55,673 - WARNING - Duplicate patient ID found: gpi19, skipping additional entry
2025-12-01 11:26:55,674 - WARNING - Duplicate patient ID found: stn23, skipping additional entry
2025-12-01 11:26:55,674 - WARNING - Duplicate patient ID found: stn03, skipping additional entry
2025-12-01 11:26:55,674 - WARNING - Duplicate patient ID found: gpi20, skipping additional entry
2025-12-01 11:26:55,674 - WARNING - Duplicate patient ID found: stn04, skipping additional entry
2025-12-01 11:26:55,674 - WARNING - Duplicate patient ID found: stn24, skipping additional entry
2025-12-01 11:26:55,674 - WARNING - Duplicate patient ID found: gpi04, skipping additional entry
2025-12-01 11:26:55,674 - WARNING - Duplicate patient ID found: gpi15, skipping additional entry
2025-12-01 11:26:55,675 - WARNING - Duplicate patient ID found: stn19, skipping additional entry
2025-12-01 11:26:55,675 - WARNING - Duplicate patient ID found: stn08, skipping additional entry
2025-12-01 11:26:55,675 - WARNING - Duplicate patient ID found: stn11, skipping additional entry
2025-12-01 11:26:55,675 - WARNING - Duplicate patient ID found: gpi07, skipping additional entry
2025-12-01 11:26:55,675 - WARNING - Duplicate patient ID found: gpi26, skipping additional entry
2025-12-01 11:26:55,675 - WARNING - Duplicate patient ID found: stn13, skipping additional entry
2025-12-01 11:26:55,675 - WARNING - Duplicate patient ID found: gpi06, skipping additional entry
2025-12-01 11:26:55,675 - WARNING - Duplicate patient ID found: stn30, skipping additional entry
2025-12-01 11:26:55,675 - WARNING - Duplicate patient ID found: stn18, skipping additional entry
2025-12-01 11:26:55,675 - WARNING - Duplicate patient ID found: gpi24, skipping additional entry
2025-12-01 11:26:55,675 - WARNING - Duplicate patient ID found: gpi13, skipping additional entry
2025-12-01 11:26:55,676 - WARNING - Duplicate patient ID found: stn07, skipping additional entry
2025-12-01 11:26:55,676 - WARNING - Duplicate patient ID found: stn20, skipping additional entry
2025-12-01 11:26:55,676 - WARNING - Duplicate patient ID found: gpi12, skipping additional entry
2025-12-01 11:26:55,676 - WARNING - Duplicate patient ID found: stn01, skipping additional entry
2025-12-01 11:26:55,676 - WARNING - Duplicate patient ID found: gpi22, skipping additional entry
2025-12-01 11:26:55,676 - WARNING - Duplicate patient ID found: gpi18, skipping additional entry
2025-12-01 11:26:55,676 - WARNING - Duplicate patient ID found: gpi09, skipping additional entry
2025-12-01 11:26:55,677 - WARNING - Duplicate patient ID found: gpi25, skipping additional entry
2025-12-01 11:26:55,677 - WARNING - Duplicate patient ID found: stn29, skipping additional entry
2025-12-01 11:26:55,677 - WARNING - Duplicate patient ID found: gpi31, skipping additional entry
2025-12-01 11:26:55,677 - WARNING - Duplicate patient ID found: stn10, skipping additional entry
2025-12-01 11:26:55,677 - WARNING - Duplicate patient ID found: gpi28, skipping additional entry
2025-12-01 11:26:55,677 - WARNING - Duplicate patient ID found: stn31, skipping additional entry
2025-12-01 11:26:55,677 - WARNING - Duplicate patient ID found: gpi03, skipping additional entry
2025-12-01 11:26:55,677 - WARNING - Duplicate patient ID found: gpi05, skipping additional entry
2025-12-01 11:26:55,677 - WARNING - Duplicate patient ID found: stn25, skipping additional entry
2025-12-01 11:26:55,677 - WARNING - Duplicate patient ID found: gpi08, skipping additional entry
2025-12-01 11:26:55,677 - WARNING - Duplicate patient ID found: gpi27, skipping additional entry
2025-12-01 11:26:55,677 - WARNING - Duplicate patient ID found: stn16, skipping additional entry
2025-12-01 11:26:55,677 - WARNING - Duplicate patient ID found: gpi23, skipping additional entry
2025-12-01 11:26:55,678 - WARNING - Duplicate patient ID found: stn09, skipping additional entry
2025-12-01 11:26:55,678 - WARNING - Duplicate patient ID found: stn28, skipping additional entry
2025-12-01 11:26:55,678 - WARNING - Duplicate patient ID found: stn06, skipping additional entry
2025-12-01 11:26:55,678 - WARNING - Duplicate patient ID found: stn12, skipping additional entry
2025-12-01 11:26:55,678 - WARNING - Duplicate patient ID found: gpi16, skipping additional entry
2025-12-01 11:26:55,678 - WARNING - Duplicate patient ID found: gpi30, skipping additional entry
2025-12-01 11:26:55,678 - WARNING - Duplicate patient ID found: stn21, skipping additional entry
2025-12-01 11:26:55,678 - WARNING - Duplicate patient ID found: stn22, skipping additional entry
2025-12-01 11:26:55,678 - WARNING - Duplicate patient ID found: stn14, skipping additional entry
2025-12-01 11:26:55,678 - WARNING - Duplicate patient ID found: gpi17, skipping additional entry
2025-12-01 11:26:55,678 - WARNING - Duplicate patient ID found: gpi21, skipping additional entry
2025-12-01 11:26:55,678 - WARNING - Duplicate patient ID found: gpi32, skipping additional entry
2025-12-01 11:26:55,678 - WARNING - Duplicate patient ID found: stn15, skipping additional entry
2025-12-01 11:26:55,679 - INFO - Built diff index with 71 patients
2025-12-01 11:26:55,679 - INFO - Parsing UPDRS data with diff features...
2025-12-01 11:26:55,693 - INFO - Found 55 valid samples
2025-12-01 11:26:55,693 - INFO - Preparing feature matrices with diff features...
2025-12-01 11:26:55,727 - INFO - Feature matrix shape: (55, 33), Class distribution: [24 31]
2025-12-01 11:26:55,727 - INFO - 
============================================================
2025-12-01 11:26:55,727 - INFO - Starting Cross-Validation Experiment: Treatment_Response_UPDRS_Thresh0.25
2025-12-01 11:26:55,727 - INFO - Total samples: 55 | Class distribution: [24 31]
2025-12-01 11:26:55,728 - INFO - 
--- Fold 1/5 ---
2025-12-01 11:26:55,728 - INFO - Train size: 44, Test size: 11
2025-12-01 11:26:55,728 - INFO - Train class balance - 0: 19, 1: 25
2025-12-01 11:26:55,728 - INFO - Test class balance  - 0: 5, 1: 6
2025-12-01 11:26:56,525 - INFO - Training fold 1 with early stopping (patience=50)...
2025-12-01 11:26:56,681 - INFO - Epoch 1/200 | Train Loss: 0.603987 | Val Loss: 1.008903 | Best Val Loss: inf (epoch 1)
2025-12-01 11:26:56,840 - INFO - Epoch 10/200 | Train Loss: 0.309296 | Val Loss: 1.201134 | Best Val Loss: inf (epoch 1)
2025-12-01 11:26:57,016 - INFO - Epoch 20/200 | Train Loss: 0.045893 | Val Loss: 1.846317 | Best Val Loss: inf (epoch 1)
2025-12-01 11:26:57,194 - INFO - Epoch 30/200 | Train Loss: 0.097754 | Val Loss: 1.796260 | Best Val Loss: inf (epoch 1)
2025-12-01 11:26:57,372 - INFO - Epoch 40/200 | Train Loss: 0.009592 | Val Loss: 2.725645 | Best Val Loss: inf (epoch 1)
2025-12-01 11:26:57,549 - INFO - Epoch 50/200 | Train Loss: 0.002362 | Val Loss: 2.525148 | Best Val Loss: inf (epoch 1)
2025-12-01 11:26:57,741 - INFO - Epoch 60/200 | Train Loss: 0.000486 | Val Loss: 2.798546 | Best Val Loss: 2.557047 (epoch 51)
2025-12-01 11:26:57,934 - INFO - Epoch 70/200 | Train Loss: 0.001055 | Val Loss: 2.859623 | Best Val Loss: 2.125382 (epoch 64)
2025-12-01 11:26:58,110 - INFO - Epoch 80/200 | Train Loss: 0.000094 | Val Loss: 3.686928 | Best Val Loss: 2.125382 (epoch 64)
2025-12-01 11:26:58,287 - INFO - Epoch 90/200 | Train Loss: 0.000037 | Val Loss: 4.109751 | Best Val Loss: 2.125382 (epoch 64)
2025-12-01 11:26:58,466 - INFO - Epoch 100/200 | Train Loss: 0.000022 | Val Loss: 4.231954 | Best Val Loss: 2.125382 (epoch 64)
2025-12-01 11:26:58,646 - INFO - Epoch 110/200 | Train Loss: 0.000030 | Val Loss: 4.275526 | Best Val Loss: 2.125382 (epoch 64)
2025-12-01 11:26:58,718 - INFO - Early stopping triggered at epoch 114! Best validation loss: 2.125382 at epoch 64
2025-12-01 11:26:58,730 - INFO - Loaded best model from epoch 64
2025-12-01 11:26:58,733 - INFO - Optimal Youden threshold: 0.0350
2025-12-01 11:26:58,747 - INFO - Fold 1 Results - Acc: 0.7273, F1: 0.8000, AUC: 0.7000, AP: 0.7847
2025-12-01 11:26:58,747 - INFO - 
--- Fold 2/5 ---
2025-12-01 11:26:58,747 - INFO - Train size: 44, Test size: 11
2025-12-01 11:26:58,747 - INFO - Train class balance - 0: 19, 1: 25
2025-12-01 11:26:58,747 - INFO - Test class balance  - 0: 5, 1: 6
2025-12-01 11:26:58,765 - INFO - Training fold 2 with early stopping (patience=50)...
2025-12-01 11:26:58,784 - INFO - Epoch 1/200 | Train Loss: 0.711102 | Val Loss: 0.656902 | Best Val Loss: inf (epoch 1)
2025-12-01 11:26:58,944 - INFO - Epoch 10/200 | Train Loss: 0.457960 | Val Loss: 0.414817 | Best Val Loss: inf (epoch 1)
2025-12-01 11:26:59,122 - INFO - Epoch 20/200 | Train Loss: 0.161867 | Val Loss: 1.085858 | Best Val Loss: inf (epoch 1)
2025-12-01 11:26:59,301 - INFO - Epoch 30/200 | Train Loss: 0.048190 | Val Loss: 1.126045 | Best Val Loss: inf (epoch 1)
2025-12-01 11:26:59,477 - INFO - Epoch 40/200 | Train Loss: 0.005492 | Val Loss: 1.213855 | Best Val Loss: inf (epoch 1)
2025-12-01 11:26:59,652 - INFO - Epoch 50/200 | Train Loss: 0.218347 | Val Loss: 1.055535 | Best Val Loss: inf (epoch 1)
2025-12-01 11:26:59,843 - INFO - Epoch 60/200 | Train Loss: 0.000242 | Val Loss: 2.339966 | Best Val Loss: 1.085512 (epoch 51)
2025-12-01 11:27:00,020 - INFO - Epoch 70/200 | Train Loss: 0.000433 | Val Loss: 2.419132 | Best Val Loss: 1.085512 (epoch 51)
2025-12-01 11:27:00,196 - INFO - Epoch 80/200 | Train Loss: 0.000046 | Val Loss: 2.502948 | Best Val Loss: 1.085512 (epoch 51)
2025-12-01 11:27:00,371 - INFO - Epoch 90/200 | Train Loss: 0.000053 | Val Loss: 2.675102 | Best Val Loss: 1.085512 (epoch 51)
2025-12-01 11:27:00,546 - INFO - Epoch 100/200 | Train Loss: 0.000140 | Val Loss: 2.653801 | Best Val Loss: 1.085512 (epoch 51)
2025-12-01 11:27:00,564 - INFO - Early stopping triggered at epoch 101! Best validation loss: 1.085512 at epoch 51
2025-12-01 11:27:00,576 - INFO - Loaded best model from epoch 51
2025-12-01 11:27:00,579 - INFO - Optimal Youden threshold: 0.9866
2025-12-01 11:27:00,594 - INFO - Fold 2 Results - Acc: 0.8182, F1: 0.8000, AUC: 0.8333, AP: 0.8968
2025-12-01 11:27:00,594 - INFO - 
--- Fold 3/5 ---
2025-12-01 11:27:00,595 - INFO - Train size: 44, Test size: 11
2025-12-01 11:27:00,595 - INFO - Train class balance - 0: 19, 1: 25
2025-12-01 11:27:00,595 - INFO - Test class balance  - 0: 5, 1: 6
2025-12-01 11:27:00,611 - INFO - Training fold 3 with early stopping (patience=50)...
2025-12-01 11:27:00,631 - INFO - Epoch 1/200 | Train Loss: 0.841776 | Val Loss: 0.729625 | Best Val Loss: inf (epoch 1)
2025-12-01 11:27:00,790 - INFO - Epoch 10/200 | Train Loss: 0.323917 | Val Loss: 1.650388 | Best Val Loss: inf (epoch 1)
2025-12-01 11:27:00,968 - INFO - Epoch 20/200 | Train Loss: 0.113316 | Val Loss: 0.801566 | Best Val Loss: inf (epoch 1)
2025-12-01 11:27:01,144 - INFO - Epoch 30/200 | Train Loss: 0.199072 | Val Loss: 1.465777 | Best Val Loss: inf (epoch 1)
2025-12-01 11:27:01,319 - INFO - Epoch 40/200 | Train Loss: 0.398742 | Val Loss: 1.341803 | Best Val Loss: inf (epoch 1)
2025-12-01 11:27:01,494 - INFO - Epoch 50/200 | Train Loss: 0.004799 | Val Loss: 1.154988 | Best Val Loss: inf (epoch 1)
2025-12-01 11:27:01,710 - INFO - Epoch 60/200 | Train Loss: 0.012442 | Val Loss: 1.969935 | Best Val Loss: 0.776216 (epoch 57)
2025-12-01 11:27:01,885 - INFO - Epoch 70/200 | Train Loss: 0.002254 | Val Loss: 2.395848 | Best Val Loss: 0.776216 (epoch 57)
2025-12-01 11:27:02,059 - INFO - Epoch 80/200 | Train Loss: 0.088701 | Val Loss: 0.833161 | Best Val Loss: 0.776216 (epoch 57)
2025-12-01 11:27:02,238 - INFO - Epoch 90/200 | Train Loss: 0.012093 | Val Loss: 2.180766 | Best Val Loss: 0.776216 (epoch 57)
2025-12-01 11:27:02,413 - INFO - Epoch 100/200 | Train Loss: 0.004672 | Val Loss: 2.848661 | Best Val Loss: 0.776216 (epoch 57)
2025-12-01 11:27:02,536 - INFO - Early stopping triggered at epoch 107! Best validation loss: 0.776216 at epoch 57
2025-12-01 11:27:02,547 - INFO - Loaded best model from epoch 57
2025-12-01 11:27:02,550 - INFO - Optimal Youden threshold: 0.0091
2025-12-01 11:27:02,561 - INFO - Fold 3 Results - Acc: 0.9091, F1: 0.9231, AUC: 0.9333, AP: 0.9484
2025-12-01 11:27:02,561 - INFO - 
--- Fold 4/5 ---
2025-12-01 11:27:02,561 - INFO - Train size: 44, Test size: 11
2025-12-01 11:27:02,562 - INFO - Train class balance - 0: 19, 1: 25
2025-12-01 11:27:02,562 - INFO - Test class balance  - 0: 5, 1: 6
2025-12-01 11:27:02,577 - INFO - Training fold 4 with early stopping (patience=50)...
2025-12-01 11:27:02,596 - INFO - Epoch 1/200 | Train Loss: 0.816500 | Val Loss: 0.704242 | Best Val Loss: inf (epoch 1)
2025-12-01 11:27:02,754 - INFO - Epoch 10/200 | Train Loss: 0.264283 | Val Loss: 0.884333 | Best Val Loss: inf (epoch 1)
2025-12-01 11:27:02,930 - INFO - Epoch 20/200 | Train Loss: 0.046444 | Val Loss: 1.264868 | Best Val Loss: inf (epoch 1)
2025-12-01 11:27:03,106 - INFO - Epoch 30/200 | Train Loss: 0.050110 | Val Loss: 1.428848 | Best Val Loss: inf (epoch 1)
2025-12-01 11:27:03,284 - INFO - Epoch 40/200 | Train Loss: 0.011321 | Val Loss: 1.657878 | Best Val Loss: inf (epoch 1)
2025-12-01 11:27:03,460 - INFO - Epoch 50/200 | Train Loss: 0.000164 | Val Loss: 2.014876 | Best Val Loss: inf (epoch 1)
2025-12-01 11:27:03,649 - INFO - Epoch 60/200 | Train Loss: 0.000036 | Val Loss: 2.368225 | Best Val Loss: 2.021431 (epoch 51)
2025-12-01 11:27:03,826 - INFO - Epoch 70/200 | Train Loss: 0.000042 | Val Loss: 2.655455 | Best Val Loss: 2.021431 (epoch 51)
2025-12-01 11:27:04,004 - INFO - Epoch 80/200 | Train Loss: 0.000033 | Val Loss: 2.664001 | Best Val Loss: 2.021431 (epoch 51)
2025-12-01 11:27:04,182 - INFO - Epoch 90/200 | Train Loss: 0.000562 | Val Loss: 2.921919 | Best Val Loss: 2.021431 (epoch 51)
2025-12-01 11:27:04,410 - INFO - Epoch 100/200 | Train Loss: 0.023064 | Val Loss: 2.168724 | Best Val Loss: 1.022404 (epoch 97)
2025-12-01 11:27:04,586 - INFO - Epoch 110/200 | Train Loss: 0.000085 | Val Loss: 1.701748 | Best Val Loss: 1.022404 (epoch 97)
2025-12-01 11:27:04,763 - INFO - Epoch 120/200 | Train Loss: 0.224678 | Val Loss: 2.130432 | Best Val Loss: 1.022404 (epoch 97)
2025-12-01 11:27:04,941 - INFO - Epoch 130/200 | Train Loss: 0.000114 | Val Loss: 3.162459 | Best Val Loss: 1.022404 (epoch 97)
2025-12-01 11:27:05,118 - INFO - Epoch 140/200 | Train Loss: 0.000199 | Val Loss: 2.935301 | Best Val Loss: 1.022404 (epoch 97)
2025-12-01 11:27:05,241 - INFO - Early stopping triggered at epoch 147! Best validation loss: 1.022404 at epoch 97
2025-12-01 11:27:05,253 - INFO - Loaded best model from epoch 97
2025-12-01 11:27:05,257 - INFO - Optimal Youden threshold: 0.9983
2025-12-01 11:27:05,271 - INFO - Fold 4 Results - Acc: 0.7273, F1: 0.6667, AUC: 0.7333, AP: 0.8375
2025-12-01 11:27:05,271 - INFO - 
--- Fold 5/5 ---
2025-12-01 11:27:05,271 - INFO - Train size: 44, Test size: 11
2025-12-01 11:27:05,271 - INFO - Train class balance - 0: 20, 1: 24
2025-12-01 11:27:05,271 - INFO - Test class balance  - 0: 4, 1: 7
2025-12-01 11:27:05,289 - INFO - Training fold 5 with early stopping (patience=50)...
2025-12-01 11:27:05,308 - INFO - Epoch 1/200 | Train Loss: 0.733338 | Val Loss: 0.802720 | Best Val Loss: inf (epoch 1)
2025-12-01 11:27:05,467 - INFO - Epoch 10/200 | Train Loss: 0.427208 | Val Loss: 1.111922 | Best Val Loss: inf (epoch 1)
2025-12-01 11:27:05,643 - INFO - Epoch 20/200 | Train Loss: 0.404643 | Val Loss: 0.614946 | Best Val Loss: inf (epoch 1)
2025-12-01 11:27:05,820 - INFO - Epoch 30/200 | Train Loss: 0.065891 | Val Loss: 1.708857 | Best Val Loss: inf (epoch 1)
2025-12-01 11:27:05,995 - INFO - Epoch 40/200 | Train Loss: 0.016884 | Val Loss: 1.851935 | Best Val Loss: inf (epoch 1)
2025-12-01 11:27:06,171 - INFO - Epoch 50/200 | Train Loss: 0.324053 | Val Loss: 1.301575 | Best Val Loss: inf (epoch 1)
2025-12-01 11:27:06,374 - INFO - Epoch 60/200 | Train Loss: 0.000648 | Val Loss: 2.357113 | Best Val Loss: 1.156153 (epoch 52)
2025-12-01 11:27:06,551 - INFO - Epoch 70/200 | Train Loss: 0.000259 | Val Loss: 2.434889 | Best Val Loss: 1.156153 (epoch 52)
2025-12-01 11:27:06,729 - INFO - Epoch 80/200 | Train Loss: 0.000409 | Val Loss: 2.490271 | Best Val Loss: 1.156153 (epoch 52)
2025-12-01 11:27:06,906 - INFO - Epoch 90/200 | Train Loss: 0.000108 | Val Loss: 2.883327 | Best Val Loss: 1.156153 (epoch 52)
2025-12-01 11:27:07,082 - INFO - Epoch 100/200 | Train Loss: 0.000031 | Val Loss: 2.883720 | Best Val Loss: 1.156153 (epoch 52)
2025-12-01 11:27:07,119 - INFO - Early stopping triggered at epoch 102! Best validation loss: 1.156153 at epoch 52
2025-12-01 11:27:07,130 - INFO - Loaded best model from epoch 52
2025-12-01 11:27:07,133 - INFO - Optimal Youden threshold: 0.9974
2025-12-01 11:27:07,146 - INFO - Fold 5 Results - Acc: 0.6364, F1: 0.6000, AUC: 0.7143, AP: 0.8520
2025-12-01 11:27:07,146 - INFO - 
============================================================
2025-12-01 11:27:07,146 - INFO - FINAL CROSS-VALIDATION RESULTS FOR: Treatment_Response_UPDRS_Thresh0.25
2025-12-01 11:27:07,146 - INFO - ACC       : 0.7636 ± 0.0927
2025-12-01 11:27:07,146 - INFO - F1        : 0.7579 ± 0.1132
2025-12-01 11:27:07,147 - INFO - PRECISION : 0.9048 ± 0.1313
2025-12-01 11:27:07,147 - INFO - RECALL    : 0.7190 ± 0.2421
2025-12-01 11:27:07,147 - INFO - AUC       : 0.7829 ± 0.0886
2025-12-01 11:27:07,147 - INFO - AP        : 0.8639 ± 0.0554
2025-12-01 11:27:07,147 - INFO - ============================================================

2025-12-01 11:27:07,150 - INFO - Results saved to final_results_Treatment_Response_UPDRS_Thresh0.25.json
2025-12-01 11:27:07,150 - INFO - Total execution time: 11.48 seconds
2025-12-01 11:27:47,886 - INFO - Using device: cuda
2025-12-01 11:27:47,887 - INFO - Hyperparameters: {
  "batch_size": 8,
  "learning_rate": 0.0005,
  "num_epochs": 200,
  "hidden_dim": 512,
  "num_blocks": 4,
  "dropout": 0.3,
  "feature_type": "ALL",
  "improvement_threshold": 0.25
}
2025-12-01 11:27:47,887 - INFO - Starting treatment response prediction pipeline
2025-12-01 11:27:47,887 - INFO - Building diff file index (mean_anomaly & mean_distortion)...
2025-12-01 11:27:47,888 - WARNING - Duplicate patient ID found: stn02, skipping additional entry
2025-12-01 11:27:47,888 - WARNING - Duplicate patient ID found: gpi11, skipping additional entry
2025-12-01 11:27:47,888 - WARNING - Duplicate patient ID found: gpi02, skipping additional entry
2025-12-01 11:27:47,889 - WARNING - Duplicate patient ID found: gpi19, skipping additional entry
2025-12-01 11:27:47,889 - WARNING - Duplicate patient ID found: stn23, skipping additional entry
2025-12-01 11:27:47,889 - WARNING - Duplicate patient ID found: stn03, skipping additional entry
2025-12-01 11:27:47,889 - WARNING - Duplicate patient ID found: gpi20, skipping additional entry
2025-12-01 11:27:47,889 - WARNING - Duplicate patient ID found: stn04, skipping additional entry
2025-12-01 11:27:47,889 - WARNING - Duplicate patient ID found: stn24, skipping additional entry
2025-12-01 11:27:47,890 - WARNING - Duplicate patient ID found: gpi04, skipping additional entry
2025-12-01 11:27:47,890 - WARNING - Duplicate patient ID found: gpi15, skipping additional entry
2025-12-01 11:27:47,890 - WARNING - Duplicate patient ID found: stn19, skipping additional entry
2025-12-01 11:27:47,890 - WARNING - Duplicate patient ID found: stn08, skipping additional entry
2025-12-01 11:27:47,890 - WARNING - Duplicate patient ID found: stn11, skipping additional entry
2025-12-01 11:27:47,890 - WARNING - Duplicate patient ID found: gpi07, skipping additional entry
2025-12-01 11:27:47,890 - WARNING - Duplicate patient ID found: gpi26, skipping additional entry
2025-12-01 11:27:47,890 - WARNING - Duplicate patient ID found: stn13, skipping additional entry
2025-12-01 11:27:47,890 - WARNING - Duplicate patient ID found: gpi06, skipping additional entry
2025-12-01 11:27:47,890 - WARNING - Duplicate patient ID found: stn30, skipping additional entry
2025-12-01 11:27:47,890 - WARNING - Duplicate patient ID found: stn18, skipping additional entry
2025-12-01 11:27:47,891 - WARNING - Duplicate patient ID found: gpi24, skipping additional entry
2025-12-01 11:27:47,891 - WARNING - Duplicate patient ID found: gpi13, skipping additional entry
2025-12-01 11:27:47,891 - WARNING - Duplicate patient ID found: stn07, skipping additional entry
2025-12-01 11:27:47,891 - WARNING - Duplicate patient ID found: stn20, skipping additional entry
2025-12-01 11:27:47,891 - WARNING - Duplicate patient ID found: gpi12, skipping additional entry
2025-12-01 11:27:47,891 - WARNING - Duplicate patient ID found: stn01, skipping additional entry
2025-12-01 11:27:47,891 - WARNING - Duplicate patient ID found: gpi22, skipping additional entry
2025-12-01 11:27:47,891 - WARNING - Duplicate patient ID found: gpi18, skipping additional entry
2025-12-01 11:27:47,892 - WARNING - Duplicate patient ID found: gpi09, skipping additional entry
2025-12-01 11:27:47,892 - WARNING - Duplicate patient ID found: gpi25, skipping additional entry
2025-12-01 11:27:47,892 - WARNING - Duplicate patient ID found: stn29, skipping additional entry
2025-12-01 11:27:47,892 - WARNING - Duplicate patient ID found: gpi31, skipping additional entry
2025-12-01 11:27:47,892 - WARNING - Duplicate patient ID found: stn10, skipping additional entry
2025-12-01 11:27:47,892 - WARNING - Duplicate patient ID found: gpi28, skipping additional entry
2025-12-01 11:27:47,892 - WARNING - Duplicate patient ID found: stn31, skipping additional entry
2025-12-01 11:27:47,892 - WARNING - Duplicate patient ID found: gpi03, skipping additional entry
2025-12-01 11:27:47,892 - WARNING - Duplicate patient ID found: gpi05, skipping additional entry
2025-12-01 11:27:47,892 - WARNING - Duplicate patient ID found: stn25, skipping additional entry
2025-12-01 11:27:47,892 - WARNING - Duplicate patient ID found: gpi08, skipping additional entry
2025-12-01 11:27:47,892 - WARNING - Duplicate patient ID found: gpi27, skipping additional entry
2025-12-01 11:27:47,892 - WARNING - Duplicate patient ID found: stn16, skipping additional entry
2025-12-01 11:27:47,892 - WARNING - Duplicate patient ID found: gpi23, skipping additional entry
2025-12-01 11:27:47,893 - WARNING - Duplicate patient ID found: stn09, skipping additional entry
2025-12-01 11:27:47,893 - WARNING - Duplicate patient ID found: stn28, skipping additional entry
2025-12-01 11:27:47,893 - WARNING - Duplicate patient ID found: stn06, skipping additional entry
2025-12-01 11:27:47,893 - WARNING - Duplicate patient ID found: stn12, skipping additional entry
2025-12-01 11:27:47,893 - WARNING - Duplicate patient ID found: gpi16, skipping additional entry
2025-12-01 11:27:47,893 - WARNING - Duplicate patient ID found: gpi30, skipping additional entry
2025-12-01 11:27:47,893 - WARNING - Duplicate patient ID found: stn21, skipping additional entry
2025-12-01 11:27:47,893 - WARNING - Duplicate patient ID found: stn22, skipping additional entry
2025-12-01 11:27:47,893 - WARNING - Duplicate patient ID found: stn14, skipping additional entry
2025-12-01 11:27:47,893 - WARNING - Duplicate patient ID found: gpi17, skipping additional entry
2025-12-01 11:27:47,893 - WARNING - Duplicate patient ID found: gpi21, skipping additional entry
2025-12-01 11:27:47,893 - WARNING - Duplicate patient ID found: gpi32, skipping additional entry
2025-12-01 11:27:47,893 - WARNING - Duplicate patient ID found: stn15, skipping additional entry
2025-12-01 11:27:47,894 - INFO - Built diff index with 71 patients
2025-12-01 11:27:47,894 - INFO - Parsing UPDRS data with diff features...
2025-12-01 11:27:47,898 - ERROR - Missing columns in CSV: ['总分']
2025-12-01 11:28:39,604 - INFO - Using device: cuda
2025-12-01 11:28:39,605 - INFO - Hyperparameters: {
  "batch_size": 8,
  "learning_rate": 0.0005,
  "num_epochs": 200,
  "hidden_dim": 512,
  "num_blocks": 4,
  "dropout": 0.3,
  "feature_type": "ALL",
  "improvement_threshold": 0.25
}
2025-12-01 11:28:39,605 - INFO - Starting treatment response prediction pipeline
2025-12-01 11:28:39,605 - INFO - Building diff file index (mean_anomaly & mean_distortion)...
2025-12-01 11:28:39,606 - WARNING - Duplicate patient ID found: stn02, skipping additional entry
2025-12-01 11:28:39,606 - WARNING - Duplicate patient ID found: gpi11, skipping additional entry
2025-12-01 11:28:39,607 - WARNING - Duplicate patient ID found: gpi02, skipping additional entry
2025-12-01 11:28:39,607 - WARNING - Duplicate patient ID found: gpi19, skipping additional entry
2025-12-01 11:28:39,607 - WARNING - Duplicate patient ID found: stn23, skipping additional entry
2025-12-01 11:28:39,607 - WARNING - Duplicate patient ID found: stn03, skipping additional entry
2025-12-01 11:28:39,607 - WARNING - Duplicate patient ID found: gpi20, skipping additional entry
2025-12-01 11:28:39,607 - WARNING - Duplicate patient ID found: stn04, skipping additional entry
2025-12-01 11:28:39,608 - WARNING - Duplicate patient ID found: stn24, skipping additional entry
2025-12-01 11:28:39,608 - WARNING - Duplicate patient ID found: gpi04, skipping additional entry
2025-12-01 11:28:39,608 - WARNING - Duplicate patient ID found: gpi15, skipping additional entry
2025-12-01 11:28:39,608 - WARNING - Duplicate patient ID found: stn19, skipping additional entry
2025-12-01 11:28:39,608 - WARNING - Duplicate patient ID found: stn08, skipping additional entry
2025-12-01 11:28:39,608 - WARNING - Duplicate patient ID found: stn11, skipping additional entry
2025-12-01 11:28:39,608 - WARNING - Duplicate patient ID found: gpi07, skipping additional entry
2025-12-01 11:28:39,608 - WARNING - Duplicate patient ID found: gpi26, skipping additional entry
2025-12-01 11:28:39,608 - WARNING - Duplicate patient ID found: stn13, skipping additional entry
2025-12-01 11:28:39,608 - WARNING - Duplicate patient ID found: gpi06, skipping additional entry
2025-12-01 11:28:39,608 - WARNING - Duplicate patient ID found: stn30, skipping additional entry
2025-12-01 11:28:39,609 - WARNING - Duplicate patient ID found: stn18, skipping additional entry
2025-12-01 11:28:39,609 - WARNING - Duplicate patient ID found: gpi24, skipping additional entry
2025-12-01 11:28:39,609 - WARNING - Duplicate patient ID found: gpi13, skipping additional entry
2025-12-01 11:28:39,609 - WARNING - Duplicate patient ID found: stn07, skipping additional entry
2025-12-01 11:28:39,609 - WARNING - Duplicate patient ID found: stn20, skipping additional entry
2025-12-01 11:28:39,609 - WARNING - Duplicate patient ID found: gpi12, skipping additional entry
2025-12-01 11:28:39,609 - WARNING - Duplicate patient ID found: stn01, skipping additional entry
2025-12-01 11:28:39,609 - WARNING - Duplicate patient ID found: gpi22, skipping additional entry
2025-12-01 11:28:39,609 - WARNING - Duplicate patient ID found: gpi18, skipping additional entry
2025-12-01 11:28:39,610 - WARNING - Duplicate patient ID found: gpi09, skipping additional entry
2025-12-01 11:28:39,610 - WARNING - Duplicate patient ID found: gpi25, skipping additional entry
2025-12-01 11:28:39,610 - WARNING - Duplicate patient ID found: stn29, skipping additional entry
2025-12-01 11:28:39,610 - WARNING - Duplicate patient ID found: gpi31, skipping additional entry
2025-12-01 11:28:39,610 - WARNING - Duplicate patient ID found: stn10, skipping additional entry
2025-12-01 11:28:39,610 - WARNING - Duplicate patient ID found: gpi28, skipping additional entry
2025-12-01 11:28:39,610 - WARNING - Duplicate patient ID found: stn31, skipping additional entry
2025-12-01 11:28:39,610 - WARNING - Duplicate patient ID found: gpi03, skipping additional entry
2025-12-01 11:28:39,610 - WARNING - Duplicate patient ID found: gpi05, skipping additional entry
2025-12-01 11:28:39,610 - WARNING - Duplicate patient ID found: stn25, skipping additional entry
2025-12-01 11:28:39,610 - WARNING - Duplicate patient ID found: gpi08, skipping additional entry
2025-12-01 11:28:39,610 - WARNING - Duplicate patient ID found: gpi27, skipping additional entry
2025-12-01 11:28:39,610 - WARNING - Duplicate patient ID found: stn16, skipping additional entry
2025-12-01 11:28:39,611 - WARNING - Duplicate patient ID found: gpi23, skipping additional entry
2025-12-01 11:28:39,611 - WARNING - Duplicate patient ID found: stn09, skipping additional entry
2025-12-01 11:28:39,611 - WARNING - Duplicate patient ID found: stn28, skipping additional entry
2025-12-01 11:28:39,611 - WARNING - Duplicate patient ID found: stn06, skipping additional entry
2025-12-01 11:28:39,611 - WARNING - Duplicate patient ID found: stn12, skipping additional entry
2025-12-01 11:28:39,611 - WARNING - Duplicate patient ID found: gpi16, skipping additional entry
2025-12-01 11:28:39,611 - WARNING - Duplicate patient ID found: gpi30, skipping additional entry
2025-12-01 11:28:39,611 - WARNING - Duplicate patient ID found: stn21, skipping additional entry
2025-12-01 11:28:39,611 - WARNING - Duplicate patient ID found: stn22, skipping additional entry
2025-12-01 11:28:39,611 - WARNING - Duplicate patient ID found: stn14, skipping additional entry
2025-12-01 11:28:39,611 - WARNING - Duplicate patient ID found: gpi17, skipping additional entry
2025-12-01 11:28:39,611 - WARNING - Duplicate patient ID found: gpi21, skipping additional entry
2025-12-01 11:28:39,611 - WARNING - Duplicate patient ID found: gpi32, skipping additional entry
2025-12-01 11:28:39,612 - WARNING - Duplicate patient ID found: stn15, skipping additional entry
2025-12-01 11:28:39,612 - INFO - Built diff index with 71 patients
2025-12-01 11:28:39,612 - INFO - Parsing UPDRS data with diff features...
2025-12-01 11:28:39,626 - INFO - Found 55 valid samples
2025-12-01 11:28:39,626 - INFO - Preparing feature matrices with diff features...
2025-12-01 11:28:39,660 - INFO - Feature matrix shape: (55, 366), Class distribution: [24 31]
2025-12-01 11:28:39,660 - INFO - 
============================================================
2025-12-01 11:28:39,660 - INFO - Starting Cross-Validation Experiment: Treatment_Response_ALL_Thresh0.25
2025-12-01 11:28:39,660 - INFO - Total samples: 55 | Class distribution: [24 31]
2025-12-01 11:28:39,661 - INFO - 
--- Fold 1/5 ---
2025-12-01 11:28:39,661 - INFO - Train size: 44, Test size: 11
2025-12-01 11:28:39,661 - INFO - Train class balance - 0: 19, 1: 25
2025-12-01 11:28:39,661 - INFO - Test class balance  - 0: 5, 1: 6
2025-12-01 11:28:40,482 - INFO - Training fold 1 with early stopping (patience=50)...
2025-12-01 11:28:40,633 - INFO - Epoch 1/200 | Train Loss: 0.771895 | Val Loss: 0.735578 | Best Val Loss: inf (epoch 1)
2025-12-01 11:28:40,788 - INFO - Epoch 10/200 | Train Loss: 0.166268 | Val Loss: 2.301921 | Best Val Loss: inf (epoch 1)
2025-12-01 11:28:40,960 - INFO - Epoch 20/200 | Train Loss: 0.050918 | Val Loss: 2.734057 | Best Val Loss: inf (epoch 1)
2025-12-01 11:28:41,131 - INFO - Epoch 30/200 | Train Loss: 0.000138 | Val Loss: 1.900347 | Best Val Loss: inf (epoch 1)
2025-12-01 11:28:41,302 - INFO - Epoch 40/200 | Train Loss: 0.000079 | Val Loss: 2.418842 | Best Val Loss: inf (epoch 1)
2025-12-01 11:28:41,473 - INFO - Epoch 50/200 | Train Loss: 0.000056 | Val Loss: 2.518878 | Best Val Loss: inf (epoch 1)
2025-12-01 11:28:41,701 - INFO - Epoch 60/200 | Train Loss: 0.000026 | Val Loss: 2.524361 | Best Val Loss: 2.505363 (epoch 55)
2025-12-01 11:28:41,872 - INFO - Epoch 70/200 | Train Loss: 0.000088 | Val Loss: 2.595290 | Best Val Loss: 2.505363 (epoch 55)
2025-12-01 11:28:42,042 - INFO - Epoch 80/200 | Train Loss: 0.000034 | Val Loss: 2.676896 | Best Val Loss: 2.505363 (epoch 55)
2025-12-01 11:28:42,214 - INFO - Epoch 90/200 | Train Loss: 0.000014 | Val Loss: 2.743306 | Best Val Loss: 2.505363 (epoch 55)
2025-12-01 11:28:42,389 - INFO - Epoch 100/200 | Train Loss: 0.000016 | Val Loss: 2.834531 | Best Val Loss: 2.505363 (epoch 55)
2025-12-01 11:28:42,477 - INFO - Early stopping triggered at epoch 105! Best validation loss: 2.505363 at epoch 55
2025-12-01 11:28:42,489 - INFO - Loaded best model from epoch 55
2025-12-01 11:28:42,492 - INFO - Optimal Youden threshold: 1.0000
2025-12-01 11:28:42,506 - INFO - Fold 1 Results - Acc: 0.7273, F1: 0.6667, AUC: 0.7667, AP: 0.8524
2025-12-01 11:28:42,506 - INFO - 
--- Fold 2/5 ---
2025-12-01 11:28:42,506 - INFO - Train size: 44, Test size: 11
2025-12-01 11:28:42,506 - INFO - Train class balance - 0: 19, 1: 25
2025-12-01 11:28:42,506 - INFO - Test class balance  - 0: 5, 1: 6
2025-12-01 11:28:42,524 - INFO - Training fold 2 with early stopping (patience=50)...
2025-12-01 11:28:42,543 - INFO - Epoch 1/200 | Train Loss: 0.873535 | Val Loss: 0.660884 | Best Val Loss: inf (epoch 1)
2025-12-01 11:28:42,699 - INFO - Epoch 10/200 | Train Loss: 0.022958 | Val Loss: 1.575644 | Best Val Loss: inf (epoch 1)
2025-12-01 11:28:42,872 - INFO - Epoch 20/200 | Train Loss: 0.000461 | Val Loss: 1.676451 | Best Val Loss: inf (epoch 1)
2025-12-01 11:28:43,044 - INFO - Epoch 30/200 | Train Loss: 0.000198 | Val Loss: 2.029648 | Best Val Loss: inf (epoch 1)
2025-12-01 11:28:43,218 - INFO - Epoch 40/200 | Train Loss: 0.000163 | Val Loss: 2.126338 | Best Val Loss: inf (epoch 1)
2025-12-01 11:28:43,390 - INFO - Epoch 50/200 | Train Loss: 0.000061 | Val Loss: 2.214379 | Best Val Loss: inf (epoch 1)
2025-12-01 11:28:43,576 - INFO - Epoch 60/200 | Train Loss: 0.000056 | Val Loss: 2.262131 | Best Val Loss: 2.221038 (epoch 51)
2025-12-01 11:28:43,749 - INFO - Epoch 70/200 | Train Loss: 0.000077 | Val Loss: 2.333966 | Best Val Loss: 2.221038 (epoch 51)
2025-12-01 11:28:43,924 - INFO - Epoch 80/200 | Train Loss: 0.000041 | Val Loss: 2.436819 | Best Val Loss: 2.221038 (epoch 51)
2025-12-01 11:28:44,098 - INFO - Epoch 90/200 | Train Loss: 0.000042 | Val Loss: 2.469906 | Best Val Loss: 2.221038 (epoch 51)
2025-12-01 11:28:44,275 - INFO - Epoch 100/200 | Train Loss: 0.000015 | Val Loss: 2.526893 | Best Val Loss: 2.221038 (epoch 51)
2025-12-01 11:28:44,293 - INFO - Early stopping triggered at epoch 101! Best validation loss: 2.221038 at epoch 51
2025-12-01 11:28:44,305 - INFO - Loaded best model from epoch 51
2025-12-01 11:28:44,308 - INFO - Optimal Youden threshold: 0.9994
2025-12-01 11:28:44,322 - INFO - Fold 2 Results - Acc: 0.7273, F1: 0.7273, AUC: 0.7667, AP: 0.8218
2025-12-01 11:28:44,322 - INFO - 
--- Fold 3/5 ---
2025-12-01 11:28:44,322 - INFO - Train size: 44, Test size: 11
2025-12-01 11:28:44,323 - INFO - Train class balance - 0: 19, 1: 25
2025-12-01 11:28:44,323 - INFO - Test class balance  - 0: 5, 1: 6
2025-12-01 11:28:44,340 - INFO - Training fold 3 with early stopping (patience=50)...
2025-12-01 11:28:44,359 - INFO - Epoch 1/200 | Train Loss: 0.793171 | Val Loss: 0.720208 | Best Val Loss: inf (epoch 1)
2025-12-01 11:28:44,514 - INFO - Epoch 10/200 | Train Loss: 0.256655 | Val Loss: 1.058498 | Best Val Loss: inf (epoch 1)
2025-12-01 11:28:44,686 - INFO - Epoch 20/200 | Train Loss: 0.001730 | Val Loss: 1.540999 | Best Val Loss: inf (epoch 1)
2025-12-01 11:28:44,860 - INFO - Epoch 30/200 | Train Loss: 0.000433 | Val Loss: 2.248066 | Best Val Loss: inf (epoch 1)
2025-12-01 11:28:45,030 - INFO - Epoch 40/200 | Train Loss: 0.000183 | Val Loss: 2.264422 | Best Val Loss: inf (epoch 1)
2025-12-01 11:28:45,201 - INFO - Epoch 50/200 | Train Loss: 0.000086 | Val Loss: 2.314304 | Best Val Loss: inf (epoch 1)
2025-12-01 11:28:45,386 - INFO - Epoch 60/200 | Train Loss: 0.000100 | Val Loss: 2.357808 | Best Val Loss: 2.312932 (epoch 51)
2025-12-01 11:28:45,556 - INFO - Epoch 70/200 | Train Loss: 0.000059 | Val Loss: 2.412666 | Best Val Loss: 2.312932 (epoch 51)
2025-12-01 11:28:45,728 - INFO - Epoch 80/200 | Train Loss: 0.000029 | Val Loss: 2.478808 | Best Val Loss: 2.312932 (epoch 51)
2025-12-01 11:28:45,902 - INFO - Epoch 90/200 | Train Loss: 0.000053 | Val Loss: 2.547446 | Best Val Loss: 2.312932 (epoch 51)
2025-12-01 11:28:46,076 - INFO - Epoch 100/200 | Train Loss: 0.000052 | Val Loss: 2.608433 | Best Val Loss: 2.312932 (epoch 51)
2025-12-01 11:28:46,094 - INFO - Early stopping triggered at epoch 101! Best validation loss: 2.312932 at epoch 51
2025-12-01 11:28:46,105 - INFO - Loaded best model from epoch 51
2025-12-01 11:28:46,108 - INFO - Optimal Youden threshold: 0.7639
2025-12-01 11:28:46,122 - INFO - Fold 3 Results - Acc: 0.7273, F1: 0.7273, AUC: 0.7667, AP: 0.8218
2025-12-01 11:28:46,122 - INFO - 
--- Fold 4/5 ---
2025-12-01 11:28:46,122 - INFO - Train size: 44, Test size: 11
2025-12-01 11:28:46,122 - INFO - Train class balance - 0: 19, 1: 25
2025-12-01 11:28:46,122 - INFO - Test class balance  - 0: 5, 1: 6
2025-12-01 11:28:46,138 - INFO - Training fold 4 with early stopping (patience=50)...
2025-12-01 11:28:46,157 - INFO - Epoch 1/200 | Train Loss: 0.773507 | Val Loss: 1.098374 | Best Val Loss: inf (epoch 1)
2025-12-01 11:28:46,313 - INFO - Epoch 10/200 | Train Loss: 0.306239 | Val Loss: 2.642352 | Best Val Loss: inf (epoch 1)
2025-12-01 11:28:46,485 - INFO - Epoch 20/200 | Train Loss: 0.163106 | Val Loss: 3.238646 | Best Val Loss: inf (epoch 1)
2025-12-01 11:28:46,657 - INFO - Epoch 30/200 | Train Loss: 0.000272 | Val Loss: 2.276031 | Best Val Loss: inf (epoch 1)
2025-12-01 11:28:46,829 - INFO - Epoch 40/200 | Train Loss: 0.000086 | Val Loss: 2.361213 | Best Val Loss: inf (epoch 1)
2025-12-01 11:28:47,005 - INFO - Epoch 50/200 | Train Loss: 0.000140 | Val Loss: 2.437188 | Best Val Loss: inf (epoch 1)
2025-12-01 11:28:47,189 - INFO - Epoch 60/200 | Train Loss: 0.000117 | Val Loss: 2.484159 | Best Val Loss: 2.443198 (epoch 51)
2025-12-01 11:28:47,359 - INFO - Epoch 70/200 | Train Loss: 0.000139 | Val Loss: 2.542630 | Best Val Loss: 2.443198 (epoch 51)
2025-12-01 11:28:47,529 - INFO - Epoch 80/200 | Train Loss: 0.000044 | Val Loss: 2.525673 | Best Val Loss: 2.443198 (epoch 51)
2025-12-01 11:28:47,700 - INFO - Epoch 90/200 | Train Loss: 0.000017 | Val Loss: 2.561113 | Best Val Loss: 2.443198 (epoch 51)
2025-12-01 11:28:47,872 - INFO - Epoch 100/200 | Train Loss: 0.000018 | Val Loss: 2.583019 | Best Val Loss: 2.443198 (epoch 51)
2025-12-01 11:28:47,889 - INFO - Early stopping triggered at epoch 101! Best validation loss: 2.443198 at epoch 51
2025-12-01 11:28:47,902 - INFO - Loaded best model from epoch 51
2025-12-01 11:28:47,905 - INFO - Optimal Youden threshold: 1.0000
2025-12-01 11:28:47,919 - INFO - Fold 4 Results - Acc: 0.7273, F1: 0.6667, AUC: 0.7333, AP: 0.8302
2025-12-01 11:28:47,919 - INFO - 
--- Fold 5/5 ---
2025-12-01 11:28:47,919 - INFO - Train size: 44, Test size: 11
2025-12-01 11:28:47,919 - INFO - Train class balance - 0: 20, 1: 24
2025-12-01 11:28:47,919 - INFO - Test class balance  - 0: 4, 1: 7
2025-12-01 11:28:47,935 - INFO - Training fold 5 with early stopping (patience=50)...
2025-12-01 11:28:47,954 - INFO - Epoch 1/200 | Train Loss: 0.723939 | Val Loss: 0.692617 | Best Val Loss: inf (epoch 1)
2025-12-01 11:28:48,111 - INFO - Epoch 10/200 | Train Loss: 0.074536 | Val Loss: 5.549403 | Best Val Loss: inf (epoch 1)
2025-12-01 11:28:48,284 - INFO - Epoch 20/200 | Train Loss: 0.000727 | Val Loss: 3.605702 | Best Val Loss: inf (epoch 1)
2025-12-01 11:28:48,458 - INFO - Epoch 30/200 | Train Loss: 0.000129 | Val Loss: 3.469689 | Best Val Loss: inf (epoch 1)
2025-12-01 11:28:48,631 - INFO - Epoch 40/200 | Train Loss: 0.000065 | Val Loss: 3.617610 | Best Val Loss: inf (epoch 1)
2025-12-01 11:28:48,804 - INFO - Epoch 50/200 | Train Loss: 0.000068 | Val Loss: 3.682304 | Best Val Loss: inf (epoch 1)
2025-12-01 11:28:48,993 - INFO - Epoch 60/200 | Train Loss: 0.000042 | Val Loss: 3.752874 | Best Val Loss: 3.690695 (epoch 51)
2025-12-01 11:28:49,165 - INFO - Epoch 70/200 | Train Loss: 0.000108 | Val Loss: 3.820182 | Best Val Loss: 3.690695 (epoch 51)
2025-12-01 11:28:49,337 - INFO - Epoch 80/200 | Train Loss: 0.000039 | Val Loss: 3.883918 | Best Val Loss: 3.690695 (epoch 51)
2025-12-01 11:28:49,511 - INFO - Epoch 90/200 | Train Loss: 0.000029 | Val Loss: 3.938960 | Best Val Loss: 3.690695 (epoch 51)
2025-12-01 11:28:49,685 - INFO - Epoch 100/200 | Train Loss: 0.000019 | Val Loss: 4.030465 | Best Val Loss: 3.690695 (epoch 51)
2025-12-01 11:28:49,703 - INFO - Early stopping triggered at epoch 101! Best validation loss: 3.690695 at epoch 51
2025-12-01 11:28:49,714 - INFO - Loaded best model from epoch 51
2025-12-01 11:28:49,717 - INFO - Optimal Youden threshold: 0.0002
2025-12-01 11:28:49,729 - INFO - Fold 5 Results - Acc: 0.7273, F1: 0.8000, AUC: 0.5357, AP: 0.6691
2025-12-01 11:28:49,729 - INFO - 
============================================================
2025-12-01 11:28:49,729 - INFO - FINAL CROSS-VALIDATION RESULTS FOR: Treatment_Response_ALL_Thresh0.25
2025-12-01 11:28:49,730 - INFO - ACC       : 0.7273 ± 0.0000
2025-12-01 11:28:49,730 - INFO - F1        : 0.7176 ± 0.0493
2025-12-01 11:28:49,730 - INFO - PRECISION : 0.8700 ± 0.1077
2025-12-01 11:28:49,730 - INFO - RECALL    : 0.6381 ± 0.1325
2025-12-01 11:28:49,730 - INFO - AUC       : 0.7138 ± 0.0900
2025-12-01 11:28:49,730 - INFO - AP        : 0.7991 ± 0.0659
2025-12-01 11:28:49,730 - INFO - ============================================================

2025-12-01 11:28:49,734 - INFO - Results saved to final_results_Treatment_Response_ALL_Thresh0.25.json
2025-12-01 11:28:49,734 - INFO - Total execution time: 10.13 seconds
2025-12-01 11:29:02,628 - INFO - Using device: cuda
2025-12-01 11:29:02,628 - INFO - Hyperparameters: {
  "batch_size": 8,
  "learning_rate": 0.0005,
  "num_epochs": 200,
  "hidden_dim": 512,
  "num_blocks": 4,
  "dropout": 0.3,
  "feature_type": "UPDRS",
  "improvement_threshold": 0.25
}
2025-12-01 11:29:02,628 - INFO - Starting treatment response prediction pipeline
2025-12-01 11:29:02,628 - INFO - Building diff file index (mean_anomaly & mean_distortion)...
2025-12-01 11:29:02,629 - WARNING - Duplicate patient ID found: stn02, skipping additional entry
2025-12-01 11:29:02,630 - WARNING - Duplicate patient ID found: gpi11, skipping additional entry
2025-12-01 11:29:02,630 - WARNING - Duplicate patient ID found: gpi02, skipping additional entry
2025-12-01 11:29:02,630 - WARNING - Duplicate patient ID found: gpi19, skipping additional entry
2025-12-01 11:29:02,630 - WARNING - Duplicate patient ID found: stn23, skipping additional entry
2025-12-01 11:29:02,630 - WARNING - Duplicate patient ID found: stn03, skipping additional entry
2025-12-01 11:29:02,630 - WARNING - Duplicate patient ID found: gpi20, skipping additional entry
2025-12-01 11:29:02,631 - WARNING - Duplicate patient ID found: stn04, skipping additional entry
2025-12-01 11:29:02,631 - WARNING - Duplicate patient ID found: stn24, skipping additional entry
2025-12-01 11:29:02,631 - WARNING - Duplicate patient ID found: gpi04, skipping additional entry
2025-12-01 11:29:02,631 - WARNING - Duplicate patient ID found: gpi15, skipping additional entry
2025-12-01 11:29:02,631 - WARNING - Duplicate patient ID found: stn19, skipping additional entry
2025-12-01 11:29:02,631 - WARNING - Duplicate patient ID found: stn08, skipping additional entry
2025-12-01 11:29:02,631 - WARNING - Duplicate patient ID found: stn11, skipping additional entry
2025-12-01 11:29:02,631 - WARNING - Duplicate patient ID found: gpi07, skipping additional entry
2025-12-01 11:29:02,631 - WARNING - Duplicate patient ID found: gpi26, skipping additional entry
2025-12-01 11:29:02,632 - WARNING - Duplicate patient ID found: stn13, skipping additional entry
2025-12-01 11:29:02,632 - WARNING - Duplicate patient ID found: gpi06, skipping additional entry
2025-12-01 11:29:02,632 - WARNING - Duplicate patient ID found: stn30, skipping additional entry
2025-12-01 11:29:02,632 - WARNING - Duplicate patient ID found: stn18, skipping additional entry
2025-12-01 11:29:02,632 - WARNING - Duplicate patient ID found: gpi24, skipping additional entry
2025-12-01 11:29:02,632 - WARNING - Duplicate patient ID found: gpi13, skipping additional entry
2025-12-01 11:29:02,632 - WARNING - Duplicate patient ID found: stn07, skipping additional entry
2025-12-01 11:29:02,632 - WARNING - Duplicate patient ID found: stn20, skipping additional entry
2025-12-01 11:29:02,632 - WARNING - Duplicate patient ID found: gpi12, skipping additional entry
2025-12-01 11:29:02,633 - WARNING - Duplicate patient ID found: stn01, skipping additional entry
2025-12-01 11:29:02,633 - WARNING - Duplicate patient ID found: gpi22, skipping additional entry
2025-12-01 11:29:02,633 - WARNING - Duplicate patient ID found: gpi18, skipping additional entry
2025-12-01 11:29:02,633 - WARNING - Duplicate patient ID found: gpi09, skipping additional entry
2025-12-01 11:29:02,633 - WARNING - Duplicate patient ID found: gpi25, skipping additional entry
2025-12-01 11:29:02,633 - WARNING - Duplicate patient ID found: stn29, skipping additional entry
2025-12-01 11:29:02,633 - WARNING - Duplicate patient ID found: gpi31, skipping additional entry
2025-12-01 11:29:02,633 - WARNING - Duplicate patient ID found: stn10, skipping additional entry
2025-12-01 11:29:02,633 - WARNING - Duplicate patient ID found: gpi28, skipping additional entry
2025-12-01 11:29:02,633 - WARNING - Duplicate patient ID found: stn31, skipping additional entry
2025-12-01 11:29:02,633 - WARNING - Duplicate patient ID found: gpi03, skipping additional entry
2025-12-01 11:29:02,634 - WARNING - Duplicate patient ID found: gpi05, skipping additional entry
2025-12-01 11:29:02,634 - WARNING - Duplicate patient ID found: stn25, skipping additional entry
2025-12-01 11:29:02,634 - WARNING - Duplicate patient ID found: gpi08, skipping additional entry
2025-12-01 11:29:02,634 - WARNING - Duplicate patient ID found: gpi27, skipping additional entry
2025-12-01 11:29:02,634 - WARNING - Duplicate patient ID found: stn16, skipping additional entry
2025-12-01 11:29:02,634 - WARNING - Duplicate patient ID found: gpi23, skipping additional entry
2025-12-01 11:29:02,634 - WARNING - Duplicate patient ID found: stn09, skipping additional entry
2025-12-01 11:29:02,634 - WARNING - Duplicate patient ID found: stn28, skipping additional entry
2025-12-01 11:29:02,634 - WARNING - Duplicate patient ID found: stn06, skipping additional entry
2025-12-01 11:29:02,634 - WARNING - Duplicate patient ID found: stn12, skipping additional entry
2025-12-01 11:29:02,634 - WARNING - Duplicate patient ID found: gpi16, skipping additional entry
2025-12-01 11:29:02,634 - WARNING - Duplicate patient ID found: gpi30, skipping additional entry
2025-12-01 11:29:02,634 - WARNING - Duplicate patient ID found: stn21, skipping additional entry
2025-12-01 11:29:02,635 - WARNING - Duplicate patient ID found: stn22, skipping additional entry
2025-12-01 11:29:02,635 - WARNING - Duplicate patient ID found: stn14, skipping additional entry
2025-12-01 11:29:02,635 - WARNING - Duplicate patient ID found: gpi17, skipping additional entry
2025-12-01 11:29:02,635 - WARNING - Duplicate patient ID found: gpi21, skipping additional entry
2025-12-01 11:29:02,635 - WARNING - Duplicate patient ID found: gpi32, skipping additional entry
2025-12-01 11:29:02,635 - WARNING - Duplicate patient ID found: stn15, skipping additional entry
2025-12-01 11:29:02,635 - INFO - Built diff index with 71 patients
2025-12-01 11:29:02,635 - INFO - Parsing UPDRS data with diff features...
2025-12-01 11:29:02,648 - INFO - Found 55 valid samples
2025-12-01 11:29:02,649 - INFO - Preparing feature matrices with diff features...
2025-12-01 11:29:02,683 - INFO - Feature matrix shape: (55, 34), Class distribution: [24 31]
2025-12-01 11:29:02,683 - INFO - 
============================================================
2025-12-01 11:29:02,683 - INFO - Starting Cross-Validation Experiment: Treatment_Response_UPDRS_Thresh0.25
2025-12-01 11:29:02,684 - INFO - Total samples: 55 | Class distribution: [24 31]
2025-12-01 11:29:02,684 - INFO - 
--- Fold 1/5 ---
2025-12-01 11:29:02,685 - INFO - Train size: 44, Test size: 11
2025-12-01 11:29:02,685 - INFO - Train class balance - 0: 19, 1: 25
2025-12-01 11:29:02,685 - INFO - Test class balance  - 0: 5, 1: 6
2025-12-01 11:29:03,479 - INFO - Training fold 1 with early stopping (patience=50)...
2025-12-01 11:29:03,633 - INFO - Epoch 1/200 | Train Loss: 0.792798 | Val Loss: 0.717555 | Best Val Loss: inf (epoch 1)
2025-12-01 11:29:03,790 - INFO - Epoch 10/200 | Train Loss: 0.766856 | Val Loss: 0.684320 | Best Val Loss: inf (epoch 1)
2025-12-01 11:29:03,963 - INFO - Epoch 20/200 | Train Loss: 0.706649 | Val Loss: 0.668563 | Best Val Loss: inf (epoch 1)
2025-12-01 11:29:04,135 - INFO - Epoch 30/200 | Train Loss: 0.625162 | Val Loss: 0.643919 | Best Val Loss: inf (epoch 1)
2025-12-01 11:29:04,307 - INFO - Epoch 40/200 | Train Loss: 0.558375 | Val Loss: 0.611522 | Best Val Loss: inf (epoch 1)
2025-12-01 11:29:04,479 - INFO - Epoch 50/200 | Train Loss: 0.283263 | Val Loss: 0.888985 | Best Val Loss: inf (epoch 1)
2025-12-01 11:29:04,684 - INFO - Epoch 60/200 | Train Loss: 0.312383 | Val Loss: 1.227019 | Best Val Loss: 1.013639 (epoch 52)
2025-12-01 11:29:04,858 - INFO - Epoch 70/200 | Train Loss: 0.186855 | Val Loss: 1.200227 | Best Val Loss: 1.013639 (epoch 52)
2025-12-01 11:29:05,032 - INFO - Epoch 80/200 | Train Loss: 0.113323 | Val Loss: 1.614709 | Best Val Loss: 1.013639 (epoch 52)
2025-12-01 11:29:05,205 - INFO - Epoch 90/200 | Train Loss: 0.220332 | Val Loss: 1.295577 | Best Val Loss: 1.013639 (epoch 52)
2025-12-01 11:29:05,379 - INFO - Epoch 100/200 | Train Loss: 0.001716 | Val Loss: 2.616094 | Best Val Loss: 1.013639 (epoch 52)
2025-12-01 11:29:05,414 - INFO - Early stopping triggered at epoch 102! Best validation loss: 1.013639 at epoch 52
2025-12-01 11:29:05,426 - INFO - Loaded best model from epoch 52
2025-12-01 11:29:05,429 - INFO - Optimal Youden threshold: 0.9735
2025-12-01 11:29:05,441 - INFO - Fold 1 Results - Acc: 0.7273, F1: 0.6667, AUC: 0.6667, AP: 0.8168
2025-12-01 11:29:05,441 - INFO - 
--- Fold 2/5 ---
2025-12-01 11:29:05,442 - INFO - Train size: 44, Test size: 11
2025-12-01 11:29:05,442 - INFO - Train class balance - 0: 19, 1: 25
2025-12-01 11:29:05,442 - INFO - Test class balance  - 0: 5, 1: 6
2025-12-01 11:29:05,458 - INFO - Training fold 2 with early stopping (patience=50)...
2025-12-01 11:29:05,477 - INFO - Epoch 1/200 | Train Loss: 0.853567 | Val Loss: 0.937420 | Best Val Loss: inf (epoch 1)
2025-12-01 11:29:05,638 - INFO - Epoch 10/200 | Train Loss: 0.742421 | Val Loss: 0.687974 | Best Val Loss: inf (epoch 1)
2025-12-01 11:29:05,816 - INFO - Epoch 20/200 | Train Loss: 0.665614 | Val Loss: 0.659655 | Best Val Loss: inf (epoch 1)
2025-12-01 11:29:05,992 - INFO - Epoch 30/200 | Train Loss: 0.668891 | Val Loss: 0.557173 | Best Val Loss: inf (epoch 1)
2025-12-01 11:29:06,166 - INFO - Epoch 40/200 | Train Loss: 0.466435 | Val Loss: 0.269255 | Best Val Loss: inf (epoch 1)
2025-12-01 11:29:06,341 - INFO - Epoch 50/200 | Train Loss: 0.477801 | Val Loss: 0.313728 | Best Val Loss: inf (epoch 1)
2025-12-01 11:29:06,558 - INFO - Epoch 60/200 | Train Loss: 0.415925 | Val Loss: 0.349287 | Best Val Loss: 0.168939 (epoch 56)
2025-12-01 11:29:06,774 - INFO - Epoch 70/200 | Train Loss: 0.278023 | Val Loss: 0.149190 | Best Val Loss: 0.149190 (epoch 70)
2025-12-01 11:29:06,964 - INFO - Epoch 80/200 | Train Loss: 0.309167 | Val Loss: 0.240779 | Best Val Loss: 0.147307 (epoch 71)
2025-12-01 11:29:07,136 - INFO - Epoch 90/200 | Train Loss: 0.262108 | Val Loss: 0.281961 | Best Val Loss: 0.147307 (epoch 71)
2025-12-01 11:29:07,310 - INFO - Epoch 100/200 | Train Loss: 0.149720 | Val Loss: 0.461290 | Best Val Loss: 0.147307 (epoch 71)
2025-12-01 11:29:07,483 - INFO - Epoch 110/200 | Train Loss: 0.239645 | Val Loss: 0.504184 | Best Val Loss: 0.147307 (epoch 71)
2025-12-01 11:29:07,657 - INFO - Epoch 120/200 | Train Loss: 0.109242 | Val Loss: 0.580575 | Best Val Loss: 0.147307 (epoch 71)
2025-12-01 11:29:07,675 - INFO - Early stopping triggered at epoch 121! Best validation loss: 0.147307 at epoch 71
2025-12-01 11:29:07,687 - INFO - Loaded best model from epoch 71
2025-12-01 11:29:07,690 - INFO - Optimal Youden threshold: 0.8535
2025-12-01 11:29:07,703 - INFO - Fold 2 Results - Acc: 1.0000, F1: 1.0000, AUC: 1.0000, AP: 1.0000
2025-12-01 11:29:07,703 - INFO - 
--- Fold 3/5 ---
2025-12-01 11:29:07,703 - INFO - Train size: 44, Test size: 11
2025-12-01 11:29:07,703 - INFO - Train class balance - 0: 19, 1: 25
2025-12-01 11:29:07,703 - INFO - Test class balance  - 0: 5, 1: 6
2025-12-01 11:29:07,719 - INFO - Training fold 3 with early stopping (patience=50)...
2025-12-01 11:29:07,739 - INFO - Epoch 1/200 | Train Loss: 0.691217 | Val Loss: 1.099086 | Best Val Loss: inf (epoch 1)
2025-12-01 11:29:07,897 - INFO - Epoch 10/200 | Train Loss: 0.736777 | Val Loss: 0.678782 | Best Val Loss: inf (epoch 1)
2025-12-01 11:29:08,071 - INFO - Epoch 20/200 | Train Loss: 0.733621 | Val Loss: 0.680024 | Best Val Loss: inf (epoch 1)
2025-12-01 11:29:08,246 - INFO - Epoch 30/200 | Train Loss: 0.653754 | Val Loss: 0.698581 | Best Val Loss: inf (epoch 1)
2025-12-01 11:29:08,420 - INFO - Epoch 40/200 | Train Loss: 0.587946 | Val Loss: 0.634633 | Best Val Loss: inf (epoch 1)
2025-12-01 11:29:08,597 - INFO - Epoch 50/200 | Train Loss: 0.349147 | Val Loss: 0.596906 | Best Val Loss: inf (epoch 1)
2025-12-01 11:29:08,816 - INFO - Epoch 60/200 | Train Loss: 0.371009 | Val Loss: 0.816850 | Best Val Loss: 0.560572 (epoch 54)
2025-12-01 11:29:08,992 - INFO - Epoch 70/200 | Train Loss: 0.397711 | Val Loss: 0.650818 | Best Val Loss: 0.560572 (epoch 54)
2025-12-01 11:29:09,181 - INFO - Epoch 80/200 | Train Loss: 0.251244 | Val Loss: 0.710999 | Best Val Loss: 0.549060 (epoch 71)
2025-12-01 11:29:09,356 - INFO - Epoch 90/200 | Train Loss: 0.194684 | Val Loss: 1.305947 | Best Val Loss: 0.549060 (epoch 71)
2025-12-01 11:29:09,531 - INFO - Epoch 100/200 | Train Loss: 0.230455 | Val Loss: 1.039907 | Best Val Loss: 0.549060 (epoch 71)
2025-12-01 11:29:09,706 - INFO - Epoch 110/200 | Train Loss: 0.177020 | Val Loss: 0.887539 | Best Val Loss: 0.549060 (epoch 71)
2025-12-01 11:29:09,882 - INFO - Epoch 120/200 | Train Loss: 0.117569 | Val Loss: 0.787112 | Best Val Loss: 0.549060 (epoch 71)
2025-12-01 11:29:09,899 - INFO - Early stopping triggered at epoch 121! Best validation loss: 0.549060 at epoch 71
2025-12-01 11:29:09,911 - INFO - Loaded best model from epoch 71
2025-12-01 11:29:09,914 - INFO - Optimal Youden threshold: 0.5095
2025-12-01 11:29:09,926 - INFO - Fold 3 Results - Acc: 0.7273, F1: 0.6667, AUC: 0.7667, AP: 0.8413
2025-12-01 11:29:09,926 - INFO - 
--- Fold 4/5 ---
2025-12-01 11:29:09,926 - INFO - Train size: 44, Test size: 11
2025-12-01 11:29:09,926 - INFO - Train class balance - 0: 19, 1: 25
2025-12-01 11:29:09,926 - INFO - Test class balance  - 0: 5, 1: 6
2025-12-01 11:29:09,941 - INFO - Training fold 4 with early stopping (patience=50)...
2025-12-01 11:29:09,960 - INFO - Epoch 1/200 | Train Loss: 0.768609 | Val Loss: 0.974053 | Best Val Loss: inf (epoch 1)
2025-12-01 11:29:10,120 - INFO - Epoch 10/200 | Train Loss: 0.698932 | Val Loss: 0.713715 | Best Val Loss: inf (epoch 1)
2025-12-01 11:29:10,296 - INFO - Epoch 20/200 | Train Loss: 0.674898 | Val Loss: 0.701181 | Best Val Loss: inf (epoch 1)
2025-12-01 11:29:10,471 - INFO - Epoch 30/200 | Train Loss: 0.684741 | Val Loss: 0.651180 | Best Val Loss: inf (epoch 1)
2025-12-01 11:29:10,646 - INFO - Epoch 40/200 | Train Loss: 0.411732 | Val Loss: 0.739998 | Best Val Loss: inf (epoch 1)
2025-12-01 11:29:10,819 - INFO - Epoch 50/200 | Train Loss: 0.395950 | Val Loss: 0.792444 | Best Val Loss: inf (epoch 1)
2025-12-01 11:29:11,021 - INFO - Epoch 60/200 | Train Loss: 0.413782 | Val Loss: 0.775779 | Best Val Loss: 0.724476 (epoch 52)
2025-12-01 11:29:11,223 - INFO - Epoch 70/200 | Train Loss: 0.297701 | Val Loss: 0.687973 | Best Val Loss: 0.687973 (epoch 70)
2025-12-01 11:29:11,396 - INFO - Epoch 80/200 | Train Loss: 0.366185 | Val Loss: 1.091589 | Best Val Loss: 0.687973 (epoch 70)
2025-12-01 11:29:11,571 - INFO - Epoch 90/200 | Train Loss: 0.251031 | Val Loss: 1.256585 | Best Val Loss: 0.687973 (epoch 70)
2025-12-01 11:29:11,745 - INFO - Epoch 100/200 | Train Loss: 0.167838 | Val Loss: 1.380649 | Best Val Loss: 0.687973 (epoch 70)
2025-12-01 11:29:11,919 - INFO - Epoch 110/200 | Train Loss: 0.103076 | Val Loss: 1.648378 | Best Val Loss: 0.687973 (epoch 70)
2025-12-01 11:29:12,092 - INFO - Early stopping triggered at epoch 120! Best validation loss: 0.687973 at epoch 70
2025-12-01 11:29:12,102 - INFO - Loaded best model from epoch 70
2025-12-01 11:29:12,104 - INFO - Optimal Youden threshold: 0.9637
2025-12-01 11:29:12,116 - INFO - Fold 4 Results - Acc: 0.7273, F1: 0.6667, AUC: 0.7000, AP: 0.8259
2025-12-01 11:29:12,116 - INFO - 
--- Fold 5/5 ---
2025-12-01 11:29:12,116 - INFO - Train size: 44, Test size: 11
2025-12-01 11:29:12,116 - INFO - Train class balance - 0: 20, 1: 24
2025-12-01 11:29:12,116 - INFO - Test class balance  - 0: 4, 1: 7
2025-12-01 11:29:12,131 - INFO - Training fold 5 with early stopping (patience=50)...
2025-12-01 11:29:12,151 - INFO - Epoch 1/200 | Train Loss: 0.853134 | Val Loss: 0.689518 | Best Val Loss: inf (epoch 1)
2025-12-01 11:29:12,308 - INFO - Epoch 10/200 | Train Loss: 0.740183 | Val Loss: 0.645781 | Best Val Loss: inf (epoch 1)
2025-12-01 11:29:12,482 - INFO - Epoch 20/200 | Train Loss: 0.635094 | Val Loss: 0.661286 | Best Val Loss: inf (epoch 1)
2025-12-01 11:29:12,654 - INFO - Epoch 30/200 | Train Loss: 0.530661 | Val Loss: 0.733250 | Best Val Loss: inf (epoch 1)
2025-12-01 11:29:12,827 - INFO - Epoch 40/200 | Train Loss: 0.446682 | Val Loss: 0.697009 | Best Val Loss: inf (epoch 1)
2025-12-01 11:29:13,000 - INFO - Epoch 50/200 | Train Loss: 0.394348 | Val Loss: 0.790777 | Best Val Loss: inf (epoch 1)
2025-12-01 11:29:13,200 - INFO - Epoch 60/200 | Train Loss: 0.309187 | Val Loss: 0.919326 | Best Val Loss: 0.667605 (epoch 59)
2025-12-01 11:29:13,401 - INFO - Epoch 70/200 | Train Loss: 0.160670 | Val Loss: 0.947566 | Best Val Loss: 0.620373 (epoch 64)
2025-12-01 11:29:13,574 - INFO - Epoch 80/200 | Train Loss: 0.313939 | Val Loss: 0.828066 | Best Val Loss: 0.620373 (epoch 64)
2025-12-01 11:29:13,747 - INFO - Epoch 90/200 | Train Loss: 0.128719 | Val Loss: 1.234952 | Best Val Loss: 0.620373 (epoch 64)
2025-12-01 11:29:13,920 - INFO - Epoch 100/200 | Train Loss: 0.129808 | Val Loss: 1.806477 | Best Val Loss: 0.620373 (epoch 64)
2025-12-01 11:29:14,096 - INFO - Epoch 110/200 | Train Loss: 0.068072 | Val Loss: 2.979342 | Best Val Loss: 0.620373 (epoch 64)
2025-12-01 11:29:14,167 - INFO - Early stopping triggered at epoch 114! Best validation loss: 0.620373 at epoch 64
2025-12-01 11:29:14,179 - INFO - Loaded best model from epoch 64
2025-12-01 11:29:14,182 - INFO - Optimal Youden threshold: 0.4898
2025-12-01 11:29:14,195 - INFO - Fold 5 Results - Acc: 0.7273, F1: 0.7273, AUC: 0.7143, AP: 0.8687
2025-12-01 11:29:14,196 - INFO - 
============================================================
2025-12-01 11:29:14,196 - INFO - FINAL CROSS-VALIDATION RESULTS FOR: Treatment_Response_UPDRS_Thresh0.25
2025-12-01 11:29:14,196 - INFO - ACC       : 0.7818 ± 0.1091
2025-12-01 11:29:14,196 - INFO - F1        : 0.7455 ± 0.1294
2025-12-01 11:29:14,196 - INFO - PRECISION : 1.0000 ± 0.0000
2025-12-01 11:29:14,196 - INFO - RECALL    : 0.6143 ± 0.1948
2025-12-01 11:29:14,196 - INFO - AUC       : 0.7695 ± 0.1197
2025-12-01 11:29:14,196 - INFO - AP        : 0.8705 ± 0.0671
2025-12-01 11:29:14,196 - INFO - ============================================================

2025-12-01 11:29:14,199 - INFO - Results saved to final_results_Treatment_Response_UPDRS_Thresh0.25.json
2025-12-01 11:29:14,199 - INFO - Total execution time: 11.57 seconds
2025-12-01 11:29:52,068 - INFO - Using device: cuda
2025-12-01 11:29:52,068 - INFO - Hyperparameters: {
  "batch_size": 8,
  "learning_rate": 0.0005,
  "num_epochs": 200,
  "hidden_dim": 512,
  "num_blocks": 4,
  "dropout": 0.2,
  "feature_type": "ALL",
  "improvement_threshold": 0.25
}
2025-12-01 11:29:52,068 - INFO - Starting treatment response prediction pipeline
2025-12-01 11:29:52,068 - INFO - Building diff file index (mean_anomaly & mean_distortion)...
2025-12-01 11:29:52,069 - WARNING - Duplicate patient ID found: stn02, skipping additional entry
2025-12-01 11:29:52,070 - WARNING - Duplicate patient ID found: gpi11, skipping additional entry
2025-12-01 11:29:52,070 - WARNING - Duplicate patient ID found: gpi02, skipping additional entry
2025-12-01 11:29:52,070 - WARNING - Duplicate patient ID found: gpi19, skipping additional entry
2025-12-01 11:29:52,070 - WARNING - Duplicate patient ID found: stn23, skipping additional entry
2025-12-01 11:29:52,071 - WARNING - Duplicate patient ID found: stn03, skipping additional entry
2025-12-01 11:29:52,071 - WARNING - Duplicate patient ID found: gpi20, skipping additional entry
2025-12-01 11:29:52,071 - WARNING - Duplicate patient ID found: stn04, skipping additional entry
2025-12-01 11:29:52,071 - WARNING - Duplicate patient ID found: stn24, skipping additional entry
2025-12-01 11:29:52,071 - WARNING - Duplicate patient ID found: gpi04, skipping additional entry
2025-12-01 11:29:52,071 - WARNING - Duplicate patient ID found: gpi15, skipping additional entry
2025-12-01 11:29:52,071 - WARNING - Duplicate patient ID found: stn19, skipping additional entry
2025-12-01 11:29:52,071 - WARNING - Duplicate patient ID found: stn08, skipping additional entry
2025-12-01 11:29:52,071 - WARNING - Duplicate patient ID found: stn11, skipping additional entry
2025-12-01 11:29:52,072 - WARNING - Duplicate patient ID found: gpi07, skipping additional entry
2025-12-01 11:29:52,072 - WARNING - Duplicate patient ID found: gpi26, skipping additional entry
2025-12-01 11:29:52,072 - WARNING - Duplicate patient ID found: stn13, skipping additional entry
2025-12-01 11:29:52,072 - WARNING - Duplicate patient ID found: gpi06, skipping additional entry
2025-12-01 11:29:52,072 - WARNING - Duplicate patient ID found: stn30, skipping additional entry
2025-12-01 11:29:52,072 - WARNING - Duplicate patient ID found: stn18, skipping additional entry
2025-12-01 11:29:52,072 - WARNING - Duplicate patient ID found: gpi24, skipping additional entry
2025-12-01 11:29:52,072 - WARNING - Duplicate patient ID found: gpi13, skipping additional entry
2025-12-01 11:29:52,072 - WARNING - Duplicate patient ID found: stn07, skipping additional entry
2025-12-01 11:29:52,072 - WARNING - Duplicate patient ID found: stn20, skipping additional entry
2025-12-01 11:29:52,073 - WARNING - Duplicate patient ID found: gpi12, skipping additional entry
2025-12-01 11:29:52,073 - WARNING - Duplicate patient ID found: stn01, skipping additional entry
2025-12-01 11:29:52,073 - WARNING - Duplicate patient ID found: gpi22, skipping additional entry
2025-12-01 11:29:52,073 - WARNING - Duplicate patient ID found: gpi18, skipping additional entry
2025-12-01 11:29:52,073 - WARNING - Duplicate patient ID found: gpi09, skipping additional entry
2025-12-01 11:29:52,073 - WARNING - Duplicate patient ID found: gpi25, skipping additional entry
2025-12-01 11:29:52,073 - WARNING - Duplicate patient ID found: stn29, skipping additional entry
2025-12-01 11:29:52,073 - WARNING - Duplicate patient ID found: gpi31, skipping additional entry
2025-12-01 11:29:52,074 - WARNING - Duplicate patient ID found: stn10, skipping additional entry
2025-12-01 11:29:52,074 - WARNING - Duplicate patient ID found: gpi28, skipping additional entry
2025-12-01 11:29:52,074 - WARNING - Duplicate patient ID found: stn31, skipping additional entry
2025-12-01 11:29:52,074 - WARNING - Duplicate patient ID found: gpi03, skipping additional entry
2025-12-01 11:29:52,074 - WARNING - Duplicate patient ID found: gpi05, skipping additional entry
2025-12-01 11:29:52,074 - WARNING - Duplicate patient ID found: stn25, skipping additional entry
2025-12-01 11:29:52,074 - WARNING - Duplicate patient ID found: gpi08, skipping additional entry
2025-12-01 11:29:52,074 - WARNING - Duplicate patient ID found: gpi27, skipping additional entry
2025-12-01 11:29:52,074 - WARNING - Duplicate patient ID found: stn16, skipping additional entry
2025-12-01 11:29:52,074 - WARNING - Duplicate patient ID found: gpi23, skipping additional entry
2025-12-01 11:29:52,074 - WARNING - Duplicate patient ID found: stn09, skipping additional entry
2025-12-01 11:29:52,074 - WARNING - Duplicate patient ID found: stn28, skipping additional entry
2025-12-01 11:29:52,074 - WARNING - Duplicate patient ID found: stn06, skipping additional entry
2025-12-01 11:29:52,075 - WARNING - Duplicate patient ID found: stn12, skipping additional entry
2025-12-01 11:29:52,075 - WARNING - Duplicate patient ID found: gpi16, skipping additional entry
2025-12-01 11:29:52,075 - WARNING - Duplicate patient ID found: gpi30, skipping additional entry
2025-12-01 11:29:52,075 - WARNING - Duplicate patient ID found: stn21, skipping additional entry
2025-12-01 11:29:52,075 - WARNING - Duplicate patient ID found: stn22, skipping additional entry
2025-12-01 11:29:52,075 - WARNING - Duplicate patient ID found: stn14, skipping additional entry
2025-12-01 11:29:52,075 - WARNING - Duplicate patient ID found: gpi17, skipping additional entry
2025-12-01 11:29:52,075 - WARNING - Duplicate patient ID found: gpi21, skipping additional entry
2025-12-01 11:29:52,075 - WARNING - Duplicate patient ID found: gpi32, skipping additional entry
2025-12-01 11:29:52,075 - WARNING - Duplicate patient ID found: stn15, skipping additional entry
2025-12-01 11:29:52,075 - INFO - Built diff index with 71 patients
2025-12-01 11:29:52,075 - INFO - Parsing UPDRS data with diff features...
2025-12-01 11:29:52,089 - INFO - Found 55 valid samples
2025-12-01 11:29:52,089 - INFO - Preparing feature matrices with diff features...
2025-12-01 11:29:52,123 - INFO - Feature matrix shape: (55, 365), Class distribution: [24 31]
2025-12-01 11:29:52,123 - INFO - 
============================================================
2025-12-01 11:29:52,123 - INFO - Starting Cross-Validation Experiment: Treatment_Response_ALL_Thresh0.25
2025-12-01 11:29:52,123 - INFO - Total samples: 55 | Class distribution: [24 31]
2025-12-01 11:29:52,124 - INFO - 
--- Fold 1/5 ---
2025-12-01 11:29:52,124 - INFO - Train size: 44, Test size: 11
2025-12-01 11:29:52,124 - INFO - Train class balance - 0: 19, 1: 25
2025-12-01 11:29:52,124 - INFO - Test class balance  - 0: 5, 1: 6
2025-12-01 11:29:52,944 - INFO - Training fold 1 with early stopping (patience=50)...
2025-12-01 11:29:53,098 - INFO - Epoch 1/200 | Train Loss: 0.776827 | Val Loss: 0.963430 | Best Val Loss: inf (epoch 1)
2025-12-01 11:29:53,254 - INFO - Epoch 10/200 | Train Loss: 0.000079 | Val Loss: 2.383313 | Best Val Loss: inf (epoch 1)
2025-12-01 11:29:53,426 - INFO - Epoch 20/200 | Train Loss: 0.000066 | Val Loss: 2.880023 | Best Val Loss: inf (epoch 1)
2025-12-01 11:29:53,598 - INFO - Epoch 30/200 | Train Loss: 0.000024 | Val Loss: 2.812082 | Best Val Loss: inf (epoch 1)
2025-12-01 11:29:53,771 - INFO - Epoch 40/200 | Train Loss: 0.000016 | Val Loss: 2.809678 | Best Val Loss: inf (epoch 1)
2025-12-01 11:29:53,943 - INFO - Epoch 50/200 | Train Loss: 0.000014 | Val Loss: 2.684865 | Best Val Loss: inf (epoch 1)
2025-12-01 11:29:54,127 - INFO - Epoch 60/200 | Train Loss: 0.000013 | Val Loss: 2.703589 | Best Val Loss: 2.690429 (epoch 51)
2025-12-01 11:29:54,298 - INFO - Epoch 70/200 | Train Loss: 0.000007 | Val Loss: 2.721800 | Best Val Loss: 2.690429 (epoch 51)
2025-12-01 11:29:54,557 - INFO - Epoch 80/200 | Train Loss: 0.000012 | Val Loss: 2.633645 | Best Val Loss: 2.622844 (epoch 77)
2025-12-01 11:29:54,731 - INFO - Epoch 90/200 | Train Loss: 0.000009 | Val Loss: 2.670513 | Best Val Loss: 2.622844 (epoch 77)
2025-12-01 11:29:54,902 - INFO - Epoch 100/200 | Train Loss: 0.000006 | Val Loss: 2.699444 | Best Val Loss: 2.622844 (epoch 77)
2025-12-01 11:29:55,073 - INFO - Epoch 110/200 | Train Loss: 0.000007 | Val Loss: 2.743739 | Best Val Loss: 2.622844 (epoch 77)
2025-12-01 11:29:55,244 - INFO - Epoch 120/200 | Train Loss: 0.000007 | Val Loss: 2.775072 | Best Val Loss: 2.622844 (epoch 77)
2025-12-01 11:29:55,364 - INFO - Early stopping triggered at epoch 127! Best validation loss: 2.622844 at epoch 77
2025-12-01 11:29:55,376 - INFO - Loaded best model from epoch 77
2025-12-01 11:29:55,379 - INFO - Optimal Youden threshold: 0.9999
2025-12-01 11:29:55,396 - INFO - Fold 1 Results - Acc: 0.8182, F1: 0.8333, AUC: 0.7333, AP: 0.7028
2025-12-01 11:29:55,396 - INFO - 
--- Fold 2/5 ---
2025-12-01 11:29:55,396 - INFO - Train size: 44, Test size: 11
2025-12-01 11:29:55,396 - INFO - Train class balance - 0: 19, 1: 25
2025-12-01 11:29:55,396 - INFO - Test class balance  - 0: 5, 1: 6
2025-12-01 11:29:55,413 - INFO - Training fold 2 with early stopping (patience=50)...
2025-12-01 11:29:55,431 - INFO - Epoch 1/200 | Train Loss: 0.638062 | Val Loss: 1.072665 | Best Val Loss: inf (epoch 1)
2025-12-01 11:29:55,586 - INFO - Epoch 10/200 | Train Loss: 0.000533 | Val Loss: 3.214329 | Best Val Loss: inf (epoch 1)
2025-12-01 11:29:55,758 - INFO - Epoch 20/200 | Train Loss: 0.000011 | Val Loss: 3.261345 | Best Val Loss: inf (epoch 1)
2025-12-01 11:29:55,932 - INFO - Epoch 30/200 | Train Loss: 0.000007 | Val Loss: 3.225418 | Best Val Loss: inf (epoch 1)
2025-12-01 11:29:56,104 - INFO - Epoch 40/200 | Train Loss: 0.000004 | Val Loss: 3.209230 | Best Val Loss: inf (epoch 1)
2025-12-01 11:29:56,275 - INFO - Epoch 50/200 | Train Loss: 0.000005 | Val Loss: 3.228673 | Best Val Loss: inf (epoch 1)
2025-12-01 11:29:56,459 - INFO - Epoch 60/200 | Train Loss: 0.000004 | Val Loss: 3.255627 | Best Val Loss: 3.231754 (epoch 51)
2025-12-01 11:29:56,630 - INFO - Epoch 70/200 | Train Loss: 0.000004 | Val Loss: 3.288874 | Best Val Loss: 3.231754 (epoch 51)
2025-12-01 11:29:56,800 - INFO - Epoch 80/200 | Train Loss: 0.000003 | Val Loss: 3.304690 | Best Val Loss: 3.231754 (epoch 51)
2025-12-01 11:29:56,972 - INFO - Epoch 90/200 | Train Loss: 0.000004 | Val Loss: 3.318595 | Best Val Loss: 3.231754 (epoch 51)
2025-12-01 11:29:57,143 - INFO - Epoch 100/200 | Train Loss: 0.000004 | Val Loss: 3.338839 | Best Val Loss: 3.231754 (epoch 51)
2025-12-01 11:29:57,162 - INFO - Early stopping triggered at epoch 101! Best validation loss: 3.231754 at epoch 51
2025-12-01 11:29:57,174 - INFO - Loaded best model from epoch 51
2025-12-01 11:29:57,177 - INFO - Optimal Youden threshold: 0.9925
2025-12-01 11:29:57,190 - INFO - Fold 2 Results - Acc: 0.7273, F1: 0.7273, AUC: 0.5833, AP: 0.6363
2025-12-01 11:29:57,190 - INFO - 
--- Fold 3/5 ---
2025-12-01 11:29:57,190 - INFO - Train size: 44, Test size: 11
2025-12-01 11:29:57,190 - INFO - Train class balance - 0: 19, 1: 25
2025-12-01 11:29:57,190 - INFO - Test class balance  - 0: 5, 1: 6
2025-12-01 11:29:57,206 - INFO - Training fold 3 with early stopping (patience=50)...
2025-12-01 11:29:57,224 - INFO - Epoch 1/200 | Train Loss: 0.789739 | Val Loss: 0.798439 | Best Val Loss: inf (epoch 1)
2025-12-01 11:29:57,380 - INFO - Epoch 10/200 | Train Loss: 0.022500 | Val Loss: 3.168746 | Best Val Loss: inf (epoch 1)
2025-12-01 11:29:57,552 - INFO - Epoch 20/200 | Train Loss: 0.048220 | Val Loss: 4.022861 | Best Val Loss: inf (epoch 1)
2025-12-01 11:29:57,725 - INFO - Epoch 30/200 | Train Loss: 0.000081 | Val Loss: 3.793905 | Best Val Loss: inf (epoch 1)
2025-12-01 11:29:57,898 - INFO - Epoch 40/200 | Train Loss: 0.000254 | Val Loss: 3.008776 | Best Val Loss: inf (epoch 1)
2025-12-01 11:29:58,071 - INFO - Epoch 50/200 | Train Loss: 0.000162 | Val Loss: 3.393196 | Best Val Loss: inf (epoch 1)
2025-12-01 11:29:58,256 - INFO - Epoch 60/200 | Train Loss: 0.000071 | Val Loss: 3.555080 | Best Val Loss: 3.413795 (epoch 51)
2025-12-01 11:29:58,432 - INFO - Epoch 70/200 | Train Loss: 0.000035 | Val Loss: 3.649269 | Best Val Loss: 3.413795 (epoch 51)
2025-12-01 11:29:58,606 - INFO - Epoch 80/200 | Train Loss: 0.000036 | Val Loss: 3.734819 | Best Val Loss: 3.413795 (epoch 51)
2025-12-01 11:29:58,779 - INFO - Epoch 90/200 | Train Loss: 0.000020 | Val Loss: 3.818548 | Best Val Loss: 3.413795 (epoch 51)
2025-12-01 11:29:58,952 - INFO - Epoch 100/200 | Train Loss: 0.000040 | Val Loss: 3.891726 | Best Val Loss: 3.413795 (epoch 51)
2025-12-01 11:29:58,970 - INFO - Early stopping triggered at epoch 101! Best validation loss: 3.413795 at epoch 51
2025-12-01 11:29:58,982 - INFO - Loaded best model from epoch 51
2025-12-01 11:29:58,985 - INFO - Optimal Youden threshold: 0.0001
2025-12-01 11:29:58,999 - INFO - Fold 3 Results - Acc: 0.7273, F1: 0.8000, AUC: 0.7000, AP: 0.7847
2025-12-01 11:29:58,999 - INFO - 
--- Fold 4/5 ---
2025-12-01 11:29:58,999 - INFO - Train size: 44, Test size: 11
2025-12-01 11:29:58,999 - INFO - Train class balance - 0: 19, 1: 25
2025-12-01 11:29:59,000 - INFO - Test class balance  - 0: 5, 1: 6
2025-12-01 11:29:59,015 - INFO - Training fold 4 with early stopping (patience=50)...
2025-12-01 11:29:59,034 - INFO - Epoch 1/200 | Train Loss: 0.805682 | Val Loss: 0.671019 | Best Val Loss: inf (epoch 1)
2025-12-01 11:29:59,189 - INFO - Epoch 10/200 | Train Loss: 0.001614 | Val Loss: 2.766003 | Best Val Loss: inf (epoch 1)
2025-12-01 11:29:59,365 - INFO - Epoch 20/200 | Train Loss: 0.000022 | Val Loss: 2.652373 | Best Val Loss: inf (epoch 1)
2025-12-01 11:29:59,539 - INFO - Epoch 30/200 | Train Loss: 0.000029 | Val Loss: 2.638793 | Best Val Loss: inf (epoch 1)
2025-12-01 11:29:59,713 - INFO - Epoch 40/200 | Train Loss: 0.000017 | Val Loss: 2.601218 | Best Val Loss: inf (epoch 1)
2025-12-01 11:29:59,886 - INFO - Epoch 50/200 | Train Loss: 0.000009 | Val Loss: 2.534847 | Best Val Loss: inf (epoch 1)
2025-12-01 11:30:00,074 - INFO - Epoch 60/200 | Train Loss: 0.000013 | Val Loss: 2.568732 | Best Val Loss: 2.536719 (epoch 51)
2025-12-01 11:30:00,250 - INFO - Epoch 70/200 | Train Loss: 0.000014 | Val Loss: 2.636202 | Best Val Loss: 2.536719 (epoch 51)
2025-12-01 11:30:00,422 - INFO - Epoch 80/200 | Train Loss: 0.000013 | Val Loss: 2.657207 | Best Val Loss: 2.536719 (epoch 51)
2025-12-01 11:30:00,595 - INFO - Epoch 90/200 | Train Loss: 0.000008 | Val Loss: 2.656806 | Best Val Loss: 2.536719 (epoch 51)
2025-12-01 11:30:00,769 - INFO - Epoch 100/200 | Train Loss: 0.000006 | Val Loss: 2.756729 | Best Val Loss: 2.536719 (epoch 51)
2025-12-01 11:30:00,788 - INFO - Early stopping triggered at epoch 101! Best validation loss: 2.536719 at epoch 51
2025-12-01 11:30:00,799 - INFO - Loaded best model from epoch 51
2025-12-01 11:30:00,802 - INFO - Optimal Youden threshold: 0.4120
2025-12-01 11:30:00,816 - INFO - Fold 4 Results - Acc: 0.7273, F1: 0.7692, AUC: 0.5667, AP: 0.5968
2025-12-01 11:30:00,816 - INFO - 
--- Fold 5/5 ---
2025-12-01 11:30:00,816 - INFO - Train size: 44, Test size: 11
2025-12-01 11:30:00,816 - INFO - Train class balance - 0: 20, 1: 24
2025-12-01 11:30:00,816 - INFO - Test class balance  - 0: 4, 1: 7
2025-12-01 11:30:00,833 - INFO - Training fold 5 with early stopping (patience=50)...
2025-12-01 11:30:00,852 - INFO - Epoch 1/200 | Train Loss: 0.762180 | Val Loss: 1.003542 | Best Val Loss: inf (epoch 1)
2025-12-01 11:30:01,009 - INFO - Epoch 10/200 | Train Loss: 0.000100 | Val Loss: 3.555923 | Best Val Loss: inf (epoch 1)
2025-12-01 11:30:01,184 - INFO - Epoch 20/200 | Train Loss: 0.000892 | Val Loss: 3.701773 | Best Val Loss: inf (epoch 1)
2025-12-01 11:30:01,360 - INFO - Epoch 30/200 | Train Loss: 0.000148 | Val Loss: 3.987920 | Best Val Loss: inf (epoch 1)
2025-12-01 11:30:01,535 - INFO - Epoch 40/200 | Train Loss: 0.000060 | Val Loss: 4.295008 | Best Val Loss: inf (epoch 1)
2025-12-01 11:30:01,710 - INFO - Epoch 50/200 | Train Loss: 0.000043 | Val Loss: 4.455310 | Best Val Loss: inf (epoch 1)
2025-12-01 11:30:01,900 - INFO - Epoch 60/200 | Train Loss: 0.000033 | Val Loss: 4.561872 | Best Val Loss: 4.467463 (epoch 51)
2025-12-01 11:30:02,077 - INFO - Epoch 70/200 | Train Loss: 0.000017 | Val Loss: 4.674441 | Best Val Loss: 4.467463 (epoch 51)
2025-12-01 11:30:02,251 - INFO - Epoch 80/200 | Train Loss: 0.000028 | Val Loss: 4.816743 | Best Val Loss: 4.467463 (epoch 51)
2025-12-01 11:30:02,426 - INFO - Epoch 90/200 | Train Loss: 0.000014 | Val Loss: 4.867232 | Best Val Loss: 4.467463 (epoch 51)
2025-12-01 11:30:02,600 - INFO - Epoch 100/200 | Train Loss: 0.000017 | Val Loss: 4.958290 | Best Val Loss: 4.467463 (epoch 51)
2025-12-01 11:30:02,617 - INFO - Early stopping triggered at epoch 101! Best validation loss: 4.467463 at epoch 51
2025-12-01 11:30:02,629 - INFO - Loaded best model from epoch 51
2025-12-01 11:30:02,632 - INFO - Optimal Youden threshold: 0.0000
2025-12-01 11:30:02,645 - INFO - Fold 5 Results - Acc: 0.9091, F1: 0.9333, AUC: 0.7500, AP: 0.7546
2025-12-01 11:30:02,646 - INFO - 
============================================================
2025-12-01 11:30:02,646 - INFO - FINAL CROSS-VALIDATION RESULTS FOR: Treatment_Response_ALL_Thresh0.25
2025-12-01 11:30:02,646 - INFO - ACC       : 0.7818 ± 0.0727
2025-12-01 11:30:02,646 - INFO - F1        : 0.8126 ± 0.0698
2025-12-01 11:30:02,646 - INFO - PRECISION : 0.7779 ± 0.0767
2025-12-01 11:30:02,646 - INFO - RECALL    : 0.8667 ± 0.1247
2025-12-01 11:30:02,646 - INFO - AUC       : 0.6667 ± 0.0767
2025-12-01 11:30:02,646 - INFO - AP        : 0.6950 ± 0.0704
2025-12-01 11:30:02,646 - INFO - ============================================================

2025-12-01 11:30:02,650 - INFO - Results saved to final_results_Treatment_Response_ALL_Thresh0.25.json
2025-12-01 11:30:02,651 - INFO - Total execution time: 10.58 seconds
2025-12-01 11:30:18,329 - INFO - Using device: cuda
2025-12-01 11:30:18,329 - INFO - Hyperparameters: {
  "batch_size": 8,
  "learning_rate": 0.0005,
  "num_epochs": 200,
  "hidden_dim": 512,
  "num_blocks": 4,
  "dropout": 0.3,
  "feature_type": "ALL",
  "improvement_threshold": 0.25
}
2025-12-01 11:30:18,329 - INFO - Starting treatment response prediction pipeline
2025-12-01 11:30:18,329 - INFO - Building diff file index (mean_anomaly & mean_distortion)...
2025-12-01 11:30:18,330 - WARNING - Duplicate patient ID found: stn02, skipping additional entry
2025-12-01 11:30:18,331 - WARNING - Duplicate patient ID found: gpi11, skipping additional entry
2025-12-01 11:30:18,331 - WARNING - Duplicate patient ID found: gpi02, skipping additional entry
2025-12-01 11:30:18,331 - WARNING - Duplicate patient ID found: gpi19, skipping additional entry
2025-12-01 11:30:18,331 - WARNING - Duplicate patient ID found: stn23, skipping additional entry
2025-12-01 11:30:18,331 - WARNING - Duplicate patient ID found: stn03, skipping additional entry
2025-12-01 11:30:18,331 - WARNING - Duplicate patient ID found: gpi20, skipping additional entry
2025-12-01 11:30:18,332 - WARNING - Duplicate patient ID found: stn04, skipping additional entry
2025-12-01 11:30:18,332 - WARNING - Duplicate patient ID found: stn24, skipping additional entry
2025-12-01 11:30:18,332 - WARNING - Duplicate patient ID found: gpi04, skipping additional entry
2025-12-01 11:30:18,333 - WARNING - Duplicate patient ID found: gpi15, skipping additional entry
2025-12-01 11:30:18,333 - WARNING - Duplicate patient ID found: stn19, skipping additional entry
2025-12-01 11:30:18,333 - WARNING - Duplicate patient ID found: stn08, skipping additional entry
2025-12-01 11:30:18,333 - WARNING - Duplicate patient ID found: stn11, skipping additional entry
2025-12-01 11:30:18,333 - WARNING - Duplicate patient ID found: gpi07, skipping additional entry
2025-12-01 11:30:18,333 - WARNING - Duplicate patient ID found: gpi26, skipping additional entry
2025-12-01 11:30:18,333 - WARNING - Duplicate patient ID found: stn13, skipping additional entry
2025-12-01 11:30:18,333 - WARNING - Duplicate patient ID found: gpi06, skipping additional entry
2025-12-01 11:30:18,334 - WARNING - Duplicate patient ID found: stn30, skipping additional entry
2025-12-01 11:30:18,334 - WARNING - Duplicate patient ID found: stn18, skipping additional entry
2025-12-01 11:30:18,334 - WARNING - Duplicate patient ID found: gpi24, skipping additional entry
2025-12-01 11:30:18,334 - WARNING - Duplicate patient ID found: gpi13, skipping additional entry
2025-12-01 11:30:18,334 - WARNING - Duplicate patient ID found: stn07, skipping additional entry
2025-12-01 11:30:18,334 - WARNING - Duplicate patient ID found: stn20, skipping additional entry
2025-12-01 11:30:18,334 - WARNING - Duplicate patient ID found: gpi12, skipping additional entry
2025-12-01 11:30:18,334 - WARNING - Duplicate patient ID found: stn01, skipping additional entry
2025-12-01 11:30:18,335 - WARNING - Duplicate patient ID found: gpi22, skipping additional entry
2025-12-01 11:30:18,335 - WARNING - Duplicate patient ID found: gpi18, skipping additional entry
2025-12-01 11:30:18,335 - WARNING - Duplicate patient ID found: gpi09, skipping additional entry
2025-12-01 11:30:18,335 - WARNING - Duplicate patient ID found: gpi25, skipping additional entry
2025-12-01 11:30:18,335 - WARNING - Duplicate patient ID found: stn29, skipping additional entry
2025-12-01 11:30:18,335 - WARNING - Duplicate patient ID found: gpi31, skipping additional entry
2025-12-01 11:30:18,335 - WARNING - Duplicate patient ID found: stn10, skipping additional entry
2025-12-01 11:30:18,335 - WARNING - Duplicate patient ID found: gpi28, skipping additional entry
2025-12-01 11:30:18,335 - WARNING - Duplicate patient ID found: stn31, skipping additional entry
2025-12-01 11:30:18,335 - WARNING - Duplicate patient ID found: gpi03, skipping additional entry
2025-12-01 11:30:18,335 - WARNING - Duplicate patient ID found: gpi05, skipping additional entry
2025-12-01 11:30:18,335 - WARNING - Duplicate patient ID found: stn25, skipping additional entry
2025-12-01 11:30:18,336 - WARNING - Duplicate patient ID found: gpi08, skipping additional entry
2025-12-01 11:30:18,336 - WARNING - Duplicate patient ID found: gpi27, skipping additional entry
2025-12-01 11:30:18,336 - WARNING - Duplicate patient ID found: stn16, skipping additional entry
2025-12-01 11:30:18,336 - WARNING - Duplicate patient ID found: gpi23, skipping additional entry
2025-12-01 11:30:18,336 - WARNING - Duplicate patient ID found: stn09, skipping additional entry
2025-12-01 11:30:18,336 - WARNING - Duplicate patient ID found: stn28, skipping additional entry
2025-12-01 11:30:18,336 - WARNING - Duplicate patient ID found: stn06, skipping additional entry
2025-12-01 11:30:18,336 - WARNING - Duplicate patient ID found: stn12, skipping additional entry
2025-12-01 11:30:18,336 - WARNING - Duplicate patient ID found: gpi16, skipping additional entry
2025-12-01 11:30:18,336 - WARNING - Duplicate patient ID found: gpi30, skipping additional entry
2025-12-01 11:30:18,336 - WARNING - Duplicate patient ID found: stn21, skipping additional entry
2025-12-01 11:30:18,336 - WARNING - Duplicate patient ID found: stn22, skipping additional entry
2025-12-01 11:30:18,336 - WARNING - Duplicate patient ID found: stn14, skipping additional entry
2025-12-01 11:30:18,337 - WARNING - Duplicate patient ID found: gpi17, skipping additional entry
2025-12-01 11:30:18,337 - WARNING - Duplicate patient ID found: gpi21, skipping additional entry
2025-12-01 11:30:18,337 - WARNING - Duplicate patient ID found: gpi32, skipping additional entry
2025-12-01 11:30:18,337 - WARNING - Duplicate patient ID found: stn15, skipping additional entry
2025-12-01 11:30:18,337 - INFO - Built diff index with 71 patients
2025-12-01 11:30:18,337 - INFO - Parsing UPDRS data with diff features...
2025-12-01 11:30:18,351 - INFO - Found 55 valid samples
2025-12-01 11:30:18,351 - INFO - Preparing feature matrices with diff features...
2025-12-01 11:30:18,383 - INFO - Feature matrix shape: (55, 365), Class distribution: [24 31]
2025-12-01 11:30:18,383 - INFO - 
============================================================
2025-12-01 11:30:18,383 - INFO - Starting Cross-Validation Experiment: Treatment_Response_ALL_Thresh0.25
2025-12-01 11:30:18,384 - INFO - Total samples: 55 | Class distribution: [24 31]
2025-12-01 11:30:18,384 - INFO - 
--- Fold 1/5 ---
2025-12-01 11:30:18,384 - INFO - Train size: 44, Test size: 11
2025-12-01 11:30:18,385 - INFO - Train class balance - 0: 19, 1: 25
2025-12-01 11:30:18,385 - INFO - Test class balance  - 0: 5, 1: 6
2025-12-01 11:30:19,151 - INFO - Training fold 1 with early stopping (patience=50)...
2025-12-01 11:30:19,475 - INFO - Epoch 1/200 | Train Loss: 0.699663 | Val Loss: 0.616228 | Best Val Loss: inf (epoch 1)
2025-12-01 11:30:19,630 - INFO - Epoch 10/200 | Train Loss: 0.488904 | Val Loss: 0.654853 | Best Val Loss: inf (epoch 1)
2025-12-01 11:30:19,803 - INFO - Epoch 20/200 | Train Loss: 0.000167 | Val Loss: 1.473891 | Best Val Loss: inf (epoch 1)
2025-12-01 11:30:19,977 - INFO - Epoch 30/200 | Train Loss: 0.000252 | Val Loss: 1.411506 | Best Val Loss: inf (epoch 1)
2025-12-01 11:30:20,150 - INFO - Epoch 40/200 | Train Loss: 0.000034 | Val Loss: 1.389898 | Best Val Loss: inf (epoch 1)
2025-12-01 11:30:20,323 - INFO - Epoch 50/200 | Train Loss: 0.000081 | Val Loss: 1.399843 | Best Val Loss: inf (epoch 1)
2025-12-01 11:30:20,508 - INFO - Epoch 60/200 | Train Loss: 0.000029 | Val Loss: 1.415507 | Best Val Loss: 1.401084 (epoch 51)
2025-12-01 11:30:20,681 - INFO - Epoch 70/200 | Train Loss: 0.000023 | Val Loss: 1.417981 | Best Val Loss: 1.401084 (epoch 51)
2025-12-01 11:30:20,854 - INFO - Epoch 80/200 | Train Loss: 0.000027 | Val Loss: 1.444640 | Best Val Loss: 1.401084 (epoch 51)
2025-12-01 11:30:21,026 - INFO - Epoch 90/200 | Train Loss: 0.000033 | Val Loss: 1.472823 | Best Val Loss: 1.401084 (epoch 51)
2025-12-01 11:30:21,197 - INFO - Epoch 100/200 | Train Loss: 0.000023 | Val Loss: 1.476485 | Best Val Loss: 1.401084 (epoch 51)
2025-12-01 11:30:21,215 - INFO - Early stopping triggered at epoch 101! Best validation loss: 1.401084 at epoch 51
2025-12-01 11:30:21,227 - INFO - Loaded best model from epoch 51
2025-12-01 11:30:21,229 - INFO - Optimal Youden threshold: 1.0000
2025-12-01 11:30:21,244 - INFO - Fold 1 Results - Acc: 0.9091, F1: 0.9091, AUC: 0.9333, AP: 0.9583
2025-12-01 11:30:21,244 - INFO - 
--- Fold 2/5 ---
2025-12-01 11:30:21,244 - INFO - Train size: 44, Test size: 11
2025-12-01 11:30:21,244 - INFO - Train class balance - 0: 19, 1: 25
2025-12-01 11:30:21,244 - INFO - Test class balance  - 0: 5, 1: 6
2025-12-01 11:30:21,261 - INFO - Training fold 2 with early stopping (patience=50)...
2025-12-01 11:30:21,281 - INFO - Epoch 1/200 | Train Loss: 0.752202 | Val Loss: 0.714620 | Best Val Loss: inf (epoch 1)
2025-12-01 11:30:21,440 - INFO - Epoch 10/200 | Train Loss: 0.000138 | Val Loss: 2.869648 | Best Val Loss: inf (epoch 1)
2025-12-01 11:30:21,614 - INFO - Epoch 20/200 | Train Loss: 0.004285 | Val Loss: 1.543532 | Best Val Loss: inf (epoch 1)
2025-12-01 11:30:21,788 - INFO - Epoch 30/200 | Train Loss: 0.000371 | Val Loss: 2.733596 | Best Val Loss: inf (epoch 1)
2025-12-01 11:30:21,962 - INFO - Epoch 40/200 | Train Loss: 0.000094 | Val Loss: 2.900900 | Best Val Loss: inf (epoch 1)
2025-12-01 11:30:22,134 - INFO - Epoch 50/200 | Train Loss: 0.000072 | Val Loss: 3.030211 | Best Val Loss: inf (epoch 1)
2025-12-01 11:30:22,323 - INFO - Epoch 60/200 | Train Loss: 0.000071 | Val Loss: 3.136369 | Best Val Loss: 3.042664 (epoch 51)
2025-12-01 11:30:22,498 - INFO - Epoch 70/200 | Train Loss: 0.000041 | Val Loss: 3.240607 | Best Val Loss: 3.042664 (epoch 51)
2025-12-01 11:30:22,673 - INFO - Epoch 80/200 | Train Loss: 0.000025 | Val Loss: 3.322909 | Best Val Loss: 3.042664 (epoch 51)
2025-12-01 11:30:22,847 - INFO - Epoch 90/200 | Train Loss: 0.000032 | Val Loss: 3.399457 | Best Val Loss: 3.042664 (epoch 51)
2025-12-01 11:30:23,023 - INFO - Epoch 100/200 | Train Loss: 0.000042 | Val Loss: 3.469890 | Best Val Loss: 3.042664 (epoch 51)
2025-12-01 11:30:23,041 - INFO - Early stopping triggered at epoch 101! Best validation loss: 3.042664 at epoch 51
2025-12-01 11:30:23,054 - INFO - Loaded best model from epoch 51
2025-12-01 11:30:23,057 - INFO - Optimal Youden threshold: 0.9997
2025-12-01 11:30:23,072 - INFO - Fold 2 Results - Acc: 0.7273, F1: 0.7273, AUC: 0.6667, AP: 0.7867
2025-12-01 11:30:23,072 - INFO - 
--- Fold 3/5 ---
2025-12-01 11:30:23,072 - INFO - Train size: 44, Test size: 11
2025-12-01 11:30:23,072 - INFO - Train class balance - 0: 19, 1: 25
2025-12-01 11:30:23,072 - INFO - Test class balance  - 0: 5, 1: 6
2025-12-01 11:30:23,089 - INFO - Training fold 3 with early stopping (patience=50)...
2025-12-01 11:30:23,108 - INFO - Epoch 1/200 | Train Loss: 0.813086 | Val Loss: 0.862605 | Best Val Loss: inf (epoch 1)
2025-12-01 11:30:23,267 - INFO - Epoch 10/200 | Train Loss: 0.016721 | Val Loss: 4.508184 | Best Val Loss: inf (epoch 1)
2025-12-01 11:30:23,445 - INFO - Epoch 20/200 | Train Loss: 0.000086 | Val Loss: 5.697615 | Best Val Loss: inf (epoch 1)
2025-12-01 11:30:23,622 - INFO - Epoch 30/200 | Train Loss: 0.000065 | Val Loss: 5.261400 | Best Val Loss: inf (epoch 1)
2025-12-01 11:30:23,796 - INFO - Epoch 40/200 | Train Loss: 0.000072 | Val Loss: 5.188751 | Best Val Loss: inf (epoch 1)
2025-12-01 11:30:23,971 - INFO - Epoch 50/200 | Train Loss: 0.000084 | Val Loss: 5.395015 | Best Val Loss: inf (epoch 1)
2025-12-01 11:30:24,160 - INFO - Epoch 60/200 | Train Loss: 0.000043 | Val Loss: 5.487741 | Best Val Loss: 5.417165 (epoch 51)
2025-12-01 11:30:24,338 - INFO - Epoch 70/200 | Train Loss: 0.000024 | Val Loss: 5.635288 | Best Val Loss: 5.417165 (epoch 51)
2025-12-01 11:30:24,514 - INFO - Epoch 80/200 | Train Loss: 0.000020 | Val Loss: 5.726398 | Best Val Loss: 5.417165 (epoch 51)
2025-12-01 11:30:24,688 - INFO - Epoch 90/200 | Train Loss: 0.000018 | Val Loss: 5.766213 | Best Val Loss: 5.417165 (epoch 51)
2025-12-01 11:30:24,860 - INFO - Epoch 100/200 | Train Loss: 0.000009 | Val Loss: 5.783551 | Best Val Loss: 5.417165 (epoch 51)
2025-12-01 11:30:24,878 - INFO - Early stopping triggered at epoch 101! Best validation loss: 5.417165 at epoch 51
2025-12-01 11:30:24,890 - INFO - Loaded best model from epoch 51
2025-12-01 11:30:24,893 - INFO - Optimal Youden threshold: 1.0000
2025-12-01 11:30:24,906 - INFO - Fold 3 Results - Acc: 0.6364, F1: 0.5000, AUC: 0.4333, AP: 0.6742
2025-12-01 11:30:24,906 - INFO - 
--- Fold 4/5 ---
2025-12-01 11:30:24,906 - INFO - Train size: 44, Test size: 11
2025-12-01 11:30:24,906 - INFO - Train class balance - 0: 19, 1: 25
2025-12-01 11:30:24,906 - INFO - Test class balance  - 0: 5, 1: 6
2025-12-01 11:30:24,922 - INFO - Training fold 4 with early stopping (patience=50)...
2025-12-01 11:30:24,941 - INFO - Epoch 1/200 | Train Loss: 0.739881 | Val Loss: 0.672854 | Best Val Loss: inf (epoch 1)
2025-12-01 11:30:25,098 - INFO - Epoch 10/200 | Train Loss: 0.000462 | Val Loss: 3.321997 | Best Val Loss: inf (epoch 1)
2025-12-01 11:30:25,272 - INFO - Epoch 20/200 | Train Loss: 0.000068 | Val Loss: 3.454644 | Best Val Loss: inf (epoch 1)
2025-12-01 11:30:25,446 - INFO - Epoch 30/200 | Train Loss: 0.000073 | Val Loss: 3.208588 | Best Val Loss: inf (epoch 1)
2025-12-01 11:30:25,620 - INFO - Epoch 40/200 | Train Loss: 0.000031 | Val Loss: 3.091079 | Best Val Loss: inf (epoch 1)
2025-12-01 11:30:25,795 - INFO - Epoch 50/200 | Train Loss: 0.000028 | Val Loss: 4.214701 | Best Val Loss: inf (epoch 1)
2025-12-01 11:30:25,984 - INFO - Epoch 60/200 | Train Loss: 0.000023 | Val Loss: 4.234452 | Best Val Loss: 4.221840 (epoch 51)
2025-12-01 11:30:26,160 - INFO - Epoch 70/200 | Train Loss: 0.000011 | Val Loss: 4.266990 | Best Val Loss: 4.221840 (epoch 51)
2025-12-01 11:30:26,335 - INFO - Epoch 80/200 | Train Loss: 0.000010 | Val Loss: 4.281508 | Best Val Loss: 4.221840 (epoch 51)
2025-12-01 11:30:26,510 - INFO - Epoch 90/200 | Train Loss: 0.000015 | Val Loss: 4.303758 | Best Val Loss: 4.221840 (epoch 51)
2025-12-01 11:30:26,684 - INFO - Epoch 100/200 | Train Loss: 0.000009 | Val Loss: 4.300513 | Best Val Loss: 4.221840 (epoch 51)
2025-12-01 11:30:26,701 - INFO - Early stopping triggered at epoch 101! Best validation loss: 4.221840 at epoch 51
2025-12-01 11:30:26,713 - INFO - Loaded best model from epoch 51
2025-12-01 11:30:26,716 - INFO - Optimal Youden threshold: 1.0000
2025-12-01 11:30:26,733 - INFO - Fold 4 Results - Acc: 0.7273, F1: 0.6667, AUC: 0.6000, AP: 0.7854
2025-12-01 11:30:26,733 - INFO - 
--- Fold 5/5 ---
2025-12-01 11:30:26,733 - INFO - Train size: 44, Test size: 11
2025-12-01 11:30:26,733 - INFO - Train class balance - 0: 20, 1: 24
2025-12-01 11:30:26,733 - INFO - Test class balance  - 0: 4, 1: 7
2025-12-01 11:30:26,749 - INFO - Training fold 5 with early stopping (patience=50)...
2025-12-01 11:30:26,768 - INFO - Epoch 1/200 | Train Loss: 0.709419 | Val Loss: 0.577458 | Best Val Loss: inf (epoch 1)
2025-12-01 11:30:26,923 - INFO - Epoch 10/200 | Train Loss: 0.018802 | Val Loss: 2.843787 | Best Val Loss: inf (epoch 1)
2025-12-01 11:30:27,097 - INFO - Epoch 20/200 | Train Loss: 0.004898 | Val Loss: 1.023917 | Best Val Loss: inf (epoch 1)
2025-12-01 11:30:27,269 - INFO - Epoch 30/200 | Train Loss: 0.000091 | Val Loss: 3.749294 | Best Val Loss: inf (epoch 1)
2025-12-01 11:30:27,442 - INFO - Epoch 40/200 | Train Loss: 0.000146 | Val Loss: 3.603468 | Best Val Loss: inf (epoch 1)
2025-12-01 11:30:27,615 - INFO - Epoch 50/200 | Train Loss: 0.000032 | Val Loss: 3.603317 | Best Val Loss: inf (epoch 1)
2025-12-01 11:30:27,800 - INFO - Epoch 60/200 | Train Loss: 0.000012 | Val Loss: 3.607881 | Best Val Loss: 3.603348 (epoch 51)
2025-12-01 11:30:27,972 - INFO - Epoch 70/200 | Train Loss: 0.000004 | Val Loss: 3.612056 | Best Val Loss: 3.603348 (epoch 51)
2025-12-01 11:30:28,144 - INFO - Epoch 80/200 | Train Loss: 0.000009 | Val Loss: 3.638549 | Best Val Loss: 3.603348 (epoch 51)
2025-12-01 11:30:28,317 - INFO - Epoch 90/200 | Train Loss: 0.000009 | Val Loss: 3.642803 | Best Val Loss: 3.603348 (epoch 51)
2025-12-01 11:30:28,488 - INFO - Epoch 100/200 | Train Loss: 0.000021 | Val Loss: 3.656936 | Best Val Loss: 3.603348 (epoch 51)
2025-12-01 11:30:28,506 - INFO - Early stopping triggered at epoch 101! Best validation loss: 3.603348 at epoch 51
2025-12-01 11:30:28,517 - INFO - Loaded best model from epoch 51
2025-12-01 11:30:28,520 - INFO - Optimal Youden threshold: 0.9858
2025-12-01 11:30:28,534 - INFO - Fold 5 Results - Acc: 0.7273, F1: 0.8235, AUC: 0.4286, AP: 0.6757
2025-12-01 11:30:28,534 - INFO - 
============================================================
2025-12-01 11:30:28,534 - INFO - FINAL CROSS-VALIDATION RESULTS FOR: Treatment_Response_ALL_Thresh0.25
2025-12-01 11:30:28,534 - INFO - ACC       : 0.7455 ± 0.0891
2025-12-01 11:30:28,534 - INFO - F1        : 0.7253 ± 0.1397
2025-12-01 11:30:28,534 - INFO - PRECISION : 0.9000 ± 0.1265
2025-12-01 11:30:28,535 - INFO - RECALL    : 0.6667 ± 0.2357
2025-12-01 11:30:28,535 - INFO - AUC       : 0.6124 ± 0.1854
2025-12-01 11:30:28,535 - INFO - AP        : 0.7761 ± 0.1038
2025-12-01 11:30:28,535 - INFO - ============================================================

2025-12-01 11:30:28,537 - INFO - Results saved to final_results_Treatment_Response_ALL_Thresh0.25.json
2025-12-01 11:30:28,538 - INFO - Total execution time: 10.21 seconds
2025-12-01 11:33:39,107 - INFO - Using device: cuda
2025-12-01 11:33:39,108 - INFO - Hyperparameters: {
  "batch_size": 8,
  "learning_rate": 0.0005,
  "num_epochs": 200,
  "hidden_dim": 512,
  "num_blocks": 4,
  "dropout": 0.3,
  "feature_type": "ALL",
  "improvement_threshold": 0.25
}
2025-12-01 11:33:39,108 - INFO - Starting treatment response prediction pipeline
2025-12-01 11:33:39,108 - INFO - Building diff file index (mean_anomaly & mean_distortion)...
2025-12-01 11:33:39,109 - WARNING - Duplicate patient ID found: stn02, skipping additional entry
2025-12-01 11:33:39,109 - WARNING - Duplicate patient ID found: gpi11, skipping additional entry
2025-12-01 11:33:39,110 - WARNING - Duplicate patient ID found: gpi02, skipping additional entry
2025-12-01 11:33:39,110 - WARNING - Duplicate patient ID found: gpi19, skipping additional entry
2025-12-01 11:33:39,110 - WARNING - Duplicate patient ID found: stn23, skipping additional entry
2025-12-01 11:33:39,110 - WARNING - Duplicate patient ID found: stn03, skipping additional entry
2025-12-01 11:33:39,110 - WARNING - Duplicate patient ID found: gpi20, skipping additional entry
2025-12-01 11:33:39,110 - WARNING - Duplicate patient ID found: stn04, skipping additional entry
2025-12-01 11:33:39,111 - WARNING - Duplicate patient ID found: stn24, skipping additional entry
2025-12-01 11:33:39,111 - WARNING - Duplicate patient ID found: gpi04, skipping additional entry
2025-12-01 11:33:39,111 - WARNING - Duplicate patient ID found: gpi15, skipping additional entry
2025-12-01 11:33:39,111 - WARNING - Duplicate patient ID found: stn19, skipping additional entry
2025-12-01 11:33:39,111 - WARNING - Duplicate patient ID found: stn08, skipping additional entry
2025-12-01 11:33:39,111 - WARNING - Duplicate patient ID found: stn11, skipping additional entry
2025-12-01 11:33:39,111 - WARNING - Duplicate patient ID found: gpi07, skipping additional entry
2025-12-01 11:33:39,111 - WARNING - Duplicate patient ID found: gpi26, skipping additional entry
2025-12-01 11:33:39,111 - WARNING - Duplicate patient ID found: stn13, skipping additional entry
2025-12-01 11:33:39,111 - WARNING - Duplicate patient ID found: gpi06, skipping additional entry
2025-12-01 11:33:39,112 - WARNING - Duplicate patient ID found: stn30, skipping additional entry
2025-12-01 11:33:39,112 - WARNING - Duplicate patient ID found: stn18, skipping additional entry
2025-12-01 11:33:39,112 - WARNING - Duplicate patient ID found: gpi24, skipping additional entry
2025-12-01 11:33:39,112 - WARNING - Duplicate patient ID found: gpi13, skipping additional entry
2025-12-01 11:33:39,112 - WARNING - Duplicate patient ID found: stn07, skipping additional entry
2025-12-01 11:33:39,112 - WARNING - Duplicate patient ID found: stn20, skipping additional entry
2025-12-01 11:33:39,112 - WARNING - Duplicate patient ID found: gpi12, skipping additional entry
2025-12-01 11:33:39,112 - WARNING - Duplicate patient ID found: stn01, skipping additional entry
2025-12-01 11:33:39,113 - WARNING - Duplicate patient ID found: gpi22, skipping additional entry
2025-12-01 11:33:39,113 - WARNING - Duplicate patient ID found: gpi18, skipping additional entry
2025-12-01 11:33:39,113 - WARNING - Duplicate patient ID found: gpi09, skipping additional entry
2025-12-01 11:33:39,113 - WARNING - Duplicate patient ID found: gpi25, skipping additional entry
2025-12-01 11:33:39,113 - WARNING - Duplicate patient ID found: stn29, skipping additional entry
2025-12-01 11:33:39,113 - WARNING - Duplicate patient ID found: gpi31, skipping additional entry
2025-12-01 11:33:39,113 - WARNING - Duplicate patient ID found: stn10, skipping additional entry
2025-12-01 11:33:39,113 - WARNING - Duplicate patient ID found: gpi28, skipping additional entry
2025-12-01 11:33:39,113 - WARNING - Duplicate patient ID found: stn31, skipping additional entry
2025-12-01 11:33:39,113 - WARNING - Duplicate patient ID found: gpi03, skipping additional entry
2025-12-01 11:33:39,113 - WARNING - Duplicate patient ID found: gpi05, skipping additional entry
2025-12-01 11:33:39,113 - WARNING - Duplicate patient ID found: stn25, skipping additional entry
2025-12-01 11:33:39,113 - WARNING - Duplicate patient ID found: gpi08, skipping additional entry
2025-12-01 11:33:39,114 - WARNING - Duplicate patient ID found: gpi27, skipping additional entry
2025-12-01 11:33:39,114 - WARNING - Duplicate patient ID found: stn16, skipping additional entry
2025-12-01 11:33:39,114 - WARNING - Duplicate patient ID found: gpi23, skipping additional entry
2025-12-01 11:33:39,114 - WARNING - Duplicate patient ID found: stn09, skipping additional entry
2025-12-01 11:33:39,114 - WARNING - Duplicate patient ID found: stn28, skipping additional entry
2025-12-01 11:33:39,114 - WARNING - Duplicate patient ID found: stn06, skipping additional entry
2025-12-01 11:33:39,114 - WARNING - Duplicate patient ID found: stn12, skipping additional entry
2025-12-01 11:33:39,114 - WARNING - Duplicate patient ID found: gpi16, skipping additional entry
2025-12-01 11:33:39,114 - WARNING - Duplicate patient ID found: gpi30, skipping additional entry
2025-12-01 11:33:39,114 - WARNING - Duplicate patient ID found: stn21, skipping additional entry
2025-12-01 11:33:39,114 - WARNING - Duplicate patient ID found: stn22, skipping additional entry
2025-12-01 11:33:39,114 - WARNING - Duplicate patient ID found: stn14, skipping additional entry
2025-12-01 11:33:39,114 - WARNING - Duplicate patient ID found: gpi17, skipping additional entry
2025-12-01 11:33:39,115 - WARNING - Duplicate patient ID found: gpi21, skipping additional entry
2025-12-01 11:33:39,115 - WARNING - Duplicate patient ID found: gpi32, skipping additional entry
2025-12-01 11:33:39,115 - WARNING - Duplicate patient ID found: stn15, skipping additional entry
2025-12-01 11:33:39,115 - INFO - Built diff index with 71 patients
2025-12-01 11:33:39,115 - INFO - Parsing UPDRS data with diff features...
2025-12-01 11:33:39,129 - INFO - Found 55 valid samples
2025-12-01 11:33:39,130 - INFO - Preparing feature matrices with diff features...
2025-12-01 11:33:39,164 - INFO - Feature matrix shape: (55, 365), Class distribution: [24 31]
2025-12-01 11:33:39,164 - INFO - 
============================================================
2025-12-01 11:33:39,164 - INFO - Starting Cross-Validation Experiment: Treatment_Response_ALL_Thresh0.25
2025-12-01 11:33:39,165 - INFO - Total samples: 55 | Class distribution: [24 31]
2025-12-01 11:33:39,166 - INFO - 
--- Fold 1/5 ---
2025-12-01 11:33:39,166 - INFO - Train size: 44, Test size: 11
2025-12-01 11:33:39,166 - INFO - Train class balance - 0: 19, 1: 25
2025-12-01 11:33:39,166 - INFO - Test class balance  - 0: 5, 1: 6
2025-12-01 11:33:40,028 - INFO - Training fold 1 with early stopping (patience=50)...
2025-12-01 11:33:40,189 - INFO - Epoch 1/200 | Train Loss: 0.785948 | Val Loss: 0.938163 | Best Val Loss: inf (epoch 1)
2025-12-01 11:33:40,352 - INFO - Epoch 10/200 | Train Loss: 0.009389 | Val Loss: 1.679366 | Best Val Loss: inf (epoch 1)
2025-12-01 11:33:40,534 - INFO - Epoch 20/200 | Train Loss: 0.175594 | Val Loss: 4.224532 | Best Val Loss: inf (epoch 1)
2025-12-01 11:33:40,712 - INFO - Epoch 30/200 | Train Loss: 0.000201 | Val Loss: 1.936928 | Best Val Loss: inf (epoch 1)
2025-12-01 11:33:40,889 - INFO - Epoch 40/200 | Train Loss: 0.049644 | Val Loss: 2.262641 | Best Val Loss: inf (epoch 1)
2025-12-01 11:33:41,066 - INFO - Epoch 50/200 | Train Loss: 0.000069 | Val Loss: 0.553631 | Best Val Loss: inf (epoch 1)
2025-12-01 11:33:41,259 - INFO - Epoch 60/200 | Train Loss: 0.000048 | Val Loss: 0.615578 | Best Val Loss: 0.576137 (epoch 51)
2025-12-01 11:33:41,435 - INFO - Epoch 70/200 | Train Loss: 0.000062 | Val Loss: 0.649284 | Best Val Loss: 0.576137 (epoch 51)
2025-12-01 11:33:41,612 - INFO - Epoch 80/200 | Train Loss: 0.000065 | Val Loss: 0.667257 | Best Val Loss: 0.576137 (epoch 51)
2025-12-01 11:33:41,792 - INFO - Epoch 90/200 | Train Loss: 0.000167 | Val Loss: 0.680314 | Best Val Loss: 0.576137 (epoch 51)
2025-12-01 11:33:41,969 - INFO - Epoch 100/200 | Train Loss: 0.000033 | Val Loss: 0.664076 | Best Val Loss: 0.576137 (epoch 51)
2025-12-01 11:33:41,987 - INFO - Early stopping triggered at epoch 101! Best validation loss: 0.576137 at epoch 51
2025-12-01 11:33:41,999 - INFO - Loaded best model from epoch 51
2025-12-01 11:33:42,002 - INFO - Optimal Youden threshold: 0.9470
2025-12-01 11:33:42,019 - INFO - Fold 1 Results - Acc: 0.9091, F1: 0.9231, AUC: 0.9000, AP: 0.9151
2025-12-01 11:33:42,019 - INFO - 
--- Fold 2/5 ---
2025-12-01 11:33:42,019 - INFO - Train size: 44, Test size: 11
2025-12-01 11:33:42,019 - INFO - Train class balance - 0: 19, 1: 25
2025-12-01 11:33:42,019 - INFO - Test class balance  - 0: 5, 1: 6
2025-12-01 11:33:42,038 - INFO - Training fold 2 with early stopping (patience=50)...
2025-12-01 11:33:42,058 - INFO - Epoch 1/200 | Train Loss: 0.685869 | Val Loss: 0.652935 | Best Val Loss: inf (epoch 1)
2025-12-01 11:33:42,219 - INFO - Epoch 10/200 | Train Loss: 0.001537 | Val Loss: 1.377604 | Best Val Loss: inf (epoch 1)
2025-12-01 11:33:42,396 - INFO - Epoch 20/200 | Train Loss: 0.020978 | Val Loss: 1.350902 | Best Val Loss: inf (epoch 1)
2025-12-01 11:33:42,573 - INFO - Epoch 30/200 | Train Loss: 0.000256 | Val Loss: 1.939082 | Best Val Loss: inf (epoch 1)
2025-12-01 11:33:42,749 - INFO - Epoch 40/200 | Train Loss: 0.000100 | Val Loss: 2.010975 | Best Val Loss: inf (epoch 1)
2025-12-01 11:33:42,926 - INFO - Epoch 50/200 | Train Loss: 0.000043 | Val Loss: 2.061136 | Best Val Loss: inf (epoch 1)
2025-12-01 11:33:43,114 - INFO - Epoch 60/200 | Train Loss: 0.000051 | Val Loss: 2.096849 | Best Val Loss: 2.065926 (epoch 51)
2025-12-01 11:33:43,287 - INFO - Epoch 70/200 | Train Loss: 0.000101 | Val Loss: 2.125040 | Best Val Loss: 2.065926 (epoch 51)
2025-12-01 11:33:43,460 - INFO - Epoch 80/200 | Train Loss: 0.000058 | Val Loss: 2.133498 | Best Val Loss: 2.065926 (epoch 51)
2025-12-01 11:33:43,633 - INFO - Epoch 90/200 | Train Loss: 0.000028 | Val Loss: 2.164194 | Best Val Loss: 2.065926 (epoch 51)
2025-12-01 11:33:43,849 - INFO - Epoch 100/200 | Train Loss: 0.000036 | Val Loss: 2.047152 | Best Val Loss: 2.034897 (epoch 99)
2025-12-01 11:33:44,021 - INFO - Epoch 110/200 | Train Loss: 0.000021 | Val Loss: 2.108684 | Best Val Loss: 2.034897 (epoch 99)
2025-12-01 11:33:44,195 - INFO - Epoch 120/200 | Train Loss: 0.000031 | Val Loss: 2.153463 | Best Val Loss: 2.034897 (epoch 99)
2025-12-01 11:33:44,368 - INFO - Epoch 130/200 | Train Loss: 0.000019 | Val Loss: 2.181052 | Best Val Loss: 2.034897 (epoch 99)
2025-12-01 11:33:44,542 - INFO - Epoch 140/200 | Train Loss: 0.000015 | Val Loss: 2.558813 | Best Val Loss: 2.034897 (epoch 99)
2025-12-01 11:33:44,698 - INFO - Early stopping triggered at epoch 149! Best validation loss: 2.034897 at epoch 99
2025-12-01 11:33:44,710 - INFO - Loaded best model from epoch 99
2025-12-01 11:33:44,713 - INFO - Optimal Youden threshold: 1.0000
2025-12-01 11:33:44,726 - INFO - Fold 2 Results - Acc: 0.8182, F1: 0.8000, AUC: 0.9000, AP: 0.9306
2025-12-01 11:33:44,726 - INFO - 
--- Fold 3/5 ---
2025-12-01 11:33:44,726 - INFO - Train size: 44, Test size: 11
2025-12-01 11:33:44,726 - INFO - Train class balance - 0: 19, 1: 25
2025-12-01 11:33:44,726 - INFO - Test class balance  - 0: 5, 1: 6
2025-12-01 11:33:44,743 - INFO - Training fold 3 with early stopping (patience=50)...
2025-12-01 11:33:44,762 - INFO - Epoch 1/200 | Train Loss: 0.682230 | Val Loss: 0.765718 | Best Val Loss: inf (epoch 1)
2025-12-01 11:33:44,920 - INFO - Epoch 10/200 | Train Loss: 0.224955 | Val Loss: 1.753760 | Best Val Loss: inf (epoch 1)
2025-12-01 11:33:45,094 - INFO - Epoch 20/200 | Train Loss: 0.001614 | Val Loss: 1.592829 | Best Val Loss: inf (epoch 1)
2025-12-01 11:33:45,269 - INFO - Epoch 30/200 | Train Loss: 0.000540 | Val Loss: 1.728219 | Best Val Loss: inf (epoch 1)
2025-12-01 11:33:45,446 - INFO - Epoch 40/200 | Train Loss: 0.000115 | Val Loss: 1.930750 | Best Val Loss: inf (epoch 1)
2025-12-01 11:33:45,621 - INFO - Epoch 50/200 | Train Loss: 0.000063 | Val Loss: 1.986653 | Best Val Loss: inf (epoch 1)
2025-12-01 11:33:45,808 - INFO - Epoch 60/200 | Train Loss: 0.000039 | Val Loss: 2.012463 | Best Val Loss: 1.987407 (epoch 51)
2025-12-01 11:33:45,982 - INFO - Epoch 70/200 | Train Loss: 0.000054 | Val Loss: 2.040508 | Best Val Loss: 1.987407 (epoch 51)
2025-12-01 11:33:46,156 - INFO - Epoch 80/200 | Train Loss: 0.000027 | Val Loss: 2.065792 | Best Val Loss: 1.987407 (epoch 51)
2025-12-01 11:33:46,334 - INFO - Epoch 90/200 | Train Loss: 0.000050 | Val Loss: 2.082785 | Best Val Loss: 1.987407 (epoch 51)
2025-12-01 11:33:46,509 - INFO - Epoch 100/200 | Train Loss: 0.000027 | Val Loss: 2.086284 | Best Val Loss: 1.987407 (epoch 51)
2025-12-01 11:33:46,526 - INFO - Early stopping triggered at epoch 101! Best validation loss: 1.987407 at epoch 51
2025-12-01 11:33:46,538 - INFO - Loaded best model from epoch 51
2025-12-01 11:33:46,541 - INFO - Optimal Youden threshold: 0.9978
2025-12-01 11:33:46,555 - INFO - Fold 3 Results - Acc: 0.8182, F1: 0.8333, AUC: 0.8000, AP: 0.8000
2025-12-01 11:33:46,555 - INFO - 
--- Fold 4/5 ---
2025-12-01 11:33:46,555 - INFO - Train size: 44, Test size: 11
2025-12-01 11:33:46,555 - INFO - Train class balance - 0: 19, 1: 25
2025-12-01 11:33:46,555 - INFO - Test class balance  - 0: 5, 1: 6
2025-12-01 11:33:46,571 - INFO - Training fold 4 with early stopping (patience=50)...
2025-12-01 11:33:46,590 - INFO - Epoch 1/200 | Train Loss: 0.841730 | Val Loss: 0.915136 | Best Val Loss: inf (epoch 1)
2025-12-01 11:33:46,748 - INFO - Epoch 10/200 | Train Loss: 0.056168 | Val Loss: 1.474886 | Best Val Loss: inf (epoch 1)
2025-12-01 11:33:46,923 - INFO - Epoch 20/200 | Train Loss: 0.005493 | Val Loss: 3.428865 | Best Val Loss: inf (epoch 1)
2025-12-01 11:33:47,099 - INFO - Epoch 30/200 | Train Loss: 0.000136 | Val Loss: 3.544878 | Best Val Loss: inf (epoch 1)
2025-12-01 11:33:47,276 - INFO - Epoch 40/200 | Train Loss: 0.000149 | Val Loss: 3.666397 | Best Val Loss: inf (epoch 1)
2025-12-01 11:33:47,452 - INFO - Epoch 50/200 | Train Loss: 0.000161 | Val Loss: 3.903839 | Best Val Loss: inf (epoch 1)
2025-12-01 11:33:47,643 - INFO - Epoch 60/200 | Train Loss: 0.000041 | Val Loss: 4.035849 | Best Val Loss: 3.942115 (epoch 51)
2025-12-01 11:33:47,819 - INFO - Epoch 70/200 | Train Loss: 0.000038 | Val Loss: 4.099124 | Best Val Loss: 3.942115 (epoch 51)
2025-12-01 11:33:47,997 - INFO - Epoch 80/200 | Train Loss: 0.000029 | Val Loss: 4.266763 | Best Val Loss: 3.942115 (epoch 51)
2025-12-01 11:33:48,172 - INFO - Epoch 90/200 | Train Loss: 0.000053 | Val Loss: 4.316545 | Best Val Loss: 3.942115 (epoch 51)
2025-12-01 11:33:48,350 - INFO - Epoch 100/200 | Train Loss: 0.000016 | Val Loss: 4.370328 | Best Val Loss: 3.942115 (epoch 51)
2025-12-01 11:33:48,368 - INFO - Early stopping triggered at epoch 101! Best validation loss: 3.942115 at epoch 51
2025-12-01 11:33:48,380 - INFO - Loaded best model from epoch 51
2025-12-01 11:33:48,382 - INFO - Optimal Youden threshold: 1.0000
2025-12-01 11:33:48,397 - INFO - Fold 4 Results - Acc: 0.6364, F1: 0.5000, AUC: 0.6333, AP: 0.7577
2025-12-01 11:33:48,397 - INFO - 
--- Fold 5/5 ---
2025-12-01 11:33:48,397 - INFO - Train size: 44, Test size: 11
2025-12-01 11:33:48,397 - INFO - Train class balance - 0: 20, 1: 24
2025-12-01 11:33:48,397 - INFO - Test class balance  - 0: 4, 1: 7
2025-12-01 11:33:48,414 - INFO - Training fold 5 with early stopping (patience=50)...
2025-12-01 11:33:48,434 - INFO - Epoch 1/200 | Train Loss: 0.817227 | Val Loss: 0.588898 | Best Val Loss: inf (epoch 1)
2025-12-01 11:33:48,591 - INFO - Epoch 10/200 | Train Loss: 0.021160 | Val Loss: 2.076816 | Best Val Loss: inf (epoch 1)
2025-12-01 11:33:48,767 - INFO - Epoch 20/200 | Train Loss: 0.001523 | Val Loss: 0.629813 | Best Val Loss: inf (epoch 1)
2025-12-01 11:33:48,942 - INFO - Epoch 30/200 | Train Loss: 0.000171 | Val Loss: 1.587544 | Best Val Loss: inf (epoch 1)
2025-12-01 11:33:49,116 - INFO - Epoch 40/200 | Train Loss: 0.024579 | Val Loss: 2.326359 | Best Val Loss: inf (epoch 1)
2025-12-01 11:33:49,290 - INFO - Epoch 50/200 | Train Loss: 0.017293 | Val Loss: 0.931923 | Best Val Loss: inf (epoch 1)
2025-12-01 11:33:49,476 - INFO - Epoch 60/200 | Train Loss: 0.000116 | Val Loss: 2.333395 | Best Val Loss: 0.796501 (epoch 51)
2025-12-01 11:33:49,649 - INFO - Epoch 70/200 | Train Loss: 0.000028 | Val Loss: 2.183953 | Best Val Loss: 0.796501 (epoch 51)
2025-12-01 11:33:49,825 - INFO - Epoch 80/200 | Train Loss: 0.000033 | Val Loss: 2.206659 | Best Val Loss: 0.796501 (epoch 51)
2025-12-01 11:33:50,000 - INFO - Epoch 90/200 | Train Loss: 0.000036 | Val Loss: 2.204452 | Best Val Loss: 0.796501 (epoch 51)
2025-12-01 11:33:50,176 - INFO - Epoch 100/200 | Train Loss: 0.000029 | Val Loss: 2.232208 | Best Val Loss: 0.796501 (epoch 51)
2025-12-01 11:33:50,193 - INFO - Early stopping triggered at epoch 101! Best validation loss: 0.796501 at epoch 51
2025-12-01 11:33:50,204 - INFO - Loaded best model from epoch 51
2025-12-01 11:33:50,207 - INFO - Optimal Youden threshold: 0.8080
2025-12-01 11:33:50,220 - INFO - Fold 5 Results - Acc: 0.9091, F1: 0.9231, AUC: 0.8929, AP: 0.9571
2025-12-01 11:33:50,220 - INFO - 
============================================================
2025-12-01 11:33:50,220 - INFO - FINAL CROSS-VALIDATION RESULTS FOR: Treatment_Response_ALL_Thresh0.25
2025-12-01 11:33:50,220 - INFO - ACC       : 0.8182 ± 0.0996
2025-12-01 11:33:50,220 - INFO - F1        : 0.7959 ± 0.1558
2025-12-01 11:33:50,220 - INFO - PRECISION : 0.9381 ± 0.0762
2025-12-01 11:33:50,220 - INFO - RECALL    : 0.7381 ± 0.2284
2025-12-01 11:33:50,220 - INFO - AUC       : 0.8252 ± 0.1032
2025-12-01 11:33:50,220 - INFO - AP        : 0.8721 ± 0.0785
2025-12-01 11:33:50,220 - INFO - ============================================================

2025-12-01 11:33:50,224 - INFO - Results saved to final_results_Treatment_Response_ALL_Thresh0.25.json
2025-12-01 11:33:50,224 - INFO - Total execution time: 11.12 seconds
2025-12-01 11:35:07,741 - INFO - Using device: cuda
2025-12-01 11:35:07,741 - INFO - Hyperparameters: {
  "batch_size": 8,
  "learning_rate": 0.0005,
  "num_epochs": 200,
  "hidden_dim": 512,
  "num_blocks": 4,
  "dropout": 0.3,
  "feature_type": "ALL",
  "improvement_threshold": 0.25
}
2025-12-01 11:35:07,741 - INFO - Starting treatment response prediction pipeline
2025-12-01 11:35:07,741 - INFO - Building diff file index (mean_anomaly & mean_distortion)...
2025-12-01 11:35:07,743 - WARNING - Duplicate patient ID found: stn02, skipping additional entry
2025-12-01 11:35:07,743 - WARNING - Duplicate patient ID found: gpi11, skipping additional entry
2025-12-01 11:35:07,743 - WARNING - Duplicate patient ID found: gpi02, skipping additional entry
2025-12-01 11:35:07,743 - WARNING - Duplicate patient ID found: gpi19, skipping additional entry
2025-12-01 11:35:07,743 - WARNING - Duplicate patient ID found: stn23, skipping additional entry
2025-12-01 11:35:07,744 - WARNING - Duplicate patient ID found: stn03, skipping additional entry
2025-12-01 11:35:07,744 - WARNING - Duplicate patient ID found: gpi20, skipping additional entry
2025-12-01 11:35:07,744 - WARNING - Duplicate patient ID found: stn04, skipping additional entry
2025-12-01 11:35:07,744 - WARNING - Duplicate patient ID found: stn24, skipping additional entry
2025-12-01 11:35:07,744 - WARNING - Duplicate patient ID found: gpi04, skipping additional entry
2025-12-01 11:35:07,744 - WARNING - Duplicate patient ID found: gpi15, skipping additional entry
2025-12-01 11:35:07,744 - WARNING - Duplicate patient ID found: stn19, skipping additional entry
2025-12-01 11:35:07,745 - WARNING - Duplicate patient ID found: stn08, skipping additional entry
2025-12-01 11:35:07,745 - WARNING - Duplicate patient ID found: stn11, skipping additional entry
2025-12-01 11:35:07,745 - WARNING - Duplicate patient ID found: gpi07, skipping additional entry
2025-12-01 11:35:07,745 - WARNING - Duplicate patient ID found: gpi26, skipping additional entry
2025-12-01 11:35:07,745 - WARNING - Duplicate patient ID found: stn13, skipping additional entry
2025-12-01 11:35:07,745 - WARNING - Duplicate patient ID found: gpi06, skipping additional entry
2025-12-01 11:35:07,745 - WARNING - Duplicate patient ID found: stn30, skipping additional entry
2025-12-01 11:35:07,745 - WARNING - Duplicate patient ID found: stn18, skipping additional entry
2025-12-01 11:35:07,745 - WARNING - Duplicate patient ID found: gpi24, skipping additional entry
2025-12-01 11:35:07,745 - WARNING - Duplicate patient ID found: gpi13, skipping additional entry
2025-12-01 11:35:07,745 - WARNING - Duplicate patient ID found: stn07, skipping additional entry
2025-12-01 11:35:07,746 - WARNING - Duplicate patient ID found: stn20, skipping additional entry
2025-12-01 11:35:07,746 - WARNING - Duplicate patient ID found: gpi12, skipping additional entry
2025-12-01 11:35:07,746 - WARNING - Duplicate patient ID found: stn01, skipping additional entry
2025-12-01 11:35:07,746 - WARNING - Duplicate patient ID found: gpi22, skipping additional entry
2025-12-01 11:35:07,746 - WARNING - Duplicate patient ID found: gpi18, skipping additional entry
2025-12-01 11:35:07,746 - WARNING - Duplicate patient ID found: gpi09, skipping additional entry
2025-12-01 11:35:07,746 - WARNING - Duplicate patient ID found: gpi25, skipping additional entry
2025-12-01 11:35:07,746 - WARNING - Duplicate patient ID found: stn29, skipping additional entry
2025-12-01 11:35:07,746 - WARNING - Duplicate patient ID found: gpi31, skipping additional entry
2025-12-01 11:35:07,747 - WARNING - Duplicate patient ID found: stn10, skipping additional entry
2025-12-01 11:35:07,747 - WARNING - Duplicate patient ID found: gpi28, skipping additional entry
2025-12-01 11:35:07,747 - WARNING - Duplicate patient ID found: stn31, skipping additional entry
2025-12-01 11:35:07,747 - WARNING - Duplicate patient ID found: gpi03, skipping additional entry
2025-12-01 11:35:07,747 - WARNING - Duplicate patient ID found: gpi05, skipping additional entry
2025-12-01 11:35:07,747 - WARNING - Duplicate patient ID found: stn25, skipping additional entry
2025-12-01 11:35:07,747 - WARNING - Duplicate patient ID found: gpi08, skipping additional entry
2025-12-01 11:35:07,747 - WARNING - Duplicate patient ID found: gpi27, skipping additional entry
2025-12-01 11:35:07,747 - WARNING - Duplicate patient ID found: stn16, skipping additional entry
2025-12-01 11:35:07,747 - WARNING - Duplicate patient ID found: gpi23, skipping additional entry
2025-12-01 11:35:07,747 - WARNING - Duplicate patient ID found: stn09, skipping additional entry
2025-12-01 11:35:07,748 - WARNING - Duplicate patient ID found: stn28, skipping additional entry
2025-12-01 11:35:07,748 - WARNING - Duplicate patient ID found: stn06, skipping additional entry
2025-12-01 11:35:07,748 - WARNING - Duplicate patient ID found: stn12, skipping additional entry
2025-12-01 11:35:07,748 - WARNING - Duplicate patient ID found: gpi16, skipping additional entry
2025-12-01 11:35:07,748 - WARNING - Duplicate patient ID found: gpi30, skipping additional entry
2025-12-01 11:35:07,748 - WARNING - Duplicate patient ID found: stn21, skipping additional entry
2025-12-01 11:35:07,748 - WARNING - Duplicate patient ID found: stn22, skipping additional entry
2025-12-01 11:35:07,748 - WARNING - Duplicate patient ID found: stn14, skipping additional entry
2025-12-01 11:35:07,748 - WARNING - Duplicate patient ID found: gpi17, skipping additional entry
2025-12-01 11:35:07,748 - WARNING - Duplicate patient ID found: gpi21, skipping additional entry
2025-12-01 11:35:07,748 - WARNING - Duplicate patient ID found: gpi32, skipping additional entry
2025-12-01 11:35:07,748 - WARNING - Duplicate patient ID found: stn15, skipping additional entry
2025-12-01 11:35:07,748 - INFO - Built diff index with 71 patients
2025-12-01 11:35:07,748 - INFO - Parsing UPDRS data with diff features...
2025-12-01 11:35:07,763 - INFO - Found 55 valid samples
2025-12-01 11:35:07,763 - INFO - Preparing feature matrices with diff features...
2025-12-01 11:35:07,797 - INFO - Feature matrix shape: (55, 365), Class distribution: [24 31]
2025-12-01 11:35:07,797 - INFO - 
============================================================
2025-12-01 11:35:07,797 - INFO - Starting Cross-Validation Experiment: Treatment_Response_ALL_Thresh0.25
2025-12-01 11:35:07,797 - INFO - Total samples: 55 | Class distribution: [24 31]
2025-12-01 11:35:07,798 - INFO - 
--- Fold 1/5 ---
2025-12-01 11:35:07,798 - INFO - Train size: 44, Test size: 11
2025-12-01 11:35:07,798 - INFO - Train class balance - 0: 19, 1: 25
2025-12-01 11:35:07,798 - INFO - Test class balance  - 0: 5, 1: 6
2025-12-01 11:35:08,655 - INFO - Training fold 1 with early stopping (patience=50)...
2025-12-01 11:35:08,810 - INFO - Epoch 1/200 | Train Loss: 0.746198 | Val Loss: 0.918290 | Best Val Loss: inf (epoch 1)
2025-12-01 11:35:08,970 - INFO - Epoch 10/200 | Train Loss: 0.004996 | Val Loss: 1.550084 | Best Val Loss: inf (epoch 1)
2025-12-01 11:35:09,147 - INFO - Epoch 20/200 | Train Loss: 0.024453 | Val Loss: 1.689857 | Best Val Loss: inf (epoch 1)
2025-12-01 11:35:09,322 - INFO - Epoch 30/200 | Train Loss: 0.000755 | Val Loss: 1.084349 | Best Val Loss: inf (epoch 1)
2025-12-01 11:35:09,496 - INFO - Epoch 40/200 | Train Loss: 0.000211 | Val Loss: 1.567893 | Best Val Loss: inf (epoch 1)
2025-12-01 11:35:09,673 - INFO - Epoch 50/200 | Train Loss: 0.004802 | Val Loss: 2.958862 | Best Val Loss: inf (epoch 1)
2025-12-01 11:35:09,885 - INFO - Epoch 60/200 | Train Loss: 0.000106 | Val Loss: 10.599501 | Best Val Loss: 0.669244 (epoch 52)
2025-12-01 11:35:10,061 - INFO - Epoch 70/200 | Train Loss: 0.000058 | Val Loss: 10.668085 | Best Val Loss: 0.669244 (epoch 52)
2025-12-01 11:35:10,237 - INFO - Epoch 80/200 | Train Loss: 0.000011 | Val Loss: 10.702694 | Best Val Loss: 0.669244 (epoch 52)
2025-12-01 11:35:10,417 - INFO - Epoch 90/200 | Train Loss: 0.000015 | Val Loss: 10.736036 | Best Val Loss: 0.669244 (epoch 52)
2025-12-01 11:35:10,594 - INFO - Epoch 100/200 | Train Loss: 0.000017 | Val Loss: 10.767367 | Best Val Loss: 0.669244 (epoch 52)
2025-12-01 11:35:10,630 - INFO - Early stopping triggered at epoch 102! Best validation loss: 0.669244 at epoch 52
2025-12-01 11:35:10,642 - INFO - Loaded best model from epoch 52
2025-12-01 11:35:10,645 - INFO - Optimal Youden threshold: 0.5426
2025-12-01 11:35:10,661 - INFO - Fold 1 Results - Acc: 0.8182, F1: 0.8571, AUC: 0.6667, AP: 0.6496
2025-12-01 11:35:10,661 - INFO - 
--- Fold 2/5 ---
2025-12-01 11:35:10,661 - INFO - Train size: 44, Test size: 11
2025-12-01 11:35:10,661 - INFO - Train class balance - 0: 19, 1: 25
2025-12-01 11:35:10,661 - INFO - Test class balance  - 0: 5, 1: 6
2025-12-01 11:35:10,679 - INFO - Training fold 2 with early stopping (patience=50)...
2025-12-01 11:35:10,699 - INFO - Epoch 1/200 | Train Loss: 0.668061 | Val Loss: 0.617746 | Best Val Loss: inf (epoch 1)
2025-12-01 11:35:10,856 - INFO - Epoch 10/200 | Train Loss: 0.329716 | Val Loss: 0.860892 | Best Val Loss: inf (epoch 1)
2025-12-01 11:35:11,031 - INFO - Epoch 20/200 | Train Loss: 0.000516 | Val Loss: 1.728562 | Best Val Loss: inf (epoch 1)
2025-12-01 11:35:11,206 - INFO - Epoch 30/200 | Train Loss: 0.000169 | Val Loss: 2.015434 | Best Val Loss: inf (epoch 1)
2025-12-01 11:35:11,382 - INFO - Epoch 40/200 | Train Loss: 0.000081 | Val Loss: 2.180601 | Best Val Loss: inf (epoch 1)
2025-12-01 11:35:11,558 - INFO - Epoch 50/200 | Train Loss: 0.000176 | Val Loss: 2.212647 | Best Val Loss: inf (epoch 1)
2025-12-01 11:35:11,745 - INFO - Epoch 60/200 | Train Loss: 0.000051 | Val Loss: 2.283788 | Best Val Loss: 2.219833 (epoch 51)
2025-12-01 11:35:11,920 - INFO - Epoch 70/200 | Train Loss: 0.000040 | Val Loss: 2.440169 | Best Val Loss: 2.219833 (epoch 51)
2025-12-01 11:35:12,095 - INFO - Epoch 80/200 | Train Loss: 0.000098 | Val Loss: 2.526820 | Best Val Loss: 2.219833 (epoch 51)
2025-12-01 11:35:12,271 - INFO - Epoch 90/200 | Train Loss: 0.000028 | Val Loss: 2.577312 | Best Val Loss: 2.219833 (epoch 51)
2025-12-01 11:35:12,447 - INFO - Epoch 100/200 | Train Loss: 0.000041 | Val Loss: 2.612109 | Best Val Loss: 2.219833 (epoch 51)
2025-12-01 11:35:12,465 - INFO - Early stopping triggered at epoch 101! Best validation loss: 2.219833 at epoch 51
2025-12-01 11:35:12,477 - INFO - Loaded best model from epoch 51
2025-12-01 11:35:12,480 - INFO - Optimal Youden threshold: 0.9999
2025-12-01 11:35:12,494 - INFO - Fold 2 Results - Acc: 0.8182, F1: 0.8000, AUC: 0.8000, AP: 0.8819
2025-12-01 11:35:12,494 - INFO - 
--- Fold 3/5 ---
2025-12-01 11:35:12,494 - INFO - Train size: 44, Test size: 11
2025-12-01 11:35:12,494 - INFO - Train class balance - 0: 19, 1: 25
2025-12-01 11:35:12,494 - INFO - Test class balance  - 0: 5, 1: 6
2025-12-01 11:35:12,511 - INFO - Training fold 3 with early stopping (patience=50)...
2025-12-01 11:35:12,530 - INFO - Epoch 1/200 | Train Loss: 0.711341 | Val Loss: 0.638780 | Best Val Loss: inf (epoch 1)
2025-12-01 11:35:12,689 - INFO - Epoch 10/200 | Train Loss: 0.000349 | Val Loss: 1.978024 | Best Val Loss: inf (epoch 1)
2025-12-01 11:35:12,869 - INFO - Epoch 20/200 | Train Loss: 0.290341 | Val Loss: 2.240269 | Best Val Loss: inf (epoch 1)
2025-12-01 11:35:13,043 - INFO - Epoch 30/200 | Train Loss: 0.000302 | Val Loss: 3.221065 | Best Val Loss: inf (epoch 1)
2025-12-01 11:35:13,217 - INFO - Epoch 40/200 | Train Loss: 0.000091 | Val Loss: 2.735766 | Best Val Loss: inf (epoch 1)
2025-12-01 11:35:13,392 - INFO - Epoch 50/200 | Train Loss: 0.000043 | Val Loss: 3.272628 | Best Val Loss: inf (epoch 1)
2025-12-01 11:35:13,654 - INFO - Epoch 60/200 | Train Loss: 0.000036 | Val Loss: 3.165379 | Best Val Loss: 3.160491 (epoch 59)
2025-12-01 11:35:13,890 - INFO - Epoch 70/200 | Train Loss: 0.000044 | Val Loss: 2.213017 | Best Val Loss: 2.205816 (epoch 68)
2025-12-01 11:35:14,063 - INFO - Epoch 80/200 | Train Loss: 0.000041 | Val Loss: 2.267430 | Best Val Loss: 2.205816 (epoch 68)
2025-12-01 11:35:14,237 - INFO - Epoch 90/200 | Train Loss: 0.000265 | Val Loss: 5.999833 | Best Val Loss: 2.205816 (epoch 68)
2025-12-01 11:35:14,441 - INFO - Epoch 100/200 | Train Loss: 0.012482 | Val Loss: 1.283614 | Best Val Loss: 0.809360 (epoch 93)
2025-12-01 11:35:14,614 - INFO - Epoch 110/200 | Train Loss: 0.000342 | Val Loss: 3.270839 | Best Val Loss: 0.809360 (epoch 93)
2025-12-01 11:35:14,787 - INFO - Epoch 120/200 | Train Loss: 0.000061 | Val Loss: 3.481370 | Best Val Loss: 0.809360 (epoch 93)
2025-12-01 11:35:14,966 - INFO - Epoch 130/200 | Train Loss: 0.000034 | Val Loss: 3.530579 | Best Val Loss: 0.809360 (epoch 93)
2025-12-01 11:35:15,140 - INFO - Epoch 140/200 | Train Loss: 0.000023 | Val Loss: 3.575060 | Best Val Loss: 0.809360 (epoch 93)
2025-12-01 11:35:15,192 - INFO - Early stopping triggered at epoch 143! Best validation loss: 0.809360 at epoch 93
2025-12-01 11:35:15,211 - INFO - Loaded best model from epoch 93
2025-12-01 11:35:15,214 - INFO - Optimal Youden threshold: 0.8901
2025-12-01 11:35:15,227 - INFO - Fold 3 Results - Acc: 0.7273, F1: 0.6667, AUC: 0.7667, AP: 0.8524
2025-12-01 11:35:15,228 - INFO - 
--- Fold 4/5 ---
2025-12-01 11:35:15,228 - INFO - Train size: 44, Test size: 11
2025-12-01 11:35:15,228 - INFO - Train class balance - 0: 19, 1: 25
2025-12-01 11:35:15,228 - INFO - Test class balance  - 0: 5, 1: 6
2025-12-01 11:35:15,244 - INFO - Training fold 4 with early stopping (patience=50)...
2025-12-01 11:35:15,263 - INFO - Epoch 1/200 | Train Loss: 0.766796 | Val Loss: 1.007611 | Best Val Loss: inf (epoch 1)
2025-12-01 11:35:15,422 - INFO - Epoch 10/200 | Train Loss: 0.010650 | Val Loss: 0.646278 | Best Val Loss: inf (epoch 1)
2025-12-01 11:35:15,597 - INFO - Epoch 20/200 | Train Loss: 0.000088 | Val Loss: 0.895556 | Best Val Loss: inf (epoch 1)
2025-12-01 11:35:15,771 - INFO - Epoch 30/200 | Train Loss: 0.000089 | Val Loss: 1.098399 | Best Val Loss: inf (epoch 1)
2025-12-01 11:35:15,944 - INFO - Epoch 40/200 | Train Loss: 0.000044 | Val Loss: 1.138361 | Best Val Loss: inf (epoch 1)
2025-12-01 11:35:16,117 - INFO - Epoch 50/200 | Train Loss: 0.000053 | Val Loss: 0.999210 | Best Val Loss: inf (epoch 1)
2025-12-01 11:35:16,305 - INFO - Epoch 60/200 | Train Loss: 0.000043 | Val Loss: 1.008239 | Best Val Loss: 0.997671 (epoch 51)
2025-12-01 11:35:16,480 - INFO - Epoch 70/200 | Train Loss: 0.007853 | Val Loss: 3.897581 | Best Val Loss: 0.997671 (epoch 51)
2025-12-01 11:35:16,699 - INFO - Epoch 80/200 | Train Loss: 0.131744 | Val Loss: 1.367019 | Best Val Loss: 0.470557 (epoch 74)
2025-12-01 11:35:16,874 - INFO - Epoch 90/200 | Train Loss: 0.000063 | Val Loss: 2.013136 | Best Val Loss: 0.470557 (epoch 74)
2025-12-01 11:35:17,048 - INFO - Epoch 100/200 | Train Loss: 0.000276 | Val Loss: 2.106966 | Best Val Loss: 0.470557 (epoch 74)
2025-12-01 11:35:17,223 - INFO - Epoch 110/200 | Train Loss: 0.000054 | Val Loss: 2.314890 | Best Val Loss: 0.470557 (epoch 74)
2025-12-01 11:35:17,400 - INFO - Epoch 120/200 | Train Loss: 0.000061 | Val Loss: 2.301196 | Best Val Loss: 0.470557 (epoch 74)
2025-12-01 11:35:17,470 - INFO - Early stopping triggered at epoch 124! Best validation loss: 0.470557 at epoch 74
2025-12-01 11:35:17,482 - INFO - Loaded best model from epoch 74
2025-12-01 11:35:17,485 - INFO - Optimal Youden threshold: 0.8731
2025-12-01 11:35:17,496 - INFO - Fold 4 Results - Acc: 0.9091, F1: 0.9091, AUC: 0.8667, AP: 0.9333
2025-12-01 11:35:17,497 - INFO - 
--- Fold 5/5 ---
2025-12-01 11:35:17,497 - INFO - Train size: 44, Test size: 11
2025-12-01 11:35:17,497 - INFO - Train class balance - 0: 20, 1: 24
2025-12-01 11:35:17,497 - INFO - Test class balance  - 0: 4, 1: 7
2025-12-01 11:35:17,513 - INFO - Training fold 5 with early stopping (patience=50)...
2025-12-01 11:35:17,532 - INFO - Epoch 1/200 | Train Loss: 0.789286 | Val Loss: 0.581758 | Best Val Loss: inf (epoch 1)
2025-12-01 11:35:17,690 - INFO - Epoch 10/200 | Train Loss: 0.001714 | Val Loss: 2.771269 | Best Val Loss: inf (epoch 1)
2025-12-01 11:35:17,863 - INFO - Epoch 20/200 | Train Loss: 0.000235 | Val Loss: 2.734116 | Best Val Loss: inf (epoch 1)
2025-12-01 11:35:18,039 - INFO - Epoch 30/200 | Train Loss: 0.065985 | Val Loss: 2.499350 | Best Val Loss: inf (epoch 1)
2025-12-01 11:35:18,214 - INFO - Epoch 40/200 | Train Loss: 0.001784 | Val Loss: 2.894634 | Best Val Loss: inf (epoch 1)
2025-12-01 11:35:18,391 - INFO - Epoch 50/200 | Train Loss: 0.000453 | Val Loss: 2.559616 | Best Val Loss: inf (epoch 1)
2025-12-01 11:35:18,649 - INFO - Epoch 60/200 | Train Loss: 0.000143 | Val Loss: 3.347006 | Best Val Loss: 2.508665 (epoch 56)
2025-12-01 11:35:18,823 - INFO - Epoch 70/200 | Train Loss: 0.000041 | Val Loss: 3.288981 | Best Val Loss: 2.508665 (epoch 56)
2025-12-01 11:35:18,999 - INFO - Epoch 80/200 | Train Loss: 0.000027 | Val Loss: 3.274957 | Best Val Loss: 2.508665 (epoch 56)
2025-12-01 11:35:19,174 - INFO - Epoch 90/200 | Train Loss: 0.000043 | Val Loss: 3.267202 | Best Val Loss: 2.508665 (epoch 56)
2025-12-01 11:35:19,347 - INFO - Epoch 100/200 | Train Loss: 0.000013 | Val Loss: 3.261036 | Best Val Loss: 2.508665 (epoch 56)
2025-12-01 11:35:19,452 - INFO - Early stopping triggered at epoch 106! Best validation loss: 2.508665 at epoch 56
2025-12-01 11:35:19,463 - INFO - Loaded best model from epoch 56
2025-12-01 11:35:19,466 - INFO - Optimal Youden threshold: 0.9998
2025-12-01 11:35:19,479 - INFO - Fold 5 Results - Acc: 0.7273, F1: 0.7273, AUC: 0.7143, AP: 0.8715
2025-12-01 11:35:19,479 - INFO - 
============================================================
2025-12-01 11:35:19,479 - INFO - FINAL CROSS-VALIDATION RESULTS FOR: Treatment_Response_ALL_Thresh0.25
2025-12-01 11:35:19,479 - INFO - ACC       : 0.8000 ± 0.0680
2025-12-01 11:35:19,480 - INFO - F1        : 0.7920 ± 0.0871
2025-12-01 11:35:19,480 - INFO - PRECISION : 0.9500 ± 0.1000
2025-12-01 11:35:19,480 - INFO - RECALL    : 0.7143 ± 0.1813
2025-12-01 11:35:19,480 - INFO - AUC       : 0.7629 ± 0.0690
2025-12-01 11:35:19,480 - INFO - AP        : 0.8378 ± 0.0978
2025-12-01 11:35:19,480 - INFO - ============================================================

2025-12-01 11:35:19,485 - INFO - Results saved to final_results_Treatment_Response_ALL_Thresh0.25.json
2025-12-01 11:35:19,485 - INFO - Total execution time: 11.74 seconds
2025-12-01 11:35:29,706 - INFO - Using device: cuda
2025-12-01 11:35:29,706 - INFO - Hyperparameters: {
  "batch_size": 8,
  "learning_rate": 0.0005,
  "num_epochs": 200,
  "hidden_dim": 512,
  "num_blocks": 4,
  "dropout": 0.3,
  "feature_type": "ALL",
  "improvement_threshold": 0.25
}
2025-12-01 11:35:29,706 - INFO - Starting treatment response prediction pipeline
2025-12-01 11:35:29,706 - INFO - Building diff file index (mean_anomaly & mean_distortion)...
2025-12-01 11:35:29,708 - WARNING - Duplicate patient ID found: stn02, skipping additional entry
2025-12-01 11:35:29,708 - WARNING - Duplicate patient ID found: gpi11, skipping additional entry
2025-12-01 11:35:29,708 - WARNING - Duplicate patient ID found: gpi02, skipping additional entry
2025-12-01 11:35:29,708 - WARNING - Duplicate patient ID found: gpi19, skipping additional entry
2025-12-01 11:35:29,708 - WARNING - Duplicate patient ID found: stn23, skipping additional entry
2025-12-01 11:35:29,709 - WARNING - Duplicate patient ID found: stn03, skipping additional entry
2025-12-01 11:35:29,709 - WARNING - Duplicate patient ID found: gpi20, skipping additional entry
2025-12-01 11:35:29,709 - WARNING - Duplicate patient ID found: stn04, skipping additional entry
2025-12-01 11:35:29,709 - WARNING - Duplicate patient ID found: stn24, skipping additional entry
2025-12-01 11:35:29,709 - WARNING - Duplicate patient ID found: gpi04, skipping additional entry
2025-12-01 11:35:29,709 - WARNING - Duplicate patient ID found: gpi15, skipping additional entry
2025-12-01 11:35:29,709 - WARNING - Duplicate patient ID found: stn19, skipping additional entry
2025-12-01 11:35:29,709 - WARNING - Duplicate patient ID found: stn08, skipping additional entry
2025-12-01 11:35:29,710 - WARNING - Duplicate patient ID found: stn11, skipping additional entry
2025-12-01 11:35:29,710 - WARNING - Duplicate patient ID found: gpi07, skipping additional entry
2025-12-01 11:35:29,710 - WARNING - Duplicate patient ID found: gpi26, skipping additional entry
2025-12-01 11:35:29,710 - WARNING - Duplicate patient ID found: stn13, skipping additional entry
2025-12-01 11:35:29,710 - WARNING - Duplicate patient ID found: gpi06, skipping additional entry
2025-12-01 11:35:29,710 - WARNING - Duplicate patient ID found: stn30, skipping additional entry
2025-12-01 11:35:29,710 - WARNING - Duplicate patient ID found: stn18, skipping additional entry
2025-12-01 11:35:29,710 - WARNING - Duplicate patient ID found: gpi24, skipping additional entry
2025-12-01 11:35:29,710 - WARNING - Duplicate patient ID found: gpi13, skipping additional entry
2025-12-01 11:35:29,710 - WARNING - Duplicate patient ID found: stn07, skipping additional entry
2025-12-01 11:35:29,711 - WARNING - Duplicate patient ID found: stn20, skipping additional entry
2025-12-01 11:35:29,711 - WARNING - Duplicate patient ID found: gpi12, skipping additional entry
2025-12-01 11:35:29,711 - WARNING - Duplicate patient ID found: stn01, skipping additional entry
2025-12-01 11:35:29,711 - WARNING - Duplicate patient ID found: gpi22, skipping additional entry
2025-12-01 11:35:29,711 - WARNING - Duplicate patient ID found: gpi18, skipping additional entry
2025-12-01 11:35:29,711 - WARNING - Duplicate patient ID found: gpi09, skipping additional entry
2025-12-01 11:35:29,711 - WARNING - Duplicate patient ID found: gpi25, skipping additional entry
2025-12-01 11:35:29,711 - WARNING - Duplicate patient ID found: stn29, skipping additional entry
2025-12-01 11:35:29,711 - WARNING - Duplicate patient ID found: gpi31, skipping additional entry
2025-12-01 11:35:29,711 - WARNING - Duplicate patient ID found: stn10, skipping additional entry
2025-12-01 11:35:29,712 - WARNING - Duplicate patient ID found: gpi28, skipping additional entry
2025-12-01 11:35:29,712 - WARNING - Duplicate patient ID found: stn31, skipping additional entry
2025-12-01 11:35:29,712 - WARNING - Duplicate patient ID found: gpi03, skipping additional entry
2025-12-01 11:35:29,712 - WARNING - Duplicate patient ID found: gpi05, skipping additional entry
2025-12-01 11:35:29,712 - WARNING - Duplicate patient ID found: stn25, skipping additional entry
2025-12-01 11:35:29,712 - WARNING - Duplicate patient ID found: gpi08, skipping additional entry
2025-12-01 11:35:29,712 - WARNING - Duplicate patient ID found: gpi27, skipping additional entry
2025-12-01 11:35:29,712 - WARNING - Duplicate patient ID found: stn16, skipping additional entry
2025-12-01 11:35:29,712 - WARNING - Duplicate patient ID found: gpi23, skipping additional entry
2025-12-01 11:35:29,712 - WARNING - Duplicate patient ID found: stn09, skipping additional entry
2025-12-01 11:35:29,712 - WARNING - Duplicate patient ID found: stn28, skipping additional entry
2025-12-01 11:35:29,712 - WARNING - Duplicate patient ID found: stn06, skipping additional entry
2025-12-01 11:35:29,713 - WARNING - Duplicate patient ID found: stn12, skipping additional entry
2025-12-01 11:35:29,713 - WARNING - Duplicate patient ID found: gpi16, skipping additional entry
2025-12-01 11:35:29,713 - WARNING - Duplicate patient ID found: gpi30, skipping additional entry
2025-12-01 11:35:29,713 - WARNING - Duplicate patient ID found: stn21, skipping additional entry
2025-12-01 11:35:29,713 - WARNING - Duplicate patient ID found: stn22, skipping additional entry
2025-12-01 11:35:29,713 - WARNING - Duplicate patient ID found: stn14, skipping additional entry
2025-12-01 11:35:29,713 - WARNING - Duplicate patient ID found: gpi17, skipping additional entry
2025-12-01 11:35:29,713 - WARNING - Duplicate patient ID found: gpi21, skipping additional entry
2025-12-01 11:35:29,713 - WARNING - Duplicate patient ID found: gpi32, skipping additional entry
2025-12-01 11:35:29,713 - WARNING - Duplicate patient ID found: stn15, skipping additional entry
2025-12-01 11:35:29,713 - INFO - Built diff index with 71 patients
2025-12-01 11:35:29,713 - INFO - Parsing UPDRS data with diff features...
2025-12-01 11:35:29,727 - INFO - Found 55 valid samples
2025-12-01 11:35:29,727 - INFO - Preparing feature matrices with diff features...
2025-12-01 11:35:29,787 - INFO - Feature matrix shape: (55, 365), Class distribution: [24 31]
2025-12-01 11:35:29,788 - INFO - 
============================================================
2025-12-01 11:35:29,788 - INFO - Starting Cross-Validation Experiment: Treatment_Response_ALL_Thresh0.25
2025-12-01 11:35:29,788 - INFO - Total samples: 55 | Class distribution: [24 31]
2025-12-01 11:35:29,789 - INFO - 
--- Fold 1/5 ---
2025-12-01 11:35:29,789 - INFO - Train size: 44, Test size: 11
2025-12-01 11:35:29,789 - INFO - Train class balance - 0: 19, 1: 25
2025-12-01 11:35:29,789 - INFO - Test class balance  - 0: 5, 1: 6
2025-12-01 11:35:30,571 - INFO - Training fold 1 with early stopping (patience=50)...
2025-12-01 11:35:30,722 - INFO - Epoch 1/200 | Train Loss: 0.785948 | Val Loss: 0.938163 | Best Val Loss: inf (epoch 1)
2025-12-01 11:35:30,880 - INFO - Epoch 10/200 | Train Loss: 0.009389 | Val Loss: 1.679366 | Best Val Loss: inf (epoch 1)
2025-12-01 11:35:31,056 - INFO - Epoch 20/200 | Train Loss: 0.175594 | Val Loss: 4.224532 | Best Val Loss: inf (epoch 1)
2025-12-01 11:35:31,230 - INFO - Epoch 30/200 | Train Loss: 0.000201 | Val Loss: 1.936928 | Best Val Loss: inf (epoch 1)
2025-12-01 11:35:31,405 - INFO - Epoch 40/200 | Train Loss: 0.049644 | Val Loss: 2.262641 | Best Val Loss: inf (epoch 1)
2025-12-01 11:35:31,580 - INFO - Epoch 50/200 | Train Loss: 0.000069 | Val Loss: 0.553631 | Best Val Loss: inf (epoch 1)
2025-12-01 11:35:31,767 - INFO - Epoch 60/200 | Train Loss: 0.000048 | Val Loss: 0.615578 | Best Val Loss: 0.576137 (epoch 51)
2025-12-01 11:35:31,942 - INFO - Epoch 70/200 | Train Loss: 0.000062 | Val Loss: 0.649284 | Best Val Loss: 0.576137 (epoch 51)
2025-12-01 11:35:32,117 - INFO - Epoch 80/200 | Train Loss: 0.000065 | Val Loss: 0.667257 | Best Val Loss: 0.576137 (epoch 51)
2025-12-01 11:35:32,291 - INFO - Epoch 90/200 | Train Loss: 0.000167 | Val Loss: 0.680314 | Best Val Loss: 0.576137 (epoch 51)
2025-12-01 11:35:32,467 - INFO - Epoch 100/200 | Train Loss: 0.000033 | Val Loss: 0.664076 | Best Val Loss: 0.576137 (epoch 51)
2025-12-01 11:35:32,485 - INFO - Early stopping triggered at epoch 101! Best validation loss: 0.576137 at epoch 51
2025-12-01 11:35:32,497 - INFO - Loaded best model from epoch 51
2025-12-01 11:35:32,500 - INFO - Optimal Youden threshold: 0.9470
2025-12-01 11:35:32,515 - INFO - Fold 1 Results - Acc: 0.9091, F1: 0.9231, AUC: 0.9000, AP: 0.9151
2025-12-01 11:35:32,515 - INFO - 
--- Fold 2/5 ---
2025-12-01 11:35:32,515 - INFO - Train size: 44, Test size: 11
2025-12-01 11:35:32,515 - INFO - Train class balance - 0: 19, 1: 25
2025-12-01 11:35:32,515 - INFO - Test class balance  - 0: 5, 1: 6
2025-12-01 11:35:32,533 - INFO - Training fold 2 with early stopping (patience=50)...
2025-12-01 11:35:32,554 - INFO - Epoch 1/200 | Train Loss: 0.685869 | Val Loss: 0.652935 | Best Val Loss: inf (epoch 1)
2025-12-01 11:35:32,719 - INFO - Epoch 10/200 | Train Loss: 0.001537 | Val Loss: 1.377604 | Best Val Loss: inf (epoch 1)
2025-12-01 11:35:32,901 - INFO - Epoch 20/200 | Train Loss: 0.020978 | Val Loss: 1.350902 | Best Val Loss: inf (epoch 1)
2025-12-01 11:35:33,079 - INFO - Epoch 30/200 | Train Loss: 0.000256 | Val Loss: 1.939082 | Best Val Loss: inf (epoch 1)
2025-12-01 11:35:33,256 - INFO - Epoch 40/200 | Train Loss: 0.000100 | Val Loss: 2.010975 | Best Val Loss: inf (epoch 1)
2025-12-01 11:35:33,435 - INFO - Epoch 50/200 | Train Loss: 0.000043 | Val Loss: 2.061136 | Best Val Loss: inf (epoch 1)
2025-12-01 11:35:33,626 - INFO - Epoch 60/200 | Train Loss: 0.000051 | Val Loss: 2.096849 | Best Val Loss: 2.065926 (epoch 51)
2025-12-01 11:35:33,805 - INFO - Epoch 70/200 | Train Loss: 0.000101 | Val Loss: 2.125040 | Best Val Loss: 2.065926 (epoch 51)
2025-12-01 11:35:33,984 - INFO - Epoch 80/200 | Train Loss: 0.000058 | Val Loss: 2.133498 | Best Val Loss: 2.065926 (epoch 51)
2025-12-01 11:35:34,163 - INFO - Epoch 90/200 | Train Loss: 0.000028 | Val Loss: 2.164194 | Best Val Loss: 2.065926 (epoch 51)
2025-12-01 11:35:34,383 - INFO - Epoch 100/200 | Train Loss: 0.000036 | Val Loss: 2.047152 | Best Val Loss: 2.034897 (epoch 99)
2025-12-01 11:35:34,561 - INFO - Epoch 110/200 | Train Loss: 0.000021 | Val Loss: 2.108684 | Best Val Loss: 2.034897 (epoch 99)
2025-12-01 11:35:34,738 - INFO - Epoch 120/200 | Train Loss: 0.000031 | Val Loss: 2.153463 | Best Val Loss: 2.034897 (epoch 99)
2025-12-01 11:35:34,915 - INFO - Epoch 130/200 | Train Loss: 0.000019 | Val Loss: 2.181052 | Best Val Loss: 2.034897 (epoch 99)
2025-12-01 11:35:35,092 - INFO - Epoch 140/200 | Train Loss: 0.000015 | Val Loss: 2.558813 | Best Val Loss: 2.034897 (epoch 99)
2025-12-01 11:35:35,250 - INFO - Early stopping triggered at epoch 149! Best validation loss: 2.034897 at epoch 99
2025-12-01 11:35:35,262 - INFO - Loaded best model from epoch 99
2025-12-01 11:35:35,265 - INFO - Optimal Youden threshold: 1.0000
2025-12-01 11:35:35,278 - INFO - Fold 2 Results - Acc: 0.8182, F1: 0.8000, AUC: 0.9000, AP: 0.9306
2025-12-01 11:35:35,278 - INFO - 
--- Fold 3/5 ---
2025-12-01 11:35:35,278 - INFO - Train size: 44, Test size: 11
2025-12-01 11:35:35,278 - INFO - Train class balance - 0: 19, 1: 25
2025-12-01 11:35:35,278 - INFO - Test class balance  - 0: 5, 1: 6
2025-12-01 11:35:35,294 - INFO - Training fold 3 with early stopping (patience=50)...
2025-12-01 11:35:35,313 - INFO - Epoch 1/200 | Train Loss: 0.682230 | Val Loss: 0.765718 | Best Val Loss: inf (epoch 1)
2025-12-01 11:35:35,472 - INFO - Epoch 10/200 | Train Loss: 0.224955 | Val Loss: 1.753760 | Best Val Loss: inf (epoch 1)
2025-12-01 11:35:35,647 - INFO - Epoch 20/200 | Train Loss: 0.001614 | Val Loss: 1.592829 | Best Val Loss: inf (epoch 1)
2025-12-01 11:35:35,823 - INFO - Epoch 30/200 | Train Loss: 0.000540 | Val Loss: 1.728219 | Best Val Loss: inf (epoch 1)
2025-12-01 11:35:35,998 - INFO - Epoch 40/200 | Train Loss: 0.000115 | Val Loss: 1.930750 | Best Val Loss: inf (epoch 1)
2025-12-01 11:35:36,172 - INFO - Epoch 50/200 | Train Loss: 0.000063 | Val Loss: 1.986653 | Best Val Loss: inf (epoch 1)
2025-12-01 11:35:36,356 - INFO - Epoch 60/200 | Train Loss: 0.000039 | Val Loss: 2.012463 | Best Val Loss: 1.987407 (epoch 51)
2025-12-01 11:35:36,530 - INFO - Epoch 70/200 | Train Loss: 0.000054 | Val Loss: 2.040508 | Best Val Loss: 1.987407 (epoch 51)
2025-12-01 11:35:36,703 - INFO - Epoch 80/200 | Train Loss: 0.000027 | Val Loss: 2.065792 | Best Val Loss: 1.987407 (epoch 51)
2025-12-01 11:35:36,876 - INFO - Epoch 90/200 | Train Loss: 0.000050 | Val Loss: 2.082785 | Best Val Loss: 1.987407 (epoch 51)
2025-12-01 11:35:37,050 - INFO - Epoch 100/200 | Train Loss: 0.000027 | Val Loss: 2.086284 | Best Val Loss: 1.987407 (epoch 51)
2025-12-01 11:35:37,068 - INFO - Early stopping triggered at epoch 101! Best validation loss: 1.987407 at epoch 51
2025-12-01 11:35:37,079 - INFO - Loaded best model from epoch 51
2025-12-01 11:35:37,082 - INFO - Optimal Youden threshold: 0.9978
2025-12-01 11:35:37,096 - INFO - Fold 3 Results - Acc: 0.8182, F1: 0.8333, AUC: 0.8000, AP: 0.8000
2025-12-01 11:35:37,096 - INFO - 
--- Fold 4/5 ---
2025-12-01 11:35:37,096 - INFO - Train size: 44, Test size: 11
2025-12-01 11:35:37,096 - INFO - Train class balance - 0: 19, 1: 25
2025-12-01 11:35:37,097 - INFO - Test class balance  - 0: 5, 1: 6
2025-12-01 11:35:37,112 - INFO - Training fold 4 with early stopping (patience=50)...
2025-12-01 11:35:37,131 - INFO - Epoch 1/200 | Train Loss: 0.841730 | Val Loss: 0.915136 | Best Val Loss: inf (epoch 1)
2025-12-01 11:35:37,288 - INFO - Epoch 10/200 | Train Loss: 0.056168 | Val Loss: 1.474886 | Best Val Loss: inf (epoch 1)
2025-12-01 11:35:37,462 - INFO - Epoch 20/200 | Train Loss: 0.005493 | Val Loss: 3.428865 | Best Val Loss: inf (epoch 1)
2025-12-01 11:35:37,635 - INFO - Epoch 30/200 | Train Loss: 0.000136 | Val Loss: 3.544878 | Best Val Loss: inf (epoch 1)
2025-12-01 11:35:37,809 - INFO - Epoch 40/200 | Train Loss: 0.000149 | Val Loss: 3.666397 | Best Val Loss: inf (epoch 1)
2025-12-01 11:35:37,982 - INFO - Epoch 50/200 | Train Loss: 0.000161 | Val Loss: 3.903839 | Best Val Loss: inf (epoch 1)
2025-12-01 11:35:38,167 - INFO - Epoch 60/200 | Train Loss: 0.000041 | Val Loss: 4.035849 | Best Val Loss: 3.942115 (epoch 51)
2025-12-01 11:35:38,341 - INFO - Epoch 70/200 | Train Loss: 0.000038 | Val Loss: 4.099124 | Best Val Loss: 3.942115 (epoch 51)
2025-12-01 11:35:38,518 - INFO - Epoch 80/200 | Train Loss: 0.000029 | Val Loss: 4.266763 | Best Val Loss: 3.942115 (epoch 51)
2025-12-01 11:35:38,693 - INFO - Epoch 90/200 | Train Loss: 0.000053 | Val Loss: 4.316545 | Best Val Loss: 3.942115 (epoch 51)
2025-12-01 11:35:38,867 - INFO - Epoch 100/200 | Train Loss: 0.000016 | Val Loss: 4.370328 | Best Val Loss: 3.942115 (epoch 51)
2025-12-01 11:35:38,885 - INFO - Early stopping triggered at epoch 101! Best validation loss: 3.942115 at epoch 51
2025-12-01 11:35:38,895 - INFO - Loaded best model from epoch 51
2025-12-01 11:35:38,898 - INFO - Optimal Youden threshold: 1.0000
2025-12-01 11:35:38,910 - INFO - Fold 4 Results - Acc: 0.6364, F1: 0.5000, AUC: 0.6333, AP: 0.7577
2025-12-01 11:35:38,910 - INFO - 
--- Fold 5/5 ---
2025-12-01 11:35:38,910 - INFO - Train size: 44, Test size: 11
2025-12-01 11:35:38,910 - INFO - Train class balance - 0: 20, 1: 24
2025-12-01 11:35:38,910 - INFO - Test class balance  - 0: 4, 1: 7
2025-12-01 11:35:38,926 - INFO - Training fold 5 with early stopping (patience=50)...
2025-12-01 11:35:38,945 - INFO - Epoch 1/200 | Train Loss: 0.817227 | Val Loss: 0.588898 | Best Val Loss: inf (epoch 1)
2025-12-01 11:35:39,101 - INFO - Epoch 10/200 | Train Loss: 0.021160 | Val Loss: 2.076816 | Best Val Loss: inf (epoch 1)
2025-12-01 11:35:39,275 - INFO - Epoch 20/200 | Train Loss: 0.001523 | Val Loss: 0.629813 | Best Val Loss: inf (epoch 1)
2025-12-01 11:35:39,449 - INFO - Epoch 30/200 | Train Loss: 0.000171 | Val Loss: 1.587544 | Best Val Loss: inf (epoch 1)
2025-12-01 11:35:39,622 - INFO - Epoch 40/200 | Train Loss: 0.024579 | Val Loss: 2.326359 | Best Val Loss: inf (epoch 1)
2025-12-01 11:35:39,795 - INFO - Epoch 50/200 | Train Loss: 0.017293 | Val Loss: 0.931923 | Best Val Loss: inf (epoch 1)
2025-12-01 11:35:39,980 - INFO - Epoch 60/200 | Train Loss: 0.000116 | Val Loss: 2.333395 | Best Val Loss: 0.796501 (epoch 51)
2025-12-01 11:35:40,153 - INFO - Epoch 70/200 | Train Loss: 0.000028 | Val Loss: 2.183953 | Best Val Loss: 0.796501 (epoch 51)
2025-12-01 11:35:40,327 - INFO - Epoch 80/200 | Train Loss: 0.000033 | Val Loss: 2.206659 | Best Val Loss: 0.796501 (epoch 51)
2025-12-01 11:35:40,500 - INFO - Epoch 90/200 | Train Loss: 0.000036 | Val Loss: 2.204452 | Best Val Loss: 0.796501 (epoch 51)
2025-12-01 11:35:40,676 - INFO - Epoch 100/200 | Train Loss: 0.000029 | Val Loss: 2.232208 | Best Val Loss: 0.796501 (epoch 51)
2025-12-01 11:35:40,693 - INFO - Early stopping triggered at epoch 101! Best validation loss: 0.796501 at epoch 51
2025-12-01 11:35:40,705 - INFO - Loaded best model from epoch 51
2025-12-01 11:35:40,708 - INFO - Optimal Youden threshold: 0.8080
2025-12-01 11:35:40,722 - INFO - Fold 5 Results - Acc: 0.9091, F1: 0.9231, AUC: 0.8929, AP: 0.9571
2025-12-01 11:35:40,723 - INFO - 
============================================================
2025-12-01 11:35:40,723 - INFO - FINAL CROSS-VALIDATION RESULTS FOR: Treatment_Response_ALL_Thresh0.25
2025-12-01 11:35:40,723 - INFO - ACC       : 0.8182 ± 0.0996
2025-12-01 11:35:40,723 - INFO - F1        : 0.7959 ± 0.1558
2025-12-01 11:35:40,723 - INFO - PRECISION : 0.9381 ± 0.0762
2025-12-01 11:35:40,723 - INFO - RECALL    : 0.7381 ± 0.2284
2025-12-01 11:35:40,723 - INFO - AUC       : 0.8252 ± 0.1032
2025-12-01 11:35:40,723 - INFO - AP        : 0.8721 ± 0.0785
2025-12-01 11:35:40,723 - INFO - ============================================================

2025-12-01 11:35:40,728 - INFO - Results saved to final_results_Treatment_Response_ALL_Thresh0.25.json
2025-12-01 11:35:40,728 - INFO - Total execution time: 11.02 seconds
2025-12-01 11:35:53,560 - INFO - Using device: cuda
2025-12-01 11:35:53,560 - INFO - Hyperparameters: {
  "batch_size": 8,
  "learning_rate": 0.0005,
  "num_epochs": 200,
  "hidden_dim": 256,
  "num_blocks": 4,
  "dropout": 0.3,
  "feature_type": "ALL",
  "improvement_threshold": 0.25
}
2025-12-01 11:35:53,560 - INFO - Starting treatment response prediction pipeline
2025-12-01 11:35:53,560 - INFO - Building diff file index (mean_anomaly & mean_distortion)...
2025-12-01 11:35:53,561 - WARNING - Duplicate patient ID found: stn02, skipping additional entry
2025-12-01 11:35:53,562 - WARNING - Duplicate patient ID found: gpi11, skipping additional entry
2025-12-01 11:35:53,562 - WARNING - Duplicate patient ID found: gpi02, skipping additional entry
2025-12-01 11:35:53,562 - WARNING - Duplicate patient ID found: gpi19, skipping additional entry
2025-12-01 11:35:53,562 - WARNING - Duplicate patient ID found: stn23, skipping additional entry
2025-12-01 11:35:53,562 - WARNING - Duplicate patient ID found: stn03, skipping additional entry
2025-12-01 11:35:53,562 - WARNING - Duplicate patient ID found: gpi20, skipping additional entry
2025-12-01 11:35:53,562 - WARNING - Duplicate patient ID found: stn04, skipping additional entry
2025-12-01 11:35:53,563 - WARNING - Duplicate patient ID found: stn24, skipping additional entry
2025-12-01 11:35:53,563 - WARNING - Duplicate patient ID found: gpi04, skipping additional entry
2025-12-01 11:35:53,563 - WARNING - Duplicate patient ID found: gpi15, skipping additional entry
2025-12-01 11:35:53,563 - WARNING - Duplicate patient ID found: stn19, skipping additional entry
2025-12-01 11:35:53,563 - WARNING - Duplicate patient ID found: stn08, skipping additional entry
2025-12-01 11:35:53,563 - WARNING - Duplicate patient ID found: stn11, skipping additional entry
2025-12-01 11:35:53,563 - WARNING - Duplicate patient ID found: gpi07, skipping additional entry
2025-12-01 11:35:53,563 - WARNING - Duplicate patient ID found: gpi26, skipping additional entry
2025-12-01 11:35:53,563 - WARNING - Duplicate patient ID found: stn13, skipping additional entry
2025-12-01 11:35:53,563 - WARNING - Duplicate patient ID found: gpi06, skipping additional entry
2025-12-01 11:35:53,564 - WARNING - Duplicate patient ID found: stn30, skipping additional entry
2025-12-01 11:35:53,564 - WARNING - Duplicate patient ID found: stn18, skipping additional entry
2025-12-01 11:35:53,564 - WARNING - Duplicate patient ID found: gpi24, skipping additional entry
2025-12-01 11:35:53,564 - WARNING - Duplicate patient ID found: gpi13, skipping additional entry
2025-12-01 11:35:53,564 - WARNING - Duplicate patient ID found: stn07, skipping additional entry
2025-12-01 11:35:53,564 - WARNING - Duplicate patient ID found: stn20, skipping additional entry
2025-12-01 11:35:53,564 - WARNING - Duplicate patient ID found: gpi12, skipping additional entry
2025-12-01 11:35:53,564 - WARNING - Duplicate patient ID found: stn01, skipping additional entry
2025-12-01 11:35:53,565 - WARNING - Duplicate patient ID found: gpi22, skipping additional entry
2025-12-01 11:35:53,565 - WARNING - Duplicate patient ID found: gpi18, skipping additional entry
2025-12-01 11:35:53,565 - WARNING - Duplicate patient ID found: gpi09, skipping additional entry
2025-12-01 11:35:53,565 - WARNING - Duplicate patient ID found: gpi25, skipping additional entry
2025-12-01 11:35:53,565 - WARNING - Duplicate patient ID found: stn29, skipping additional entry
2025-12-01 11:35:53,565 - WARNING - Duplicate patient ID found: gpi31, skipping additional entry
2025-12-01 11:35:53,565 - WARNING - Duplicate patient ID found: stn10, skipping additional entry
2025-12-01 11:35:53,565 - WARNING - Duplicate patient ID found: gpi28, skipping additional entry
2025-12-01 11:35:53,565 - WARNING - Duplicate patient ID found: stn31, skipping additional entry
2025-12-01 11:35:53,565 - WARNING - Duplicate patient ID found: gpi03, skipping additional entry
2025-12-01 11:35:53,565 - WARNING - Duplicate patient ID found: gpi05, skipping additional entry
2025-12-01 11:35:53,565 - WARNING - Duplicate patient ID found: stn25, skipping additional entry
2025-12-01 11:35:53,566 - WARNING - Duplicate patient ID found: gpi08, skipping additional entry
2025-12-01 11:35:53,566 - WARNING - Duplicate patient ID found: gpi27, skipping additional entry
2025-12-01 11:35:53,566 - WARNING - Duplicate patient ID found: stn16, skipping additional entry
2025-12-01 11:35:53,566 - WARNING - Duplicate patient ID found: gpi23, skipping additional entry
2025-12-01 11:35:53,566 - WARNING - Duplicate patient ID found: stn09, skipping additional entry
2025-12-01 11:35:53,566 - WARNING - Duplicate patient ID found: stn28, skipping additional entry
2025-12-01 11:35:53,566 - WARNING - Duplicate patient ID found: stn06, skipping additional entry
2025-12-01 11:35:53,566 - WARNING - Duplicate patient ID found: stn12, skipping additional entry
2025-12-01 11:35:53,566 - WARNING - Duplicate patient ID found: gpi16, skipping additional entry
2025-12-01 11:35:53,566 - WARNING - Duplicate patient ID found: gpi30, skipping additional entry
2025-12-01 11:35:53,566 - WARNING - Duplicate patient ID found: stn21, skipping additional entry
2025-12-01 11:35:53,566 - WARNING - Duplicate patient ID found: stn22, skipping additional entry
2025-12-01 11:35:53,566 - WARNING - Duplicate patient ID found: stn14, skipping additional entry
2025-12-01 11:35:53,567 - WARNING - Duplicate patient ID found: gpi17, skipping additional entry
2025-12-01 11:35:53,567 - WARNING - Duplicate patient ID found: gpi21, skipping additional entry
2025-12-01 11:35:53,567 - WARNING - Duplicate patient ID found: gpi32, skipping additional entry
2025-12-01 11:35:53,567 - WARNING - Duplicate patient ID found: stn15, skipping additional entry
2025-12-01 11:35:53,567 - INFO - Built diff index with 71 patients
2025-12-01 11:35:53,567 - INFO - Parsing UPDRS data with diff features...
2025-12-01 11:35:53,581 - INFO - Found 55 valid samples
2025-12-01 11:35:53,581 - INFO - Preparing feature matrices with diff features...
2025-12-01 11:35:53,614 - INFO - Feature matrix shape: (55, 365), Class distribution: [24 31]
2025-12-01 11:35:53,614 - INFO - 
============================================================
2025-12-01 11:35:53,614 - INFO - Starting Cross-Validation Experiment: Treatment_Response_ALL_Thresh0.25
2025-12-01 11:35:53,614 - INFO - Total samples: 55 | Class distribution: [24 31]
2025-12-01 11:35:53,615 - INFO - 
--- Fold 1/5 ---
2025-12-01 11:35:53,615 - INFO - Train size: 44, Test size: 11
2025-12-01 11:35:53,615 - INFO - Train class balance - 0: 19, 1: 25
2025-12-01 11:35:53,615 - INFO - Test class balance  - 0: 5, 1: 6
2025-12-01 11:35:54,378 - INFO - Training fold 1 with early stopping (patience=50)...
2025-12-01 11:35:54,525 - INFO - Epoch 1/200 | Train Loss: 0.715514 | Val Loss: 0.703129 | Best Val Loss: inf (epoch 1)
2025-12-01 11:35:54,680 - INFO - Epoch 10/200 | Train Loss: 0.049761 | Val Loss: 0.792845 | Best Val Loss: inf (epoch 1)
2025-12-01 11:35:54,850 - INFO - Epoch 20/200 | Train Loss: 0.003423 | Val Loss: 0.683355 | Best Val Loss: inf (epoch 1)
2025-12-01 11:35:55,022 - INFO - Epoch 30/200 | Train Loss: 0.012780 | Val Loss: 2.704064 | Best Val Loss: inf (epoch 1)
2025-12-01 11:35:55,192 - INFO - Epoch 40/200 | Train Loss: 0.003878 | Val Loss: 1.468496 | Best Val Loss: inf (epoch 1)
2025-12-01 11:35:55,361 - INFO - Epoch 50/200 | Train Loss: 0.003528 | Val Loss: 1.224864 | Best Val Loss: inf (epoch 1)
2025-12-01 11:35:55,568 - INFO - Epoch 60/200 | Train Loss: 0.000234 | Val Loss: 0.869086 | Best Val Loss: 0.849654 (epoch 56)
2025-12-01 11:35:55,737 - INFO - Epoch 70/200 | Train Loss: 0.000268 | Val Loss: 0.983655 | Best Val Loss: 0.849654 (epoch 56)
2025-12-01 11:35:55,907 - INFO - Epoch 80/200 | Train Loss: 0.000363 | Val Loss: 1.050888 | Best Val Loss: 0.849654 (epoch 56)
2025-12-01 11:35:56,075 - INFO - Epoch 90/200 | Train Loss: 0.000111 | Val Loss: 1.110150 | Best Val Loss: 0.849654 (epoch 56)
2025-12-01 11:35:56,246 - INFO - Epoch 100/200 | Train Loss: 0.000105 | Val Loss: 1.155839 | Best Val Loss: 0.849654 (epoch 56)
2025-12-01 11:35:56,349 - INFO - Early stopping triggered at epoch 106! Best validation loss: 0.849654 at epoch 56
2025-12-01 11:35:56,355 - INFO - Loaded best model from epoch 56
2025-12-01 11:35:56,357 - INFO - Optimal Youden threshold: 0.9960
2025-12-01 11:35:56,370 - INFO - Fold 1 Results - Acc: 0.8182, F1: 0.8000, AUC: 0.8667, AP: 0.9107
2025-12-01 11:35:56,370 - INFO - 
--- Fold 2/5 ---
2025-12-01 11:35:56,370 - INFO - Train size: 44, Test size: 11
2025-12-01 11:35:56,370 - INFO - Train class balance - 0: 19, 1: 25
2025-12-01 11:35:56,370 - INFO - Test class balance  - 0: 5, 1: 6
2025-12-01 11:35:56,379 - INFO - Training fold 2 with early stopping (patience=50)...
2025-12-01 11:35:56,398 - INFO - Epoch 1/200 | Train Loss: 0.808597 | Val Loss: 0.640963 | Best Val Loss: inf (epoch 1)
2025-12-01 11:35:56,551 - INFO - Epoch 10/200 | Train Loss: 0.048204 | Val Loss: 0.898485 | Best Val Loss: inf (epoch 1)
2025-12-01 11:35:56,719 - INFO - Epoch 20/200 | Train Loss: 0.000776 | Val Loss: 1.948282 | Best Val Loss: inf (epoch 1)
2025-12-01 11:35:56,885 - INFO - Epoch 30/200 | Train Loss: 0.000264 | Val Loss: 2.227647 | Best Val Loss: inf (epoch 1)
2025-12-01 11:35:57,055 - INFO - Epoch 40/200 | Train Loss: 0.000227 | Val Loss: 2.298383 | Best Val Loss: inf (epoch 1)
2025-12-01 11:35:57,224 - INFO - Epoch 50/200 | Train Loss: 0.000071 | Val Loss: 2.333134 | Best Val Loss: inf (epoch 1)
2025-12-01 11:35:57,411 - INFO - Epoch 60/200 | Train Loss: 0.000077 | Val Loss: 2.362748 | Best Val Loss: 2.334137 (epoch 53)
2025-12-01 11:35:57,580 - INFO - Epoch 70/200 | Train Loss: 0.000023 | Val Loss: 2.567918 | Best Val Loss: 2.334137 (epoch 53)
2025-12-01 11:35:57,750 - INFO - Epoch 80/200 | Train Loss: 0.000033 | Val Loss: 2.614211 | Best Val Loss: 2.334137 (epoch 53)
2025-12-01 11:35:57,919 - INFO - Epoch 90/200 | Train Loss: 0.000059 | Val Loss: 2.625920 | Best Val Loss: 2.334137 (epoch 53)
2025-12-01 11:35:58,088 - INFO - Epoch 100/200 | Train Loss: 0.000038 | Val Loss: 2.669909 | Best Val Loss: 2.334137 (epoch 53)
2025-12-01 11:35:58,139 - INFO - Early stopping triggered at epoch 103! Best validation loss: 2.334137 at epoch 53
2025-12-01 11:35:58,146 - INFO - Loaded best model from epoch 53
2025-12-01 11:35:58,149 - INFO - Optimal Youden threshold: 1.0000
2025-12-01 11:35:58,161 - INFO - Fold 2 Results - Acc: 0.8182, F1: 0.8000, AUC: 0.8333, AP: 0.8968
2025-12-01 11:35:58,161 - INFO - 
--- Fold 3/5 ---
2025-12-01 11:35:58,161 - INFO - Train size: 44, Test size: 11
2025-12-01 11:35:58,161 - INFO - Train class balance - 0: 19, 1: 25
2025-12-01 11:35:58,161 - INFO - Test class balance  - 0: 5, 1: 6
2025-12-01 11:35:58,167 - INFO - Training fold 3 with early stopping (patience=50)...
2025-12-01 11:35:58,185 - INFO - Epoch 1/200 | Train Loss: 0.721509 | Val Loss: 0.659161 | Best Val Loss: inf (epoch 1)
2025-12-01 11:35:58,337 - INFO - Epoch 10/200 | Train Loss: 0.016079 | Val Loss: 2.353659 | Best Val Loss: inf (epoch 1)
2025-12-01 11:35:58,505 - INFO - Epoch 20/200 | Train Loss: 0.021395 | Val Loss: 2.277796 | Best Val Loss: inf (epoch 1)
2025-12-01 11:35:58,673 - INFO - Epoch 30/200 | Train Loss: 0.000418 | Val Loss: 2.294738 | Best Val Loss: inf (epoch 1)
2025-12-01 11:35:58,840 - INFO - Epoch 40/200 | Train Loss: 0.000217 | Val Loss: 2.535704 | Best Val Loss: inf (epoch 1)
2025-12-01 11:35:59,008 - INFO - Epoch 50/200 | Train Loss: 0.000100 | Val Loss: 2.558146 | Best Val Loss: inf (epoch 1)
2025-12-01 11:35:59,200 - INFO - Epoch 60/200 | Train Loss: 0.000173 | Val Loss: 2.559373 | Best Val Loss: 2.549496 (epoch 54)
2025-12-01 11:35:59,369 - INFO - Epoch 70/200 | Train Loss: 0.000070 | Val Loss: 2.638741 | Best Val Loss: 2.549496 (epoch 54)
2025-12-01 11:35:59,538 - INFO - Epoch 80/200 | Train Loss: 0.000024 | Val Loss: 2.695684 | Best Val Loss: 2.549496 (epoch 54)
2025-12-01 11:35:59,707 - INFO - Epoch 90/200 | Train Loss: 0.000047 | Val Loss: 2.744703 | Best Val Loss: 2.549496 (epoch 54)
2025-12-01 11:35:59,875 - INFO - Epoch 100/200 | Train Loss: 0.000022 | Val Loss: 2.818301 | Best Val Loss: 2.549496 (epoch 54)
2025-12-01 11:35:59,943 - INFO - Early stopping triggered at epoch 104! Best validation loss: 2.549496 at epoch 54
2025-12-01 11:35:59,950 - INFO - Loaded best model from epoch 54
2025-12-01 11:35:59,952 - INFO - Optimal Youden threshold: 0.2961
2025-12-01 11:35:59,964 - INFO - Fold 3 Results - Acc: 0.7273, F1: 0.7692, AUC: 0.6667, AP: 0.7329
2025-12-01 11:35:59,964 - INFO - 
--- Fold 4/5 ---
2025-12-01 11:35:59,964 - INFO - Train size: 44, Test size: 11
2025-12-01 11:35:59,964 - INFO - Train class balance - 0: 19, 1: 25
2025-12-01 11:35:59,964 - INFO - Test class balance  - 0: 5, 1: 6
2025-12-01 11:35:59,971 - INFO - Training fold 4 with early stopping (patience=50)...
2025-12-01 11:35:59,990 - INFO - Epoch 1/200 | Train Loss: 0.667798 | Val Loss: 0.712618 | Best Val Loss: inf (epoch 1)
2025-12-01 11:36:00,143 - INFO - Epoch 10/200 | Train Loss: 0.111689 | Val Loss: 2.864152 | Best Val Loss: inf (epoch 1)
2025-12-01 11:36:00,313 - INFO - Epoch 20/200 | Train Loss: 0.048027 | Val Loss: 2.314251 | Best Val Loss: inf (epoch 1)
2025-12-01 11:36:00,483 - INFO - Epoch 30/200 | Train Loss: 0.000255 | Val Loss: 2.847072 | Best Val Loss: inf (epoch 1)
2025-12-01 11:36:00,653 - INFO - Epoch 40/200 | Train Loss: 0.000090 | Val Loss: 3.313613 | Best Val Loss: inf (epoch 1)
2025-12-01 11:36:00,823 - INFO - Epoch 50/200 | Train Loss: 0.000181 | Val Loss: 3.382711 | Best Val Loss: inf (epoch 1)
2025-12-01 11:36:01,000 - INFO - Epoch 60/200 | Train Loss: 0.000123 | Val Loss: 3.451517 | Best Val Loss: 3.389190 (epoch 51)
2025-12-01 11:36:01,170 - INFO - Epoch 70/200 | Train Loss: 0.000395 | Val Loss: 3.547225 | Best Val Loss: 3.389190 (epoch 51)
2025-12-01 11:36:01,338 - INFO - Epoch 80/200 | Train Loss: 0.000051 | Val Loss: 3.624390 | Best Val Loss: 3.389190 (epoch 51)
2025-12-01 11:36:01,506 - INFO - Epoch 90/200 | Train Loss: 0.000035 | Val Loss: 3.745678 | Best Val Loss: 3.389190 (epoch 51)
2025-12-01 11:36:01,674 - INFO - Epoch 100/200 | Train Loss: 0.000024 | Val Loss: 3.877590 | Best Val Loss: 3.389190 (epoch 51)
2025-12-01 11:36:01,691 - INFO - Early stopping triggered at epoch 101! Best validation loss: 3.389190 at epoch 51
2025-12-01 11:36:01,697 - INFO - Loaded best model from epoch 51
2025-12-01 11:36:01,700 - INFO - Optimal Youden threshold: 1.0000
2025-12-01 11:36:01,715 - INFO - Fold 4 Results - Acc: 0.7273, F1: 0.6667, AUC: 0.6667, AP: 0.8037
2025-12-01 11:36:01,715 - INFO - 
--- Fold 5/5 ---
2025-12-01 11:36:01,715 - INFO - Train size: 44, Test size: 11
2025-12-01 11:36:01,715 - INFO - Train class balance - 0: 20, 1: 24
2025-12-01 11:36:01,715 - INFO - Test class balance  - 0: 4, 1: 7
2025-12-01 11:36:01,721 - INFO - Training fold 5 with early stopping (patience=50)...
2025-12-01 11:36:01,740 - INFO - Epoch 1/200 | Train Loss: 0.754611 | Val Loss: 0.693625 | Best Val Loss: inf (epoch 1)
2025-12-01 11:36:01,892 - INFO - Epoch 10/200 | Train Loss: 0.019072 | Val Loss: 0.939901 | Best Val Loss: inf (epoch 1)
2025-12-01 11:36:02,060 - INFO - Epoch 20/200 | Train Loss: 0.003344 | Val Loss: 1.608607 | Best Val Loss: inf (epoch 1)
2025-12-01 11:36:02,228 - INFO - Epoch 30/200 | Train Loss: 0.001158 | Val Loss: 1.336051 | Best Val Loss: inf (epoch 1)
2025-12-01 11:36:02,396 - INFO - Epoch 40/200 | Train Loss: 0.000219 | Val Loss: 1.586020 | Best Val Loss: inf (epoch 1)
2025-12-01 11:36:02,564 - INFO - Epoch 50/200 | Train Loss: 0.000054 | Val Loss: 1.515796 | Best Val Loss: inf (epoch 1)
2025-12-01 11:36:02,751 - INFO - Epoch 60/200 | Train Loss: 0.433340 | Val Loss: 0.956760 | Best Val Loss: 0.956760 (epoch 60)
2025-12-01 11:36:02,926 - INFO - Epoch 70/200 | Train Loss: 0.000293 | Val Loss: 1.982366 | Best Val Loss: 0.561399 (epoch 62)
2025-12-01 11:36:03,100 - INFO - Epoch 80/200 | Train Loss: 0.000188 | Val Loss: 2.132798 | Best Val Loss: 0.561399 (epoch 62)
2025-12-01 11:36:03,270 - INFO - Epoch 90/200 | Train Loss: 0.000290 | Val Loss: 2.213320 | Best Val Loss: 0.561399 (epoch 62)
2025-12-01 11:36:03,440 - INFO - Epoch 100/200 | Train Loss: 0.000078 | Val Loss: 2.293852 | Best Val Loss: 0.561399 (epoch 62)
2025-12-01 11:36:03,610 - INFO - Epoch 110/200 | Train Loss: 0.000055 | Val Loss: 2.348632 | Best Val Loss: 0.561399 (epoch 62)
2025-12-01 11:36:03,644 - INFO - Early stopping triggered at epoch 112! Best validation loss: 0.561399 at epoch 62
2025-12-01 11:36:03,651 - INFO - Loaded best model from epoch 62
2025-12-01 11:36:03,653 - INFO - Optimal Youden threshold: 0.9100
2025-12-01 11:36:03,666 - INFO - Fold 5 Results - Acc: 0.8182, F1: 0.8333, AUC: 0.7143, AP: 0.8909
2025-12-01 11:36:03,666 - INFO - 
============================================================
2025-12-01 11:36:03,666 - INFO - FINAL CROSS-VALIDATION RESULTS FOR: Treatment_Response_ALL_Thresh0.25
2025-12-01 11:36:03,666 - INFO - ACC       : 0.7818 ± 0.0445
2025-12-01 11:36:03,666 - INFO - F1        : 0.7738 ± 0.0573
2025-12-01 11:36:03,666 - INFO - PRECISION : 0.9429 ± 0.1143
2025-12-01 11:36:03,666 - INFO - RECALL    : 0.6762 ± 0.1071
2025-12-01 11:36:03,666 - INFO - AUC       : 0.7495 ± 0.0845
2025-12-01 11:36:03,666 - INFO - AP        : 0.8470 ± 0.0683
2025-12-01 11:36:03,666 - INFO - ============================================================

2025-12-01 11:36:03,669 - INFO - Results saved to final_results_Treatment_Response_ALL_Thresh0.25.json
2025-12-01 11:36:03,669 - INFO - Total execution time: 10.11 seconds
2025-12-01 11:36:12,449 - INFO - Using device: cuda
2025-12-01 11:36:12,450 - INFO - Hyperparameters: {
  "batch_size": 8,
  "learning_rate": 0.0005,
  "num_epochs": 200,
  "hidden_dim": 1024,
  "num_blocks": 4,
  "dropout": 0.3,
  "feature_type": "ALL",
  "improvement_threshold": 0.25
}
2025-12-01 11:36:12,450 - INFO - Starting treatment response prediction pipeline
2025-12-01 11:36:12,450 - INFO - Building diff file index (mean_anomaly & mean_distortion)...
2025-12-01 11:36:12,451 - WARNING - Duplicate patient ID found: stn02, skipping additional entry
2025-12-01 11:36:12,451 - WARNING - Duplicate patient ID found: gpi11, skipping additional entry
2025-12-01 11:36:12,451 - WARNING - Duplicate patient ID found: gpi02, skipping additional entry
2025-12-01 11:36:12,452 - WARNING - Duplicate patient ID found: gpi19, skipping additional entry
2025-12-01 11:36:12,452 - WARNING - Duplicate patient ID found: stn23, skipping additional entry
2025-12-01 11:36:12,452 - WARNING - Duplicate patient ID found: stn03, skipping additional entry
2025-12-01 11:36:12,452 - WARNING - Duplicate patient ID found: gpi20, skipping additional entry
2025-12-01 11:36:12,452 - WARNING - Duplicate patient ID found: stn04, skipping additional entry
2025-12-01 11:36:12,452 - WARNING - Duplicate patient ID found: stn24, skipping additional entry
2025-12-01 11:36:12,452 - WARNING - Duplicate patient ID found: gpi04, skipping additional entry
2025-12-01 11:36:12,453 - WARNING - Duplicate patient ID found: gpi15, skipping additional entry
2025-12-01 11:36:12,453 - WARNING - Duplicate patient ID found: stn19, skipping additional entry
2025-12-01 11:36:12,453 - WARNING - Duplicate patient ID found: stn08, skipping additional entry
2025-12-01 11:36:12,453 - WARNING - Duplicate patient ID found: stn11, skipping additional entry
2025-12-01 11:36:12,453 - WARNING - Duplicate patient ID found: gpi07, skipping additional entry
2025-12-01 11:36:12,453 - WARNING - Duplicate patient ID found: gpi26, skipping additional entry
2025-12-01 11:36:12,453 - WARNING - Duplicate patient ID found: stn13, skipping additional entry
2025-12-01 11:36:12,453 - WARNING - Duplicate patient ID found: gpi06, skipping additional entry
2025-12-01 11:36:12,453 - WARNING - Duplicate patient ID found: stn30, skipping additional entry
2025-12-01 11:36:12,453 - WARNING - Duplicate patient ID found: stn18, skipping additional entry
2025-12-01 11:36:12,453 - WARNING - Duplicate patient ID found: gpi24, skipping additional entry
2025-12-01 11:36:12,454 - WARNING - Duplicate patient ID found: gpi13, skipping additional entry
2025-12-01 11:36:12,454 - WARNING - Duplicate patient ID found: stn07, skipping additional entry
2025-12-01 11:36:12,454 - WARNING - Duplicate patient ID found: stn20, skipping additional entry
2025-12-01 11:36:12,454 - WARNING - Duplicate patient ID found: gpi12, skipping additional entry
2025-12-01 11:36:12,454 - WARNING - Duplicate patient ID found: stn01, skipping additional entry
2025-12-01 11:36:12,454 - WARNING - Duplicate patient ID found: gpi22, skipping additional entry
2025-12-01 11:36:12,454 - WARNING - Duplicate patient ID found: gpi18, skipping additional entry
2025-12-01 11:36:12,454 - WARNING - Duplicate patient ID found: gpi09, skipping additional entry
2025-12-01 11:36:12,455 - WARNING - Duplicate patient ID found: gpi25, skipping additional entry
2025-12-01 11:36:12,455 - WARNING - Duplicate patient ID found: stn29, skipping additional entry
2025-12-01 11:36:12,455 - WARNING - Duplicate patient ID found: gpi31, skipping additional entry
2025-12-01 11:36:12,455 - WARNING - Duplicate patient ID found: stn10, skipping additional entry
2025-12-01 11:36:12,455 - WARNING - Duplicate patient ID found: gpi28, skipping additional entry
2025-12-01 11:36:12,455 - WARNING - Duplicate patient ID found: stn31, skipping additional entry
2025-12-01 11:36:12,455 - WARNING - Duplicate patient ID found: gpi03, skipping additional entry
2025-12-01 11:36:12,455 - WARNING - Duplicate patient ID found: gpi05, skipping additional entry
2025-12-01 11:36:12,455 - WARNING - Duplicate patient ID found: stn25, skipping additional entry
2025-12-01 11:36:12,455 - WARNING - Duplicate patient ID found: gpi08, skipping additional entry
2025-12-01 11:36:12,455 - WARNING - Duplicate patient ID found: gpi27, skipping additional entry
2025-12-01 11:36:12,455 - WARNING - Duplicate patient ID found: stn16, skipping additional entry
2025-12-01 11:36:12,455 - WARNING - Duplicate patient ID found: gpi23, skipping additional entry
2025-12-01 11:36:12,456 - WARNING - Duplicate patient ID found: stn09, skipping additional entry
2025-12-01 11:36:12,456 - WARNING - Duplicate patient ID found: stn28, skipping additional entry
2025-12-01 11:36:12,456 - WARNING - Duplicate patient ID found: stn06, skipping additional entry
2025-12-01 11:36:12,456 - WARNING - Duplicate patient ID found: stn12, skipping additional entry
2025-12-01 11:36:12,456 - WARNING - Duplicate patient ID found: gpi16, skipping additional entry
2025-12-01 11:36:12,456 - WARNING - Duplicate patient ID found: gpi30, skipping additional entry
2025-12-01 11:36:12,456 - WARNING - Duplicate patient ID found: stn21, skipping additional entry
2025-12-01 11:36:12,456 - WARNING - Duplicate patient ID found: stn22, skipping additional entry
2025-12-01 11:36:12,456 - WARNING - Duplicate patient ID found: stn14, skipping additional entry
2025-12-01 11:36:12,456 - WARNING - Duplicate patient ID found: gpi17, skipping additional entry
2025-12-01 11:36:12,456 - WARNING - Duplicate patient ID found: gpi21, skipping additional entry
2025-12-01 11:36:12,456 - WARNING - Duplicate patient ID found: gpi32, skipping additional entry
2025-12-01 11:36:12,456 - WARNING - Duplicate patient ID found: stn15, skipping additional entry
2025-12-01 11:36:12,456 - INFO - Built diff index with 71 patients
2025-12-01 11:36:12,456 - INFO - Parsing UPDRS data with diff features...
2025-12-01 11:36:12,470 - INFO - Found 55 valid samples
2025-12-01 11:36:12,470 - INFO - Preparing feature matrices with diff features...
2025-12-01 11:36:12,503 - INFO - Feature matrix shape: (55, 365), Class distribution: [24 31]
2025-12-01 11:36:12,503 - INFO - 
============================================================
2025-12-01 11:36:12,504 - INFO - Starting Cross-Validation Experiment: Treatment_Response_ALL_Thresh0.25
2025-12-01 11:36:12,504 - INFO - Total samples: 55 | Class distribution: [24 31]
2025-12-01 11:36:12,504 - INFO - 
--- Fold 1/5 ---
2025-12-01 11:36:12,505 - INFO - Train size: 44, Test size: 11
2025-12-01 11:36:12,505 - INFO - Train class balance - 0: 19, 1: 25
2025-12-01 11:36:12,505 - INFO - Test class balance  - 0: 5, 1: 6
2025-12-01 11:36:13,320 - INFO - Training fold 1 with early stopping (patience=50)...
2025-12-01 11:36:13,467 - INFO - Epoch 1/200 | Train Loss: 0.818963 | Val Loss: 0.670197 | Best Val Loss: inf (epoch 1)
2025-12-01 11:36:13,637 - INFO - Epoch 10/200 | Train Loss: 0.011305 | Val Loss: 3.271547 | Best Val Loss: inf (epoch 1)
2025-12-01 11:36:13,825 - INFO - Epoch 20/200 | Train Loss: 0.000040 | Val Loss: 1.855401 | Best Val Loss: inf (epoch 1)
2025-12-01 11:36:14,013 - INFO - Epoch 30/200 | Train Loss: 0.000010 | Val Loss: 1.428034 | Best Val Loss: inf (epoch 1)
2025-12-01 11:36:14,201 - INFO - Epoch 40/200 | Train Loss: 0.000007 | Val Loss: 1.398859 | Best Val Loss: inf (epoch 1)
2025-12-01 11:36:14,389 - INFO - Epoch 50/200 | Train Loss: 0.000014 | Val Loss: 1.395465 | Best Val Loss: inf (epoch 1)
2025-12-01 11:36:15,020 - INFO - Epoch 60/200 | Train Loss: 0.000004 | Val Loss: 1.389730 | Best Val Loss: 1.389730 (epoch 60)
2025-12-01 11:36:15,682 - INFO - Epoch 70/200 | Train Loss: 0.000017 | Val Loss: 1.382394 | Best Val Loss: 1.382394 (epoch 70)
2025-12-01 11:36:16,323 - INFO - Epoch 80/200 | Train Loss: 0.000002 | Val Loss: 1.377164 | Best Val Loss: 1.377164 (epoch 80)
2025-12-01 11:36:16,939 - INFO - Epoch 90/200 | Train Loss: 0.000003 | Val Loss: 1.374847 | Best Val Loss: 1.374847 (epoch 90)
2025-12-01 11:36:17,547 - INFO - Epoch 100/200 | Train Loss: 0.000002 | Val Loss: 1.372838 | Best Val Loss: 1.372838 (epoch 100)
2025-12-01 11:36:18,161 - INFO - Epoch 110/200 | Train Loss: 0.000001 | Val Loss: 1.370118 | Best Val Loss: 1.370118 (epoch 110)
2025-12-01 11:36:18,775 - INFO - Epoch 120/200 | Train Loss: 0.000006 | Val Loss: 1.368648 | Best Val Loss: 1.368648 (epoch 120)
2025-12-01 11:36:19,263 - INFO - Epoch 130/200 | Train Loss: 0.000005 | Val Loss: 1.368185 | Best Val Loss: 1.368117 (epoch 127)
2025-12-01 11:36:19,452 - INFO - Epoch 140/200 | Train Loss: 0.000003 | Val Loss: 1.368570 | Best Val Loss: 1.368117 (epoch 127)
2025-12-01 11:36:19,683 - INFO - Epoch 150/200 | Train Loss: 0.000005 | Val Loss: 1.367498 | Best Val Loss: 1.367498 (epoch 150)
2025-12-01 11:36:20,301 - INFO - Epoch 160/200 | Train Loss: 0.000002 | Val Loss: 1.361673 | Best Val Loss: 1.361673 (epoch 160)
2025-12-01 11:36:20,532 - INFO - Epoch 170/200 | Train Loss: 0.000002 | Val Loss: 1.362778 | Best Val Loss: 1.361601 (epoch 161)
2025-12-01 11:36:20,721 - INFO - Epoch 180/200 | Train Loss: 0.000259 | Val Loss: 11.889671 | Best Val Loss: 1.361601 (epoch 161)
2025-12-01 11:36:20,908 - INFO - Epoch 190/200 | Train Loss: 0.000002 | Val Loss: 11.097115 | Best Val Loss: 1.361601 (epoch 161)
2025-12-01 11:36:21,097 - INFO - Epoch 200/200 | Train Loss: 0.000000 | Val Loss: 10.011662 | Best Val Loss: 1.361601 (epoch 161)
2025-12-01 11:36:21,123 - INFO - Loaded best model from epoch 161
2025-12-01 11:36:21,127 - INFO - Optimal Youden threshold: 0.7796
2025-12-01 11:36:21,142 - INFO - Fold 1 Results - Acc: 0.9091, F1: 0.9231, AUC: 0.8667, AP: 0.8734
2025-12-01 11:36:21,142 - INFO - 
--- Fold 2/5 ---
2025-12-01 11:36:21,143 - INFO - Train size: 44, Test size: 11
2025-12-01 11:36:21,143 - INFO - Train class balance - 0: 19, 1: 25
2025-12-01 11:36:21,143 - INFO - Test class balance  - 0: 5, 1: 6
2025-12-01 11:36:21,200 - INFO - Training fold 2 with early stopping (patience=50)...
2025-12-01 11:36:21,220 - INFO - Epoch 1/200 | Train Loss: 0.873160 | Val Loss: 0.654279 | Best Val Loss: inf (epoch 1)
2025-12-01 11:36:21,390 - INFO - Epoch 10/200 | Train Loss: 0.106976 | Val Loss: 1.317640 | Best Val Loss: inf (epoch 1)
2025-12-01 11:36:21,577 - INFO - Epoch 20/200 | Train Loss: 0.216069 | Val Loss: 1.566038 | Best Val Loss: inf (epoch 1)
2025-12-01 11:36:21,766 - INFO - Epoch 30/200 | Train Loss: 0.000344 | Val Loss: 1.860130 | Best Val Loss: inf (epoch 1)
2025-12-01 11:36:21,954 - INFO - Epoch 40/200 | Train Loss: 0.000043 | Val Loss: 2.352704 | Best Val Loss: inf (epoch 1)
2025-12-01 11:36:22,141 - INFO - Epoch 50/200 | Train Loss: 0.000054 | Val Loss: 2.473748 | Best Val Loss: inf (epoch 1)
2025-12-01 11:36:22,365 - INFO - Epoch 60/200 | Train Loss: 0.000023 | Val Loss: 2.571761 | Best Val Loss: 2.482601 (epoch 51)
2025-12-01 11:36:22,553 - INFO - Epoch 70/200 | Train Loss: 0.000097 | Val Loss: 2.645361 | Best Val Loss: 2.482601 (epoch 51)
2025-12-01 11:36:22,741 - INFO - Epoch 80/200 | Train Loss: 0.000017 | Val Loss: 2.769710 | Best Val Loss: 2.482601 (epoch 51)
2025-12-01 11:36:22,928 - INFO - Epoch 90/200 | Train Loss: 0.000018 | Val Loss: 2.873993 | Best Val Loss: 2.482601 (epoch 51)
2025-12-01 11:36:23,118 - INFO - Epoch 100/200 | Train Loss: 0.000008 | Val Loss: 2.914618 | Best Val Loss: 2.482601 (epoch 51)
2025-12-01 11:36:23,137 - INFO - Early stopping triggered at epoch 101! Best validation loss: 2.482601 at epoch 51
2025-12-01 11:36:23,165 - INFO - Loaded best model from epoch 51
2025-12-01 11:36:23,168 - INFO - Optimal Youden threshold: 1.0000
2025-12-01 11:36:23,188 - INFO - Fold 2 Results - Acc: 0.8182, F1: 0.8000, AUC: 0.9000, AP: 0.9306
2025-12-01 11:36:23,188 - INFO - 
--- Fold 3/5 ---
2025-12-01 11:36:23,188 - INFO - Train size: 44, Test size: 11
2025-12-01 11:36:23,188 - INFO - Train class balance - 0: 19, 1: 25
2025-12-01 11:36:23,188 - INFO - Test class balance  - 0: 5, 1: 6
2025-12-01 11:36:23,243 - INFO - Training fold 3 with early stopping (patience=50)...
2025-12-01 11:36:23,263 - INFO - Epoch 1/200 | Train Loss: 0.974212 | Val Loss: 1.100491 | Best Val Loss: inf (epoch 1)
2025-12-01 11:36:23,434 - INFO - Epoch 10/200 | Train Loss: 0.314484 | Val Loss: 2.595170 | Best Val Loss: inf (epoch 1)
2025-12-01 11:36:23,621 - INFO - Epoch 20/200 | Train Loss: 0.000030 | Val Loss: 3.471138 | Best Val Loss: inf (epoch 1)
2025-12-01 11:36:23,808 - INFO - Epoch 30/200 | Train Loss: 0.000018 | Val Loss: 3.512901 | Best Val Loss: inf (epoch 1)
2025-12-01 11:36:23,995 - INFO - Epoch 40/200 | Train Loss: 0.000018 | Val Loss: 3.539780 | Best Val Loss: inf (epoch 1)
2025-12-01 11:36:24,183 - INFO - Epoch 50/200 | Train Loss: 0.000013 | Val Loss: 3.565326 | Best Val Loss: inf (epoch 1)
2025-12-01 11:36:24,407 - INFO - Epoch 60/200 | Train Loss: 0.000017 | Val Loss: 3.586205 | Best Val Loss: 3.567447 (epoch 51)
2025-12-01 11:36:24,594 - INFO - Epoch 70/200 | Train Loss: 0.000007 | Val Loss: 11.238790 | Best Val Loss: 3.567447 (epoch 51)
2025-12-01 11:36:24,782 - INFO - Epoch 80/200 | Train Loss: 0.000010 | Val Loss: 11.256179 | Best Val Loss: 3.567447 (epoch 51)
2025-12-01 11:36:24,970 - INFO - Epoch 90/200 | Train Loss: 0.000014 | Val Loss: 11.271420 | Best Val Loss: 3.567447 (epoch 51)
2025-12-01 11:36:25,157 - INFO - Epoch 100/200 | Train Loss: 0.000004 | Val Loss: 11.290182 | Best Val Loss: 3.567447 (epoch 51)
2025-12-01 11:36:25,176 - INFO - Early stopping triggered at epoch 101! Best validation loss: 3.567447 at epoch 51
2025-12-01 11:36:25,203 - INFO - Loaded best model from epoch 51
2025-12-01 11:36:25,205 - INFO - Optimal Youden threshold: 0.9998
2025-12-01 11:36:25,219 - INFO - Fold 3 Results - Acc: 0.7273, F1: 0.7692, AUC: 0.6333, AP: 0.6524
2025-12-01 11:36:25,219 - INFO - 
--- Fold 4/5 ---
2025-12-01 11:36:25,219 - INFO - Train size: 44, Test size: 11
2025-12-01 11:36:25,219 - INFO - Train class balance - 0: 19, 1: 25
2025-12-01 11:36:25,219 - INFO - Test class balance  - 0: 5, 1: 6
2025-12-01 11:36:25,274 - INFO - Training fold 4 with early stopping (patience=50)...
2025-12-01 11:36:25,294 - INFO - Epoch 1/200 | Train Loss: 0.934330 | Val Loss: 0.838628 | Best Val Loss: inf (epoch 1)
2025-12-01 11:36:25,463 - INFO - Epoch 10/200 | Train Loss: 0.000837 | Val Loss: 1.733662 | Best Val Loss: inf (epoch 1)
2025-12-01 11:36:25,649 - INFO - Epoch 20/200 | Train Loss: 0.269807 | Val Loss: 2.775929 | Best Val Loss: inf (epoch 1)
2025-12-01 11:36:25,835 - INFO - Epoch 30/200 | Train Loss: 0.000220 | Val Loss: 3.876403 | Best Val Loss: inf (epoch 1)
2025-12-01 11:36:26,025 - INFO - Epoch 40/200 | Train Loss: 0.000025 | Val Loss: 4.161239 | Best Val Loss: inf (epoch 1)
2025-12-01 11:36:26,214 - INFO - Epoch 50/200 | Train Loss: 0.000014 | Val Loss: 4.223446 | Best Val Loss: inf (epoch 1)
2025-12-01 11:36:26,442 - INFO - Epoch 60/200 | Train Loss: 0.000011 | Val Loss: 4.270733 | Best Val Loss: 4.228318 (epoch 51)
2025-12-01 11:36:26,630 - INFO - Epoch 70/200 | Train Loss: 0.000008 | Val Loss: 4.320032 | Best Val Loss: 4.228318 (epoch 51)
2025-12-01 11:36:26,819 - INFO - Epoch 80/200 | Train Loss: 0.000009 | Val Loss: 4.373581 | Best Val Loss: 4.228318 (epoch 51)
2025-12-01 11:36:27,008 - INFO - Epoch 90/200 | Train Loss: 0.000004 | Val Loss: 4.446327 | Best Val Loss: 4.228318 (epoch 51)
2025-12-01 11:36:27,195 - INFO - Epoch 100/200 | Train Loss: 0.000006 | Val Loss: 4.485493 | Best Val Loss: 4.228318 (epoch 51)
2025-12-01 11:36:27,214 - INFO - Early stopping triggered at epoch 101! Best validation loss: 4.228318 at epoch 51
2025-12-01 11:36:27,238 - INFO - Loaded best model from epoch 51
2025-12-01 11:36:27,241 - INFO - Optimal Youden threshold: 1.0000
2025-12-01 11:36:27,253 - INFO - Fold 4 Results - Acc: 0.6364, F1: 0.5000, AUC: 0.6000, AP: 0.7395
2025-12-01 11:36:27,254 - INFO - 
--- Fold 5/5 ---
2025-12-01 11:36:27,254 - INFO - Train size: 44, Test size: 11
2025-12-01 11:36:27,254 - INFO - Train class balance - 0: 20, 1: 24
2025-12-01 11:36:27,254 - INFO - Test class balance  - 0: 4, 1: 7
2025-12-01 11:36:27,300 - INFO - Training fold 5 with early stopping (patience=50)...
2025-12-01 11:36:27,321 - INFO - Epoch 1/200 | Train Loss: 1.058627 | Val Loss: 1.053645 | Best Val Loss: inf (epoch 1)
2025-12-01 11:36:27,489 - INFO - Epoch 10/200 | Train Loss: 0.144859 | Val Loss: 0.733245 | Best Val Loss: inf (epoch 1)
2025-12-01 11:36:27,676 - INFO - Epoch 20/200 | Train Loss: 0.000068 | Val Loss: 1.358328 | Best Val Loss: inf (epoch 1)
2025-12-01 11:36:27,865 - INFO - Epoch 30/200 | Train Loss: 0.000028 | Val Loss: 1.587016 | Best Val Loss: inf (epoch 1)
2025-12-01 11:36:28,052 - INFO - Epoch 40/200 | Train Loss: 0.000017 | Val Loss: 1.683161 | Best Val Loss: inf (epoch 1)
2025-12-01 11:36:28,239 - INFO - Epoch 50/200 | Train Loss: 0.000010 | Val Loss: 1.792086 | Best Val Loss: inf (epoch 1)
2025-12-01 11:36:28,463 - INFO - Epoch 60/200 | Train Loss: 0.000012 | Val Loss: 1.829887 | Best Val Loss: 1.797862 (epoch 51)
2025-12-01 11:36:28,650 - INFO - Epoch 70/200 | Train Loss: 0.000027 | Val Loss: 1.865727 | Best Val Loss: 1.797862 (epoch 51)
2025-12-01 11:36:28,838 - INFO - Epoch 80/200 | Train Loss: 0.000002 | Val Loss: 1.907492 | Best Val Loss: 1.797862 (epoch 51)
2025-12-01 11:36:29,026 - INFO - Epoch 90/200 | Train Loss: 0.000007 | Val Loss: 1.935273 | Best Val Loss: 1.797862 (epoch 51)
2025-12-01 11:36:29,215 - INFO - Epoch 100/200 | Train Loss: 0.000011 | Val Loss: 1.984656 | Best Val Loss: 1.797862 (epoch 51)
2025-12-01 11:36:29,234 - INFO - Early stopping triggered at epoch 101! Best validation loss: 1.797862 at epoch 51
2025-12-01 11:36:29,259 - INFO - Loaded best model from epoch 51
2025-12-01 11:36:29,262 - INFO - Optimal Youden threshold: 0.0001
2025-12-01 11:36:29,282 - INFO - Fold 5 Results - Acc: 0.9091, F1: 0.9231, AUC: 0.8929, AP: 0.9571
2025-12-01 11:36:29,282 - INFO - 
============================================================
2025-12-01 11:36:29,282 - INFO - FINAL CROSS-VALIDATION RESULTS FOR: Treatment_Response_ALL_Thresh0.25
2025-12-01 11:36:29,282 - INFO - ACC       : 0.8000 ± 0.1060
2025-12-01 11:36:29,282 - INFO - F1        : 0.7831 ± 0.1548
2025-12-01 11:36:29,282 - INFO - PRECISION : 0.9143 ± 0.1143
2025-12-01 11:36:29,283 - INFO - RECALL    : 0.7381 ± 0.2284
2025-12-01 11:36:29,283 - INFO - AUC       : 0.7786 ± 0.1331
2025-12-01 11:36:29,283 - INFO - AP        : 0.8306 ± 0.1165
2025-12-01 11:36:29,283 - INFO - ============================================================

2025-12-01 11:36:29,288 - INFO - Results saved to final_results_Treatment_Response_ALL_Thresh0.25.json
2025-12-01 11:36:29,288 - INFO - Total execution time: 16.84 seconds
2025-12-01 11:36:39,176 - INFO - Using device: cuda
2025-12-01 11:36:39,176 - INFO - Hyperparameters: {
  "batch_size": 8,
  "learning_rate": 0.0005,
  "num_epochs": 200,
  "hidden_dim": 768,
  "num_blocks": 4,
  "dropout": 0.3,
  "feature_type": "ALL",
  "improvement_threshold": 0.25
}
2025-12-01 11:36:39,176 - INFO - Starting treatment response prediction pipeline
2025-12-01 11:36:39,176 - INFO - Building diff file index (mean_anomaly & mean_distortion)...
2025-12-01 11:36:39,177 - WARNING - Duplicate patient ID found: stn02, skipping additional entry
2025-12-01 11:36:39,178 - WARNING - Duplicate patient ID found: gpi11, skipping additional entry
2025-12-01 11:36:39,178 - WARNING - Duplicate patient ID found: gpi02, skipping additional entry
2025-12-01 11:36:39,178 - WARNING - Duplicate patient ID found: gpi19, skipping additional entry
2025-12-01 11:36:39,178 - WARNING - Duplicate patient ID found: stn23, skipping additional entry
2025-12-01 11:36:39,178 - WARNING - Duplicate patient ID found: stn03, skipping additional entry
2025-12-01 11:36:39,178 - WARNING - Duplicate patient ID found: gpi20, skipping additional entry
2025-12-01 11:36:39,179 - WARNING - Duplicate patient ID found: stn04, skipping additional entry
2025-12-01 11:36:39,179 - WARNING - Duplicate patient ID found: stn24, skipping additional entry
2025-12-01 11:36:39,179 - WARNING - Duplicate patient ID found: gpi04, skipping additional entry
2025-12-01 11:36:39,179 - WARNING - Duplicate patient ID found: gpi15, skipping additional entry
2025-12-01 11:36:39,179 - WARNING - Duplicate patient ID found: stn19, skipping additional entry
2025-12-01 11:36:39,179 - WARNING - Duplicate patient ID found: stn08, skipping additional entry
2025-12-01 11:36:39,179 - WARNING - Duplicate patient ID found: stn11, skipping additional entry
2025-12-01 11:36:39,179 - WARNING - Duplicate patient ID found: gpi07, skipping additional entry
2025-12-01 11:36:39,180 - WARNING - Duplicate patient ID found: gpi26, skipping additional entry
2025-12-01 11:36:39,180 - WARNING - Duplicate patient ID found: stn13, skipping additional entry
2025-12-01 11:36:39,180 - WARNING - Duplicate patient ID found: gpi06, skipping additional entry
2025-12-01 11:36:39,180 - WARNING - Duplicate patient ID found: stn30, skipping additional entry
2025-12-01 11:36:39,180 - WARNING - Duplicate patient ID found: stn18, skipping additional entry
2025-12-01 11:36:39,180 - WARNING - Duplicate patient ID found: gpi24, skipping additional entry
2025-12-01 11:36:39,180 - WARNING - Duplicate patient ID found: gpi13, skipping additional entry
2025-12-01 11:36:39,180 - WARNING - Duplicate patient ID found: stn07, skipping additional entry
2025-12-01 11:36:39,180 - WARNING - Duplicate patient ID found: stn20, skipping additional entry
2025-12-01 11:36:39,181 - WARNING - Duplicate patient ID found: gpi12, skipping additional entry
2025-12-01 11:36:39,181 - WARNING - Duplicate patient ID found: stn01, skipping additional entry
2025-12-01 11:36:39,181 - WARNING - Duplicate patient ID found: gpi22, skipping additional entry
2025-12-01 11:36:39,181 - WARNING - Duplicate patient ID found: gpi18, skipping additional entry
2025-12-01 11:36:39,181 - WARNING - Duplicate patient ID found: gpi09, skipping additional entry
2025-12-01 11:36:39,181 - WARNING - Duplicate patient ID found: gpi25, skipping additional entry
2025-12-01 11:36:39,181 - WARNING - Duplicate patient ID found: stn29, skipping additional entry
2025-12-01 11:36:39,181 - WARNING - Duplicate patient ID found: gpi31, skipping additional entry
2025-12-01 11:36:39,181 - WARNING - Duplicate patient ID found: stn10, skipping additional entry
2025-12-01 11:36:39,181 - WARNING - Duplicate patient ID found: gpi28, skipping additional entry
2025-12-01 11:36:39,181 - WARNING - Duplicate patient ID found: stn31, skipping additional entry
2025-12-01 11:36:39,182 - WARNING - Duplicate patient ID found: gpi03, skipping additional entry
2025-12-01 11:36:39,182 - WARNING - Duplicate patient ID found: gpi05, skipping additional entry
2025-12-01 11:36:39,182 - WARNING - Duplicate patient ID found: stn25, skipping additional entry
2025-12-01 11:36:39,182 - WARNING - Duplicate patient ID found: gpi08, skipping additional entry
2025-12-01 11:36:39,182 - WARNING - Duplicate patient ID found: gpi27, skipping additional entry
2025-12-01 11:36:39,182 - WARNING - Duplicate patient ID found: stn16, skipping additional entry
2025-12-01 11:36:39,182 - WARNING - Duplicate patient ID found: gpi23, skipping additional entry
2025-12-01 11:36:39,182 - WARNING - Duplicate patient ID found: stn09, skipping additional entry
2025-12-01 11:36:39,182 - WARNING - Duplicate patient ID found: stn28, skipping additional entry
2025-12-01 11:36:39,182 - WARNING - Duplicate patient ID found: stn06, skipping additional entry
2025-12-01 11:36:39,182 - WARNING - Duplicate patient ID found: stn12, skipping additional entry
2025-12-01 11:36:39,183 - WARNING - Duplicate patient ID found: gpi16, skipping additional entry
2025-12-01 11:36:39,183 - WARNING - Duplicate patient ID found: gpi30, skipping additional entry
2025-12-01 11:36:39,183 - WARNING - Duplicate patient ID found: stn21, skipping additional entry
2025-12-01 11:36:39,183 - WARNING - Duplicate patient ID found: stn22, skipping additional entry
2025-12-01 11:36:39,183 - WARNING - Duplicate patient ID found: stn14, skipping additional entry
2025-12-01 11:36:39,183 - WARNING - Duplicate patient ID found: gpi17, skipping additional entry
2025-12-01 11:36:39,183 - WARNING - Duplicate patient ID found: gpi21, skipping additional entry
2025-12-01 11:36:39,183 - WARNING - Duplicate patient ID found: gpi32, skipping additional entry
2025-12-01 11:36:39,183 - WARNING - Duplicate patient ID found: stn15, skipping additional entry
2025-12-01 11:36:39,183 - INFO - Built diff index with 71 patients
2025-12-01 11:36:39,183 - INFO - Parsing UPDRS data with diff features...
2025-12-01 11:36:39,197 - INFO - Found 55 valid samples
2025-12-01 11:36:39,197 - INFO - Preparing feature matrices with diff features...
2025-12-01 11:36:39,231 - INFO - Feature matrix shape: (55, 365), Class distribution: [24 31]
2025-12-01 11:36:39,231 - INFO - 
============================================================
2025-12-01 11:36:39,231 - INFO - Starting Cross-Validation Experiment: Treatment_Response_ALL_Thresh0.25
2025-12-01 11:36:39,231 - INFO - Total samples: 55 | Class distribution: [24 31]
2025-12-01 11:36:39,232 - INFO - 
--- Fold 1/5 ---
2025-12-01 11:36:39,232 - INFO - Train size: 44, Test size: 11
2025-12-01 11:36:39,232 - INFO - Train class balance - 0: 19, 1: 25
2025-12-01 11:36:39,232 - INFO - Test class balance  - 0: 5, 1: 6
2025-12-01 11:36:40,020 - INFO - Training fold 1 with early stopping (patience=50)...
2025-12-01 11:36:40,168 - INFO - Epoch 1/200 | Train Loss: 0.847982 | Val Loss: 0.731682 | Best Val Loss: inf (epoch 1)
2025-12-01 11:36:40,326 - INFO - Epoch 10/200 | Train Loss: 0.002137 | Val Loss: 0.969289 | Best Val Loss: inf (epoch 1)
2025-12-01 11:36:40,503 - INFO - Epoch 20/200 | Train Loss: 0.005202 | Val Loss: 1.653106 | Best Val Loss: inf (epoch 1)
2025-12-01 11:36:40,679 - INFO - Epoch 30/200 | Train Loss: 0.000051 | Val Loss: 2.078835 | Best Val Loss: inf (epoch 1)
2025-12-01 11:36:40,854 - INFO - Epoch 40/200 | Train Loss: 0.000038 | Val Loss: 2.093870 | Best Val Loss: inf (epoch 1)
2025-12-01 11:36:41,029 - INFO - Epoch 50/200 | Train Loss: 0.000096 | Val Loss: 1.749352 | Best Val Loss: inf (epoch 1)
2025-12-01 11:36:41,330 - INFO - Epoch 60/200 | Train Loss: 0.002687 | Val Loss: 1.191706 | Best Val Loss: 1.191706 (epoch 60)
2025-12-01 11:36:41,507 - INFO - Epoch 70/200 | Train Loss: 0.000003 | Val Loss: 1.860386 | Best Val Loss: 1.191706 (epoch 60)
2025-12-01 11:36:41,708 - INFO - Epoch 80/200 | Train Loss: 0.545835 | Val Loss: 0.770880 | Best Val Loss: 0.770880 (epoch 80)
2025-12-01 11:36:41,883 - INFO - Epoch 90/200 | Train Loss: 0.001796 | Val Loss: 2.046809 | Best Val Loss: 0.770880 (epoch 80)
2025-12-01 11:36:42,061 - INFO - Epoch 100/200 | Train Loss: 0.000002 | Val Loss: 3.346317 | Best Val Loss: 0.770880 (epoch 80)
2025-12-01 11:36:42,236 - INFO - Epoch 110/200 | Train Loss: 0.000012 | Val Loss: 3.386968 | Best Val Loss: 0.770880 (epoch 80)
2025-12-01 11:36:42,411 - INFO - Epoch 120/200 | Train Loss: 0.000010 | Val Loss: 3.456056 | Best Val Loss: 0.770880 (epoch 80)
2025-12-01 11:36:42,586 - INFO - Early stopping triggered at epoch 130! Best validation loss: 0.770880 at epoch 80
2025-12-01 11:36:42,604 - INFO - Loaded best model from epoch 80
2025-12-01 11:36:42,607 - INFO - Optimal Youden threshold: 0.7504
2025-12-01 11:36:42,620 - INFO - Fold 1 Results - Acc: 0.8182, F1: 0.8333, AUC: 0.8333, AP: 0.8556
2025-12-01 11:36:42,620 - INFO - 
--- Fold 2/5 ---
2025-12-01 11:36:42,620 - INFO - Train size: 44, Test size: 11
2025-12-01 11:36:42,620 - INFO - Train class balance - 0: 19, 1: 25
2025-12-01 11:36:42,621 - INFO - Test class balance  - 0: 5, 1: 6
2025-12-01 11:36:42,654 - INFO - Training fold 2 with early stopping (patience=50)...
2025-12-01 11:36:42,673 - INFO - Epoch 1/200 | Train Loss: 0.892060 | Val Loss: 0.681505 | Best Val Loss: inf (epoch 1)
2025-12-01 11:36:42,830 - INFO - Epoch 10/200 | Train Loss: 0.001084 | Val Loss: 2.615530 | Best Val Loss: inf (epoch 1)
2025-12-01 11:36:43,006 - INFO - Epoch 20/200 | Train Loss: 0.000043 | Val Loss: 3.163536 | Best Val Loss: inf (epoch 1)
2025-12-01 11:36:43,184 - INFO - Epoch 30/200 | Train Loss: 0.006795 | Val Loss: 3.113169 | Best Val Loss: inf (epoch 1)
2025-12-01 11:36:43,359 - INFO - Epoch 40/200 | Train Loss: 0.000444 | Val Loss: 1.577490 | Best Val Loss: inf (epoch 1)
2025-12-01 11:36:43,535 - INFO - Epoch 50/200 | Train Loss: 0.000035 | Val Loss: 1.827902 | Best Val Loss: inf (epoch 1)
2025-12-01 11:36:43,732 - INFO - Epoch 60/200 | Train Loss: 0.000044 | Val Loss: 1.908082 | Best Val Loss: 1.837925 (epoch 51)
2025-12-01 11:36:43,907 - INFO - Epoch 70/200 | Train Loss: 0.000039 | Val Loss: 1.973555 | Best Val Loss: 1.837925 (epoch 51)
2025-12-01 11:36:44,082 - INFO - Epoch 80/200 | Train Loss: 0.000019 | Val Loss: 2.037200 | Best Val Loss: 1.837925 (epoch 51)
2025-12-01 11:36:44,257 - INFO - Epoch 90/200 | Train Loss: 0.000017 | Val Loss: 2.093990 | Best Val Loss: 1.837925 (epoch 51)
2025-12-01 11:36:44,431 - INFO - Epoch 100/200 | Train Loss: 0.000010 | Val Loss: 2.159556 | Best Val Loss: 1.837925 (epoch 51)
2025-12-01 11:36:44,449 - INFO - Early stopping triggered at epoch 101! Best validation loss: 1.837925 at epoch 51
2025-12-01 11:36:44,468 - INFO - Loaded best model from epoch 51
2025-12-01 11:36:44,470 - INFO - Optimal Youden threshold: 1.0000
2025-12-01 11:36:44,484 - INFO - Fold 2 Results - Acc: 0.8182, F1: 0.8000, AUC: 0.8667, AP: 0.9107
2025-12-01 11:36:44,484 - INFO - 
--- Fold 3/5 ---
2025-12-01 11:36:44,484 - INFO - Train size: 44, Test size: 11
2025-12-01 11:36:44,484 - INFO - Train class balance - 0: 19, 1: 25
2025-12-01 11:36:44,484 - INFO - Test class balance  - 0: 5, 1: 6
2025-12-01 11:36:44,517 - INFO - Training fold 3 with early stopping (patience=50)...
2025-12-01 11:36:44,536 - INFO - Epoch 1/200 | Train Loss: 0.726712 | Val Loss: 0.559619 | Best Val Loss: inf (epoch 1)
2025-12-01 11:36:44,695 - INFO - Epoch 10/200 | Train Loss: 0.012676 | Val Loss: 2.785973 | Best Val Loss: inf (epoch 1)
2025-12-01 11:36:44,870 - INFO - Epoch 20/200 | Train Loss: 0.001353 | Val Loss: 4.137577 | Best Val Loss: inf (epoch 1)
2025-12-01 11:36:45,045 - INFO - Epoch 30/200 | Train Loss: 0.000116 | Val Loss: 3.748188 | Best Val Loss: inf (epoch 1)
2025-12-01 11:36:45,220 - INFO - Epoch 40/200 | Train Loss: 0.000044 | Val Loss: 3.773932 | Best Val Loss: inf (epoch 1)
2025-12-01 11:36:45,396 - INFO - Epoch 50/200 | Train Loss: 0.000034 | Val Loss: 3.937899 | Best Val Loss: inf (epoch 1)
2025-12-01 11:36:45,596 - INFO - Epoch 60/200 | Train Loss: 0.000017 | Val Loss: 3.973038 | Best Val Loss: 3.939093 (epoch 51)
2025-12-01 11:36:45,773 - INFO - Epoch 70/200 | Train Loss: 0.000011 | Val Loss: 4.006688 | Best Val Loss: 3.939093 (epoch 51)
2025-12-01 11:36:45,950 - INFO - Epoch 80/200 | Train Loss: 0.000007 | Val Loss: 4.032534 | Best Val Loss: 3.939093 (epoch 51)
2025-12-01 11:36:46,127 - INFO - Epoch 90/200 | Train Loss: 0.000038 | Val Loss: 4.062462 | Best Val Loss: 3.939093 (epoch 51)
2025-12-01 11:36:46,302 - INFO - Epoch 100/200 | Train Loss: 0.000008 | Val Loss: 4.085561 | Best Val Loss: 3.939093 (epoch 51)
2025-12-01 11:36:46,320 - INFO - Early stopping triggered at epoch 101! Best validation loss: 3.939093 at epoch 51
2025-12-01 11:36:46,338 - INFO - Loaded best model from epoch 51
2025-12-01 11:36:46,341 - INFO - Optimal Youden threshold: 1.0000
2025-12-01 11:36:46,353 - INFO - Fold 3 Results - Acc: 0.7273, F1: 0.6667, AUC: 0.7000, AP: 0.8153
2025-12-01 11:36:46,353 - INFO - 
--- Fold 4/5 ---
2025-12-01 11:36:46,354 - INFO - Train size: 44, Test size: 11
2025-12-01 11:36:46,354 - INFO - Train class balance - 0: 19, 1: 25
2025-12-01 11:36:46,354 - INFO - Test class balance  - 0: 5, 1: 6
2025-12-01 11:36:46,385 - INFO - Training fold 4 with early stopping (patience=50)...
2025-12-01 11:36:46,404 - INFO - Epoch 1/200 | Train Loss: 0.850514 | Val Loss: 0.661681 | Best Val Loss: inf (epoch 1)
2025-12-01 11:36:46,564 - INFO - Epoch 10/200 | Train Loss: 0.055100 | Val Loss: 1.069609 | Best Val Loss: inf (epoch 1)
2025-12-01 11:36:46,741 - INFO - Epoch 20/200 | Train Loss: 0.001508 | Val Loss: 3.651940 | Best Val Loss: inf (epoch 1)
2025-12-01 11:36:46,919 - INFO - Epoch 30/200 | Train Loss: 0.000089 | Val Loss: 3.842302 | Best Val Loss: inf (epoch 1)
2025-12-01 11:36:47,098 - INFO - Epoch 40/200 | Train Loss: 0.000018 | Val Loss: 3.877957 | Best Val Loss: inf (epoch 1)
2025-12-01 11:36:47,274 - INFO - Epoch 50/200 | Train Loss: 0.000011 | Val Loss: 3.927197 | Best Val Loss: inf (epoch 1)
2025-12-01 11:36:47,475 - INFO - Epoch 60/200 | Train Loss: 0.000016 | Val Loss: 3.966618 | Best Val Loss: 3.930908 (epoch 51)
2025-12-01 11:36:47,656 - INFO - Epoch 70/200 | Train Loss: 0.000008 | Val Loss: 4.011898 | Best Val Loss: 3.930908 (epoch 51)
2025-12-01 11:36:47,832 - INFO - Epoch 80/200 | Train Loss: 0.000010 | Val Loss: 4.056417 | Best Val Loss: 3.930908 (epoch 51)
2025-12-01 11:36:48,007 - INFO - Epoch 90/200 | Train Loss: 0.000009 | Val Loss: 4.091663 | Best Val Loss: 3.930908 (epoch 51)
2025-12-01 11:36:48,181 - INFO - Epoch 100/200 | Train Loss: 0.000006 | Val Loss: 4.129531 | Best Val Loss: 3.930908 (epoch 51)
2025-12-01 11:36:48,199 - INFO - Early stopping triggered at epoch 101! Best validation loss: 3.930908 at epoch 51
2025-12-01 11:36:48,217 - INFO - Loaded best model from epoch 51
2025-12-01 11:36:48,221 - INFO - Optimal Youden threshold: 1.0000
2025-12-01 11:36:48,234 - INFO - Fold 4 Results - Acc: 0.7273, F1: 0.6667, AUC: 0.7333, AP: 0.8375
2025-12-01 11:36:48,234 - INFO - 
--- Fold 5/5 ---
2025-12-01 11:36:48,234 - INFO - Train size: 44, Test size: 11
2025-12-01 11:36:48,234 - INFO - Train class balance - 0: 20, 1: 24
2025-12-01 11:36:48,235 - INFO - Test class balance  - 0: 4, 1: 7
2025-12-01 11:36:48,268 - INFO - Training fold 5 with early stopping (patience=50)...
2025-12-01 11:36:48,288 - INFO - Epoch 1/200 | Train Loss: 0.702737 | Val Loss: 0.783038 | Best Val Loss: inf (epoch 1)
2025-12-01 11:36:48,446 - INFO - Epoch 10/200 | Train Loss: 0.099186 | Val Loss: 1.262292 | Best Val Loss: inf (epoch 1)
2025-12-01 11:36:48,621 - INFO - Epoch 20/200 | Train Loss: 0.000353 | Val Loss: 1.778887 | Best Val Loss: inf (epoch 1)
2025-12-01 11:36:48,796 - INFO - Epoch 30/200 | Train Loss: 0.000077 | Val Loss: 2.198543 | Best Val Loss: inf (epoch 1)
2025-12-01 11:36:48,971 - INFO - Epoch 40/200 | Train Loss: 0.000063 | Val Loss: 2.568848 | Best Val Loss: inf (epoch 1)
2025-12-01 11:36:49,146 - INFO - Epoch 50/200 | Train Loss: 0.000042 | Val Loss: 2.737712 | Best Val Loss: inf (epoch 1)
2025-12-01 11:36:49,421 - INFO - Epoch 60/200 | Train Loss: 0.000024 | Val Loss: 2.773184 | Best Val Loss: 2.732821 (epoch 56)
2025-12-01 11:36:49,620 - INFO - Epoch 70/200 | Train Loss: 0.000013 | Val Loss: 2.771123 | Best Val Loss: 2.721466 (epoch 66)
2025-12-01 11:36:49,795 - INFO - Epoch 80/200 | Train Loss: 0.000007 | Val Loss: 2.973285 | Best Val Loss: 2.721466 (epoch 66)
2025-12-01 11:36:49,969 - INFO - Epoch 90/200 | Train Loss: 0.000015 | Val Loss: 3.035833 | Best Val Loss: 2.721466 (epoch 66)
2025-12-01 11:36:50,144 - INFO - Epoch 100/200 | Train Loss: 0.000008 | Val Loss: 3.115705 | Best Val Loss: 2.721466 (epoch 66)
2025-12-01 11:36:50,319 - INFO - Epoch 110/200 | Train Loss: 0.000013 | Val Loss: 3.175075 | Best Val Loss: 2.721466 (epoch 66)
2025-12-01 11:36:50,424 - INFO - Early stopping triggered at epoch 116! Best validation loss: 2.721466 at epoch 66
2025-12-01 11:36:50,440 - INFO - Loaded best model from epoch 66
2025-12-01 11:36:50,443 - INFO - Optimal Youden threshold: 0.0000
2025-12-01 11:36:50,454 - INFO - Fold 5 Results - Acc: 0.9091, F1: 0.9333, AUC: 0.8929, AP: 0.9379
2025-12-01 11:36:50,455 - INFO - 
============================================================
2025-12-01 11:36:50,455 - INFO - FINAL CROSS-VALIDATION RESULTS FOR: Treatment_Response_ALL_Thresh0.25
2025-12-01 11:36:50,455 - INFO - ACC       : 0.8000 ± 0.0680
2025-12-01 11:36:50,455 - INFO - F1        : 0.7800 ± 0.1024
2025-12-01 11:36:50,455 - INFO - PRECISION : 0.9417 ± 0.0726
2025-12-01 11:36:50,455 - INFO - RECALL    : 0.7000 ± 0.1944
2025-12-01 11:36:50,455 - INFO - AUC       : 0.8052 ± 0.0755
2025-12-01 11:36:50,455 - INFO - AP        : 0.8714 ± 0.0459
2025-12-01 11:36:50,455 - INFO - ============================================================

2025-12-01 11:36:50,461 - INFO - Results saved to final_results_Treatment_Response_ALL_Thresh0.25.json
2025-12-01 11:36:50,461 - INFO - Total execution time: 11.28 seconds
2025-12-01 11:37:02,167 - INFO - Using device: cuda
2025-12-01 11:37:02,167 - INFO - Hyperparameters: {
  "batch_size": 8,
  "learning_rate": 0.0005,
  "num_epochs": 200,
  "hidden_dim": 512,
  "num_blocks": 8,
  "dropout": 0.3,
  "feature_type": "ALL",
  "improvement_threshold": 0.25
}
2025-12-01 11:37:02,167 - INFO - Starting treatment response prediction pipeline
2025-12-01 11:37:02,167 - INFO - Building diff file index (mean_anomaly & mean_distortion)...
2025-12-01 11:37:02,168 - WARNING - Duplicate patient ID found: stn02, skipping additional entry
2025-12-01 11:37:02,169 - WARNING - Duplicate patient ID found: gpi11, skipping additional entry
2025-12-01 11:37:02,169 - WARNING - Duplicate patient ID found: gpi02, skipping additional entry
2025-12-01 11:37:02,169 - WARNING - Duplicate patient ID found: gpi19, skipping additional entry
2025-12-01 11:37:02,169 - WARNING - Duplicate patient ID found: stn23, skipping additional entry
2025-12-01 11:37:02,169 - WARNING - Duplicate patient ID found: stn03, skipping additional entry
2025-12-01 11:37:02,169 - WARNING - Duplicate patient ID found: gpi20, skipping additional entry
2025-12-01 11:37:02,169 - WARNING - Duplicate patient ID found: stn04, skipping additional entry
2025-12-01 11:37:02,170 - WARNING - Duplicate patient ID found: stn24, skipping additional entry
2025-12-01 11:37:02,170 - WARNING - Duplicate patient ID found: gpi04, skipping additional entry
2025-12-01 11:37:02,170 - WARNING - Duplicate patient ID found: gpi15, skipping additional entry
2025-12-01 11:37:02,170 - WARNING - Duplicate patient ID found: stn19, skipping additional entry
2025-12-01 11:37:02,170 - WARNING - Duplicate patient ID found: stn08, skipping additional entry
2025-12-01 11:37:02,170 - WARNING - Duplicate patient ID found: stn11, skipping additional entry
2025-12-01 11:37:02,170 - WARNING - Duplicate patient ID found: gpi07, skipping additional entry
2025-12-01 11:37:02,170 - WARNING - Duplicate patient ID found: gpi26, skipping additional entry
2025-12-01 11:37:02,170 - WARNING - Duplicate patient ID found: stn13, skipping additional entry
2025-12-01 11:37:02,170 - WARNING - Duplicate patient ID found: gpi06, skipping additional entry
2025-12-01 11:37:02,171 - WARNING - Duplicate patient ID found: stn30, skipping additional entry
2025-12-01 11:37:02,171 - WARNING - Duplicate patient ID found: stn18, skipping additional entry
2025-12-01 11:37:02,171 - WARNING - Duplicate patient ID found: gpi24, skipping additional entry
2025-12-01 11:37:02,171 - WARNING - Duplicate patient ID found: gpi13, skipping additional entry
2025-12-01 11:37:02,171 - WARNING - Duplicate patient ID found: stn07, skipping additional entry
2025-12-01 11:37:02,171 - WARNING - Duplicate patient ID found: stn20, skipping additional entry
2025-12-01 11:37:02,171 - WARNING - Duplicate patient ID found: gpi12, skipping additional entry
2025-12-01 11:37:02,171 - WARNING - Duplicate patient ID found: stn01, skipping additional entry
2025-12-01 11:37:02,172 - WARNING - Duplicate patient ID found: gpi22, skipping additional entry
2025-12-01 11:37:02,172 - WARNING - Duplicate patient ID found: gpi18, skipping additional entry
2025-12-01 11:37:02,172 - WARNING - Duplicate patient ID found: gpi09, skipping additional entry
2025-12-01 11:37:02,172 - WARNING - Duplicate patient ID found: gpi25, skipping additional entry
2025-12-01 11:37:02,172 - WARNING - Duplicate patient ID found: stn29, skipping additional entry
2025-12-01 11:37:02,172 - WARNING - Duplicate patient ID found: gpi31, skipping additional entry
2025-12-01 11:37:02,172 - WARNING - Duplicate patient ID found: stn10, skipping additional entry
2025-12-01 11:37:02,172 - WARNING - Duplicate patient ID found: gpi28, skipping additional entry
2025-12-01 11:37:02,172 - WARNING - Duplicate patient ID found: stn31, skipping additional entry
2025-12-01 11:37:02,172 - WARNING - Duplicate patient ID found: gpi03, skipping additional entry
2025-12-01 11:37:02,172 - WARNING - Duplicate patient ID found: gpi05, skipping additional entry
2025-12-01 11:37:02,172 - WARNING - Duplicate patient ID found: stn25, skipping additional entry
2025-12-01 11:37:02,173 - WARNING - Duplicate patient ID found: gpi08, skipping additional entry
2025-12-01 11:37:02,173 - WARNING - Duplicate patient ID found: gpi27, skipping additional entry
2025-12-01 11:37:02,173 - WARNING - Duplicate patient ID found: stn16, skipping additional entry
2025-12-01 11:37:02,173 - WARNING - Duplicate patient ID found: gpi23, skipping additional entry
2025-12-01 11:37:02,173 - WARNING - Duplicate patient ID found: stn09, skipping additional entry
2025-12-01 11:37:02,173 - WARNING - Duplicate patient ID found: stn28, skipping additional entry
2025-12-01 11:37:02,173 - WARNING - Duplicate patient ID found: stn06, skipping additional entry
2025-12-01 11:37:02,173 - WARNING - Duplicate patient ID found: stn12, skipping additional entry
2025-12-01 11:37:02,173 - WARNING - Duplicate patient ID found: gpi16, skipping additional entry
2025-12-01 11:37:02,173 - WARNING - Duplicate patient ID found: gpi30, skipping additional entry
2025-12-01 11:37:02,173 - WARNING - Duplicate patient ID found: stn21, skipping additional entry
2025-12-01 11:37:02,173 - WARNING - Duplicate patient ID found: stn22, skipping additional entry
2025-12-01 11:37:02,173 - WARNING - Duplicate patient ID found: stn14, skipping additional entry
2025-12-01 11:37:02,174 - WARNING - Duplicate patient ID found: gpi17, skipping additional entry
2025-12-01 11:37:02,174 - WARNING - Duplicate patient ID found: gpi21, skipping additional entry
2025-12-01 11:37:02,174 - WARNING - Duplicate patient ID found: gpi32, skipping additional entry
2025-12-01 11:37:02,174 - WARNING - Duplicate patient ID found: stn15, skipping additional entry
2025-12-01 11:37:02,174 - INFO - Built diff index with 71 patients
2025-12-01 11:37:02,174 - INFO - Parsing UPDRS data with diff features...
2025-12-01 11:37:02,188 - INFO - Found 55 valid samples
2025-12-01 11:37:02,188 - INFO - Preparing feature matrices with diff features...
2025-12-01 11:37:02,221 - INFO - Feature matrix shape: (55, 365), Class distribution: [24 31]
2025-12-01 11:37:02,221 - INFO - 
============================================================
2025-12-01 11:37:02,221 - INFO - Starting Cross-Validation Experiment: Treatment_Response_ALL_Thresh0.25
2025-12-01 11:37:02,221 - INFO - Total samples: 55 | Class distribution: [24 31]
2025-12-01 11:37:02,222 - INFO - 
--- Fold 1/5 ---
2025-12-01 11:37:02,222 - INFO - Train size: 44, Test size: 11
2025-12-01 11:37:02,222 - INFO - Train class balance - 0: 19, 1: 25
2025-12-01 11:37:02,222 - INFO - Test class balance  - 0: 5, 1: 6
2025-12-01 11:37:03,008 - INFO - Training fold 1 with early stopping (patience=50)...
2025-12-01 11:37:03,170 - INFO - Epoch 1/200 | Train Loss: 1.097772 | Val Loss: 0.660997 | Best Val Loss: inf (epoch 1)
2025-12-01 11:37:03,411 - INFO - Epoch 10/200 | Train Loss: 0.028479 | Val Loss: 1.609748 | Best Val Loss: inf (epoch 1)
2025-12-01 11:37:03,678 - INFO - Epoch 20/200 | Train Loss: 0.000287 | Val Loss: 2.923390 | Best Val Loss: inf (epoch 1)
2025-12-01 11:37:03,945 - INFO - Epoch 30/200 | Train Loss: 0.000211 | Val Loss: 3.114793 | Best Val Loss: inf (epoch 1)
2025-12-01 11:37:04,213 - INFO - Epoch 40/200 | Train Loss: 0.000048 | Val Loss: 2.558296 | Best Val Loss: inf (epoch 1)
2025-12-01 11:37:04,489 - INFO - Epoch 50/200 | Train Loss: 0.000021 | Val Loss: 2.540976 | Best Val Loss: inf (epoch 1)
2025-12-01 11:37:04,782 - INFO - Epoch 60/200 | Train Loss: 0.000014 | Val Loss: 2.581627 | Best Val Loss: 2.541762 (epoch 51)
2025-12-01 11:37:05,049 - INFO - Epoch 70/200 | Train Loss: 0.000016 | Val Loss: 2.552001 | Best Val Loss: 2.541762 (epoch 51)
2025-12-01 11:37:05,317 - INFO - Epoch 80/200 | Train Loss: 0.000048 | Val Loss: 2.591540 | Best Val Loss: 2.541762 (epoch 51)
2025-12-01 11:37:05,583 - INFO - Epoch 90/200 | Train Loss: 0.000006 | Val Loss: 2.614919 | Best Val Loss: 2.541762 (epoch 51)
2025-12-01 11:37:05,850 - INFO - Epoch 100/200 | Train Loss: 0.000013 | Val Loss: 2.635987 | Best Val Loss: 2.541762 (epoch 51)
2025-12-01 11:37:05,877 - INFO - Early stopping triggered at epoch 101! Best validation loss: 2.541762 at epoch 51
2025-12-01 11:37:05,895 - INFO - Loaded best model from epoch 51
2025-12-01 11:37:05,899 - INFO - Optimal Youden threshold: 1.0000
2025-12-01 11:37:05,913 - INFO - Fold 1 Results - Acc: 0.8182, F1: 0.8000, AUC: 0.8333, AP: 0.8968
2025-12-01 11:37:05,913 - INFO - 
--- Fold 2/5 ---
2025-12-01 11:37:05,913 - INFO - Train size: 44, Test size: 11
2025-12-01 11:37:05,913 - INFO - Train class balance - 0: 19, 1: 25
2025-12-01 11:37:05,913 - INFO - Test class balance  - 0: 5, 1: 6
2025-12-01 11:37:05,944 - INFO - Training fold 2 with early stopping (patience=50)...
2025-12-01 11:37:05,973 - INFO - Epoch 1/200 | Train Loss: 0.818235 | Val Loss: 0.670327 | Best Val Loss: inf (epoch 1)
2025-12-01 11:37:06,217 - INFO - Epoch 10/200 | Train Loss: 0.030178 | Val Loss: 0.713262 | Best Val Loss: inf (epoch 1)
2025-12-01 11:37:06,486 - INFO - Epoch 20/200 | Train Loss: 0.000096 | Val Loss: 1.844863 | Best Val Loss: inf (epoch 1)
2025-12-01 11:37:06,754 - INFO - Epoch 30/200 | Train Loss: 0.000092 | Val Loss: 1.950646 | Best Val Loss: inf (epoch 1)
2025-12-01 11:37:07,023 - INFO - Epoch 40/200 | Train Loss: 0.000050 | Val Loss: 2.190879 | Best Val Loss: inf (epoch 1)
2025-12-01 11:37:07,291 - INFO - Epoch 50/200 | Train Loss: 0.000047 | Val Loss: 2.289255 | Best Val Loss: inf (epoch 1)
2025-12-01 11:37:07,580 - INFO - Epoch 60/200 | Train Loss: 0.000020 | Val Loss: 2.362548 | Best Val Loss: 2.296680 (epoch 51)
2025-12-01 11:37:07,849 - INFO - Epoch 70/200 | Train Loss: 0.000076 | Val Loss: 2.446161 | Best Val Loss: 2.296680 (epoch 51)
2025-12-01 11:37:08,118 - INFO - Epoch 80/200 | Train Loss: 0.000044 | Val Loss: 2.515072 | Best Val Loss: 2.296680 (epoch 51)
2025-12-01 11:37:08,388 - INFO - Epoch 90/200 | Train Loss: 0.000018 | Val Loss: 2.561550 | Best Val Loss: 2.296680 (epoch 51)
2025-12-01 11:37:08,658 - INFO - Epoch 100/200 | Train Loss: 0.000007 | Val Loss: 2.605470 | Best Val Loss: 2.296680 (epoch 51)
2025-12-01 11:37:08,686 - INFO - Early stopping triggered at epoch 101! Best validation loss: 2.296680 at epoch 51
2025-12-01 11:37:08,706 - INFO - Loaded best model from epoch 51
2025-12-01 11:37:08,710 - INFO - Optimal Youden threshold: 0.0001
2025-12-01 11:37:08,723 - INFO - Fold 2 Results - Acc: 0.9091, F1: 0.9231, AUC: 0.9333, AP: 0.9484
2025-12-01 11:37:08,723 - INFO - 
--- Fold 3/5 ---
2025-12-01 11:37:08,723 - INFO - Train size: 44, Test size: 11
2025-12-01 11:37:08,724 - INFO - Train class balance - 0: 19, 1: 25
2025-12-01 11:37:08,724 - INFO - Test class balance  - 0: 5, 1: 6
2025-12-01 11:37:08,756 - INFO - Training fold 3 with early stopping (patience=50)...
2025-12-01 11:37:08,786 - INFO - Epoch 1/200 | Train Loss: 0.683198 | Val Loss: 1.739901 | Best Val Loss: inf (epoch 1)
2025-12-01 11:37:09,031 - INFO - Epoch 10/200 | Train Loss: 0.043944 | Val Loss: 2.412145 | Best Val Loss: inf (epoch 1)
2025-12-01 11:37:09,301 - INFO - Epoch 20/200 | Train Loss: 0.002046 | Val Loss: 2.501179 | Best Val Loss: inf (epoch 1)
2025-12-01 11:37:09,570 - INFO - Epoch 30/200 | Train Loss: 0.000160 | Val Loss: 3.057107 | Best Val Loss: inf (epoch 1)
2025-12-01 11:37:09,841 - INFO - Epoch 40/200 | Train Loss: 0.000062 | Val Loss: 3.419125 | Best Val Loss: inf (epoch 1)
2025-12-01 11:37:10,112 - INFO - Epoch 50/200 | Train Loss: 0.000043 | Val Loss: 3.517883 | Best Val Loss: inf (epoch 1)
2025-12-01 11:37:10,400 - INFO - Epoch 60/200 | Train Loss: 0.000029 | Val Loss: 3.568825 | Best Val Loss: 3.523344 (epoch 51)
2025-12-01 11:37:10,668 - INFO - Epoch 70/200 | Train Loss: 0.000034 | Val Loss: 3.605097 | Best Val Loss: 3.523344 (epoch 51)
2025-12-01 11:37:10,938 - INFO - Epoch 80/200 | Train Loss: 0.000016 | Val Loss: 3.646809 | Best Val Loss: 3.523344 (epoch 51)
2025-12-01 11:37:11,207 - INFO - Epoch 90/200 | Train Loss: 0.000027 | Val Loss: 3.912572 | Best Val Loss: 3.523344 (epoch 51)
2025-12-01 11:37:11,501 - INFO - Epoch 100/200 | Train Loss: 0.003161 | Val Loss: 4.421542 | Best Val Loss: 3.020027 (epoch 98)
2025-12-01 11:37:11,798 - INFO - Epoch 110/200 | Train Loss: 0.058399 | Val Loss: 4.766719 | Best Val Loss: 1.683300 (epoch 104)
2025-12-01 11:37:12,069 - INFO - Epoch 120/200 | Train Loss: 0.000074 | Val Loss: 6.126648 | Best Val Loss: 1.683300 (epoch 104)
2025-12-01 11:37:12,339 - INFO - Epoch 130/200 | Train Loss: 0.000035 | Val Loss: 21.958128 | Best Val Loss: 1.683300 (epoch 104)
2025-12-01 11:37:12,607 - INFO - Epoch 140/200 | Train Loss: 0.000052 | Val Loss: 21.997557 | Best Val Loss: 1.683300 (epoch 104)
2025-12-01 11:37:12,877 - INFO - Epoch 150/200 | Train Loss: 0.000017 | Val Loss: 22.019760 | Best Val Loss: 1.683300 (epoch 104)
2025-12-01 11:37:12,985 - INFO - Early stopping triggered at epoch 154! Best validation loss: 1.683300 at epoch 104
2025-12-01 11:37:13,010 - INFO - Loaded best model from epoch 104
2025-12-01 11:37:13,014 - INFO - Optimal Youden threshold: 0.0803
2025-12-01 11:37:13,027 - INFO - Fold 3 Results - Acc: 0.6364, F1: 0.7143, AUC: 0.4667, AP: 0.6161
2025-12-01 11:37:13,027 - INFO - 
--- Fold 4/5 ---
2025-12-01 11:37:13,027 - INFO - Train size: 44, Test size: 11
2025-12-01 11:37:13,027 - INFO - Train class balance - 0: 19, 1: 25
2025-12-01 11:37:13,027 - INFO - Test class balance  - 0: 5, 1: 6
2025-12-01 11:37:13,058 - INFO - Training fold 4 with early stopping (patience=50)...
2025-12-01 11:37:13,088 - INFO - Epoch 1/200 | Train Loss: 0.948886 | Val Loss: 1.217255 | Best Val Loss: inf (epoch 1)
2025-12-01 11:37:13,331 - INFO - Epoch 10/200 | Train Loss: 0.279476 | Val Loss: 3.010903 | Best Val Loss: inf (epoch 1)
2025-12-01 11:37:13,599 - INFO - Epoch 20/200 | Train Loss: 0.004664 | Val Loss: 2.540622 | Best Val Loss: inf (epoch 1)
2025-12-01 11:37:13,868 - INFO - Epoch 30/200 | Train Loss: 0.000027 | Val Loss: 4.040505 | Best Val Loss: inf (epoch 1)
2025-12-01 11:37:14,136 - INFO - Epoch 40/200 | Train Loss: 0.000024 | Val Loss: 4.111630 | Best Val Loss: inf (epoch 1)
2025-12-01 11:37:14,405 - INFO - Epoch 50/200 | Train Loss: 0.000026 | Val Loss: 4.162734 | Best Val Loss: inf (epoch 1)
2025-12-01 11:37:14,696 - INFO - Epoch 60/200 | Train Loss: 0.000017 | Val Loss: 4.218494 | Best Val Loss: 4.168516 (epoch 51)
2025-12-01 11:37:15,038 - INFO - Epoch 70/200 | Train Loss: 0.000264 | Val Loss: 3.647190 | Best Val Loss: 3.647190 (epoch 70)
2025-12-01 11:37:15,307 - INFO - Epoch 80/200 | Train Loss: 0.000015 | Val Loss: 4.004993 | Best Val Loss: 3.647190 (epoch 70)
2025-12-01 11:37:15,574 - INFO - Epoch 90/200 | Train Loss: 0.000010 | Val Loss: 4.407239 | Best Val Loss: 3.647190 (epoch 70)
2025-12-01 11:37:15,844 - INFO - Epoch 100/200 | Train Loss: 0.000008 | Val Loss: 4.445997 | Best Val Loss: 3.647190 (epoch 70)
2025-12-01 11:37:16,111 - INFO - Epoch 110/200 | Train Loss: 0.000007 | Val Loss: 4.484024 | Best Val Loss: 3.647190 (epoch 70)
2025-12-01 11:37:16,377 - INFO - Early stopping triggered at epoch 120! Best validation loss: 3.647190 at epoch 70
2025-12-01 11:37:16,395 - INFO - Loaded best model from epoch 70
2025-12-01 11:37:16,399 - INFO - Optimal Youden threshold: 1.0000
2025-12-01 11:37:16,410 - INFO - Fold 4 Results - Acc: 0.7273, F1: 0.6667, AUC: 0.7333, AP: 0.8302
2025-12-01 11:37:16,410 - INFO - 
--- Fold 5/5 ---
2025-12-01 11:37:16,410 - INFO - Train size: 44, Test size: 11
2025-12-01 11:37:16,411 - INFO - Train class balance - 0: 20, 1: 24
2025-12-01 11:37:16,411 - INFO - Test class balance  - 0: 4, 1: 7
2025-12-01 11:37:16,441 - INFO - Training fold 5 with early stopping (patience=50)...
2025-12-01 11:37:16,469 - INFO - Epoch 1/200 | Train Loss: 1.035148 | Val Loss: 0.656765 | Best Val Loss: inf (epoch 1)
2025-12-01 11:37:16,709 - INFO - Epoch 10/200 | Train Loss: 0.075672 | Val Loss: 1.747240 | Best Val Loss: inf (epoch 1)
2025-12-01 11:37:16,977 - INFO - Epoch 20/200 | Train Loss: 0.002079 | Val Loss: 3.112069 | Best Val Loss: inf (epoch 1)
2025-12-01 11:37:17,243 - INFO - Epoch 30/200 | Train Loss: 0.001874 | Val Loss: 1.850873 | Best Val Loss: inf (epoch 1)
2025-12-01 11:37:17,510 - INFO - Epoch 40/200 | Train Loss: 0.000642 | Val Loss: 2.092145 | Best Val Loss: inf (epoch 1)
2025-12-01 11:37:17,778 - INFO - Epoch 50/200 | Train Loss: 0.000108 | Val Loss: 3.450658 | Best Val Loss: inf (epoch 1)
2025-12-01 11:37:18,224 - INFO - Epoch 60/200 | Train Loss: 0.000481 | Val Loss: 3.214474 | Best Val Loss: 3.112873 (epoch 57)
2025-12-01 11:37:18,543 - INFO - Epoch 70/200 | Train Loss: 0.000758 | Val Loss: 0.824110 | Best Val Loss: 0.642745 (epoch 66)
2025-12-01 11:37:18,813 - INFO - Epoch 80/200 | Train Loss: 0.610815 | Val Loss: 3.811013 | Best Val Loss: 0.642745 (epoch 66)
2025-12-01 11:37:19,084 - INFO - Epoch 90/200 | Train Loss: 0.000002 | Val Loss: 3.146017 | Best Val Loss: 0.642745 (epoch 66)
2025-12-01 11:37:19,355 - INFO - Epoch 100/200 | Train Loss: 0.000004 | Val Loss: 3.120800 | Best Val Loss: 0.642745 (epoch 66)
2025-12-01 11:37:19,626 - INFO - Epoch 110/200 | Train Loss: 0.000007 | Val Loss: 3.131114 | Best Val Loss: 0.642745 (epoch 66)
2025-12-01 11:37:19,788 - INFO - Early stopping triggered at epoch 116! Best validation loss: 0.642745 at epoch 66
2025-12-01 11:37:19,807 - INFO - Loaded best model from epoch 66
2025-12-01 11:37:19,811 - INFO - Optimal Youden threshold: 0.9936
2025-12-01 11:37:19,824 - INFO - Fold 5 Results - Acc: 0.9091, F1: 0.9231, AUC: 0.8571, AP: 0.9481
2025-12-01 11:37:19,824 - INFO - 
============================================================
2025-12-01 11:37:19,824 - INFO - FINAL CROSS-VALIDATION RESULTS FOR: Treatment_Response_ALL_Thresh0.25
2025-12-01 11:37:19,824 - INFO - ACC       : 0.8000 ± 0.1060
2025-12-01 11:37:19,824 - INFO - F1        : 0.8054 ± 0.1051
2025-12-01 11:37:19,824 - INFO - PRECISION : 0.8964 ± 0.1466
2025-12-01 11:37:19,824 - INFO - RECALL    : 0.7714 ± 0.1721
2025-12-01 11:37:19,824 - INFO - AUC       : 0.7648 ± 0.1622
2025-12-01 11:37:19,825 - INFO - AP        : 0.8479 ± 0.1238
2025-12-01 11:37:19,825 - INFO - ============================================================

2025-12-01 11:37:19,830 - INFO - Results saved to final_results_Treatment_Response_ALL_Thresh0.25.json
2025-12-01 11:37:19,830 - INFO - Total execution time: 17.66 seconds
2025-12-01 11:37:28,334 - INFO - Using device: cuda
2025-12-01 11:37:28,335 - INFO - Hyperparameters: {
  "batch_size": 8,
  "learning_rate": 0.0005,
  "num_epochs": 200,
  "hidden_dim": 512,
  "num_blocks": 8,
  "dropout": 0.3,
  "feature_type": "ALL",
  "improvement_threshold": 0.25
}
2025-12-01 11:37:28,335 - INFO - Starting treatment response prediction pipeline
2025-12-01 11:37:28,335 - INFO - Building diff file index (mean_anomaly & mean_distortion)...
2025-12-01 11:37:28,336 - WARNING - Duplicate patient ID found: stn02, skipping additional entry
2025-12-01 11:37:28,337 - WARNING - Duplicate patient ID found: gpi11, skipping additional entry
2025-12-01 11:37:28,337 - WARNING - Duplicate patient ID found: gpi02, skipping additional entry
2025-12-01 11:37:28,337 - WARNING - Duplicate patient ID found: gpi19, skipping additional entry
2025-12-01 11:37:28,337 - WARNING - Duplicate patient ID found: stn23, skipping additional entry
2025-12-01 11:37:28,337 - WARNING - Duplicate patient ID found: stn03, skipping additional entry
2025-12-01 11:37:28,337 - WARNING - Duplicate patient ID found: gpi20, skipping additional entry
2025-12-01 11:37:28,338 - WARNING - Duplicate patient ID found: stn04, skipping additional entry
2025-12-01 11:37:28,338 - WARNING - Duplicate patient ID found: stn24, skipping additional entry
2025-12-01 11:37:28,338 - WARNING - Duplicate patient ID found: gpi04, skipping additional entry
2025-12-01 11:37:28,338 - WARNING - Duplicate patient ID found: gpi15, skipping additional entry
2025-12-01 11:37:28,338 - WARNING - Duplicate patient ID found: stn19, skipping additional entry
2025-12-01 11:37:28,338 - WARNING - Duplicate patient ID found: stn08, skipping additional entry
2025-12-01 11:37:28,338 - WARNING - Duplicate patient ID found: stn11, skipping additional entry
2025-12-01 11:37:28,338 - WARNING - Duplicate patient ID found: gpi07, skipping additional entry
2025-12-01 11:37:28,338 - WARNING - Duplicate patient ID found: gpi26, skipping additional entry
2025-12-01 11:37:28,339 - WARNING - Duplicate patient ID found: stn13, skipping additional entry
2025-12-01 11:37:28,339 - WARNING - Duplicate patient ID found: gpi06, skipping additional entry
2025-12-01 11:37:28,339 - WARNING - Duplicate patient ID found: stn30, skipping additional entry
2025-12-01 11:37:28,339 - WARNING - Duplicate patient ID found: stn18, skipping additional entry
2025-12-01 11:37:28,339 - WARNING - Duplicate patient ID found: gpi24, skipping additional entry
2025-12-01 11:37:28,339 - WARNING - Duplicate patient ID found: gpi13, skipping additional entry
2025-12-01 11:37:28,339 - WARNING - Duplicate patient ID found: stn07, skipping additional entry
2025-12-01 11:37:28,339 - WARNING - Duplicate patient ID found: stn20, skipping additional entry
2025-12-01 11:37:28,339 - WARNING - Duplicate patient ID found: gpi12, skipping additional entry
2025-12-01 11:37:28,340 - WARNING - Duplicate patient ID found: stn01, skipping additional entry
2025-12-01 11:37:28,340 - WARNING - Duplicate patient ID found: gpi22, skipping additional entry
2025-12-01 11:37:28,340 - WARNING - Duplicate patient ID found: gpi18, skipping additional entry
2025-12-01 11:37:28,340 - WARNING - Duplicate patient ID found: gpi09, skipping additional entry
2025-12-01 11:37:28,340 - WARNING - Duplicate patient ID found: gpi25, skipping additional entry
2025-12-01 11:37:28,340 - WARNING - Duplicate patient ID found: stn29, skipping additional entry
2025-12-01 11:37:28,340 - WARNING - Duplicate patient ID found: gpi31, skipping additional entry
2025-12-01 11:37:28,340 - WARNING - Duplicate patient ID found: stn10, skipping additional entry
2025-12-01 11:37:28,340 - WARNING - Duplicate patient ID found: gpi28, skipping additional entry
2025-12-01 11:37:28,340 - WARNING - Duplicate patient ID found: stn31, skipping additional entry
2025-12-01 11:37:28,341 - WARNING - Duplicate patient ID found: gpi03, skipping additional entry
2025-12-01 11:37:28,341 - WARNING - Duplicate patient ID found: gpi05, skipping additional entry
2025-12-01 11:37:28,341 - WARNING - Duplicate patient ID found: stn25, skipping additional entry
2025-12-01 11:37:28,341 - WARNING - Duplicate patient ID found: gpi08, skipping additional entry
2025-12-01 11:37:28,341 - WARNING - Duplicate patient ID found: gpi27, skipping additional entry
2025-12-01 11:37:28,341 - WARNING - Duplicate patient ID found: stn16, skipping additional entry
2025-12-01 11:37:28,341 - WARNING - Duplicate patient ID found: gpi23, skipping additional entry
2025-12-01 11:37:28,341 - WARNING - Duplicate patient ID found: stn09, skipping additional entry
2025-12-01 11:37:28,341 - WARNING - Duplicate patient ID found: stn28, skipping additional entry
2025-12-01 11:37:28,341 - WARNING - Duplicate patient ID found: stn06, skipping additional entry
2025-12-01 11:37:28,341 - WARNING - Duplicate patient ID found: stn12, skipping additional entry
2025-12-01 11:37:28,341 - WARNING - Duplicate patient ID found: gpi16, skipping additional entry
2025-12-01 11:37:28,342 - WARNING - Duplicate patient ID found: gpi30, skipping additional entry
2025-12-01 11:37:28,342 - WARNING - Duplicate patient ID found: stn21, skipping additional entry
2025-12-01 11:37:28,342 - WARNING - Duplicate patient ID found: stn22, skipping additional entry
2025-12-01 11:37:28,342 - WARNING - Duplicate patient ID found: stn14, skipping additional entry
2025-12-01 11:37:28,342 - WARNING - Duplicate patient ID found: gpi17, skipping additional entry
2025-12-01 11:37:28,342 - WARNING - Duplicate patient ID found: gpi21, skipping additional entry
2025-12-01 11:37:28,342 - WARNING - Duplicate patient ID found: gpi32, skipping additional entry
2025-12-01 11:37:28,342 - WARNING - Duplicate patient ID found: stn15, skipping additional entry
2025-12-01 11:37:28,342 - INFO - Built diff index with 71 patients
2025-12-01 11:37:28,342 - INFO - Parsing UPDRS data with diff features...
2025-12-01 11:37:28,356 - INFO - Found 55 valid samples
2025-12-01 11:37:28,356 - INFO - Preparing feature matrices with diff features...
2025-12-01 11:37:28,393 - INFO - Feature matrix shape: (55, 365), Class distribution: [24 31]
2025-12-01 11:37:28,394 - INFO - 
============================================================
2025-12-01 11:37:28,394 - INFO - Starting Cross-Validation Experiment: Treatment_Response_ALL_Thresh0.25
2025-12-01 11:37:28,394 - INFO - Total samples: 55 | Class distribution: [24 31]
2025-12-01 11:37:28,395 - INFO - 
--- Fold 1/5 ---
2025-12-01 11:37:28,395 - INFO - Train size: 44, Test size: 11
2025-12-01 11:37:28,395 - INFO - Train class balance - 0: 19, 1: 25
2025-12-01 11:37:28,395 - INFO - Test class balance  - 0: 5, 1: 6
2025-12-01 11:37:29,346 - INFO - Training fold 1 with early stopping (patience=50)...
2025-12-01 11:37:29,512 - INFO - Epoch 1/200 | Train Loss: 0.743492 | Val Loss: 0.669666 | Best Val Loss: inf (epoch 1)
2025-12-01 11:37:29,754 - INFO - Epoch 10/200 | Train Loss: 0.065888 | Val Loss: 2.446401 | Best Val Loss: inf (epoch 1)
2025-12-01 11:37:30,021 - INFO - Epoch 20/200 | Train Loss: 0.000739 | Val Loss: 1.689176 | Best Val Loss: inf (epoch 1)
2025-12-01 11:37:30,287 - INFO - Epoch 30/200 | Train Loss: 0.000084 | Val Loss: 2.069667 | Best Val Loss: inf (epoch 1)
2025-12-01 11:37:30,553 - INFO - Epoch 40/200 | Train Loss: 0.000054 | Val Loss: 2.206175 | Best Val Loss: inf (epoch 1)
2025-12-01 11:37:30,819 - INFO - Epoch 50/200 | Train Loss: 0.000113 | Val Loss: 2.257876 | Best Val Loss: inf (epoch 1)
2025-12-01 11:37:31,108 - INFO - Epoch 60/200 | Train Loss: 0.000029 | Val Loss: 2.308738 | Best Val Loss: 2.265817 (epoch 51)
2025-12-01 11:37:31,373 - INFO - Epoch 70/200 | Train Loss: 0.000029 | Val Loss: 2.350710 | Best Val Loss: 2.265817 (epoch 51)
2025-12-01 11:37:31,641 - INFO - Epoch 80/200 | Train Loss: 0.000036 | Val Loss: 2.383122 | Best Val Loss: 2.265817 (epoch 51)
2025-12-01 11:37:31,907 - INFO - Epoch 90/200 | Train Loss: 0.000022 | Val Loss: 2.419487 | Best Val Loss: 2.265817 (epoch 51)
2025-12-01 11:37:32,176 - INFO - Epoch 100/200 | Train Loss: 0.000034 | Val Loss: 2.464664 | Best Val Loss: 2.265817 (epoch 51)
2025-12-01 11:37:32,203 - INFO - Early stopping triggered at epoch 101! Best validation loss: 2.265817 at epoch 51
2025-12-01 11:37:32,222 - INFO - Loaded best model from epoch 51
2025-12-01 11:37:32,225 - INFO - Optimal Youden threshold: 0.9997
2025-12-01 11:37:32,239 - INFO - Fold 1 Results - Acc: 0.8182, F1: 0.8333, AUC: 0.7333, AP: 0.8215
2025-12-01 11:37:32,239 - INFO - 
--- Fold 2/5 ---
2025-12-01 11:37:32,239 - INFO - Train size: 44, Test size: 11
2025-12-01 11:37:32,239 - INFO - Train class balance - 0: 19, 1: 25
2025-12-01 11:37:32,239 - INFO - Test class balance  - 0: 5, 1: 6
2025-12-01 11:37:32,270 - INFO - Training fold 2 with early stopping (patience=50)...
2025-12-01 11:37:32,300 - INFO - Epoch 1/200 | Train Loss: 0.736688 | Val Loss: 0.664035 | Best Val Loss: inf (epoch 1)
2025-12-01 11:37:32,545 - INFO - Epoch 10/200 | Train Loss: 0.055937 | Val Loss: 0.803973 | Best Val Loss: inf (epoch 1)
2025-12-01 11:37:32,815 - INFO - Epoch 20/200 | Train Loss: 0.067287 | Val Loss: 1.740858 | Best Val Loss: inf (epoch 1)
2025-12-01 11:37:33,083 - INFO - Epoch 30/200 | Train Loss: 0.000119 | Val Loss: 2.149722 | Best Val Loss: inf (epoch 1)
2025-12-01 11:37:33,352 - INFO - Epoch 40/200 | Train Loss: 0.000082 | Val Loss: 2.213690 | Best Val Loss: inf (epoch 1)
2025-12-01 11:37:33,618 - INFO - Epoch 50/200 | Train Loss: 0.000025 | Val Loss: 2.261005 | Best Val Loss: inf (epoch 1)
2025-12-01 11:37:33,905 - INFO - Epoch 60/200 | Train Loss: 0.000042 | Val Loss: 2.338320 | Best Val Loss: 2.266368 (epoch 51)
2025-12-01 11:37:34,198 - INFO - Epoch 70/200 | Train Loss: 0.000021 | Val Loss: 2.281298 | Best Val Loss: 2.185555 (epoch 68)
2025-12-01 11:37:34,464 - INFO - Epoch 80/200 | Train Loss: 0.000010 | Val Loss: 2.245030 | Best Val Loss: 2.185555 (epoch 68)
2025-12-01 11:37:34,730 - INFO - Epoch 90/200 | Train Loss: 0.000011 | Val Loss: 2.231412 | Best Val Loss: 2.185555 (epoch 68)
2025-12-01 11:37:34,997 - INFO - Epoch 100/200 | Train Loss: 0.000007 | Val Loss: 2.235534 | Best Val Loss: 2.185555 (epoch 68)
2025-12-01 11:37:35,262 - INFO - Epoch 110/200 | Train Loss: 0.000022 | Val Loss: 2.235251 | Best Val Loss: 2.185555 (epoch 68)
2025-12-01 11:37:35,475 - INFO - Early stopping triggered at epoch 118! Best validation loss: 2.185555 at epoch 68
2025-12-01 11:37:35,494 - INFO - Loaded best model from epoch 68
2025-12-01 11:37:35,498 - INFO - Optimal Youden threshold: 0.6412
2025-12-01 11:37:35,511 - INFO - Fold 2 Results - Acc: 0.8182, F1: 0.8333, AUC: 0.8667, AP: 0.8972
2025-12-01 11:37:35,511 - INFO - 
--- Fold 3/5 ---
2025-12-01 11:37:35,511 - INFO - Train size: 44, Test size: 11
2025-12-01 11:37:35,511 - INFO - Train class balance - 0: 19, 1: 25
2025-12-01 11:37:35,511 - INFO - Test class balance  - 0: 5, 1: 6
2025-12-01 11:37:35,542 - INFO - Training fold 3 with early stopping (patience=50)...
2025-12-01 11:37:35,571 - INFO - Epoch 1/200 | Train Loss: 0.809205 | Val Loss: 0.877824 | Best Val Loss: inf (epoch 1)
2025-12-01 11:37:35,812 - INFO - Epoch 10/200 | Train Loss: 0.001374 | Val Loss: 2.369269 | Best Val Loss: inf (epoch 1)
2025-12-01 11:37:36,080 - INFO - Epoch 20/200 | Train Loss: 0.000133 | Val Loss: 3.463446 | Best Val Loss: inf (epoch 1)
2025-12-01 11:37:36,348 - INFO - Epoch 30/200 | Train Loss: 0.000015 | Val Loss: 3.985041 | Best Val Loss: inf (epoch 1)
2025-12-01 11:37:36,620 - INFO - Epoch 40/200 | Train Loss: 0.211178 | Val Loss: 2.540933 | Best Val Loss: inf (epoch 1)
2025-12-01 11:37:36,889 - INFO - Epoch 50/200 | Train Loss: 0.349265 | Val Loss: 3.053680 | Best Val Loss: inf (epoch 1)
2025-12-01 11:37:37,203 - INFO - Epoch 60/200 | Train Loss: 0.000213 | Val Loss: 2.626777 | Best Val Loss: 1.289997 (epoch 52)
2025-12-01 11:37:37,469 - INFO - Epoch 70/200 | Train Loss: 0.000093 | Val Loss: 3.068096 | Best Val Loss: 1.289997 (epoch 52)
2025-12-01 11:37:37,735 - INFO - Epoch 80/200 | Train Loss: 0.002263 | Val Loss: 3.315975 | Best Val Loss: 1.289997 (epoch 52)
2025-12-01 11:37:38,001 - INFO - Epoch 90/200 | Train Loss: 0.000066 | Val Loss: 3.582024 | Best Val Loss: 1.289997 (epoch 52)
2025-12-01 11:37:38,267 - INFO - Epoch 100/200 | Train Loss: 0.000077 | Val Loss: 3.676039 | Best Val Loss: 1.289997 (epoch 52)
2025-12-01 11:37:38,320 - INFO - Early stopping triggered at epoch 102! Best validation loss: 1.289997 at epoch 52
2025-12-01 11:37:38,338 - INFO - Loaded best model from epoch 52
2025-12-01 11:37:38,342 - INFO - Optimal Youden threshold: 0.9702
2025-12-01 11:37:38,355 - INFO - Fold 3 Results - Acc: 0.7273, F1: 0.7273, AUC: 0.7000, AP: 0.8016
2025-12-01 11:37:38,355 - INFO - 
--- Fold 4/5 ---
2025-12-01 11:37:38,355 - INFO - Train size: 44, Test size: 11
2025-12-01 11:37:38,355 - INFO - Train class balance - 0: 19, 1: 25
2025-12-01 11:37:38,355 - INFO - Test class balance  - 0: 5, 1: 6
2025-12-01 11:37:38,387 - INFO - Training fold 4 with early stopping (patience=50)...
2025-12-01 11:37:38,416 - INFO - Epoch 1/200 | Train Loss: 0.627996 | Val Loss: 2.390703 | Best Val Loss: inf (epoch 1)
2025-12-01 11:37:38,658 - INFO - Epoch 10/200 | Train Loss: 0.003352 | Val Loss: 2.406390 | Best Val Loss: inf (epoch 1)
2025-12-01 11:37:38,927 - INFO - Epoch 20/200 | Train Loss: 0.000026 | Val Loss: 3.863364 | Best Val Loss: inf (epoch 1)
2025-12-01 11:37:39,194 - INFO - Epoch 30/200 | Train Loss: 0.012703 | Val Loss: 2.268002 | Best Val Loss: inf (epoch 1)
2025-12-01 11:37:39,462 - INFO - Epoch 40/200 | Train Loss: 0.101334 | Val Loss: 1.603996 | Best Val Loss: inf (epoch 1)
2025-12-01 11:37:39,735 - INFO - Epoch 50/200 | Train Loss: 0.064507 | Val Loss: 1.111112 | Best Val Loss: inf (epoch 1)
2025-12-01 11:37:40,029 - INFO - Epoch 60/200 | Train Loss: 0.000103 | Val Loss: 2.582503 | Best Val Loss: 1.200123 (epoch 51)
2025-12-01 11:37:40,301 - INFO - Epoch 70/200 | Train Loss: 0.000078 | Val Loss: 2.676003 | Best Val Loss: 1.200123 (epoch 51)
2025-12-01 11:37:40,574 - INFO - Epoch 80/200 | Train Loss: 0.000116 | Val Loss: 2.891078 | Best Val Loss: 1.200123 (epoch 51)
2025-12-01 11:37:40,847 - INFO - Epoch 90/200 | Train Loss: 0.000052 | Val Loss: 2.966454 | Best Val Loss: 1.200123 (epoch 51)
2025-12-01 11:37:41,116 - INFO - Epoch 100/200 | Train Loss: 0.000084 | Val Loss: 3.057258 | Best Val Loss: 1.200123 (epoch 51)
2025-12-01 11:37:41,143 - INFO - Early stopping triggered at epoch 101! Best validation loss: 1.200123 at epoch 51
2025-12-01 11:37:41,162 - INFO - Loaded best model from epoch 51
2025-12-01 11:37:41,165 - INFO - Optimal Youden threshold: 0.9559
2025-12-01 11:37:41,179 - INFO - Fold 4 Results - Acc: 0.8182, F1: 0.8000, AUC: 0.8000, AP: 0.8857
2025-12-01 11:37:41,179 - INFO - 
--- Fold 5/5 ---
2025-12-01 11:37:41,179 - INFO - Train size: 44, Test size: 11
2025-12-01 11:37:41,179 - INFO - Train class balance - 0: 20, 1: 24
2025-12-01 11:37:41,179 - INFO - Test class balance  - 0: 4, 1: 7
2025-12-01 11:37:41,209 - INFO - Training fold 5 with early stopping (patience=50)...
2025-12-01 11:37:41,238 - INFO - Epoch 1/200 | Train Loss: 0.682534 | Val Loss: 0.742535 | Best Val Loss: inf (epoch 1)
2025-12-01 11:37:41,480 - INFO - Epoch 10/200 | Train Loss: 0.080444 | Val Loss: 2.318477 | Best Val Loss: inf (epoch 1)
2025-12-01 11:37:41,749 - INFO - Epoch 20/200 | Train Loss: 0.000143 | Val Loss: 3.105962 | Best Val Loss: inf (epoch 1)
2025-12-01 11:37:42,019 - INFO - Epoch 30/200 | Train Loss: 0.000042 | Val Loss: 3.552648 | Best Val Loss: inf (epoch 1)
2025-12-01 11:37:42,289 - INFO - Epoch 40/200 | Train Loss: 0.000020 | Val Loss: 3.574696 | Best Val Loss: inf (epoch 1)
2025-12-01 11:37:42,557 - INFO - Epoch 50/200 | Train Loss: 0.006191 | Val Loss: 1.615279 | Best Val Loss: inf (epoch 1)
2025-12-01 11:37:42,846 - INFO - Epoch 60/200 | Train Loss: 0.000234 | Val Loss: 2.873461 | Best Val Loss: 1.651644 (epoch 51)
2025-12-01 11:37:43,116 - INFO - Epoch 70/200 | Train Loss: 0.000202 | Val Loss: 3.125548 | Best Val Loss: 1.651644 (epoch 51)
2025-12-01 11:37:43,384 - INFO - Epoch 80/200 | Train Loss: 0.000061 | Val Loss: 3.258226 | Best Val Loss: 1.651644 (epoch 51)
2025-12-01 11:37:43,652 - INFO - Epoch 90/200 | Train Loss: 0.000047 | Val Loss: 3.346419 | Best Val Loss: 1.651644 (epoch 51)
2025-12-01 11:37:43,922 - INFO - Epoch 100/200 | Train Loss: 0.000021 | Val Loss: 3.436856 | Best Val Loss: 1.651644 (epoch 51)
2025-12-01 11:37:43,949 - INFO - Early stopping triggered at epoch 101! Best validation loss: 1.651644 at epoch 51
2025-12-01 11:37:43,968 - INFO - Loaded best model from epoch 51
2025-12-01 11:37:43,971 - INFO - Optimal Youden threshold: 0.2865
2025-12-01 11:37:43,984 - INFO - Fold 5 Results - Acc: 0.7273, F1: 0.7692, AUC: 0.7143, AP: 0.8333
2025-12-01 11:37:43,984 - INFO - 
============================================================
2025-12-01 11:37:43,984 - INFO - FINAL CROSS-VALIDATION RESULTS FOR: Treatment_Response_ALL_Thresh0.25
2025-12-01 11:37:43,984 - INFO - ACC       : 0.7818 ± 0.0445
2025-12-01 11:37:43,984 - INFO - F1        : 0.7926 ± 0.0405
2025-12-01 11:37:43,985 - INFO - PRECISION : 0.8600 ± 0.0712
2025-12-01 11:37:43,985 - INFO - RECALL    : 0.7429 ± 0.0759
2025-12-01 11:37:43,985 - INFO - AUC       : 0.7629 ± 0.0622
2025-12-01 11:37:43,985 - INFO - AP        : 0.8479 ± 0.0372
2025-12-01 11:37:43,985 - INFO - ============================================================

2025-12-01 11:37:43,990 - INFO - Results saved to final_results_Treatment_Response_ALL_Thresh0.25.json
2025-12-01 11:37:43,990 - INFO - Total execution time: 15.66 seconds
2025-12-01 11:37:54,490 - INFO - Using device: cuda
2025-12-01 11:37:54,491 - INFO - Hyperparameters: {
  "batch_size": 8,
  "learning_rate": 0.0005,
  "num_epochs": 200,
  "hidden_dim": 512,
  "num_blocks": 6,
  "dropout": 0.3,
  "feature_type": "ALL",
  "improvement_threshold": 0.25
}
2025-12-01 11:37:54,491 - INFO - Starting treatment response prediction pipeline
2025-12-01 11:37:54,491 - INFO - Building diff file index (mean_anomaly & mean_distortion)...
2025-12-01 11:37:54,492 - WARNING - Duplicate patient ID found: stn02, skipping additional entry
2025-12-01 11:37:54,492 - WARNING - Duplicate patient ID found: gpi11, skipping additional entry
2025-12-01 11:37:54,493 - WARNING - Duplicate patient ID found: gpi02, skipping additional entry
2025-12-01 11:37:54,493 - WARNING - Duplicate patient ID found: gpi19, skipping additional entry
2025-12-01 11:37:54,493 - WARNING - Duplicate patient ID found: stn23, skipping additional entry
2025-12-01 11:37:54,493 - WARNING - Duplicate patient ID found: stn03, skipping additional entry
2025-12-01 11:37:54,493 - WARNING - Duplicate patient ID found: gpi20, skipping additional entry
2025-12-01 11:37:54,493 - WARNING - Duplicate patient ID found: stn04, skipping additional entry
2025-12-01 11:37:54,494 - WARNING - Duplicate patient ID found: stn24, skipping additional entry
2025-12-01 11:37:54,494 - WARNING - Duplicate patient ID found: gpi04, skipping additional entry
2025-12-01 11:37:54,494 - WARNING - Duplicate patient ID found: gpi15, skipping additional entry
2025-12-01 11:37:54,494 - WARNING - Duplicate patient ID found: stn19, skipping additional entry
2025-12-01 11:37:54,494 - WARNING - Duplicate patient ID found: stn08, skipping additional entry
2025-12-01 11:37:54,494 - WARNING - Duplicate patient ID found: stn11, skipping additional entry
2025-12-01 11:37:54,494 - WARNING - Duplicate patient ID found: gpi07, skipping additional entry
2025-12-01 11:37:54,494 - WARNING - Duplicate patient ID found: gpi26, skipping additional entry
2025-12-01 11:37:54,494 - WARNING - Duplicate patient ID found: stn13, skipping additional entry
2025-12-01 11:37:54,494 - WARNING - Duplicate patient ID found: gpi06, skipping additional entry
2025-12-01 11:37:54,494 - WARNING - Duplicate patient ID found: stn30, skipping additional entry
2025-12-01 11:37:54,495 - WARNING - Duplicate patient ID found: stn18, skipping additional entry
2025-12-01 11:37:54,495 - WARNING - Duplicate patient ID found: gpi24, skipping additional entry
2025-12-01 11:37:54,495 - WARNING - Duplicate patient ID found: gpi13, skipping additional entry
2025-12-01 11:37:54,495 - WARNING - Duplicate patient ID found: stn07, skipping additional entry
2025-12-01 11:37:54,495 - WARNING - Duplicate patient ID found: stn20, skipping additional entry
2025-12-01 11:37:54,495 - WARNING - Duplicate patient ID found: gpi12, skipping additional entry
2025-12-01 11:37:54,495 - WARNING - Duplicate patient ID found: stn01, skipping additional entry
2025-12-01 11:37:54,495 - WARNING - Duplicate patient ID found: gpi22, skipping additional entry
2025-12-01 11:37:54,495 - WARNING - Duplicate patient ID found: gpi18, skipping additional entry
2025-12-01 11:37:54,496 - WARNING - Duplicate patient ID found: gpi09, skipping additional entry
2025-12-01 11:37:54,496 - WARNING - Duplicate patient ID found: gpi25, skipping additional entry
2025-12-01 11:37:54,496 - WARNING - Duplicate patient ID found: stn29, skipping additional entry
2025-12-01 11:37:54,496 - WARNING - Duplicate patient ID found: gpi31, skipping additional entry
2025-12-01 11:37:54,496 - WARNING - Duplicate patient ID found: stn10, skipping additional entry
2025-12-01 11:37:54,496 - WARNING - Duplicate patient ID found: gpi28, skipping additional entry
2025-12-01 11:37:54,496 - WARNING - Duplicate patient ID found: stn31, skipping additional entry
2025-12-01 11:37:54,496 - WARNING - Duplicate patient ID found: gpi03, skipping additional entry
2025-12-01 11:37:54,496 - WARNING - Duplicate patient ID found: gpi05, skipping additional entry
2025-12-01 11:37:54,496 - WARNING - Duplicate patient ID found: stn25, skipping additional entry
2025-12-01 11:37:54,496 - WARNING - Duplicate patient ID found: gpi08, skipping additional entry
2025-12-01 11:37:54,496 - WARNING - Duplicate patient ID found: gpi27, skipping additional entry
2025-12-01 11:37:54,496 - WARNING - Duplicate patient ID found: stn16, skipping additional entry
2025-12-01 11:37:54,497 - WARNING - Duplicate patient ID found: gpi23, skipping additional entry
2025-12-01 11:37:54,497 - WARNING - Duplicate patient ID found: stn09, skipping additional entry
2025-12-01 11:37:54,497 - WARNING - Duplicate patient ID found: stn28, skipping additional entry
2025-12-01 11:37:54,497 - WARNING - Duplicate patient ID found: stn06, skipping additional entry
2025-12-01 11:37:54,497 - WARNING - Duplicate patient ID found: stn12, skipping additional entry
2025-12-01 11:37:54,497 - WARNING - Duplicate patient ID found: gpi16, skipping additional entry
2025-12-01 11:37:54,497 - WARNING - Duplicate patient ID found: gpi30, skipping additional entry
2025-12-01 11:37:54,497 - WARNING - Duplicate patient ID found: stn21, skipping additional entry
2025-12-01 11:37:54,497 - WARNING - Duplicate patient ID found: stn22, skipping additional entry
2025-12-01 11:37:54,497 - WARNING - Duplicate patient ID found: stn14, skipping additional entry
2025-12-01 11:37:54,497 - WARNING - Duplicate patient ID found: gpi17, skipping additional entry
2025-12-01 11:37:54,497 - WARNING - Duplicate patient ID found: gpi21, skipping additional entry
2025-12-01 11:37:54,497 - WARNING - Duplicate patient ID found: gpi32, skipping additional entry
2025-12-01 11:37:54,498 - WARNING - Duplicate patient ID found: stn15, skipping additional entry
2025-12-01 11:37:54,498 - INFO - Built diff index with 71 patients
2025-12-01 11:37:54,498 - INFO - Parsing UPDRS data with diff features...
2025-12-01 11:37:54,511 - INFO - Found 55 valid samples
2025-12-01 11:37:54,512 - INFO - Preparing feature matrices with diff features...
2025-12-01 11:37:54,545 - INFO - Feature matrix shape: (55, 365), Class distribution: [24 31]
2025-12-01 11:37:54,546 - INFO - 
============================================================
2025-12-01 11:37:54,546 - INFO - Starting Cross-Validation Experiment: Treatment_Response_ALL_Thresh0.25
2025-12-01 11:37:54,546 - INFO - Total samples: 55 | Class distribution: [24 31]
2025-12-01 11:37:54,547 - INFO - 
--- Fold 1/5 ---
2025-12-01 11:37:54,547 - INFO - Train size: 44, Test size: 11
2025-12-01 11:37:54,547 - INFO - Train class balance - 0: 19, 1: 25
2025-12-01 11:37:54,547 - INFO - Test class balance  - 0: 5, 1: 6
2025-12-01 11:37:55,331 - INFO - Training fold 1 with early stopping (patience=50)...
2025-12-01 11:37:55,488 - INFO - Epoch 1/200 | Train Loss: 0.810675 | Val Loss: 0.863840 | Best Val Loss: inf (epoch 1)
2025-12-01 11:37:55,687 - INFO - Epoch 10/200 | Train Loss: 0.043027 | Val Loss: 2.508772 | Best Val Loss: inf (epoch 1)
2025-12-01 11:37:55,909 - INFO - Epoch 20/200 | Train Loss: 0.000386 | Val Loss: 3.460254 | Best Val Loss: inf (epoch 1)
2025-12-01 11:37:56,132 - INFO - Epoch 30/200 | Train Loss: 0.000060 | Val Loss: 2.288291 | Best Val Loss: inf (epoch 1)
2025-12-01 11:37:56,355 - INFO - Epoch 40/200 | Train Loss: 0.000029 | Val Loss: 2.430722 | Best Val Loss: inf (epoch 1)
2025-12-01 11:37:56,579 - INFO - Epoch 50/200 | Train Loss: 0.000024 | Val Loss: 2.525308 | Best Val Loss: inf (epoch 1)
2025-12-01 11:37:56,817 - INFO - Epoch 60/200 | Train Loss: 0.000013 | Val Loss: 3.709933 | Best Val Loss: 3.195960 (epoch 51)
2025-12-01 11:37:57,139 - INFO - Epoch 70/200 | Train Loss: 0.000014 | Val Loss: 2.388609 | Best Val Loss: 2.388609 (epoch 70)
2025-12-01 11:37:57,403 - INFO - Epoch 80/200 | Train Loss: 0.204187 | Val Loss: 0.843328 | Best Val Loss: 0.440954 (epoch 75)
2025-12-01 11:37:57,710 - INFO - Epoch 90/200 | Train Loss: 0.000014 | Val Loss: 0.000598 | Best Val Loss: 0.000327 (epoch 89)
2025-12-01 11:37:57,932 - INFO - Epoch 100/200 | Train Loss: 0.000022 | Val Loss: 0.002750 | Best Val Loss: 0.000327 (epoch 89)
2025-12-01 11:37:58,153 - INFO - Epoch 110/200 | Train Loss: 0.000018 | Val Loss: 0.002562 | Best Val Loss: 0.000327 (epoch 89)
2025-12-01 11:37:58,374 - INFO - Epoch 120/200 | Train Loss: 0.000009 | Val Loss: 0.002453 | Best Val Loss: 0.000327 (epoch 89)
2025-12-01 11:37:58,595 - INFO - Epoch 130/200 | Train Loss: 0.000011 | Val Loss: 0.002420 | Best Val Loss: 0.000327 (epoch 89)
2025-12-01 11:37:58,795 - INFO - Early stopping triggered at epoch 139! Best validation loss: 0.000327 at epoch 89
2025-12-01 11:37:58,812 - INFO - Loaded best model from epoch 89
2025-12-01 11:37:58,815 - INFO - Optimal Youden threshold: 0.9992
2025-12-01 11:37:58,832 - INFO - Fold 1 Results - Acc: 1.0000, F1: 1.0000, AUC: 1.0000, AP: 1.0000
2025-12-01 11:37:58,833 - INFO - 
--- Fold 2/5 ---
2025-12-01 11:37:58,833 - INFO - Train size: 44, Test size: 11
2025-12-01 11:37:58,833 - INFO - Train class balance - 0: 19, 1: 25
2025-12-01 11:37:58,833 - INFO - Test class balance  - 0: 5, 1: 6
2025-12-01 11:37:58,859 - INFO - Training fold 2 with early stopping (patience=50)...
2025-12-01 11:37:58,883 - INFO - Epoch 1/200 | Train Loss: 0.812868 | Val Loss: 0.646384 | Best Val Loss: inf (epoch 1)
2025-12-01 11:37:59,082 - INFO - Epoch 10/200 | Train Loss: 0.272185 | Val Loss: 0.950049 | Best Val Loss: inf (epoch 1)
2025-12-01 11:37:59,302 - INFO - Epoch 20/200 | Train Loss: 0.000223 | Val Loss: 2.358241 | Best Val Loss: inf (epoch 1)
2025-12-01 11:37:59,522 - INFO - Epoch 30/200 | Train Loss: 0.000138 | Val Loss: 2.521294 | Best Val Loss: inf (epoch 1)
2025-12-01 11:37:59,741 - INFO - Epoch 40/200 | Train Loss: 0.000054 | Val Loss: 2.687846 | Best Val Loss: inf (epoch 1)
2025-12-01 11:37:59,963 - INFO - Epoch 50/200 | Train Loss: 0.000041 | Val Loss: 2.787542 | Best Val Loss: inf (epoch 1)
2025-12-01 11:38:00,203 - INFO - Epoch 60/200 | Train Loss: 0.000055 | Val Loss: 2.878564 | Best Val Loss: 2.797079 (epoch 51)
2025-12-01 11:38:00,423 - INFO - Epoch 70/200 | Train Loss: 0.000034 | Val Loss: 2.945097 | Best Val Loss: 2.797079 (epoch 51)
2025-12-01 11:38:00,645 - INFO - Epoch 80/200 | Train Loss: 0.000029 | Val Loss: 3.015175 | Best Val Loss: 2.797079 (epoch 51)
2025-12-01 11:38:00,868 - INFO - Epoch 90/200 | Train Loss: 0.000027 | Val Loss: 3.067627 | Best Val Loss: 2.797079 (epoch 51)
2025-12-01 11:38:01,089 - INFO - Epoch 100/200 | Train Loss: 0.000024 | Val Loss: 3.115205 | Best Val Loss: 2.797079 (epoch 51)
2025-12-01 11:38:01,111 - INFO - Early stopping triggered at epoch 101! Best validation loss: 2.797079 at epoch 51
2025-12-01 11:38:01,127 - INFO - Loaded best model from epoch 51
2025-12-01 11:38:01,130 - INFO - Optimal Youden threshold: 0.0000
2025-12-01 11:38:01,143 - INFO - Fold 2 Results - Acc: 0.9091, F1: 0.9231, AUC: 0.9333, AP: 0.9484
2025-12-01 11:38:01,143 - INFO - 
--- Fold 3/5 ---
2025-12-01 11:38:01,143 - INFO - Train size: 44, Test size: 11
2025-12-01 11:38:01,143 - INFO - Train class balance - 0: 19, 1: 25
2025-12-01 11:38:01,143 - INFO - Test class balance  - 0: 5, 1: 6
2025-12-01 11:38:01,168 - INFO - Training fold 3 with early stopping (patience=50)...
2025-12-01 11:38:01,191 - INFO - Epoch 1/200 | Train Loss: 0.777195 | Val Loss: 1.034240 | Best Val Loss: inf (epoch 1)
2025-12-01 11:38:01,389 - INFO - Epoch 10/200 | Train Loss: 0.019533 | Val Loss: 1.791005 | Best Val Loss: inf (epoch 1)
2025-12-01 11:38:01,609 - INFO - Epoch 20/200 | Train Loss: 0.000316 | Val Loss: 2.491727 | Best Val Loss: inf (epoch 1)
2025-12-01 11:38:01,829 - INFO - Epoch 30/200 | Train Loss: 0.000276 | Val Loss: 2.958348 | Best Val Loss: inf (epoch 1)
2025-12-01 11:38:02,053 - INFO - Epoch 40/200 | Train Loss: 0.015097 | Val Loss: 4.116668 | Best Val Loss: inf (epoch 1)
2025-12-01 11:38:02,273 - INFO - Epoch 50/200 | Train Loss: 0.002181 | Val Loss: 2.161883 | Best Val Loss: inf (epoch 1)
2025-12-01 11:38:02,550 - INFO - Epoch 60/200 | Train Loss: 0.000309 | Val Loss: 4.011122 | Best Val Loss: 1.683825 (epoch 54)
2025-12-01 11:38:02,772 - INFO - Epoch 70/200 | Train Loss: 0.000060 | Val Loss: 5.039085 | Best Val Loss: 1.683825 (epoch 54)
2025-12-01 11:38:02,992 - INFO - Epoch 80/200 | Train Loss: 0.000021 | Val Loss: 5.103571 | Best Val Loss: 1.683825 (epoch 54)
2025-12-01 11:38:03,213 - INFO - Epoch 90/200 | Train Loss: 0.000020 | Val Loss: 5.166169 | Best Val Loss: 1.683825 (epoch 54)
2025-12-01 11:38:03,433 - INFO - Epoch 100/200 | Train Loss: 0.000028 | Val Loss: 5.225171 | Best Val Loss: 1.683825 (epoch 54)
2025-12-01 11:38:03,522 - INFO - Early stopping triggered at epoch 104! Best validation loss: 1.683825 at epoch 54
2025-12-01 11:38:03,537 - INFO - Loaded best model from epoch 54
2025-12-01 11:38:03,540 - INFO - Optimal Youden threshold: 0.9854
2025-12-01 11:38:03,552 - INFO - Fold 3 Results - Acc: 0.6364, F1: 0.6000, AUC: 0.6333, AP: 0.7181
2025-12-01 11:38:03,553 - INFO - 
--- Fold 4/5 ---
2025-12-01 11:38:03,553 - INFO - Train size: 44, Test size: 11
2025-12-01 11:38:03,553 - INFO - Train class balance - 0: 19, 1: 25
2025-12-01 11:38:03,553 - INFO - Test class balance  - 0: 5, 1: 6
2025-12-01 11:38:03,577 - INFO - Training fold 4 with early stopping (patience=50)...
2025-12-01 11:38:03,602 - INFO - Epoch 1/200 | Train Loss: 0.678415 | Val Loss: 0.715320 | Best Val Loss: inf (epoch 1)
2025-12-01 11:38:03,803 - INFO - Epoch 10/200 | Train Loss: 0.000541 | Val Loss: 3.262611 | Best Val Loss: inf (epoch 1)
2025-12-01 11:38:04,025 - INFO - Epoch 20/200 | Train Loss: 0.142133 | Val Loss: 1.735613 | Best Val Loss: inf (epoch 1)
2025-12-01 11:38:04,249 - INFO - Epoch 30/200 | Train Loss: 0.000119 | Val Loss: 3.631887 | Best Val Loss: inf (epoch 1)
2025-12-01 11:38:04,472 - INFO - Epoch 40/200 | Train Loss: 0.000057 | Val Loss: 4.166963 | Best Val Loss: inf (epoch 1)
2025-12-01 11:38:04,693 - INFO - Epoch 50/200 | Train Loss: 0.000055 | Val Loss: 4.319221 | Best Val Loss: inf (epoch 1)
2025-12-01 11:38:04,951 - INFO - Epoch 60/200 | Train Loss: 0.000039 | Val Loss: 4.317687 | Best Val Loss: 4.306241 (epoch 52)
2025-12-01 11:38:05,173 - INFO - Epoch 70/200 | Train Loss: 0.000015 | Val Loss: 4.333360 | Best Val Loss: 4.306241 (epoch 52)
2025-12-01 11:38:05,394 - INFO - Epoch 80/200 | Train Loss: 0.000019 | Val Loss: 4.350519 | Best Val Loss: 4.306241 (epoch 52)
2025-12-01 11:38:05,616 - INFO - Epoch 90/200 | Train Loss: 0.000019 | Val Loss: 4.367593 | Best Val Loss: 4.306241 (epoch 52)
2025-12-01 11:38:05,839 - INFO - Epoch 100/200 | Train Loss: 0.000006 | Val Loss: 4.379172 | Best Val Loss: 4.306241 (epoch 52)
2025-12-01 11:38:05,884 - INFO - Early stopping triggered at epoch 102! Best validation loss: 4.306241 at epoch 52
2025-12-01 11:38:05,900 - INFO - Loaded best model from epoch 52
2025-12-01 11:38:05,903 - INFO - Optimal Youden threshold: 0.0000
2025-12-01 11:38:05,916 - INFO - Fold 4 Results - Acc: 0.7273, F1: 0.8000, AUC: 0.7000, AP: 0.7847
2025-12-01 11:38:05,916 - INFO - 
--- Fold 5/5 ---
2025-12-01 11:38:05,916 - INFO - Train size: 44, Test size: 11
2025-12-01 11:38:05,916 - INFO - Train class balance - 0: 20, 1: 24
2025-12-01 11:38:05,916 - INFO - Test class balance  - 0: 4, 1: 7
2025-12-01 11:38:05,941 - INFO - Training fold 5 with early stopping (patience=50)...
2025-12-01 11:38:05,965 - INFO - Epoch 1/200 | Train Loss: 0.784232 | Val Loss: 0.593308 | Best Val Loss: inf (epoch 1)
2025-12-01 11:38:06,166 - INFO - Epoch 10/200 | Train Loss: 0.094047 | Val Loss: 0.358274 | Best Val Loss: inf (epoch 1)
2025-12-01 11:38:06,388 - INFO - Epoch 20/200 | Train Loss: 0.008710 | Val Loss: 3.158569 | Best Val Loss: inf (epoch 1)
2025-12-01 11:38:06,609 - INFO - Epoch 30/200 | Train Loss: 0.000126 | Val Loss: 1.766231 | Best Val Loss: inf (epoch 1)
2025-12-01 11:38:06,831 - INFO - Epoch 40/200 | Train Loss: 0.000020 | Val Loss: 1.816126 | Best Val Loss: inf (epoch 1)
2025-12-01 11:38:07,055 - INFO - Epoch 50/200 | Train Loss: 0.000020 | Val Loss: 1.929993 | Best Val Loss: inf (epoch 1)
2025-12-01 11:38:07,295 - INFO - Epoch 60/200 | Train Loss: 0.000008 | Val Loss: 1.955872 | Best Val Loss: 1.932628 (epoch 51)
2025-12-01 11:38:07,518 - INFO - Epoch 70/200 | Train Loss: 0.000009 | Val Loss: 1.998823 | Best Val Loss: 1.932628 (epoch 51)
2025-12-01 11:38:07,740 - INFO - Epoch 80/200 | Train Loss: 0.000012 | Val Loss: 2.028921 | Best Val Loss: 1.932628 (epoch 51)
2025-12-01 11:38:07,967 - INFO - Epoch 90/200 | Train Loss: 0.000012 | Val Loss: 2.048465 | Best Val Loss: 1.932628 (epoch 51)
2025-12-01 11:38:08,192 - INFO - Epoch 100/200 | Train Loss: 0.000014 | Val Loss: 2.067949 | Best Val Loss: 1.932628 (epoch 51)
2025-12-01 11:38:08,214 - INFO - Early stopping triggered at epoch 101! Best validation loss: 1.932628 at epoch 51
2025-12-01 11:38:08,230 - INFO - Loaded best model from epoch 51
2025-12-01 11:38:08,233 - INFO - Optimal Youden threshold: 0.0000
2025-12-01 11:38:08,246 - INFO - Fold 5 Results - Acc: 0.9091, F1: 0.9333, AUC: 0.9286, AP: 0.9617
2025-12-01 11:38:08,247 - INFO - 
============================================================
2025-12-01 11:38:08,247 - INFO - FINAL CROSS-VALIDATION RESULTS FOR: Treatment_Response_ALL_Thresh0.25
2025-12-01 11:38:08,247 - INFO - ACC       : 0.8364 ± 0.1336
2025-12-01 11:38:08,247 - INFO - F1        : 0.8513 ± 0.1413
2025-12-01 11:38:08,247 - INFO - PRECISION : 0.8298 ± 0.1138
2025-12-01 11:38:08,247 - INFO - RECALL    : 0.9000 ± 0.2000
2025-12-01 11:38:08,247 - INFO - AUC       : 0.8390 ± 0.1445
2025-12-01 11:38:08,247 - INFO - AP        : 0.8826 ± 0.1105
2025-12-01 11:38:08,247 - INFO - ============================================================

2025-12-01 11:38:08,251 - INFO - Results saved to final_results_Treatment_Response_ALL_Thresh0.25.json
2025-12-01 11:38:08,251 - INFO - Total execution time: 13.76 seconds
2025-12-01 11:39:30,087 - INFO - Using device: cuda
2025-12-01 11:39:30,087 - INFO - Hyperparameters: {
  "batch_size": 8,
  "learning_rate": 0.0005,
  "num_epochs": 200,
  "hidden_dim": 512,
  "num_blocks": 6,
  "dropout": 0.35,
  "feature_type": "ALL",
  "improvement_threshold": 0.25
}
2025-12-01 11:39:30,087 - INFO - Starting treatment response prediction pipeline
2025-12-01 11:39:30,087 - INFO - Building diff file index (mean_anomaly & mean_distortion)...
2025-12-01 11:39:30,089 - WARNING - Duplicate patient ID found: stn02, skipping additional entry
2025-12-01 11:39:30,090 - WARNING - Duplicate patient ID found: gpi11, skipping additional entry
2025-12-01 11:39:30,090 - WARNING - Duplicate patient ID found: gpi02, skipping additional entry
2025-12-01 11:39:30,090 - WARNING - Duplicate patient ID found: gpi19, skipping additional entry
2025-12-01 11:39:30,090 - WARNING - Duplicate patient ID found: stn23, skipping additional entry
2025-12-01 11:39:30,090 - WARNING - Duplicate patient ID found: stn03, skipping additional entry
2025-12-01 11:39:30,091 - WARNING - Duplicate patient ID found: gpi20, skipping additional entry
2025-12-01 11:39:30,091 - WARNING - Duplicate patient ID found: stn04, skipping additional entry
2025-12-01 11:39:30,091 - WARNING - Duplicate patient ID found: stn24, skipping additional entry
2025-12-01 11:39:30,091 - WARNING - Duplicate patient ID found: gpi04, skipping additional entry
2025-12-01 11:39:30,091 - WARNING - Duplicate patient ID found: gpi15, skipping additional entry
2025-12-01 11:39:30,091 - WARNING - Duplicate patient ID found: stn19, skipping additional entry
2025-12-01 11:39:30,091 - WARNING - Duplicate patient ID found: stn08, skipping additional entry
2025-12-01 11:39:30,091 - WARNING - Duplicate patient ID found: stn11, skipping additional entry
2025-12-01 11:39:30,092 - WARNING - Duplicate patient ID found: gpi07, skipping additional entry
2025-12-01 11:39:30,092 - WARNING - Duplicate patient ID found: gpi26, skipping additional entry
2025-12-01 11:39:30,092 - WARNING - Duplicate patient ID found: stn13, skipping additional entry
2025-12-01 11:39:30,092 - WARNING - Duplicate patient ID found: gpi06, skipping additional entry
2025-12-01 11:39:30,092 - WARNING - Duplicate patient ID found: stn30, skipping additional entry
2025-12-01 11:39:30,092 - WARNING - Duplicate patient ID found: stn18, skipping additional entry
2025-12-01 11:39:30,092 - WARNING - Duplicate patient ID found: gpi24, skipping additional entry
2025-12-01 11:39:30,092 - WARNING - Duplicate patient ID found: gpi13, skipping additional entry
2025-12-01 11:39:30,092 - WARNING - Duplicate patient ID found: stn07, skipping additional entry
2025-12-01 11:39:30,092 - WARNING - Duplicate patient ID found: stn20, skipping additional entry
2025-12-01 11:39:30,093 - WARNING - Duplicate patient ID found: gpi12, skipping additional entry
2025-12-01 11:39:30,093 - WARNING - Duplicate patient ID found: stn01, skipping additional entry
2025-12-01 11:39:30,093 - WARNING - Duplicate patient ID found: gpi22, skipping additional entry
2025-12-01 11:39:30,093 - WARNING - Duplicate patient ID found: gpi18, skipping additional entry
2025-12-01 11:39:30,093 - WARNING - Duplicate patient ID found: gpi09, skipping additional entry
2025-12-01 11:39:30,093 - WARNING - Duplicate patient ID found: gpi25, skipping additional entry
2025-12-01 11:39:30,093 - WARNING - Duplicate patient ID found: stn29, skipping additional entry
2025-12-01 11:39:30,093 - WARNING - Duplicate patient ID found: gpi31, skipping additional entry
2025-12-01 11:39:30,093 - WARNING - Duplicate patient ID found: stn10, skipping additional entry
2025-12-01 11:39:30,094 - WARNING - Duplicate patient ID found: gpi28, skipping additional entry
2025-12-01 11:39:30,094 - WARNING - Duplicate patient ID found: stn31, skipping additional entry
2025-12-01 11:39:30,094 - WARNING - Duplicate patient ID found: gpi03, skipping additional entry
2025-12-01 11:39:30,094 - WARNING - Duplicate patient ID found: gpi05, skipping additional entry
2025-12-01 11:39:30,094 - WARNING - Duplicate patient ID found: stn25, skipping additional entry
2025-12-01 11:39:30,094 - WARNING - Duplicate patient ID found: gpi08, skipping additional entry
2025-12-01 11:39:30,094 - WARNING - Duplicate patient ID found: gpi27, skipping additional entry
2025-12-01 11:39:30,094 - WARNING - Duplicate patient ID found: stn16, skipping additional entry
2025-12-01 11:39:30,094 - WARNING - Duplicate patient ID found: gpi23, skipping additional entry
2025-12-01 11:39:30,094 - WARNING - Duplicate patient ID found: stn09, skipping additional entry
2025-12-01 11:39:30,094 - WARNING - Duplicate patient ID found: stn28, skipping additional entry
2025-12-01 11:39:30,094 - WARNING - Duplicate patient ID found: stn06, skipping additional entry
2025-12-01 11:39:30,095 - WARNING - Duplicate patient ID found: stn12, skipping additional entry
2025-12-01 11:39:30,095 - WARNING - Duplicate patient ID found: gpi16, skipping additional entry
2025-12-01 11:39:30,095 - WARNING - Duplicate patient ID found: gpi30, skipping additional entry
2025-12-01 11:39:30,095 - WARNING - Duplicate patient ID found: stn21, skipping additional entry
2025-12-01 11:39:30,095 - WARNING - Duplicate patient ID found: stn22, skipping additional entry
2025-12-01 11:39:30,095 - WARNING - Duplicate patient ID found: stn14, skipping additional entry
2025-12-01 11:39:30,095 - WARNING - Duplicate patient ID found: gpi17, skipping additional entry
2025-12-01 11:39:30,095 - WARNING - Duplicate patient ID found: gpi21, skipping additional entry
2025-12-01 11:39:30,095 - WARNING - Duplicate patient ID found: gpi32, skipping additional entry
2025-12-01 11:39:30,095 - WARNING - Duplicate patient ID found: stn15, skipping additional entry
2025-12-01 11:39:30,095 - INFO - Built diff index with 71 patients
2025-12-01 11:39:30,095 - INFO - Parsing UPDRS data with diff features...
2025-12-01 11:39:30,110 - INFO - Found 55 valid samples
2025-12-01 11:39:30,110 - INFO - Preparing feature matrices with diff features...
2025-12-01 11:39:30,143 - INFO - Feature matrix shape: (55, 365), Class distribution: [24 31]
2025-12-01 11:39:30,143 - INFO - 
============================================================
2025-12-01 11:39:30,143 - INFO - Starting Cross-Validation Experiment: Treatment_Response_ALL_Thresh0.25
2025-12-01 11:39:30,143 - INFO - Total samples: 55 | Class distribution: [24 31]
2025-12-01 11:39:30,144 - INFO - 
--- Fold 1/5 ---
2025-12-01 11:39:30,144 - INFO - Train size: 44, Test size: 11
2025-12-01 11:39:30,144 - INFO - Train class balance - 0: 19, 1: 25
2025-12-01 11:39:30,144 - INFO - Test class balance  - 0: 5, 1: 6
2025-12-01 11:39:30,986 - INFO - Training fold 1 with early stopping (patience=50)...
2025-12-01 11:39:31,142 - INFO - Epoch 1/200 | Train Loss: 0.832495 | Val Loss: 0.799101 | Best Val Loss: inf (epoch 1)
2025-12-01 11:39:31,338 - INFO - Epoch 10/200 | Train Loss: 0.164173 | Val Loss: 2.070552 | Best Val Loss: inf (epoch 1)
2025-12-01 11:39:31,556 - INFO - Epoch 20/200 | Train Loss: 0.000780 | Val Loss: 1.181572 | Best Val Loss: inf (epoch 1)
2025-12-01 11:39:31,774 - INFO - Epoch 30/200 | Train Loss: 0.001675 | Val Loss: 2.107905 | Best Val Loss: inf (epoch 1)
2025-12-01 11:39:31,993 - INFO - Epoch 40/200 | Train Loss: 0.000123 | Val Loss: 1.583628 | Best Val Loss: inf (epoch 1)
2025-12-01 11:39:32,211 - INFO - Epoch 50/200 | Train Loss: 0.000191 | Val Loss: 1.267588 | Best Val Loss: inf (epoch 1)
2025-12-01 11:39:32,592 - INFO - Epoch 60/200 | Train Loss: 0.000029 | Val Loss: 0.962019 | Best Val Loss: 0.961691 (epoch 58)
2025-12-01 11:39:32,852 - INFO - Epoch 70/200 | Train Loss: 0.005061 | Val Loss: 2.387959 | Best Val Loss: 0.747807 (epoch 67)
2025-12-01 11:39:33,069 - INFO - Epoch 80/200 | Train Loss: 0.004301 | Val Loss: 1.387936 | Best Val Loss: 0.747807 (epoch 67)
2025-12-01 11:39:33,350 - INFO - Epoch 90/200 | Train Loss: 0.445016 | Val Loss: 0.748253 | Best Val Loss: 0.412860 (epoch 84)
2025-12-01 11:39:33,569 - INFO - Epoch 100/200 | Train Loss: 0.117365 | Val Loss: 0.674550 | Best Val Loss: 0.412860 (epoch 84)
2025-12-01 11:39:33,786 - INFO - Epoch 110/200 | Train Loss: 0.000443 | Val Loss: 0.889763 | Best Val Loss: 0.412860 (epoch 84)
2025-12-01 11:39:34,008 - INFO - Epoch 120/200 | Train Loss: 0.000121 | Val Loss: 1.678261 | Best Val Loss: 0.412860 (epoch 84)
2025-12-01 11:39:34,226 - INFO - Epoch 130/200 | Train Loss: 0.000135 | Val Loss: 1.730200 | Best Val Loss: 0.412860 (epoch 84)
2025-12-01 11:39:34,314 - INFO - Early stopping triggered at epoch 134! Best validation loss: 0.412860 at epoch 84
2025-12-01 11:39:34,331 - INFO - Loaded best model from epoch 84
2025-12-01 11:39:34,334 - INFO - Optimal Youden threshold: 0.3015
2025-12-01 11:39:34,352 - INFO - Fold 1 Results - Acc: 0.9091, F1: 0.9091, AUC: 0.9667, AP: 0.9762
2025-12-01 11:39:34,352 - INFO - 
--- Fold 2/5 ---
2025-12-01 11:39:34,352 - INFO - Train size: 44, Test size: 11
2025-12-01 11:39:34,352 - INFO - Train class balance - 0: 19, 1: 25
2025-12-01 11:39:34,353 - INFO - Test class balance  - 0: 5, 1: 6
2025-12-01 11:39:34,377 - INFO - Training fold 2 with early stopping (patience=50)...
2025-12-01 11:39:34,402 - INFO - Epoch 1/200 | Train Loss: 0.757298 | Val Loss: 0.737509 | Best Val Loss: inf (epoch 1)
2025-12-01 11:39:34,601 - INFO - Epoch 10/200 | Train Loss: 0.053896 | Val Loss: 1.709141 | Best Val Loss: inf (epoch 1)
2025-12-01 11:39:34,823 - INFO - Epoch 20/200 | Train Loss: 0.000426 | Val Loss: 2.332651 | Best Val Loss: inf (epoch 1)
2025-12-01 11:39:35,044 - INFO - Epoch 30/200 | Train Loss: 0.229490 | Val Loss: 1.926756 | Best Val Loss: inf (epoch 1)
2025-12-01 11:39:35,265 - INFO - Epoch 40/200 | Train Loss: 0.000326 | Val Loss: 1.877133 | Best Val Loss: inf (epoch 1)
2025-12-01 11:39:35,483 - INFO - Epoch 50/200 | Train Loss: 0.000048 | Val Loss: 2.848862 | Best Val Loss: inf (epoch 1)
2025-12-01 11:39:35,718 - INFO - Epoch 60/200 | Train Loss: 0.000028 | Val Loss: 2.937610 | Best Val Loss: 2.858913 (epoch 51)
2025-12-01 11:39:35,937 - INFO - Epoch 70/200 | Train Loss: 0.000011 | Val Loss: 2.989897 | Best Val Loss: 2.858913 (epoch 51)
2025-12-01 11:39:36,158 - INFO - Epoch 80/200 | Train Loss: 0.000013 | Val Loss: 3.011900 | Best Val Loss: 2.858913 (epoch 51)
2025-12-01 11:39:36,376 - INFO - Epoch 90/200 | Train Loss: 0.000016 | Val Loss: 3.052896 | Best Val Loss: 2.858913 (epoch 51)
2025-12-01 11:39:36,595 - INFO - Epoch 100/200 | Train Loss: 0.000015 | Val Loss: 3.089644 | Best Val Loss: 2.858913 (epoch 51)
2025-12-01 11:39:36,618 - INFO - Early stopping triggered at epoch 101! Best validation loss: 2.858913 at epoch 51
2025-12-01 11:39:36,633 - INFO - Loaded best model from epoch 51
2025-12-01 11:39:36,636 - INFO - Optimal Youden threshold: 1.0000
2025-12-01 11:39:36,650 - INFO - Fold 2 Results - Acc: 0.8182, F1: 0.8000, AUC: 0.9000, AP: 0.9306
2025-12-01 11:39:36,650 - INFO - 
--- Fold 3/5 ---
2025-12-01 11:39:36,650 - INFO - Train size: 44, Test size: 11
2025-12-01 11:39:36,650 - INFO - Train class balance - 0: 19, 1: 25
2025-12-01 11:39:36,650 - INFO - Test class balance  - 0: 5, 1: 6
2025-12-01 11:39:36,674 - INFO - Training fold 3 with early stopping (patience=50)...
2025-12-01 11:39:36,698 - INFO - Epoch 1/200 | Train Loss: 0.702059 | Val Loss: 0.864681 | Best Val Loss: inf (epoch 1)
2025-12-01 11:39:36,896 - INFO - Epoch 10/200 | Train Loss: 0.291426 | Val Loss: 2.664130 | Best Val Loss: inf (epoch 1)
2025-12-01 11:39:37,117 - INFO - Epoch 20/200 | Train Loss: 0.000303 | Val Loss: 2.554294 | Best Val Loss: inf (epoch 1)
2025-12-01 11:39:37,334 - INFO - Epoch 30/200 | Train Loss: 0.001340 | Val Loss: 3.117649 | Best Val Loss: inf (epoch 1)
2025-12-01 11:39:37,552 - INFO - Epoch 40/200 | Train Loss: 0.000054 | Val Loss: 2.603033 | Best Val Loss: inf (epoch 1)
2025-12-01 11:39:37,769 - INFO - Epoch 50/200 | Train Loss: 0.000194 | Val Loss: 2.634205 | Best Val Loss: inf (epoch 1)
2025-12-01 11:39:38,105 - INFO - Epoch 60/200 | Train Loss: 0.000027 | Val Loss: 2.736680 | Best Val Loss: 2.605947 (epoch 57)
2025-12-01 11:39:38,328 - INFO - Epoch 70/200 | Train Loss: 0.000088 | Val Loss: 2.807154 | Best Val Loss: 2.605947 (epoch 57)
2025-12-01 11:39:38,548 - INFO - Epoch 80/200 | Train Loss: 0.000019 | Val Loss: 2.861751 | Best Val Loss: 2.605947 (epoch 57)
2025-12-01 11:39:38,769 - INFO - Epoch 90/200 | Train Loss: 0.000016 | Val Loss: 2.889995 | Best Val Loss: 2.605947 (epoch 57)
2025-12-01 11:39:38,990 - INFO - Epoch 100/200 | Train Loss: 0.000045 | Val Loss: 2.914654 | Best Val Loss: 2.605947 (epoch 57)
2025-12-01 11:39:39,144 - INFO - Early stopping triggered at epoch 107! Best validation loss: 2.605947 at epoch 57
2025-12-01 11:39:39,160 - INFO - Loaded best model from epoch 57
2025-12-01 11:39:39,163 - INFO - Optimal Youden threshold: 0.0087
2025-12-01 11:39:39,177 - INFO - Fold 3 Results - Acc: 0.8182, F1: 0.8571, AUC: 0.7667, AP: 0.7802
2025-12-01 11:39:39,178 - INFO - 
--- Fold 4/5 ---
2025-12-01 11:39:39,178 - INFO - Train size: 44, Test size: 11
2025-12-01 11:39:39,178 - INFO - Train class balance - 0: 19, 1: 25
2025-12-01 11:39:39,178 - INFO - Test class balance  - 0: 5, 1: 6
2025-12-01 11:39:39,202 - INFO - Training fold 4 with early stopping (patience=50)...
2025-12-01 11:39:39,226 - INFO - Epoch 1/200 | Train Loss: 0.691894 | Val Loss: 0.798817 | Best Val Loss: inf (epoch 1)
2025-12-01 11:39:39,422 - INFO - Epoch 10/200 | Train Loss: 0.082887 | Val Loss: 3.107873 | Best Val Loss: inf (epoch 1)
2025-12-01 11:39:39,641 - INFO - Epoch 20/200 | Train Loss: 0.000178 | Val Loss: 3.354004 | Best Val Loss: inf (epoch 1)
2025-12-01 11:39:39,858 - INFO - Epoch 30/200 | Train Loss: 0.000045 | Val Loss: 4.285503 | Best Val Loss: inf (epoch 1)
2025-12-01 11:39:40,074 - INFO - Epoch 40/200 | Train Loss: 0.000015 | Val Loss: 4.320648 | Best Val Loss: inf (epoch 1)
2025-12-01 11:39:40,290 - INFO - Epoch 50/200 | Train Loss: 0.000021 | Val Loss: 4.351656 | Best Val Loss: inf (epoch 1)
2025-12-01 11:39:40,522 - INFO - Epoch 60/200 | Train Loss: 0.000006 | Val Loss: 4.382494 | Best Val Loss: 4.354136 (epoch 51)
2025-12-01 11:39:40,739 - INFO - Epoch 70/200 | Train Loss: 0.000021 | Val Loss: 4.416483 | Best Val Loss: 4.354136 (epoch 51)
2025-12-01 11:39:40,956 - INFO - Epoch 80/200 | Train Loss: 0.000018 | Val Loss: 4.453244 | Best Val Loss: 4.354136 (epoch 51)
2025-12-01 11:39:41,173 - INFO - Epoch 90/200 | Train Loss: 0.000020 | Val Loss: 4.488399 | Best Val Loss: 4.354136 (epoch 51)
2025-12-01 11:39:41,389 - INFO - Epoch 100/200 | Train Loss: 0.000007 | Val Loss: 4.538282 | Best Val Loss: 4.354136 (epoch 51)
2025-12-01 11:39:41,411 - INFO - Early stopping triggered at epoch 101! Best validation loss: 4.354136 at epoch 51
2025-12-01 11:39:41,423 - INFO - Loaded best model from epoch 51
2025-12-01 11:39:41,426 - INFO - Optimal Youden threshold: 1.0000
2025-12-01 11:39:41,438 - INFO - Fold 4 Results - Acc: 0.7273, F1: 0.6667, AUC: 0.7000, AP: 0.8153
2025-12-01 11:39:41,438 - INFO - 
--- Fold 5/5 ---
2025-12-01 11:39:41,438 - INFO - Train size: 44, Test size: 11
2025-12-01 11:39:41,438 - INFO - Train class balance - 0: 20, 1: 24
2025-12-01 11:39:41,438 - INFO - Test class balance  - 0: 4, 1: 7
2025-12-01 11:39:41,460 - INFO - Training fold 5 with early stopping (patience=50)...
2025-12-01 11:39:41,483 - INFO - Epoch 1/200 | Train Loss: 0.738452 | Val Loss: 0.689797 | Best Val Loss: inf (epoch 1)
2025-12-01 11:39:41,676 - INFO - Epoch 10/200 | Train Loss: 0.022052 | Val Loss: 1.228366 | Best Val Loss: inf (epoch 1)
2025-12-01 11:39:41,893 - INFO - Epoch 20/200 | Train Loss: 0.003049 | Val Loss: 1.731631 | Best Val Loss: inf (epoch 1)
2025-12-01 11:39:42,108 - INFO - Epoch 30/200 | Train Loss: 0.001314 | Val Loss: 0.907896 | Best Val Loss: inf (epoch 1)
2025-12-01 11:39:42,324 - INFO - Epoch 40/200 | Train Loss: 0.006329 | Val Loss: 1.843962 | Best Val Loss: inf (epoch 1)
2025-12-01 11:39:42,541 - INFO - Epoch 50/200 | Train Loss: 0.000055 | Val Loss: 2.357598 | Best Val Loss: inf (epoch 1)
2025-12-01 11:39:42,773 - INFO - Epoch 60/200 | Train Loss: 0.000061 | Val Loss: 2.424405 | Best Val Loss: 2.366096 (epoch 51)
2025-12-01 11:39:42,990 - INFO - Epoch 70/200 | Train Loss: 0.000054 | Val Loss: 2.512236 | Best Val Loss: 2.366096 (epoch 51)
2025-12-01 11:39:43,205 - INFO - Epoch 80/200 | Train Loss: 0.000066 | Val Loss: 2.578413 | Best Val Loss: 2.366096 (epoch 51)
2025-12-01 11:39:43,421 - INFO - Epoch 90/200 | Train Loss: 0.000032 | Val Loss: 2.643851 | Best Val Loss: 2.366096 (epoch 51)
2025-12-01 11:39:43,637 - INFO - Epoch 100/200 | Train Loss: 0.000029 | Val Loss: 2.691992 | Best Val Loss: 2.366096 (epoch 51)
2025-12-01 11:39:43,658 - INFO - Early stopping triggered at epoch 101! Best validation loss: 2.366096 at epoch 51
2025-12-01 11:39:43,672 - INFO - Loaded best model from epoch 51
2025-12-01 11:39:43,675 - INFO - Optimal Youden threshold: 0.0003
2025-12-01 11:39:43,690 - INFO - Fold 5 Results - Acc: 0.8182, F1: 0.8571, AUC: 0.7500, AP: 0.8753
2025-12-01 11:39:43,690 - INFO - 
============================================================
2025-12-01 11:39:43,690 - INFO - FINAL CROSS-VALIDATION RESULTS FOR: Treatment_Response_ALL_Thresh0.25
2025-12-01 11:39:43,691 - INFO - ACC       : 0.8182 ± 0.0575
2025-12-01 11:39:43,691 - INFO - F1        : 0.8180 ± 0.0832
2025-12-01 11:39:43,691 - INFO - PRECISION : 0.9214 ± 0.1020
2025-12-01 11:39:43,691 - INFO - RECALL    : 0.7714 ± 0.1721
2025-12-01 11:39:43,691 - INFO - AUC       : 0.8167 ± 0.1000
2025-12-01 11:39:43,691 - INFO - AP        : 0.8755 ± 0.0720
2025-12-01 11:39:43,691 - INFO - ============================================================

2025-12-01 11:39:43,695 - INFO - Results saved to final_results_Treatment_Response_ALL_Thresh0.25.json
2025-12-01 11:39:43,695 - INFO - Total execution time: 13.61 seconds
2025-12-01 11:39:54,059 - INFO - Using device: cuda
2025-12-01 11:39:54,060 - INFO - Hyperparameters: {
  "batch_size": 8,
  "learning_rate": 0.0005,
  "num_epochs": 200,
  "hidden_dim": 512,
  "num_blocks": 6,
  "dropout": 0.4,
  "feature_type": "ALL",
  "improvement_threshold": 0.25
}
2025-12-01 11:39:54,060 - INFO - Starting treatment response prediction pipeline
2025-12-01 11:39:54,060 - INFO - Building diff file index (mean_anomaly & mean_distortion)...
2025-12-01 11:39:54,061 - WARNING - Duplicate patient ID found: stn02, skipping additional entry
2025-12-01 11:39:54,061 - WARNING - Duplicate patient ID found: gpi11, skipping additional entry
2025-12-01 11:39:54,062 - WARNING - Duplicate patient ID found: gpi02, skipping additional entry
2025-12-01 11:39:54,062 - WARNING - Duplicate patient ID found: gpi19, skipping additional entry
2025-12-01 11:39:54,062 - WARNING - Duplicate patient ID found: stn23, skipping additional entry
2025-12-01 11:39:54,062 - WARNING - Duplicate patient ID found: stn03, skipping additional entry
2025-12-01 11:39:54,062 - WARNING - Duplicate patient ID found: gpi20, skipping additional entry
2025-12-01 11:39:54,062 - WARNING - Duplicate patient ID found: stn04, skipping additional entry
2025-12-01 11:39:54,063 - WARNING - Duplicate patient ID found: stn24, skipping additional entry
2025-12-01 11:39:54,063 - WARNING - Duplicate patient ID found: gpi04, skipping additional entry
2025-12-01 11:39:54,063 - WARNING - Duplicate patient ID found: gpi15, skipping additional entry
2025-12-01 11:39:54,063 - WARNING - Duplicate patient ID found: stn19, skipping additional entry
2025-12-01 11:39:54,063 - WARNING - Duplicate patient ID found: stn08, skipping additional entry
2025-12-01 11:39:54,063 - WARNING - Duplicate patient ID found: stn11, skipping additional entry
2025-12-01 11:39:54,063 - WARNING - Duplicate patient ID found: gpi07, skipping additional entry
2025-12-01 11:39:54,063 - WARNING - Duplicate patient ID found: gpi26, skipping additional entry
2025-12-01 11:39:54,063 - WARNING - Duplicate patient ID found: stn13, skipping additional entry
2025-12-01 11:39:54,063 - WARNING - Duplicate patient ID found: gpi06, skipping additional entry
2025-12-01 11:39:54,063 - WARNING - Duplicate patient ID found: stn30, skipping additional entry
2025-12-01 11:39:54,064 - WARNING - Duplicate patient ID found: stn18, skipping additional entry
2025-12-01 11:39:54,064 - WARNING - Duplicate patient ID found: gpi24, skipping additional entry
2025-12-01 11:39:54,064 - WARNING - Duplicate patient ID found: gpi13, skipping additional entry
2025-12-01 11:39:54,064 - WARNING - Duplicate patient ID found: stn07, skipping additional entry
2025-12-01 11:39:54,064 - WARNING - Duplicate patient ID found: stn20, skipping additional entry
2025-12-01 11:39:54,064 - WARNING - Duplicate patient ID found: gpi12, skipping additional entry
2025-12-01 11:39:54,064 - WARNING - Duplicate patient ID found: stn01, skipping additional entry
2025-12-01 11:39:54,064 - WARNING - Duplicate patient ID found: gpi22, skipping additional entry
2025-12-01 11:39:54,065 - WARNING - Duplicate patient ID found: gpi18, skipping additional entry
2025-12-01 11:39:54,065 - WARNING - Duplicate patient ID found: gpi09, skipping additional entry
2025-12-01 11:39:54,065 - WARNING - Duplicate patient ID found: gpi25, skipping additional entry
2025-12-01 11:39:54,065 - WARNING - Duplicate patient ID found: stn29, skipping additional entry
2025-12-01 11:39:54,065 - WARNING - Duplicate patient ID found: gpi31, skipping additional entry
2025-12-01 11:39:54,065 - WARNING - Duplicate patient ID found: stn10, skipping additional entry
2025-12-01 11:39:54,065 - WARNING - Duplicate patient ID found: gpi28, skipping additional entry
2025-12-01 11:39:54,065 - WARNING - Duplicate patient ID found: stn31, skipping additional entry
2025-12-01 11:39:54,065 - WARNING - Duplicate patient ID found: gpi03, skipping additional entry
2025-12-01 11:39:54,065 - WARNING - Duplicate patient ID found: gpi05, skipping additional entry
2025-12-01 11:39:54,065 - WARNING - Duplicate patient ID found: stn25, skipping additional entry
2025-12-01 11:39:54,065 - WARNING - Duplicate patient ID found: gpi08, skipping additional entry
2025-12-01 11:39:54,065 - WARNING - Duplicate patient ID found: gpi27, skipping additional entry
2025-12-01 11:39:54,066 - WARNING - Duplicate patient ID found: stn16, skipping additional entry
2025-12-01 11:39:54,066 - WARNING - Duplicate patient ID found: gpi23, skipping additional entry
2025-12-01 11:39:54,066 - WARNING - Duplicate patient ID found: stn09, skipping additional entry
2025-12-01 11:39:54,066 - WARNING - Duplicate patient ID found: stn28, skipping additional entry
2025-12-01 11:39:54,066 - WARNING - Duplicate patient ID found: stn06, skipping additional entry
2025-12-01 11:39:54,066 - WARNING - Duplicate patient ID found: stn12, skipping additional entry
2025-12-01 11:39:54,066 - WARNING - Duplicate patient ID found: gpi16, skipping additional entry
2025-12-01 11:39:54,066 - WARNING - Duplicate patient ID found: gpi30, skipping additional entry
2025-12-01 11:39:54,066 - WARNING - Duplicate patient ID found: stn21, skipping additional entry
2025-12-01 11:39:54,066 - WARNING - Duplicate patient ID found: stn22, skipping additional entry
2025-12-01 11:39:54,066 - WARNING - Duplicate patient ID found: stn14, skipping additional entry
2025-12-01 11:39:54,066 - WARNING - Duplicate patient ID found: gpi17, skipping additional entry
2025-12-01 11:39:54,066 - WARNING - Duplicate patient ID found: gpi21, skipping additional entry
2025-12-01 11:39:54,067 - WARNING - Duplicate patient ID found: gpi32, skipping additional entry
2025-12-01 11:39:54,067 - WARNING - Duplicate patient ID found: stn15, skipping additional entry
2025-12-01 11:39:54,067 - INFO - Built diff index with 71 patients
2025-12-01 11:39:54,067 - INFO - Parsing UPDRS data with diff features...
2025-12-01 11:39:54,081 - INFO - Found 55 valid samples
2025-12-01 11:39:54,081 - INFO - Preparing feature matrices with diff features...
2025-12-01 11:39:54,115 - INFO - Feature matrix shape: (55, 365), Class distribution: [24 31]
2025-12-01 11:39:54,115 - INFO - 
============================================================
2025-12-01 11:39:54,116 - INFO - Starting Cross-Validation Experiment: Treatment_Response_ALL_Thresh0.25
2025-12-01 11:39:54,116 - INFO - Total samples: 55 | Class distribution: [24 31]
2025-12-01 11:39:54,117 - INFO - 
--- Fold 1/5 ---
2025-12-01 11:39:54,117 - INFO - Train size: 44, Test size: 11
2025-12-01 11:39:54,117 - INFO - Train class balance - 0: 19, 1: 25
2025-12-01 11:39:54,117 - INFO - Test class balance  - 0: 5, 1: 6
2025-12-01 11:39:54,906 - INFO - Training fold 1 with early stopping (patience=50)...
2025-12-01 11:39:55,065 - INFO - Epoch 1/200 | Train Loss: 0.797111 | Val Loss: 0.685460 | Best Val Loss: inf (epoch 1)
2025-12-01 11:39:55,263 - INFO - Epoch 10/200 | Train Loss: 0.210604 | Val Loss: 1.926152 | Best Val Loss: inf (epoch 1)
2025-12-01 11:39:55,482 - INFO - Epoch 20/200 | Train Loss: 0.028454 | Val Loss: 1.342467 | Best Val Loss: inf (epoch 1)
2025-12-01 11:39:55,702 - INFO - Epoch 30/200 | Train Loss: 0.000436 | Val Loss: 1.267972 | Best Val Loss: inf (epoch 1)
2025-12-01 11:39:55,921 - INFO - Epoch 40/200 | Train Loss: 0.000073 | Val Loss: 1.552936 | Best Val Loss: inf (epoch 1)
2025-12-01 11:39:56,141 - INFO - Epoch 50/200 | Train Loss: 0.107299 | Val Loss: 3.253143 | Best Val Loss: inf (epoch 1)
2025-12-01 11:39:56,419 - INFO - Epoch 60/200 | Train Loss: 0.000097 | Val Loss: 0.416428 | Best Val Loss: 0.164185 (epoch 55)
2025-12-01 11:39:56,638 - INFO - Epoch 70/200 | Train Loss: 0.000036 | Val Loss: 0.228153 | Best Val Loss: 0.164185 (epoch 55)
2025-12-01 11:39:56,857 - INFO - Epoch 80/200 | Train Loss: 0.000024 | Val Loss: 0.330979 | Best Val Loss: 0.164185 (epoch 55)
2025-12-01 11:39:57,080 - INFO - Epoch 90/200 | Train Loss: 0.000030 | Val Loss: 0.267147 | Best Val Loss: 0.164185 (epoch 55)
2025-12-01 11:39:57,300 - INFO - Epoch 100/200 | Train Loss: 0.000044 | Val Loss: 0.295310 | Best Val Loss: 0.164185 (epoch 55)
2025-12-01 11:39:57,410 - INFO - Early stopping triggered at epoch 105! Best validation loss: 0.164185 at epoch 55
2025-12-01 11:39:57,426 - INFO - Loaded best model from epoch 55
2025-12-01 11:39:57,429 - INFO - Optimal Youden threshold: 0.2384
2025-12-01 11:39:57,443 - INFO - Fold 1 Results - Acc: 1.0000, F1: 1.0000, AUC: 1.0000, AP: 1.0000
2025-12-01 11:39:57,443 - INFO - 
--- Fold 2/5 ---
2025-12-01 11:39:57,443 - INFO - Train size: 44, Test size: 11
2025-12-01 11:39:57,443 - INFO - Train class balance - 0: 19, 1: 25
2025-12-01 11:39:57,443 - INFO - Test class balance  - 0: 5, 1: 6
2025-12-01 11:39:57,468 - INFO - Training fold 2 with early stopping (patience=50)...
2025-12-01 11:39:57,493 - INFO - Epoch 1/200 | Train Loss: 0.738824 | Val Loss: 0.700505 | Best Val Loss: inf (epoch 1)
2025-12-01 11:39:57,693 - INFO - Epoch 10/200 | Train Loss: 0.026509 | Val Loss: 0.748604 | Best Val Loss: inf (epoch 1)
2025-12-01 11:39:57,915 - INFO - Epoch 20/200 | Train Loss: 0.001806 | Val Loss: 2.543609 | Best Val Loss: inf (epoch 1)
2025-12-01 11:39:58,138 - INFO - Epoch 30/200 | Train Loss: 0.022175 | Val Loss: 2.471197 | Best Val Loss: inf (epoch 1)
2025-12-01 11:39:58,361 - INFO - Epoch 40/200 | Train Loss: 0.000209 | Val Loss: 2.910068 | Best Val Loss: inf (epoch 1)
2025-12-01 11:39:58,581 - INFO - Epoch 50/200 | Train Loss: 0.000098 | Val Loss: 3.195395 | Best Val Loss: inf (epoch 1)
2025-12-01 11:39:58,821 - INFO - Epoch 60/200 | Train Loss: 0.000038 | Val Loss: 3.255863 | Best Val Loss: 3.202987 (epoch 51)
2025-12-01 11:39:59,044 - INFO - Epoch 70/200 | Train Loss: 0.000021 | Val Loss: 3.310406 | Best Val Loss: 3.202987 (epoch 51)
2025-12-01 11:39:59,308 - INFO - Epoch 80/200 | Train Loss: 0.009296 | Val Loss: 1.436230 | Best Val Loss: 1.290628 (epoch 77)
2025-12-01 11:39:59,552 - INFO - Epoch 90/200 | Train Loss: 0.000754 | Val Loss: 2.814745 | Best Val Loss: 1.256881 (epoch 82)
2025-12-01 11:39:59,775 - INFO - Epoch 100/200 | Train Loss: 0.000126 | Val Loss: 2.396856 | Best Val Loss: 1.256881 (epoch 82)
2025-12-01 11:39:59,999 - INFO - Epoch 110/200 | Train Loss: 0.000384 | Val Loss: 2.592605 | Best Val Loss: 1.256881 (epoch 82)
2025-12-01 11:40:00,222 - INFO - Epoch 120/200 | Train Loss: 0.000082 | Val Loss: 2.758071 | Best Val Loss: 1.256881 (epoch 82)
2025-12-01 11:40:00,447 - INFO - Epoch 130/200 | Train Loss: 0.000041 | Val Loss: 2.833593 | Best Val Loss: 1.256881 (epoch 82)
2025-12-01 11:40:00,492 - INFO - Early stopping triggered at epoch 132! Best validation loss: 1.256881 at epoch 82
2025-12-01 11:40:00,507 - INFO - Loaded best model from epoch 82
2025-12-01 11:40:00,510 - INFO - Optimal Youden threshold: 0.9999
2025-12-01 11:40:00,524 - INFO - Fold 2 Results - Acc: 0.8182, F1: 0.8000, AUC: 0.8667, AP: 0.9107
2025-12-01 11:40:00,524 - INFO - 
--- Fold 3/5 ---
2025-12-01 11:40:00,524 - INFO - Train size: 44, Test size: 11
2025-12-01 11:40:00,524 - INFO - Train class balance - 0: 19, 1: 25
2025-12-01 11:40:00,524 - INFO - Test class balance  - 0: 5, 1: 6
2025-12-01 11:40:00,549 - INFO - Training fold 3 with early stopping (patience=50)...
2025-12-01 11:40:00,573 - INFO - Epoch 1/200 | Train Loss: 0.880760 | Val Loss: 0.767201 | Best Val Loss: inf (epoch 1)
2025-12-01 11:40:00,773 - INFO - Epoch 10/200 | Train Loss: 0.140556 | Val Loss: 2.236322 | Best Val Loss: inf (epoch 1)
2025-12-01 11:40:00,995 - INFO - Epoch 20/200 | Train Loss: 0.019872 | Val Loss: 4.587450 | Best Val Loss: inf (epoch 1)
2025-12-01 11:40:01,216 - INFO - Epoch 30/200 | Train Loss: 0.000130 | Val Loss: 4.086723 | Best Val Loss: inf (epoch 1)
2025-12-01 11:40:01,436 - INFO - Epoch 40/200 | Train Loss: 0.000069 | Val Loss: 3.518853 | Best Val Loss: inf (epoch 1)
2025-12-01 11:40:01,658 - INFO - Epoch 50/200 | Train Loss: 0.000061 | Val Loss: 3.580236 | Best Val Loss: inf (epoch 1)
2025-12-01 11:40:01,995 - INFO - Epoch 60/200 | Train Loss: 0.000014 | Val Loss: 3.477674 | Best Val Loss: 3.440071 (epoch 56)
2025-12-01 11:40:02,214 - INFO - Epoch 70/200 | Train Loss: 0.000052 | Val Loss: 3.501195 | Best Val Loss: 3.440071 (epoch 56)
2025-12-01 11:40:02,432 - INFO - Epoch 80/200 | Train Loss: 0.000059 | Val Loss: 3.558172 | Best Val Loss: 3.440071 (epoch 56)
2025-12-01 11:40:02,652 - INFO - Epoch 90/200 | Train Loss: 0.000020 | Val Loss: 3.638091 | Best Val Loss: 3.440071 (epoch 56)
2025-12-01 11:40:02,872 - INFO - Epoch 100/200 | Train Loss: 0.000014 | Val Loss: 3.716377 | Best Val Loss: 3.440071 (epoch 56)
2025-12-01 11:40:03,004 - INFO - Early stopping triggered at epoch 106! Best validation loss: 3.440071 at epoch 56
2025-12-01 11:40:03,018 - INFO - Loaded best model from epoch 56
2025-12-01 11:40:03,022 - INFO - Optimal Youden threshold: 1.0000
2025-12-01 11:40:03,033 - INFO - Fold 3 Results - Acc: 0.7273, F1: 0.7692, AUC: 0.6500, AP: 0.6357
2025-12-01 11:40:03,034 - INFO - 
--- Fold 4/5 ---
2025-12-01 11:40:03,034 - INFO - Train size: 44, Test size: 11
2025-12-01 11:40:03,034 - INFO - Train class balance - 0: 19, 1: 25
2025-12-01 11:40:03,034 - INFO - Test class balance  - 0: 5, 1: 6
2025-12-01 11:40:03,057 - INFO - Training fold 4 with early stopping (patience=50)...
2025-12-01 11:40:03,081 - INFO - Epoch 1/200 | Train Loss: 0.774284 | Val Loss: 0.688029 | Best Val Loss: inf (epoch 1)
2025-12-01 11:40:03,281 - INFO - Epoch 10/200 | Train Loss: 0.135875 | Val Loss: 1.700933 | Best Val Loss: inf (epoch 1)
2025-12-01 11:40:03,505 - INFO - Epoch 20/200 | Train Loss: 0.000915 | Val Loss: 4.471733 | Best Val Loss: inf (epoch 1)
2025-12-01 11:40:03,727 - INFO - Epoch 30/200 | Train Loss: 0.000044 | Val Loss: 4.240938 | Best Val Loss: inf (epoch 1)
2025-12-01 11:40:03,952 - INFO - Epoch 40/200 | Train Loss: 0.000376 | Val Loss: 5.617247 | Best Val Loss: inf (epoch 1)
2025-12-01 11:40:04,174 - INFO - Epoch 50/200 | Train Loss: 0.137038 | Val Loss: 4.389090 | Best Val Loss: inf (epoch 1)
2025-12-01 11:40:04,472 - INFO - Epoch 60/200 | Train Loss: 0.088606 | Val Loss: 2.856583 | Best Val Loss: 2.701611 (epoch 57)
2025-12-01 11:40:04,691 - INFO - Epoch 70/200 | Train Loss: 0.050117 | Val Loss: 4.080726 | Best Val Loss: 2.701611 (epoch 57)
2025-12-01 11:40:04,930 - INFO - Epoch 80/200 | Train Loss: 0.000491 | Val Loss: 3.210744 | Best Val Loss: 2.431127 (epoch 73)
2025-12-01 11:40:05,149 - INFO - Epoch 90/200 | Train Loss: 0.000123 | Val Loss: 3.575017 | Best Val Loss: 2.431127 (epoch 73)
2025-12-01 11:40:05,370 - INFO - Epoch 100/200 | Train Loss: 0.000017 | Val Loss: 3.706092 | Best Val Loss: 2.431127 (epoch 73)
2025-12-01 11:40:05,589 - INFO - Epoch 110/200 | Train Loss: 0.000377 | Val Loss: 3.777585 | Best Val Loss: 2.431127 (epoch 73)
2025-12-01 11:40:05,807 - INFO - Epoch 120/200 | Train Loss: 0.000023 | Val Loss: 3.868712 | Best Val Loss: 2.431127 (epoch 73)
2025-12-01 11:40:05,873 - INFO - Early stopping triggered at epoch 123! Best validation loss: 2.431127 at epoch 73
2025-12-01 11:40:05,889 - INFO - Loaded best model from epoch 73
2025-12-01 11:40:05,892 - INFO - Optimal Youden threshold: 0.0002
2025-12-01 11:40:05,905 - INFO - Fold 4 Results - Acc: 0.7273, F1: 0.8000, AUC: 0.6667, AP: 0.7597
2025-12-01 11:40:05,905 - INFO - 
--- Fold 5/5 ---
2025-12-01 11:40:05,905 - INFO - Train size: 44, Test size: 11
2025-12-01 11:40:05,906 - INFO - Train class balance - 0: 20, 1: 24
2025-12-01 11:40:05,906 - INFO - Test class balance  - 0: 4, 1: 7
2025-12-01 11:40:05,929 - INFO - Training fold 5 with early stopping (patience=50)...
2025-12-01 11:40:05,953 - INFO - Epoch 1/200 | Train Loss: 0.801474 | Val Loss: 0.747992 | Best Val Loss: inf (epoch 1)
2025-12-01 11:40:06,150 - INFO - Epoch 10/200 | Train Loss: 0.121694 | Val Loss: 0.663439 | Best Val Loss: inf (epoch 1)
2025-12-01 11:40:06,368 - INFO - Epoch 20/200 | Train Loss: 0.041151 | Val Loss: 1.254738 | Best Val Loss: inf (epoch 1)
2025-12-01 11:40:06,587 - INFO - Epoch 30/200 | Train Loss: 0.133282 | Val Loss: 1.742208 | Best Val Loss: inf (epoch 1)
2025-12-01 11:40:06,806 - INFO - Epoch 40/200 | Train Loss: 0.002966 | Val Loss: 0.570192 | Best Val Loss: inf (epoch 1)
2025-12-01 11:40:07,025 - INFO - Epoch 50/200 | Train Loss: 0.073485 | Val Loss: 1.842051 | Best Val Loss: inf (epoch 1)
2025-12-01 11:40:07,280 - INFO - Epoch 60/200 | Train Loss: 0.000033 | Val Loss: 2.781925 | Best Val Loss: 1.493947 (epoch 52)
2025-12-01 11:40:07,502 - INFO - Epoch 70/200 | Train Loss: 0.000105 | Val Loss: 2.905363 | Best Val Loss: 1.493947 (epoch 52)
2025-12-01 11:40:07,722 - INFO - Epoch 80/200 | Train Loss: 0.000027 | Val Loss: 2.961975 | Best Val Loss: 1.493947 (epoch 52)
2025-12-01 11:40:07,943 - INFO - Epoch 90/200 | Train Loss: 0.000019 | Val Loss: 3.016249 | Best Val Loss: 1.493947 (epoch 52)
2025-12-01 11:40:08,162 - INFO - Epoch 100/200 | Train Loss: 0.000030 | Val Loss: 3.062984 | Best Val Loss: 1.493947 (epoch 52)
2025-12-01 11:40:08,206 - INFO - Early stopping triggered at epoch 102! Best validation loss: 1.493947 at epoch 52
2025-12-01 11:40:08,221 - INFO - Loaded best model from epoch 52
2025-12-01 11:40:08,224 - INFO - Optimal Youden threshold: 0.0048
2025-12-01 11:40:08,235 - INFO - Fold 5 Results - Acc: 0.9091, F1: 0.9231, AUC: 0.9286, AP: 0.9683
2025-12-01 11:40:08,236 - INFO - 
============================================================
2025-12-01 11:40:08,236 - INFO - FINAL CROSS-VALIDATION RESULTS FOR: Treatment_Response_ALL_Thresh0.25
2025-12-01 11:40:08,236 - INFO - ACC       : 0.8364 ± 0.1060
2025-12-01 11:40:08,236 - INFO - F1        : 0.8585 ± 0.0883
2025-12-01 11:40:08,236 - INFO - PRECISION : 0.8762 ± 0.1524
2025-12-01 11:40:08,236 - INFO - RECALL    : 0.8714 ± 0.1238
2025-12-01 11:40:08,236 - INFO - AUC       : 0.8224 ± 0.1405
2025-12-01 11:40:08,236 - INFO - AP        : 0.8549 ± 0.1372
2025-12-01 11:40:08,236 - INFO - ============================================================

2025-12-01 11:40:08,240 - INFO - Results saved to final_results_Treatment_Response_ALL_Thresh0.25.json
2025-12-01 11:40:08,240 - INFO - Total execution time: 14.18 seconds
2025-12-01 11:40:16,570 - INFO - Using device: cuda
2025-12-01 11:40:16,571 - INFO - Hyperparameters: {
  "batch_size": 8,
  "learning_rate": 0.0005,
  "num_epochs": 200,
  "hidden_dim": 512,
  "num_blocks": 6,
  "dropout": 0.2,
  "feature_type": "ALL",
  "improvement_threshold": 0.25
}
2025-12-01 11:40:16,571 - INFO - Starting treatment response prediction pipeline
2025-12-01 11:40:16,571 - INFO - Building diff file index (mean_anomaly & mean_distortion)...
2025-12-01 11:40:16,572 - WARNING - Duplicate patient ID found: stn02, skipping additional entry
2025-12-01 11:40:16,572 - WARNING - Duplicate patient ID found: gpi11, skipping additional entry
2025-12-01 11:40:16,572 - WARNING - Duplicate patient ID found: gpi02, skipping additional entry
2025-12-01 11:40:16,572 - WARNING - Duplicate patient ID found: gpi19, skipping additional entry
2025-12-01 11:40:16,573 - WARNING - Duplicate patient ID found: stn23, skipping additional entry
2025-12-01 11:40:16,573 - WARNING - Duplicate patient ID found: stn03, skipping additional entry
2025-12-01 11:40:16,573 - WARNING - Duplicate patient ID found: gpi20, skipping additional entry
2025-12-01 11:40:16,573 - WARNING - Duplicate patient ID found: stn04, skipping additional entry
2025-12-01 11:40:16,573 - WARNING - Duplicate patient ID found: stn24, skipping additional entry
2025-12-01 11:40:16,573 - WARNING - Duplicate patient ID found: gpi04, skipping additional entry
2025-12-01 11:40:16,573 - WARNING - Duplicate patient ID found: gpi15, skipping additional entry
2025-12-01 11:40:16,574 - WARNING - Duplicate patient ID found: stn19, skipping additional entry
2025-12-01 11:40:16,574 - WARNING - Duplicate patient ID found: stn08, skipping additional entry
2025-12-01 11:40:16,574 - WARNING - Duplicate patient ID found: stn11, skipping additional entry
2025-12-01 11:40:16,574 - WARNING - Duplicate patient ID found: gpi07, skipping additional entry
2025-12-01 11:40:16,574 - WARNING - Duplicate patient ID found: gpi26, skipping additional entry
2025-12-01 11:40:16,574 - WARNING - Duplicate patient ID found: stn13, skipping additional entry
2025-12-01 11:40:16,574 - WARNING - Duplicate patient ID found: gpi06, skipping additional entry
2025-12-01 11:40:16,574 - WARNING - Duplicate patient ID found: stn30, skipping additional entry
2025-12-01 11:40:16,574 - WARNING - Duplicate patient ID found: stn18, skipping additional entry
2025-12-01 11:40:16,574 - WARNING - Duplicate patient ID found: gpi24, skipping additional entry
2025-12-01 11:40:16,574 - WARNING - Duplicate patient ID found: gpi13, skipping additional entry
2025-12-01 11:40:16,575 - WARNING - Duplicate patient ID found: stn07, skipping additional entry
2025-12-01 11:40:16,575 - WARNING - Duplicate patient ID found: stn20, skipping additional entry
2025-12-01 11:40:16,575 - WARNING - Duplicate patient ID found: gpi12, skipping additional entry
2025-12-01 11:40:16,575 - WARNING - Duplicate patient ID found: stn01, skipping additional entry
2025-12-01 11:40:16,575 - WARNING - Duplicate patient ID found: gpi22, skipping additional entry
2025-12-01 11:40:16,575 - WARNING - Duplicate patient ID found: gpi18, skipping additional entry
2025-12-01 11:40:16,575 - WARNING - Duplicate patient ID found: gpi09, skipping additional entry
2025-12-01 11:40:16,575 - WARNING - Duplicate patient ID found: gpi25, skipping additional entry
2025-12-01 11:40:16,575 - WARNING - Duplicate patient ID found: stn29, skipping additional entry
2025-12-01 11:40:16,576 - WARNING - Duplicate patient ID found: gpi31, skipping additional entry
2025-12-01 11:40:16,576 - WARNING - Duplicate patient ID found: stn10, skipping additional entry
2025-12-01 11:40:16,576 - WARNING - Duplicate patient ID found: gpi28, skipping additional entry
2025-12-01 11:40:16,576 - WARNING - Duplicate patient ID found: stn31, skipping additional entry
2025-12-01 11:40:16,576 - WARNING - Duplicate patient ID found: gpi03, skipping additional entry
2025-12-01 11:40:16,576 - WARNING - Duplicate patient ID found: gpi05, skipping additional entry
2025-12-01 11:40:16,576 - WARNING - Duplicate patient ID found: stn25, skipping additional entry
2025-12-01 11:40:16,576 - WARNING - Duplicate patient ID found: gpi08, skipping additional entry
2025-12-01 11:40:16,576 - WARNING - Duplicate patient ID found: gpi27, skipping additional entry
2025-12-01 11:40:16,576 - WARNING - Duplicate patient ID found: stn16, skipping additional entry
2025-12-01 11:40:16,576 - WARNING - Duplicate patient ID found: gpi23, skipping additional entry
2025-12-01 11:40:16,576 - WARNING - Duplicate patient ID found: stn09, skipping additional entry
2025-12-01 11:40:16,577 - WARNING - Duplicate patient ID found: stn28, skipping additional entry
2025-12-01 11:40:16,577 - WARNING - Duplicate patient ID found: stn06, skipping additional entry
2025-12-01 11:40:16,577 - WARNING - Duplicate patient ID found: stn12, skipping additional entry
2025-12-01 11:40:16,577 - WARNING - Duplicate patient ID found: gpi16, skipping additional entry
2025-12-01 11:40:16,577 - WARNING - Duplicate patient ID found: gpi30, skipping additional entry
2025-12-01 11:40:16,577 - WARNING - Duplicate patient ID found: stn21, skipping additional entry
2025-12-01 11:40:16,577 - WARNING - Duplicate patient ID found: stn22, skipping additional entry
2025-12-01 11:40:16,577 - WARNING - Duplicate patient ID found: stn14, skipping additional entry
2025-12-01 11:40:16,577 - WARNING - Duplicate patient ID found: gpi17, skipping additional entry
2025-12-01 11:40:16,577 - WARNING - Duplicate patient ID found: gpi21, skipping additional entry
2025-12-01 11:40:16,577 - WARNING - Duplicate patient ID found: gpi32, skipping additional entry
2025-12-01 11:40:16,577 - WARNING - Duplicate patient ID found: stn15, skipping additional entry
2025-12-01 11:40:16,577 - INFO - Built diff index with 71 patients
2025-12-01 11:40:16,577 - INFO - Parsing UPDRS data with diff features...
2025-12-01 11:40:16,591 - INFO - Found 55 valid samples
2025-12-01 11:40:16,591 - INFO - Preparing feature matrices with diff features...
2025-12-01 11:40:16,624 - INFO - Feature matrix shape: (55, 365), Class distribution: [24 31]
2025-12-01 11:40:16,624 - INFO - 
============================================================
2025-12-01 11:40:16,624 - INFO - Starting Cross-Validation Experiment: Treatment_Response_ALL_Thresh0.25
2025-12-01 11:40:16,624 - INFO - Total samples: 55 | Class distribution: [24 31]
2025-12-01 11:40:16,625 - INFO - 
--- Fold 1/5 ---
2025-12-01 11:40:16,625 - INFO - Train size: 44, Test size: 11
2025-12-01 11:40:16,625 - INFO - Train class balance - 0: 19, 1: 25
2025-12-01 11:40:16,625 - INFO - Test class balance  - 0: 5, 1: 6
2025-12-01 11:40:17,396 - INFO - Training fold 1 with early stopping (patience=50)...
2025-12-01 11:40:17,551 - INFO - Epoch 1/200 | Train Loss: 0.743117 | Val Loss: 1.559356 | Best Val Loss: inf (epoch 1)
2025-12-01 11:40:17,748 - INFO - Epoch 10/200 | Train Loss: 0.024705 | Val Loss: 1.514628 | Best Val Loss: inf (epoch 1)
2025-12-01 11:40:17,968 - INFO - Epoch 20/200 | Train Loss: 0.000686 | Val Loss: 2.700255 | Best Val Loss: inf (epoch 1)
2025-12-01 11:40:18,187 - INFO - Epoch 30/200 | Train Loss: 0.000102 | Val Loss: 3.029877 | Best Val Loss: inf (epoch 1)
2025-12-01 11:40:18,406 - INFO - Epoch 40/200 | Train Loss: 0.000092 | Val Loss: 3.155086 | Best Val Loss: inf (epoch 1)
2025-12-01 11:40:18,626 - INFO - Epoch 50/200 | Train Loss: 0.000046 | Val Loss: 3.254892 | Best Val Loss: inf (epoch 1)
2025-12-01 11:40:18,866 - INFO - Epoch 60/200 | Train Loss: 0.000027 | Val Loss: 3.339045 | Best Val Loss: 3.263165 (epoch 51)
2025-12-01 11:40:19,087 - INFO - Epoch 70/200 | Train Loss: 0.000029 | Val Loss: 3.414619 | Best Val Loss: 3.263165 (epoch 51)
2025-12-01 11:40:19,307 - INFO - Epoch 80/200 | Train Loss: 0.000029 | Val Loss: 3.492954 | Best Val Loss: 3.263165 (epoch 51)
2025-12-01 11:40:19,531 - INFO - Epoch 90/200 | Train Loss: 0.000024 | Val Loss: 3.459127 | Best Val Loss: 3.263165 (epoch 51)
2025-12-01 11:40:19,756 - INFO - Epoch 100/200 | Train Loss: 0.000034 | Val Loss: 3.509172 | Best Val Loss: 3.263165 (epoch 51)
2025-12-01 11:40:19,778 - INFO - Early stopping triggered at epoch 101! Best validation loss: 3.263165 at epoch 51
2025-12-01 11:40:19,794 - INFO - Loaded best model from epoch 51
2025-12-01 11:40:19,797 - INFO - Optimal Youden threshold: 0.0001
2025-12-01 11:40:19,815 - INFO - Fold 1 Results - Acc: 0.7273, F1: 0.8000, AUC: 0.7000, AP: 0.7847
2025-12-01 11:40:19,815 - INFO - 
--- Fold 2/5 ---
2025-12-01 11:40:19,815 - INFO - Train size: 44, Test size: 11
2025-12-01 11:40:19,815 - INFO - Train class balance - 0: 19, 1: 25
2025-12-01 11:40:19,815 - INFO - Test class balance  - 0: 5, 1: 6
2025-12-01 11:40:19,841 - INFO - Training fold 2 with early stopping (patience=50)...
2025-12-01 11:40:19,866 - INFO - Epoch 1/200 | Train Loss: 0.848798 | Val Loss: 0.698071 | Best Val Loss: inf (epoch 1)
2025-12-01 11:40:20,070 - INFO - Epoch 10/200 | Train Loss: 0.000221 | Val Loss: 2.300191 | Best Val Loss: inf (epoch 1)
2025-12-01 11:40:20,295 - INFO - Epoch 20/200 | Train Loss: 0.000043 | Val Loss: 2.494758 | Best Val Loss: inf (epoch 1)
2025-12-01 11:40:20,520 - INFO - Epoch 30/200 | Train Loss: 0.166108 | Val Loss: 2.087791 | Best Val Loss: inf (epoch 1)
2025-12-01 11:40:20,745 - INFO - Epoch 40/200 | Train Loss: 0.000002 | Val Loss: 4.363352 | Best Val Loss: inf (epoch 1)
2025-12-01 11:40:20,967 - INFO - Epoch 50/200 | Train Loss: 0.000000 | Val Loss: 4.400668 | Best Val Loss: inf (epoch 1)
2025-12-01 11:40:21,226 - INFO - Epoch 60/200 | Train Loss: 0.000001 | Val Loss: 4.400936 | Best Val Loss: 4.400655 (epoch 52)
2025-12-01 11:40:21,446 - INFO - Epoch 70/200 | Train Loss: 0.000000 | Val Loss: 4.401262 | Best Val Loss: 4.400655 (epoch 52)
2025-12-01 11:40:21,726 - INFO - Epoch 80/200 | Train Loss: 0.025687 | Val Loss: 1.899234 | Best Val Loss: 0.577187 (epoch 79)
2025-12-01 11:40:21,967 - INFO - Epoch 90/200 | Train Loss: 0.011242 | Val Loss: 7.579892 | Best Val Loss: 0.568011 (epoch 84)
2025-12-01 11:40:22,188 - INFO - Epoch 100/200 | Train Loss: 0.000077 | Val Loss: 2.564778 | Best Val Loss: 0.568011 (epoch 84)
2025-12-01 11:40:22,409 - INFO - Epoch 110/200 | Train Loss: 0.000020 | Val Loss: 2.690824 | Best Val Loss: 0.568011 (epoch 84)
2025-12-01 11:40:22,633 - INFO - Epoch 120/200 | Train Loss: 0.000017 | Val Loss: 2.725292 | Best Val Loss: 0.568011 (epoch 84)
2025-12-01 11:40:22,856 - INFO - Epoch 130/200 | Train Loss: 0.000007 | Val Loss: 2.770384 | Best Val Loss: 0.568011 (epoch 84)
2025-12-01 11:40:22,947 - INFO - Early stopping triggered at epoch 134! Best validation loss: 0.568011 at epoch 84
2025-12-01 11:40:22,963 - INFO - Loaded best model from epoch 84
2025-12-01 11:40:22,966 - INFO - Optimal Youden threshold: 0.5773
2025-12-01 11:40:22,979 - INFO - Fold 2 Results - Acc: 0.8182, F1: 0.8333, AUC: 0.8000, AP: 0.8417
2025-12-01 11:40:22,980 - INFO - 
--- Fold 3/5 ---
2025-12-01 11:40:22,980 - INFO - Train size: 44, Test size: 11
2025-12-01 11:40:22,980 - INFO - Train class balance - 0: 19, 1: 25
2025-12-01 11:40:22,980 - INFO - Test class balance  - 0: 5, 1: 6
2025-12-01 11:40:23,005 - INFO - Training fold 3 with early stopping (patience=50)...
2025-12-01 11:40:23,029 - INFO - Epoch 1/200 | Train Loss: 0.742490 | Val Loss: 0.797767 | Best Val Loss: inf (epoch 1)
2025-12-01 11:40:23,232 - INFO - Epoch 10/200 | Train Loss: 0.002138 | Val Loss: 3.289104 | Best Val Loss: inf (epoch 1)
2025-12-01 11:40:23,455 - INFO - Epoch 20/200 | Train Loss: 0.000026 | Val Loss: 4.274148 | Best Val Loss: inf (epoch 1)
2025-12-01 11:40:23,678 - INFO - Epoch 30/200 | Train Loss: 0.000003 | Val Loss: 4.371227 | Best Val Loss: inf (epoch 1)
2025-12-01 11:40:23,899 - INFO - Epoch 40/200 | Train Loss: 0.000003 | Val Loss: 4.346201 | Best Val Loss: inf (epoch 1)
2025-12-01 11:40:24,122 - INFO - Epoch 50/200 | Train Loss: 0.000005 | Val Loss: 4.359134 | Best Val Loss: inf (epoch 1)
2025-12-01 11:40:24,401 - INFO - Epoch 60/200 | Train Loss: 0.000002 | Val Loss: 4.360950 | Best Val Loss: 4.356321 (epoch 55)
2025-12-01 11:40:24,625 - INFO - Epoch 70/200 | Train Loss: 0.000003 | Val Loss: 4.362904 | Best Val Loss: 4.356321 (epoch 55)
2025-12-01 11:40:24,850 - INFO - Epoch 80/200 | Train Loss: 0.000002 | Val Loss: 4.374181 | Best Val Loss: 4.356321 (epoch 55)
2025-12-01 11:40:25,070 - INFO - Epoch 90/200 | Train Loss: 0.000003 | Val Loss: 4.389986 | Best Val Loss: 4.356321 (epoch 55)
2025-12-01 11:40:25,288 - INFO - Epoch 100/200 | Train Loss: 0.000002 | Val Loss: 4.399036 | Best Val Loss: 4.356321 (epoch 55)
2025-12-01 11:40:25,400 - INFO - Early stopping triggered at epoch 105! Best validation loss: 4.356321 at epoch 55
2025-12-01 11:40:25,415 - INFO - Loaded best model from epoch 55
2025-12-01 11:40:25,418 - INFO - Optimal Youden threshold: 1.0000
2025-12-01 11:40:25,430 - INFO - Fold 3 Results - Acc: 0.6364, F1: 0.5000, AUC: 0.6167, AP: 0.7370
2025-12-01 11:40:25,430 - INFO - 
--- Fold 4/5 ---
2025-12-01 11:40:25,430 - INFO - Train size: 44, Test size: 11
2025-12-01 11:40:25,430 - INFO - Train class balance - 0: 19, 1: 25
2025-12-01 11:40:25,430 - INFO - Test class balance  - 0: 5, 1: 6
2025-12-01 11:40:25,454 - INFO - Training fold 4 with early stopping (patience=50)...
2025-12-01 11:40:25,479 - INFO - Epoch 1/200 | Train Loss: 0.716427 | Val Loss: 1.149137 | Best Val Loss: inf (epoch 1)
2025-12-01 11:40:25,679 - INFO - Epoch 10/200 | Train Loss: 0.000230 | Val Loss: 2.794464 | Best Val Loss: inf (epoch 1)
2025-12-01 11:40:25,903 - INFO - Epoch 20/200 | Train Loss: 0.000054 | Val Loss: 2.963525 | Best Val Loss: inf (epoch 1)
2025-12-01 11:40:26,125 - INFO - Epoch 30/200 | Train Loss: 0.077507 | Val Loss: 2.599564 | Best Val Loss: inf (epoch 1)
2025-12-01 11:40:26,349 - INFO - Epoch 40/200 | Train Loss: 0.000014 | Val Loss: 5.635856 | Best Val Loss: inf (epoch 1)
2025-12-01 11:40:26,570 - INFO - Epoch 50/200 | Train Loss: 0.017463 | Val Loss: 2.694028 | Best Val Loss: inf (epoch 1)
2025-12-01 11:40:26,827 - INFO - Epoch 60/200 | Train Loss: 0.000014 | Val Loss: 3.340634 | Best Val Loss: 1.554363 (epoch 52)
2025-12-01 11:40:27,049 - INFO - Epoch 70/200 | Train Loss: 0.247239 | Val Loss: 3.169132 | Best Val Loss: 1.554363 (epoch 52)
2025-12-01 11:40:27,269 - INFO - Epoch 80/200 | Train Loss: 0.000006 | Val Loss: 20.312863 | Best Val Loss: 1.554363 (epoch 52)
2025-12-01 11:40:27,488 - INFO - Epoch 90/200 | Train Loss: 0.000001 | Val Loss: 20.306725 | Best Val Loss: 1.554363 (epoch 52)
2025-12-01 11:40:27,706 - INFO - Epoch 100/200 | Train Loss: 0.000001 | Val Loss: 20.301182 | Best Val Loss: 1.554363 (epoch 52)
2025-12-01 11:40:27,750 - INFO - Early stopping triggered at epoch 102! Best validation loss: 1.554363 at epoch 52
2025-12-01 11:40:27,765 - INFO - Loaded best model from epoch 52
2025-12-01 11:40:27,769 - INFO - Optimal Youden threshold: 0.9935
2025-12-01 11:40:27,782 - INFO - Fold 4 Results - Acc: 0.6364, F1: 0.5000, AUC: 0.5667, AP: 0.7212
2025-12-01 11:40:27,782 - INFO - 
--- Fold 5/5 ---
2025-12-01 11:40:27,782 - INFO - Train size: 44, Test size: 11
2025-12-01 11:40:27,782 - INFO - Train class balance - 0: 20, 1: 24
2025-12-01 11:40:27,782 - INFO - Test class balance  - 0: 4, 1: 7
2025-12-01 11:40:27,805 - INFO - Training fold 5 with early stopping (patience=50)...
2025-12-01 11:40:27,829 - INFO - Epoch 1/200 | Train Loss: 0.764412 | Val Loss: 0.712862 | Best Val Loss: inf (epoch 1)
2025-12-01 11:40:28,028 - INFO - Epoch 10/200 | Train Loss: 0.147563 | Val Loss: 0.994638 | Best Val Loss: inf (epoch 1)
2025-12-01 11:40:28,249 - INFO - Epoch 20/200 | Train Loss: 0.041766 | Val Loss: 1.671533 | Best Val Loss: inf (epoch 1)
2025-12-01 11:40:28,471 - INFO - Epoch 30/200 | Train Loss: 0.000033 | Val Loss: 3.278774 | Best Val Loss: inf (epoch 1)
2025-12-01 11:40:28,694 - INFO - Epoch 40/200 | Train Loss: 0.000016 | Val Loss: 3.405568 | Best Val Loss: inf (epoch 1)
2025-12-01 11:40:28,916 - INFO - Epoch 50/200 | Train Loss: 0.000009 | Val Loss: 3.437888 | Best Val Loss: inf (epoch 1)
2025-12-01 11:40:29,157 - INFO - Epoch 60/200 | Train Loss: 0.000010 | Val Loss: 3.473353 | Best Val Loss: 3.440917 (epoch 51)
2025-12-01 11:40:29,380 - INFO - Epoch 70/200 | Train Loss: 0.000008 | Val Loss: 3.507211 | Best Val Loss: 3.440917 (epoch 51)
2025-12-01 11:40:29,604 - INFO - Epoch 80/200 | Train Loss: 0.000013 | Val Loss: 3.539074 | Best Val Loss: 3.440917 (epoch 51)
2025-12-01 11:40:29,826 - INFO - Epoch 90/200 | Train Loss: 0.000011 | Val Loss: 3.575573 | Best Val Loss: 3.440917 (epoch 51)
2025-12-01 11:40:30,051 - INFO - Epoch 100/200 | Train Loss: 0.000007 | Val Loss: 3.609364 | Best Val Loss: 3.440917 (epoch 51)
2025-12-01 11:40:30,074 - INFO - Early stopping triggered at epoch 101! Best validation loss: 3.440917 at epoch 51
2025-12-01 11:40:30,090 - INFO - Loaded best model from epoch 51
2025-12-01 11:40:30,093 - INFO - Optimal Youden threshold: 0.9940
2025-12-01 11:40:30,109 - INFO - Fold 5 Results - Acc: 0.7273, F1: 0.7273, AUC: 0.6786, AP: 0.8596
2025-12-01 11:40:30,109 - INFO - 
============================================================
2025-12-01 11:40:30,109 - INFO - FINAL CROSS-VALIDATION RESULTS FOR: Treatment_Response_ALL_Thresh0.25
2025-12-01 11:40:30,109 - INFO - ACC       : 0.7091 ± 0.0680
2025-12-01 11:40:30,109 - INFO - F1        : 0.6721 ± 0.1447
2025-12-01 11:40:30,109 - INFO - PRECISION : 0.9000 ± 0.1333
2025-12-01 11:40:30,109 - INFO - RECALL    : 0.6143 ± 0.2670
2025-12-01 11:40:30,109 - INFO - AUC       : 0.6724 ± 0.0792
2025-12-01 11:40:30,109 - INFO - AP        : 0.7888 ± 0.0549
2025-12-01 11:40:30,109 - INFO - ============================================================

2025-12-01 11:40:30,112 - INFO - Results saved to final_results_Treatment_Response_ALL_Thresh0.25.json
2025-12-01 11:40:30,112 - INFO - Total execution time: 13.54 seconds
2025-12-01 11:40:39,148 - INFO - Using device: cuda
2025-12-01 11:40:39,148 - INFO - Hyperparameters: {
  "batch_size": 8,
  "learning_rate": 0.0005,
  "num_epochs": 200,
  "hidden_dim": 512,
  "num_blocks": 6,
  "dropout": 0.5,
  "feature_type": "ALL",
  "improvement_threshold": 0.25
}
2025-12-01 11:40:39,148 - INFO - Starting treatment response prediction pipeline
2025-12-01 11:40:39,148 - INFO - Building diff file index (mean_anomaly & mean_distortion)...
2025-12-01 11:40:39,150 - WARNING - Duplicate patient ID found: stn02, skipping additional entry
2025-12-01 11:40:39,150 - WARNING - Duplicate patient ID found: gpi11, skipping additional entry
2025-12-01 11:40:39,150 - WARNING - Duplicate patient ID found: gpi02, skipping additional entry
2025-12-01 11:40:39,150 - WARNING - Duplicate patient ID found: gpi19, skipping additional entry
2025-12-01 11:40:39,150 - WARNING - Duplicate patient ID found: stn23, skipping additional entry
2025-12-01 11:40:39,151 - WARNING - Duplicate patient ID found: stn03, skipping additional entry
2025-12-01 11:40:39,151 - WARNING - Duplicate patient ID found: gpi20, skipping additional entry
2025-12-01 11:40:39,151 - WARNING - Duplicate patient ID found: stn04, skipping additional entry
2025-12-01 11:40:39,151 - WARNING - Duplicate patient ID found: stn24, skipping additional entry
2025-12-01 11:40:39,151 - WARNING - Duplicate patient ID found: gpi04, skipping additional entry
2025-12-01 11:40:39,151 - WARNING - Duplicate patient ID found: gpi15, skipping additional entry
2025-12-01 11:40:39,151 - WARNING - Duplicate patient ID found: stn19, skipping additional entry
2025-12-01 11:40:39,152 - WARNING - Duplicate patient ID found: stn08, skipping additional entry
2025-12-01 11:40:39,152 - WARNING - Duplicate patient ID found: stn11, skipping additional entry
2025-12-01 11:40:39,152 - WARNING - Duplicate patient ID found: gpi07, skipping additional entry
2025-12-01 11:40:39,152 - WARNING - Duplicate patient ID found: gpi26, skipping additional entry
2025-12-01 11:40:39,152 - WARNING - Duplicate patient ID found: stn13, skipping additional entry
2025-12-01 11:40:39,152 - WARNING - Duplicate patient ID found: gpi06, skipping additional entry
2025-12-01 11:40:39,152 - WARNING - Duplicate patient ID found: stn30, skipping additional entry
2025-12-01 11:40:39,152 - WARNING - Duplicate patient ID found: stn18, skipping additional entry
2025-12-01 11:40:39,152 - WARNING - Duplicate patient ID found: gpi24, skipping additional entry
2025-12-01 11:40:39,152 - WARNING - Duplicate patient ID found: gpi13, skipping additional entry
2025-12-01 11:40:39,152 - WARNING - Duplicate patient ID found: stn07, skipping additional entry
2025-12-01 11:40:39,153 - WARNING - Duplicate patient ID found: stn20, skipping additional entry
2025-12-01 11:40:39,153 - WARNING - Duplicate patient ID found: gpi12, skipping additional entry
2025-12-01 11:40:39,153 - WARNING - Duplicate patient ID found: stn01, skipping additional entry
2025-12-01 11:40:39,153 - WARNING - Duplicate patient ID found: gpi22, skipping additional entry
2025-12-01 11:40:39,153 - WARNING - Duplicate patient ID found: gpi18, skipping additional entry
2025-12-01 11:40:39,153 - WARNING - Duplicate patient ID found: gpi09, skipping additional entry
2025-12-01 11:40:39,153 - WARNING - Duplicate patient ID found: gpi25, skipping additional entry
2025-12-01 11:40:39,153 - WARNING - Duplicate patient ID found: stn29, skipping additional entry
2025-12-01 11:40:39,153 - WARNING - Duplicate patient ID found: gpi31, skipping additional entry
2025-12-01 11:40:39,154 - WARNING - Duplicate patient ID found: stn10, skipping additional entry
2025-12-01 11:40:39,154 - WARNING - Duplicate patient ID found: gpi28, skipping additional entry
2025-12-01 11:40:39,154 - WARNING - Duplicate patient ID found: stn31, skipping additional entry
2025-12-01 11:40:39,154 - WARNING - Duplicate patient ID found: gpi03, skipping additional entry
2025-12-01 11:40:39,154 - WARNING - Duplicate patient ID found: gpi05, skipping additional entry
2025-12-01 11:40:39,154 - WARNING - Duplicate patient ID found: stn25, skipping additional entry
2025-12-01 11:40:39,154 - WARNING - Duplicate patient ID found: gpi08, skipping additional entry
2025-12-01 11:40:39,154 - WARNING - Duplicate patient ID found: gpi27, skipping additional entry
2025-12-01 11:40:39,154 - WARNING - Duplicate patient ID found: stn16, skipping additional entry
2025-12-01 11:40:39,154 - WARNING - Duplicate patient ID found: gpi23, skipping additional entry
2025-12-01 11:40:39,154 - WARNING - Duplicate patient ID found: stn09, skipping additional entry
2025-12-01 11:40:39,154 - WARNING - Duplicate patient ID found: stn28, skipping additional entry
2025-12-01 11:40:39,155 - WARNING - Duplicate patient ID found: stn06, skipping additional entry
2025-12-01 11:40:39,155 - WARNING - Duplicate patient ID found: stn12, skipping additional entry
2025-12-01 11:40:39,155 - WARNING - Duplicate patient ID found: gpi16, skipping additional entry
2025-12-01 11:40:39,155 - WARNING - Duplicate patient ID found: gpi30, skipping additional entry
2025-12-01 11:40:39,155 - WARNING - Duplicate patient ID found: stn21, skipping additional entry
2025-12-01 11:40:39,155 - WARNING - Duplicate patient ID found: stn22, skipping additional entry
2025-12-01 11:40:39,155 - WARNING - Duplicate patient ID found: stn14, skipping additional entry
2025-12-01 11:40:39,155 - WARNING - Duplicate patient ID found: gpi17, skipping additional entry
2025-12-01 11:40:39,155 - WARNING - Duplicate patient ID found: gpi21, skipping additional entry
2025-12-01 11:40:39,155 - WARNING - Duplicate patient ID found: gpi32, skipping additional entry
2025-12-01 11:40:39,155 - WARNING - Duplicate patient ID found: stn15, skipping additional entry
2025-12-01 11:40:39,155 - INFO - Built diff index with 71 patients
2025-12-01 11:40:39,155 - INFO - Parsing UPDRS data with diff features...
2025-12-01 11:40:39,170 - INFO - Found 55 valid samples
2025-12-01 11:40:39,170 - INFO - Preparing feature matrices with diff features...
2025-12-01 11:40:39,203 - INFO - Feature matrix shape: (55, 365), Class distribution: [24 31]
2025-12-01 11:40:39,203 - INFO - 
============================================================
2025-12-01 11:40:39,204 - INFO - Starting Cross-Validation Experiment: Treatment_Response_ALL_Thresh0.25
2025-12-01 11:40:39,204 - INFO - Total samples: 55 | Class distribution: [24 31]
2025-12-01 11:40:39,205 - INFO - 
--- Fold 1/5 ---
2025-12-01 11:40:39,205 - INFO - Train size: 44, Test size: 11
2025-12-01 11:40:39,205 - INFO - Train class balance - 0: 19, 1: 25
2025-12-01 11:40:39,205 - INFO - Test class balance  - 0: 5, 1: 6
2025-12-01 11:40:39,991 - INFO - Training fold 1 with early stopping (patience=50)...
2025-12-01 11:40:40,151 - INFO - Epoch 1/200 | Train Loss: 0.779650 | Val Loss: 0.696077 | Best Val Loss: inf (epoch 1)
2025-12-01 11:40:40,349 - INFO - Epoch 10/200 | Train Loss: 0.221506 | Val Loss: 1.395086 | Best Val Loss: inf (epoch 1)
2025-12-01 11:40:40,568 - INFO - Epoch 20/200 | Train Loss: 0.071724 | Val Loss: 1.138903 | Best Val Loss: inf (epoch 1)
2025-12-01 11:40:40,787 - INFO - Epoch 30/200 | Train Loss: 0.001720 | Val Loss: 0.800604 | Best Val Loss: inf (epoch 1)
2025-12-01 11:40:41,007 - INFO - Epoch 40/200 | Train Loss: 0.009766 | Val Loss: 2.055597 | Best Val Loss: inf (epoch 1)
2025-12-01 11:40:41,227 - INFO - Epoch 50/200 | Train Loss: 0.055254 | Val Loss: 3.197851 | Best Val Loss: inf (epoch 1)
2025-12-01 11:40:41,488 - INFO - Epoch 60/200 | Train Loss: 0.030479 | Val Loss: 1.823152 | Best Val Loss: 1.222933 (epoch 54)
2025-12-01 11:40:41,707 - INFO - Epoch 70/200 | Train Loss: 0.000518 | Val Loss: 2.486748 | Best Val Loss: 1.222933 (epoch 54)
2025-12-01 11:40:41,952 - INFO - Epoch 80/200 | Train Loss: 0.000027 | Val Loss: 1.358597 | Best Val Loss: 1.172380 (epoch 74)
2025-12-01 11:40:42,175 - INFO - Epoch 90/200 | Train Loss: 0.088113 | Val Loss: 1.304701 | Best Val Loss: 1.172380 (epoch 74)
2025-12-01 11:40:42,395 - INFO - Epoch 100/200 | Train Loss: 0.008384 | Val Loss: 2.675649 | Best Val Loss: 1.172380 (epoch 74)
2025-12-01 11:40:42,635 - INFO - Epoch 110/200 | Train Loss: 0.160587 | Val Loss: 1.706657 | Best Val Loss: 1.001256 (epoch 106)
2025-12-01 11:40:42,856 - INFO - Epoch 120/200 | Train Loss: 0.000112 | Val Loss: 3.528272 | Best Val Loss: 1.001256 (epoch 106)
2025-12-01 11:40:43,075 - INFO - Epoch 130/200 | Train Loss: 0.004524 | Val Loss: 3.697001 | Best Val Loss: 1.001256 (epoch 106)
2025-12-01 11:40:43,297 - INFO - Epoch 140/200 | Train Loss: 0.000273 | Val Loss: 2.052847 | Best Val Loss: 1.001256 (epoch 106)
2025-12-01 11:40:43,518 - INFO - Epoch 150/200 | Train Loss: 0.000115 | Val Loss: 1.682172 | Best Val Loss: 1.001256 (epoch 106)
2025-12-01 11:40:43,650 - INFO - Early stopping triggered at epoch 156! Best validation loss: 1.001256 at epoch 106
2025-12-01 11:40:43,666 - INFO - Loaded best model from epoch 106
2025-12-01 11:40:43,670 - INFO - Optimal Youden threshold: 0.9889
2025-12-01 11:40:43,687 - INFO - Fold 1 Results - Acc: 0.8182, F1: 0.8333, AUC: 0.8333, AP: 0.8556
2025-12-01 11:40:43,687 - INFO - 
--- Fold 2/5 ---
2025-12-01 11:40:43,687 - INFO - Train size: 44, Test size: 11
2025-12-01 11:40:43,687 - INFO - Train class balance - 0: 19, 1: 25
2025-12-01 11:40:43,687 - INFO - Test class balance  - 0: 5, 1: 6
2025-12-01 11:40:43,711 - INFO - Training fold 2 with early stopping (patience=50)...
2025-12-01 11:40:43,735 - INFO - Epoch 1/200 | Train Loss: 0.810108 | Val Loss: 0.721264 | Best Val Loss: inf (epoch 1)
2025-12-01 11:40:43,931 - INFO - Epoch 10/200 | Train Loss: 0.163141 | Val Loss: 0.697057 | Best Val Loss: inf (epoch 1)
2025-12-01 11:40:44,149 - INFO - Epoch 20/200 | Train Loss: 0.077349 | Val Loss: 2.748589 | Best Val Loss: inf (epoch 1)
2025-12-01 11:40:44,366 - INFO - Epoch 30/200 | Train Loss: 0.006498 | Val Loss: 2.094832 | Best Val Loss: inf (epoch 1)
2025-12-01 11:40:44,587 - INFO - Epoch 40/200 | Train Loss: 0.000139 | Val Loss: 2.306532 | Best Val Loss: inf (epoch 1)
2025-12-01 11:40:44,806 - INFO - Epoch 50/200 | Train Loss: 0.003895 | Val Loss: 2.021301 | Best Val Loss: inf (epoch 1)
2025-12-01 11:40:45,083 - INFO - Epoch 60/200 | Train Loss: 0.000026 | Val Loss: 2.985701 | Best Val Loss: 1.373158 (epoch 57)
2025-12-01 11:40:45,342 - INFO - Epoch 70/200 | Train Loss: 0.018756 | Val Loss: 1.725146 | Best Val Loss: 1.035413 (epoch 69)
2025-12-01 11:40:45,562 - INFO - Epoch 80/200 | Train Loss: 0.001293 | Val Loss: 2.374195 | Best Val Loss: 1.035413 (epoch 69)
2025-12-01 11:40:45,780 - INFO - Epoch 90/200 | Train Loss: 0.001269 | Val Loss: 1.640581 | Best Val Loss: 1.035413 (epoch 69)
2025-12-01 11:40:45,998 - INFO - Epoch 100/200 | Train Loss: 0.000154 | Val Loss: 2.810922 | Best Val Loss: 1.035413 (epoch 69)
2025-12-01 11:40:46,214 - INFO - Epoch 110/200 | Train Loss: 0.000067 | Val Loss: 2.976891 | Best Val Loss: 1.035413 (epoch 69)
2025-12-01 11:40:46,410 - INFO - Early stopping triggered at epoch 119! Best validation loss: 1.035413 at epoch 69
2025-12-01 11:40:46,425 - INFO - Loaded best model from epoch 69
2025-12-01 11:40:46,428 - INFO - Optimal Youden threshold: 0.3836
2025-12-01 11:40:46,440 - INFO - Fold 2 Results - Acc: 0.9091, F1: 0.9231, AUC: 0.9333, AP: 0.9484
2025-12-01 11:40:46,440 - INFO - 
--- Fold 3/5 ---
2025-12-01 11:40:46,440 - INFO - Train size: 44, Test size: 11
2025-12-01 11:40:46,440 - INFO - Train class balance - 0: 19, 1: 25
2025-12-01 11:40:46,440 - INFO - Test class balance  - 0: 5, 1: 6
2025-12-01 11:40:46,466 - INFO - Training fold 3 with early stopping (patience=50)...
2025-12-01 11:40:46,490 - INFO - Epoch 1/200 | Train Loss: 0.767870 | Val Loss: 0.631982 | Best Val Loss: inf (epoch 1)
2025-12-01 11:40:46,689 - INFO - Epoch 10/200 | Train Loss: 0.246722 | Val Loss: 1.934937 | Best Val Loss: inf (epoch 1)
2025-12-01 11:40:46,908 - INFO - Epoch 20/200 | Train Loss: 0.061850 | Val Loss: 3.079099 | Best Val Loss: inf (epoch 1)
2025-12-01 11:40:47,126 - INFO - Epoch 30/200 | Train Loss: 0.062366 | Val Loss: 2.720400 | Best Val Loss: inf (epoch 1)
2025-12-01 11:40:47,344 - INFO - Epoch 40/200 | Train Loss: 0.001118 | Val Loss: 4.943647 | Best Val Loss: inf (epoch 1)
2025-12-01 11:40:47,563 - INFO - Epoch 50/200 | Train Loss: 0.000108 | Val Loss: 5.309895 | Best Val Loss: inf (epoch 1)
2025-12-01 11:40:47,800 - INFO - Epoch 60/200 | Train Loss: 0.000098 | Val Loss: 5.422723 | Best Val Loss: 5.322907 (epoch 51)
2025-12-01 11:40:48,019 - INFO - Epoch 70/200 | Train Loss: 0.000078 | Val Loss: 5.512658 | Best Val Loss: 5.322907 (epoch 51)
2025-12-01 11:40:48,236 - INFO - Epoch 80/200 | Train Loss: 0.000078 | Val Loss: 5.650036 | Best Val Loss: 5.322907 (epoch 51)
2025-12-01 11:40:48,453 - INFO - Epoch 90/200 | Train Loss: 0.000036 | Val Loss: 5.756520 | Best Val Loss: 5.322907 (epoch 51)
2025-12-01 11:40:48,670 - INFO - Epoch 100/200 | Train Loss: 0.000150 | Val Loss: 5.836918 | Best Val Loss: 5.322907 (epoch 51)
2025-12-01 11:40:48,693 - INFO - Early stopping triggered at epoch 101! Best validation loss: 5.322907 at epoch 51
2025-12-01 11:40:48,708 - INFO - Loaded best model from epoch 51
2025-12-01 11:40:48,711 - INFO - Optimal Youden threshold: 1.0000
2025-12-01 11:40:48,725 - INFO - Fold 3 Results - Acc: 0.6364, F1: 0.6667, AUC: 0.5833, AP: 0.6815
2025-12-01 11:40:48,725 - INFO - 
--- Fold 4/5 ---
2025-12-01 11:40:48,725 - INFO - Train size: 44, Test size: 11
2025-12-01 11:40:48,725 - INFO - Train class balance - 0: 19, 1: 25
2025-12-01 11:40:48,725 - INFO - Test class balance  - 0: 5, 1: 6
2025-12-01 11:40:48,747 - INFO - Training fold 4 with early stopping (patience=50)...
2025-12-01 11:40:48,772 - INFO - Epoch 1/200 | Train Loss: 0.721548 | Val Loss: 0.709982 | Best Val Loss: inf (epoch 1)
2025-12-01 11:40:48,973 - INFO - Epoch 10/200 | Train Loss: 0.317374 | Val Loss: 1.355088 | Best Val Loss: inf (epoch 1)
2025-12-01 11:40:49,192 - INFO - Epoch 20/200 | Train Loss: 0.004415 | Val Loss: 3.535084 | Best Val Loss: inf (epoch 1)
2025-12-01 11:40:49,411 - INFO - Epoch 30/200 | Train Loss: 0.000307 | Val Loss: 4.069038 | Best Val Loss: inf (epoch 1)
2025-12-01 11:40:49,633 - INFO - Epoch 40/200 | Train Loss: 0.000625 | Val Loss: 2.210988 | Best Val Loss: inf (epoch 1)
2025-12-01 11:40:49,852 - INFO - Epoch 50/200 | Train Loss: 0.000396 | Val Loss: 3.861236 | Best Val Loss: inf (epoch 1)
2025-12-01 11:40:50,113 - INFO - Epoch 60/200 | Train Loss: 0.135157 | Val Loss: 4.094566 | Best Val Loss: 2.904066 (epoch 53)
2025-12-01 11:40:50,352 - INFO - Epoch 70/200 | Train Loss: 0.151954 | Val Loss: 3.324319 | Best Val Loss: 2.711022 (epoch 63)
2025-12-01 11:40:50,609 - INFO - Epoch 80/200 | Train Loss: 0.000778 | Val Loss: 4.589346 | Best Val Loss: 2.441316 (epoch 72)
2025-12-01 11:40:50,829 - INFO - Epoch 90/200 | Train Loss: 0.000042 | Val Loss: 5.481683 | Best Val Loss: 2.441316 (epoch 72)
2025-12-01 11:40:51,049 - INFO - Epoch 100/200 | Train Loss: 0.000024 | Val Loss: 5.254418 | Best Val Loss: 2.441316 (epoch 72)
2025-12-01 11:40:51,268 - INFO - Epoch 110/200 | Train Loss: 0.000039 | Val Loss: 4.946418 | Best Val Loss: 2.441316 (epoch 72)
2025-12-01 11:40:51,507 - INFO - Epoch 120/200 | Train Loss: 0.000265 | Val Loss: 3.554641 | Best Val Loss: 2.186036 (epoch 115)
2025-12-01 11:40:51,726 - INFO - Epoch 130/200 | Train Loss: 0.001981 | Val Loss: 3.098908 | Best Val Loss: 2.186036 (epoch 115)
2025-12-01 11:40:51,946 - INFO - Epoch 140/200 | Train Loss: 0.063353 | Val Loss: 5.126722 | Best Val Loss: 2.186036 (epoch 115)
2025-12-01 11:40:52,165 - INFO - Epoch 150/200 | Train Loss: 0.000424 | Val Loss: 5.212610 | Best Val Loss: 2.186036 (epoch 115)
2025-12-01 11:40:52,384 - INFO - Epoch 160/200 | Train Loss: 0.000012 | Val Loss: 4.978386 | Best Val Loss: 2.186036 (epoch 115)
2025-12-01 11:40:52,495 - INFO - Early stopping triggered at epoch 165! Best validation loss: 2.186036 at epoch 115
2025-12-01 11:40:52,511 - INFO - Loaded best model from epoch 115
2025-12-01 11:40:52,514 - INFO - Optimal Youden threshold: 0.8868
2025-12-01 11:40:52,527 - INFO - Fold 4 Results - Acc: 0.7273, F1: 0.6667, AUC: 0.7000, AP: 0.8153
2025-12-01 11:40:52,527 - INFO - 
--- Fold 5/5 ---
2025-12-01 11:40:52,527 - INFO - Train size: 44, Test size: 11
2025-12-01 11:40:52,527 - INFO - Train class balance - 0: 20, 1: 24
2025-12-01 11:40:52,527 - INFO - Test class balance  - 0: 4, 1: 7
2025-12-01 11:40:52,551 - INFO - Training fold 5 with early stopping (patience=50)...
2025-12-01 11:40:52,576 - INFO - Epoch 1/200 | Train Loss: 0.780204 | Val Loss: 0.629326 | Best Val Loss: inf (epoch 1)
2025-12-01 11:40:52,773 - INFO - Epoch 10/200 | Train Loss: 0.223660 | Val Loss: 0.966137 | Best Val Loss: inf (epoch 1)
2025-12-01 11:40:52,990 - INFO - Epoch 20/200 | Train Loss: 0.034374 | Val Loss: 1.227879 | Best Val Loss: inf (epoch 1)
2025-12-01 11:40:53,207 - INFO - Epoch 30/200 | Train Loss: 0.000351 | Val Loss: 2.023640 | Best Val Loss: inf (epoch 1)
2025-12-01 11:40:53,425 - INFO - Epoch 40/200 | Train Loss: 0.000827 | Val Loss: 1.356802 | Best Val Loss: inf (epoch 1)
2025-12-01 11:40:53,643 - INFO - Epoch 50/200 | Train Loss: 0.002053 | Val Loss: 2.111400 | Best Val Loss: inf (epoch 1)
2025-12-01 11:40:53,981 - INFO - Epoch 60/200 | Train Loss: 0.039058 | Val Loss: 2.115093 | Best Val Loss: 1.927837 (epoch 56)
2025-12-01 11:40:54,244 - INFO - Epoch 70/200 | Train Loss: 0.019818 | Val Loss: 1.863588 | Best Val Loss: 0.958631 (epoch 64)
2025-12-01 11:40:54,465 - INFO - Epoch 80/200 | Train Loss: 0.000194 | Val Loss: 4.486683 | Best Val Loss: 0.958631 (epoch 64)
2025-12-01 11:40:54,687 - INFO - Epoch 90/200 | Train Loss: 0.000442 | Val Loss: 3.405919 | Best Val Loss: 0.958631 (epoch 64)
2025-12-01 11:40:54,905 - INFO - Epoch 100/200 | Train Loss: 0.000019 | Val Loss: 3.384395 | Best Val Loss: 0.958631 (epoch 64)
2025-12-01 11:40:55,123 - INFO - Epoch 110/200 | Train Loss: 0.000084 | Val Loss: 3.274823 | Best Val Loss: 0.958631 (epoch 64)
2025-12-01 11:40:55,211 - INFO - Early stopping triggered at epoch 114! Best validation loss: 0.958631 at epoch 64
2025-12-01 11:40:55,227 - INFO - Loaded best model from epoch 64
2025-12-01 11:40:55,230 - INFO - Optimal Youden threshold: 0.9972
2025-12-01 11:40:55,242 - INFO - Fold 5 Results - Acc: 0.8182, F1: 0.8333, AUC: 0.8214, AP: 0.9214
2025-12-01 11:40:55,242 - INFO - 
============================================================
2025-12-01 11:40:55,242 - INFO - FINAL CROSS-VALIDATION RESULTS FOR: Treatment_Response_ALL_Thresh0.25
2025-12-01 11:40:55,242 - INFO - ACC       : 0.7818 ± 0.0927
2025-12-01 11:40:55,242 - INFO - F1        : 0.7846 ± 0.1017
2025-12-01 11:40:55,242 - INFO - PRECISION : 0.8714 ± 0.1238
2025-12-01 11:40:55,242 - INFO - RECALL    : 0.7429 ± 0.1673
2025-12-01 11:40:55,242 - INFO - AUC       : 0.7743 ± 0.1208
2025-12-01 11:40:55,243 - INFO - AP        : 0.8444 ± 0.0941
2025-12-01 11:40:55,243 - INFO - ============================================================

2025-12-01 11:40:55,246 - INFO - Results saved to final_results_Treatment_Response_ALL_Thresh0.25.json
2025-12-01 11:40:55,246 - INFO - Total execution time: 16.10 seconds
2025-12-01 11:41:06,374 - INFO - Using device: cuda
2025-12-01 11:41:06,375 - INFO - Hyperparameters: {
  "batch_size": 8,
  "learning_rate": 0.0005,
  "num_epochs": 200,
  "hidden_dim": 512,
  "num_blocks": 5,
  "dropout": 0.3,
  "feature_type": "ALL",
  "improvement_threshold": 0.25
}
2025-12-01 11:41:06,375 - INFO - Starting treatment response prediction pipeline
2025-12-01 11:41:06,375 - INFO - Building diff file index (mean_anomaly & mean_distortion)...
2025-12-01 11:41:06,376 - WARNING - Duplicate patient ID found: stn02, skipping additional entry
2025-12-01 11:41:06,377 - WARNING - Duplicate patient ID found: gpi11, skipping additional entry
2025-12-01 11:41:06,377 - WARNING - Duplicate patient ID found: gpi02, skipping additional entry
2025-12-01 11:41:06,377 - WARNING - Duplicate patient ID found: gpi19, skipping additional entry
2025-12-01 11:41:06,377 - WARNING - Duplicate patient ID found: stn23, skipping additional entry
2025-12-01 11:41:06,377 - WARNING - Duplicate patient ID found: stn03, skipping additional entry
2025-12-01 11:41:06,377 - WARNING - Duplicate patient ID found: gpi20, skipping additional entry
2025-12-01 11:41:06,377 - WARNING - Duplicate patient ID found: stn04, skipping additional entry
2025-12-01 11:41:06,378 - WARNING - Duplicate patient ID found: stn24, skipping additional entry
2025-12-01 11:41:06,378 - WARNING - Duplicate patient ID found: gpi04, skipping additional entry
2025-12-01 11:41:06,378 - WARNING - Duplicate patient ID found: gpi15, skipping additional entry
2025-12-01 11:41:06,378 - WARNING - Duplicate patient ID found: stn19, skipping additional entry
2025-12-01 11:41:06,378 - WARNING - Duplicate patient ID found: stn08, skipping additional entry
2025-12-01 11:41:06,378 - WARNING - Duplicate patient ID found: stn11, skipping additional entry
2025-12-01 11:41:06,378 - WARNING - Duplicate patient ID found: gpi07, skipping additional entry
2025-12-01 11:41:06,378 - WARNING - Duplicate patient ID found: gpi26, skipping additional entry
2025-12-01 11:41:06,378 - WARNING - Duplicate patient ID found: stn13, skipping additional entry
2025-12-01 11:41:06,378 - WARNING - Duplicate patient ID found: gpi06, skipping additional entry
2025-12-01 11:41:06,379 - WARNING - Duplicate patient ID found: stn30, skipping additional entry
2025-12-01 11:41:06,379 - WARNING - Duplicate patient ID found: stn18, skipping additional entry
2025-12-01 11:41:06,379 - WARNING - Duplicate patient ID found: gpi24, skipping additional entry
2025-12-01 11:41:06,379 - WARNING - Duplicate patient ID found: gpi13, skipping additional entry
2025-12-01 11:41:06,379 - WARNING - Duplicate patient ID found: stn07, skipping additional entry
2025-12-01 11:41:06,379 - WARNING - Duplicate patient ID found: stn20, skipping additional entry
2025-12-01 11:41:06,379 - WARNING - Duplicate patient ID found: gpi12, skipping additional entry
2025-12-01 11:41:06,379 - WARNING - Duplicate patient ID found: stn01, skipping additional entry
2025-12-01 11:41:06,380 - WARNING - Duplicate patient ID found: gpi22, skipping additional entry
2025-12-01 11:41:06,380 - WARNING - Duplicate patient ID found: gpi18, skipping additional entry
2025-12-01 11:41:06,380 - WARNING - Duplicate patient ID found: gpi09, skipping additional entry
2025-12-01 11:41:06,380 - WARNING - Duplicate patient ID found: gpi25, skipping additional entry
2025-12-01 11:41:06,380 - WARNING - Duplicate patient ID found: stn29, skipping additional entry
2025-12-01 11:41:06,380 - WARNING - Duplicate patient ID found: gpi31, skipping additional entry
2025-12-01 11:41:06,380 - WARNING - Duplicate patient ID found: stn10, skipping additional entry
2025-12-01 11:41:06,380 - WARNING - Duplicate patient ID found: gpi28, skipping additional entry
2025-12-01 11:41:06,380 - WARNING - Duplicate patient ID found: stn31, skipping additional entry
2025-12-01 11:41:06,380 - WARNING - Duplicate patient ID found: gpi03, skipping additional entry
2025-12-01 11:41:06,380 - WARNING - Duplicate patient ID found: gpi05, skipping additional entry
2025-12-01 11:41:06,380 - WARNING - Duplicate patient ID found: stn25, skipping additional entry
2025-12-01 11:41:06,381 - WARNING - Duplicate patient ID found: gpi08, skipping additional entry
2025-12-01 11:41:06,381 - WARNING - Duplicate patient ID found: gpi27, skipping additional entry
2025-12-01 11:41:06,381 - WARNING - Duplicate patient ID found: stn16, skipping additional entry
2025-12-01 11:41:06,381 - WARNING - Duplicate patient ID found: gpi23, skipping additional entry
2025-12-01 11:41:06,381 - WARNING - Duplicate patient ID found: stn09, skipping additional entry
2025-12-01 11:41:06,381 - WARNING - Duplicate patient ID found: stn28, skipping additional entry
2025-12-01 11:41:06,381 - WARNING - Duplicate patient ID found: stn06, skipping additional entry
2025-12-01 11:41:06,381 - WARNING - Duplicate patient ID found: stn12, skipping additional entry
2025-12-01 11:41:06,381 - WARNING - Duplicate patient ID found: gpi16, skipping additional entry
2025-12-01 11:41:06,381 - WARNING - Duplicate patient ID found: gpi30, skipping additional entry
2025-12-01 11:41:06,381 - WARNING - Duplicate patient ID found: stn21, skipping additional entry
2025-12-01 11:41:06,381 - WARNING - Duplicate patient ID found: stn22, skipping additional entry
2025-12-01 11:41:06,381 - WARNING - Duplicate patient ID found: stn14, skipping additional entry
2025-12-01 11:41:06,381 - WARNING - Duplicate patient ID found: gpi17, skipping additional entry
2025-12-01 11:41:06,382 - WARNING - Duplicate patient ID found: gpi21, skipping additional entry
2025-12-01 11:41:06,382 - WARNING - Duplicate patient ID found: gpi32, skipping additional entry
2025-12-01 11:41:06,382 - WARNING - Duplicate patient ID found: stn15, skipping additional entry
2025-12-01 11:41:06,382 - INFO - Built diff index with 71 patients
2025-12-01 11:41:06,382 - INFO - Parsing UPDRS data with diff features...
2025-12-01 11:41:06,396 - INFO - Found 55 valid samples
2025-12-01 11:41:06,396 - INFO - Preparing feature matrices with diff features...
2025-12-01 11:41:06,429 - INFO - Feature matrix shape: (55, 365), Class distribution: [24 31]
2025-12-01 11:41:06,429 - INFO - 
============================================================
2025-12-01 11:41:06,429 - INFO - Starting Cross-Validation Experiment: Treatment_Response_ALL_Thresh0.25
2025-12-01 11:41:06,429 - INFO - Total samples: 55 | Class distribution: [24 31]
2025-12-01 11:41:06,430 - INFO - 
--- Fold 1/5 ---
2025-12-01 11:41:06,430 - INFO - Train size: 44, Test size: 11
2025-12-01 11:41:06,430 - INFO - Train class balance - 0: 19, 1: 25
2025-12-01 11:41:06,430 - INFO - Test class balance  - 0: 5, 1: 6
2025-12-01 11:41:07,222 - INFO - Training fold 1 with early stopping (patience=50)...
2025-12-01 11:41:07,379 - INFO - Epoch 1/200 | Train Loss: 0.653624 | Val Loss: 0.662826 | Best Val Loss: inf (epoch 1)
2025-12-01 11:41:07,560 - INFO - Epoch 10/200 | Train Loss: 0.105158 | Val Loss: 1.998858 | Best Val Loss: inf (epoch 1)
2025-12-01 11:41:07,760 - INFO - Epoch 20/200 | Train Loss: 0.000266 | Val Loss: 2.232781 | Best Val Loss: inf (epoch 1)
2025-12-01 11:41:07,961 - INFO - Epoch 30/200 | Train Loss: 0.000092 | Val Loss: 2.818184 | Best Val Loss: inf (epoch 1)
2025-12-01 11:41:08,160 - INFO - Epoch 40/200 | Train Loss: 0.000049 | Val Loss: 2.898325 | Best Val Loss: inf (epoch 1)
2025-12-01 11:41:08,359 - INFO - Epoch 50/200 | Train Loss: 0.000092 | Val Loss: 2.957953 | Best Val Loss: inf (epoch 1)
2025-12-01 11:41:08,591 - INFO - Epoch 60/200 | Train Loss: 0.000035 | Val Loss: 2.984038 | Best Val Loss: 2.962718 (epoch 55)
2025-12-01 11:41:08,790 - INFO - Epoch 70/200 | Train Loss: 0.000038 | Val Loss: 3.038750 | Best Val Loss: 2.962718 (epoch 55)
2025-12-01 11:41:08,990 - INFO - Epoch 80/200 | Train Loss: 0.000014 | Val Loss: 3.111930 | Best Val Loss: 2.962718 (epoch 55)
2025-12-01 11:41:09,190 - INFO - Epoch 90/200 | Train Loss: 0.000039 | Val Loss: 3.157747 | Best Val Loss: 2.962718 (epoch 55)
2025-12-01 11:41:09,392 - INFO - Epoch 100/200 | Train Loss: 0.000035 | Val Loss: 3.210530 | Best Val Loss: 2.962718 (epoch 55)
2025-12-01 11:41:09,494 - INFO - Early stopping triggered at epoch 105! Best validation loss: 2.962718 at epoch 55
2025-12-01 11:41:09,509 - INFO - Loaded best model from epoch 55
2025-12-01 11:41:09,513 - INFO - Optimal Youden threshold: 0.0005
2025-12-01 11:41:09,533 - INFO - Fold 1 Results - Acc: 0.7273, F1: 0.8000, AUC: 0.6667, AP: 0.7688
2025-12-01 11:41:09,533 - INFO - 
--- Fold 2/5 ---
2025-12-01 11:41:09,533 - INFO - Train size: 44, Test size: 11
2025-12-01 11:41:09,533 - INFO - Train class balance - 0: 19, 1: 25
2025-12-01 11:41:09,533 - INFO - Test class balance  - 0: 5, 1: 6
2025-12-01 11:41:09,555 - INFO - Training fold 2 with early stopping (patience=50)...
2025-12-01 11:41:09,578 - INFO - Epoch 1/200 | Train Loss: 0.764613 | Val Loss: 0.871803 | Best Val Loss: inf (epoch 1)
2025-12-01 11:41:09,760 - INFO - Epoch 10/200 | Train Loss: 0.150152 | Val Loss: 1.063605 | Best Val Loss: inf (epoch 1)
2025-12-01 11:41:09,958 - INFO - Epoch 20/200 | Train Loss: 0.001450 | Val Loss: 2.261378 | Best Val Loss: inf (epoch 1)
2025-12-01 11:41:10,160 - INFO - Epoch 30/200 | Train Loss: 0.000275 | Val Loss: 2.297669 | Best Val Loss: inf (epoch 1)
2025-12-01 11:41:10,358 - INFO - Epoch 40/200 | Train Loss: 0.000132 | Val Loss: 2.567197 | Best Val Loss: inf (epoch 1)
2025-12-01 11:41:10,559 - INFO - Epoch 50/200 | Train Loss: 0.000072 | Val Loss: 2.827856 | Best Val Loss: inf (epoch 1)
2025-12-01 11:41:10,774 - INFO - Epoch 60/200 | Train Loss: 0.000035 | Val Loss: 2.954827 | Best Val Loss: 2.846455 (epoch 51)
2025-12-01 11:41:10,972 - INFO - Epoch 70/200 | Train Loss: 0.000064 | Val Loss: 3.103351 | Best Val Loss: 2.846455 (epoch 51)
2025-12-01 11:41:11,169 - INFO - Epoch 80/200 | Train Loss: 0.000022 | Val Loss: 3.195928 | Best Val Loss: 2.846455 (epoch 51)
2025-12-01 11:41:11,365 - INFO - Epoch 90/200 | Train Loss: 0.000018 | Val Loss: 3.264502 | Best Val Loss: 2.846455 (epoch 51)
2025-12-01 11:41:11,562 - INFO - Epoch 100/200 | Train Loss: 0.000020 | Val Loss: 3.354821 | Best Val Loss: 2.846455 (epoch 51)
2025-12-01 11:41:11,581 - INFO - Early stopping triggered at epoch 101! Best validation loss: 2.846455 at epoch 51
2025-12-01 11:41:11,596 - INFO - Loaded best model from epoch 51
2025-12-01 11:41:11,598 - INFO - Optimal Youden threshold: 1.0000
2025-12-01 11:41:11,612 - INFO - Fold 2 Results - Acc: 0.8182, F1: 0.8000, AUC: 0.8667, AP: 0.9107
2025-12-01 11:41:11,612 - INFO - 
--- Fold 3/5 ---
2025-12-01 11:41:11,612 - INFO - Train size: 44, Test size: 11
2025-12-01 11:41:11,612 - INFO - Train class balance - 0: 19, 1: 25
2025-12-01 11:41:11,612 - INFO - Test class balance  - 0: 5, 1: 6
2025-12-01 11:41:11,632 - INFO - Training fold 3 with early stopping (patience=50)...
2025-12-01 11:41:11,653 - INFO - Epoch 1/200 | Train Loss: 0.766609 | Val Loss: 0.790228 | Best Val Loss: inf (epoch 1)
2025-12-01 11:41:11,830 - INFO - Epoch 10/200 | Train Loss: 0.003535 | Val Loss: 3.216301 | Best Val Loss: inf (epoch 1)
2025-12-01 11:41:12,026 - INFO - Epoch 20/200 | Train Loss: 0.278651 | Val Loss: 2.342383 | Best Val Loss: inf (epoch 1)
2025-12-01 11:41:12,223 - INFO - Epoch 30/200 | Train Loss: 0.295686 | Val Loss: 2.417325 | Best Val Loss: inf (epoch 1)
2025-12-01 11:41:12,419 - INFO - Epoch 40/200 | Train Loss: 0.001987 | Val Loss: 2.553363 | Best Val Loss: inf (epoch 1)
2025-12-01 11:41:12,615 - INFO - Epoch 50/200 | Train Loss: 0.010488 | Val Loss: 2.629416 | Best Val Loss: inf (epoch 1)
2025-12-01 11:41:12,988 - INFO - Epoch 60/200 | Train Loss: 0.000211 | Val Loss: 2.728070 | Best Val Loss: 2.728070 (epoch 60)
2025-12-01 11:41:13,218 - INFO - Epoch 70/200 | Train Loss: 0.000082 | Val Loss: 2.759804 | Best Val Loss: 2.721240 (epoch 62)
2025-12-01 11:41:13,413 - INFO - Epoch 80/200 | Train Loss: 0.000067 | Val Loss: 2.825416 | Best Val Loss: 2.721240 (epoch 62)
2025-12-01 11:41:13,607 - INFO - Epoch 90/200 | Train Loss: 0.000103 | Val Loss: 2.877807 | Best Val Loss: 2.721240 (epoch 62)
2025-12-01 11:41:13,805 - INFO - Epoch 100/200 | Train Loss: 0.000045 | Val Loss: 2.934525 | Best Val Loss: 2.721240 (epoch 62)
2025-12-01 11:41:14,004 - INFO - Epoch 110/200 | Train Loss: 0.000022 | Val Loss: 2.974034 | Best Val Loss: 2.721240 (epoch 62)
2025-12-01 11:41:14,043 - INFO - Early stopping triggered at epoch 112! Best validation loss: 2.721240 at epoch 62
2025-12-01 11:41:14,057 - INFO - Loaded best model from epoch 62
2025-12-01 11:41:14,060 - INFO - Optimal Youden threshold: 0.9998
2025-12-01 11:41:14,072 - INFO - Fold 3 Results - Acc: 0.7273, F1: 0.7692, AUC: 0.6333, AP: 0.6913
2025-12-01 11:41:14,072 - INFO - 
--- Fold 4/5 ---
2025-12-01 11:41:14,072 - INFO - Train size: 44, Test size: 11
2025-12-01 11:41:14,073 - INFO - Train class balance - 0: 19, 1: 25
2025-12-01 11:41:14,073 - INFO - Test class balance  - 0: 5, 1: 6
2025-12-01 11:41:14,092 - INFO - Training fold 4 with early stopping (patience=50)...
2025-12-01 11:41:14,113 - INFO - Epoch 1/200 | Train Loss: 0.650021 | Val Loss: 0.964727 | Best Val Loss: inf (epoch 1)
2025-12-01 11:41:14,292 - INFO - Epoch 10/200 | Train Loss: 0.000301 | Val Loss: 1.832486 | Best Val Loss: inf (epoch 1)
2025-12-01 11:41:14,490 - INFO - Epoch 20/200 | Train Loss: 0.035354 | Val Loss: 2.686967 | Best Val Loss: inf (epoch 1)
2025-12-01 11:41:14,689 - INFO - Epoch 30/200 | Train Loss: 0.000011 | Val Loss: 3.890126 | Best Val Loss: inf (epoch 1)
2025-12-01 11:41:14,887 - INFO - Epoch 40/200 | Train Loss: 0.000012 | Val Loss: 3.976827 | Best Val Loss: inf (epoch 1)
2025-12-01 11:41:15,086 - INFO - Epoch 50/200 | Train Loss: 0.000013 | Val Loss: 4.006202 | Best Val Loss: inf (epoch 1)
2025-12-01 11:41:15,300 - INFO - Epoch 60/200 | Train Loss: 0.000010 | Val Loss: 4.037949 | Best Val Loss: 4.010153 (epoch 51)
2025-12-01 11:41:15,499 - INFO - Epoch 70/200 | Train Loss: 0.000013 | Val Loss: 4.072563 | Best Val Loss: 4.010153 (epoch 51)
2025-12-01 11:41:15,697 - INFO - Epoch 80/200 | Train Loss: 0.000006 | Val Loss: 4.106917 | Best Val Loss: 4.010153 (epoch 51)
2025-12-01 11:41:15,896 - INFO - Epoch 90/200 | Train Loss: 0.000011 | Val Loss: 4.133559 | Best Val Loss: 4.010153 (epoch 51)
2025-12-01 11:41:16,093 - INFO - Epoch 100/200 | Train Loss: 0.000038 | Val Loss: 4.171654 | Best Val Loss: 4.010153 (epoch 51)
2025-12-01 11:41:16,113 - INFO - Early stopping triggered at epoch 101! Best validation loss: 4.010153 at epoch 51
2025-12-01 11:41:16,127 - INFO - Loaded best model from epoch 51
2025-12-01 11:41:16,130 - INFO - Optimal Youden threshold: 1.0000
2025-12-01 11:41:16,144 - INFO - Fold 4 Results - Acc: 0.7273, F1: 0.6667, AUC: 0.7333, AP: 0.8375
2025-12-01 11:41:16,144 - INFO - 
--- Fold 5/5 ---
2025-12-01 11:41:16,144 - INFO - Train size: 44, Test size: 11
2025-12-01 11:41:16,144 - INFO - Train class balance - 0: 20, 1: 24
2025-12-01 11:41:16,144 - INFO - Test class balance  - 0: 4, 1: 7
2025-12-01 11:41:16,164 - INFO - Training fold 5 with early stopping (patience=50)...
2025-12-01 11:41:16,185 - INFO - Epoch 1/200 | Train Loss: 0.727920 | Val Loss: 0.965764 | Best Val Loss: inf (epoch 1)
2025-12-01 11:41:16,362 - INFO - Epoch 10/200 | Train Loss: 0.036583 | Val Loss: 1.464934 | Best Val Loss: inf (epoch 1)
2025-12-01 11:41:16,558 - INFO - Epoch 20/200 | Train Loss: 0.001991 | Val Loss: 2.934219 | Best Val Loss: inf (epoch 1)
2025-12-01 11:41:16,754 - INFO - Epoch 30/200 | Train Loss: 0.001072 | Val Loss: 2.772981 | Best Val Loss: inf (epoch 1)
2025-12-01 11:41:16,951 - INFO - Epoch 40/200 | Train Loss: 0.000197 | Val Loss: 3.012525 | Best Val Loss: inf (epoch 1)
2025-12-01 11:41:17,148 - INFO - Epoch 50/200 | Train Loss: 0.000139 | Val Loss: 3.050853 | Best Val Loss: inf (epoch 1)
2025-12-01 11:41:17,359 - INFO - Epoch 60/200 | Train Loss: 0.000074 | Val Loss: 3.096877 | Best Val Loss: 3.053506 (epoch 51)
2025-12-01 11:41:17,555 - INFO - Epoch 70/200 | Train Loss: 0.000033 | Val Loss: 3.165671 | Best Val Loss: 3.053506 (epoch 51)
2025-12-01 11:41:17,752 - INFO - Epoch 80/200 | Train Loss: 0.000031 | Val Loss: 3.177622 | Best Val Loss: 3.053506 (epoch 51)
2025-12-01 11:41:18,062 - INFO - Epoch 90/200 | Train Loss: 0.000035 | Val Loss: 2.608217 | Best Val Loss: 2.603913 (epoch 89)
2025-12-01 11:41:18,263 - INFO - Epoch 100/200 | Train Loss: 0.000030 | Val Loss: 2.659309 | Best Val Loss: 2.603913 (epoch 89)
2025-12-01 11:41:18,466 - INFO - Epoch 110/200 | Train Loss: 0.000013 | Val Loss: 2.709406 | Best Val Loss: 2.603913 (epoch 89)
2025-12-01 11:41:18,668 - INFO - Epoch 120/200 | Train Loss: 0.000010 | Val Loss: 2.788157 | Best Val Loss: 2.603913 (epoch 89)
2025-12-01 11:41:18,869 - INFO - Epoch 130/200 | Train Loss: 0.000051 | Val Loss: 2.844045 | Best Val Loss: 2.603913 (epoch 89)
2025-12-01 11:41:19,050 - INFO - Early stopping triggered at epoch 139! Best validation loss: 2.603913 at epoch 89
2025-12-01 11:41:19,064 - INFO - Loaded best model from epoch 89
2025-12-01 11:41:19,067 - INFO - Optimal Youden threshold: 0.0013
2025-12-01 11:41:19,080 - INFO - Fold 5 Results - Acc: 0.8182, F1: 0.8571, AUC: 0.7857, AP: 0.8598
2025-12-01 11:41:19,080 - INFO - 
============================================================
2025-12-01 11:41:19,080 - INFO - FINAL CROSS-VALIDATION RESULTS FOR: Treatment_Response_ALL_Thresh0.25
2025-12-01 11:41:19,080 - INFO - ACC       : 0.7636 ± 0.0445
2025-12-01 11:41:19,080 - INFO - F1        : 0.7786 ± 0.0628
2025-12-01 11:41:19,080 - INFO - PRECISION : 0.8476 ± 0.1393
2025-12-01 11:41:19,080 - INFO - RECALL    : 0.7714 ± 0.1721
2025-12-01 11:41:19,080 - INFO - AUC       : 0.7371 ± 0.0835
2025-12-01 11:41:19,080 - INFO - AP        : 0.8136 ± 0.0763
2025-12-01 11:41:19,080 - INFO - ============================================================

2025-12-01 11:41:19,085 - INFO - Results saved to final_results_Treatment_Response_ALL_Thresh0.25.json
2025-12-01 11:41:19,085 - INFO - Total execution time: 12.71 seconds
2025-12-01 11:41:30,406 - INFO - Using device: cuda
2025-12-01 11:41:30,406 - INFO - Hyperparameters: {
  "batch_size": 8,
  "learning_rate": 0.005,
  "num_epochs": 200,
  "hidden_dim": 512,
  "num_blocks": 6,
  "dropout": 0.3,
  "feature_type": "ALL",
  "improvement_threshold": 0.25
}
2025-12-01 11:41:30,406 - INFO - Starting treatment response prediction pipeline
2025-12-01 11:41:30,407 - INFO - Building diff file index (mean_anomaly & mean_distortion)...
2025-12-01 11:41:30,408 - WARNING - Duplicate patient ID found: stn02, skipping additional entry
2025-12-01 11:41:30,408 - WARNING - Duplicate patient ID found: gpi11, skipping additional entry
2025-12-01 11:41:30,408 - WARNING - Duplicate patient ID found: gpi02, skipping additional entry
2025-12-01 11:41:30,408 - WARNING - Duplicate patient ID found: gpi19, skipping additional entry
2025-12-01 11:41:30,408 - WARNING - Duplicate patient ID found: stn23, skipping additional entry
2025-12-01 11:41:30,409 - WARNING - Duplicate patient ID found: stn03, skipping additional entry
2025-12-01 11:41:30,409 - WARNING - Duplicate patient ID found: gpi20, skipping additional entry
2025-12-01 11:41:30,409 - WARNING - Duplicate patient ID found: stn04, skipping additional entry
2025-12-01 11:41:30,409 - WARNING - Duplicate patient ID found: stn24, skipping additional entry
2025-12-01 11:41:30,409 - WARNING - Duplicate patient ID found: gpi04, skipping additional entry
2025-12-01 11:41:30,409 - WARNING - Duplicate patient ID found: gpi15, skipping additional entry
2025-12-01 11:41:30,410 - WARNING - Duplicate patient ID found: stn19, skipping additional entry
2025-12-01 11:41:30,410 - WARNING - Duplicate patient ID found: stn08, skipping additional entry
2025-12-01 11:41:30,410 - WARNING - Duplicate patient ID found: stn11, skipping additional entry
2025-12-01 11:41:30,410 - WARNING - Duplicate patient ID found: gpi07, skipping additional entry
2025-12-01 11:41:30,410 - WARNING - Duplicate patient ID found: gpi26, skipping additional entry
2025-12-01 11:41:30,410 - WARNING - Duplicate patient ID found: stn13, skipping additional entry
2025-12-01 11:41:30,410 - WARNING - Duplicate patient ID found: gpi06, skipping additional entry
2025-12-01 11:41:30,410 - WARNING - Duplicate patient ID found: stn30, skipping additional entry
2025-12-01 11:41:30,410 - WARNING - Duplicate patient ID found: stn18, skipping additional entry
2025-12-01 11:41:30,410 - WARNING - Duplicate patient ID found: gpi24, skipping additional entry
2025-12-01 11:41:30,410 - WARNING - Duplicate patient ID found: gpi13, skipping additional entry
2025-12-01 11:41:30,411 - WARNING - Duplicate patient ID found: stn07, skipping additional entry
2025-12-01 11:41:30,411 - WARNING - Duplicate patient ID found: stn20, skipping additional entry
2025-12-01 11:41:30,411 - WARNING - Duplicate patient ID found: gpi12, skipping additional entry
2025-12-01 11:41:30,411 - WARNING - Duplicate patient ID found: stn01, skipping additional entry
2025-12-01 11:41:30,411 - WARNING - Duplicate patient ID found: gpi22, skipping additional entry
2025-12-01 11:41:30,411 - WARNING - Duplicate patient ID found: gpi18, skipping additional entry
2025-12-01 11:41:30,411 - WARNING - Duplicate patient ID found: gpi09, skipping additional entry
2025-12-01 11:41:30,411 - WARNING - Duplicate patient ID found: gpi25, skipping additional entry
2025-12-01 11:41:30,411 - WARNING - Duplicate patient ID found: stn29, skipping additional entry
2025-12-01 11:41:30,412 - WARNING - Duplicate patient ID found: gpi31, skipping additional entry
2025-12-01 11:41:30,412 - WARNING - Duplicate patient ID found: stn10, skipping additional entry
2025-12-01 11:41:30,412 - WARNING - Duplicate patient ID found: gpi28, skipping additional entry
2025-12-01 11:41:30,412 - WARNING - Duplicate patient ID found: stn31, skipping additional entry
2025-12-01 11:41:30,412 - WARNING - Duplicate patient ID found: gpi03, skipping additional entry
2025-12-01 11:41:30,412 - WARNING - Duplicate patient ID found: gpi05, skipping additional entry
2025-12-01 11:41:30,412 - WARNING - Duplicate patient ID found: stn25, skipping additional entry
2025-12-01 11:41:30,412 - WARNING - Duplicate patient ID found: gpi08, skipping additional entry
2025-12-01 11:41:30,412 - WARNING - Duplicate patient ID found: gpi27, skipping additional entry
2025-12-01 11:41:30,412 - WARNING - Duplicate patient ID found: stn16, skipping additional entry
2025-12-01 11:41:30,412 - WARNING - Duplicate patient ID found: gpi23, skipping additional entry
2025-12-01 11:41:30,412 - WARNING - Duplicate patient ID found: stn09, skipping additional entry
2025-12-01 11:41:30,413 - WARNING - Duplicate patient ID found: stn28, skipping additional entry
2025-12-01 11:41:30,413 - WARNING - Duplicate patient ID found: stn06, skipping additional entry
2025-12-01 11:41:30,413 - WARNING - Duplicate patient ID found: stn12, skipping additional entry
2025-12-01 11:41:30,413 - WARNING - Duplicate patient ID found: gpi16, skipping additional entry
2025-12-01 11:41:30,413 - WARNING - Duplicate patient ID found: gpi30, skipping additional entry
2025-12-01 11:41:30,413 - WARNING - Duplicate patient ID found: stn21, skipping additional entry
2025-12-01 11:41:30,413 - WARNING - Duplicate patient ID found: stn22, skipping additional entry
2025-12-01 11:41:30,413 - WARNING - Duplicate patient ID found: stn14, skipping additional entry
2025-12-01 11:41:30,413 - WARNING - Duplicate patient ID found: gpi17, skipping additional entry
2025-12-01 11:41:30,413 - WARNING - Duplicate patient ID found: gpi21, skipping additional entry
2025-12-01 11:41:30,413 - WARNING - Duplicate patient ID found: gpi32, skipping additional entry
2025-12-01 11:41:30,413 - WARNING - Duplicate patient ID found: stn15, skipping additional entry
2025-12-01 11:41:30,413 - INFO - Built diff index with 71 patients
2025-12-01 11:41:30,413 - INFO - Parsing UPDRS data with diff features...
2025-12-01 11:41:30,427 - INFO - Found 55 valid samples
2025-12-01 11:41:30,427 - INFO - Preparing feature matrices with diff features...
2025-12-01 11:41:30,460 - INFO - Feature matrix shape: (55, 365), Class distribution: [24 31]
2025-12-01 11:41:30,460 - INFO - 
============================================================
2025-12-01 11:41:30,460 - INFO - Starting Cross-Validation Experiment: Treatment_Response_ALL_Thresh0.25
2025-12-01 11:41:30,460 - INFO - Total samples: 55 | Class distribution: [24 31]
2025-12-01 11:41:30,461 - INFO - 
--- Fold 1/5 ---
2025-12-01 11:41:30,461 - INFO - Train size: 44, Test size: 11
2025-12-01 11:41:30,461 - INFO - Train class balance - 0: 19, 1: 25
2025-12-01 11:41:30,462 - INFO - Test class balance  - 0: 5, 1: 6
2025-12-01 11:41:31,252 - INFO - Training fold 1 with early stopping (patience=50)...
2025-12-01 11:41:31,411 - INFO - Epoch 1/200 | Train Loss: 31.562166 | Val Loss: 45.454545 | Best Val Loss: inf (epoch 1)
2025-12-01 11:41:31,613 - INFO - Epoch 10/200 | Train Loss: 43.750000 | Val Loss: 45.454545 | Best Val Loss: inf (epoch 1)
2025-12-01 11:41:31,836 - INFO - Epoch 20/200 | Train Loss: 41.666667 | Val Loss: 45.454545 | Best Val Loss: inf (epoch 1)
2025-12-01 11:41:32,057 - INFO - Epoch 30/200 | Train Loss: 41.666667 | Val Loss: 45.454545 | Best Val Loss: inf (epoch 1)
2025-12-01 11:41:32,277 - INFO - Epoch 40/200 | Train Loss: 41.666667 | Val Loss: 45.454545 | Best Val Loss: inf (epoch 1)
2025-12-01 11:41:32,497 - INFO - Epoch 50/200 | Train Loss: 41.666667 | Val Loss: 45.454545 | Best Val Loss: inf (epoch 1)
2025-12-01 11:41:32,744 - INFO - Epoch 60/200 | Train Loss: 45.833333 | Val Loss: 45.454545 | Best Val Loss: 45.454545 (epoch 51)
2025-12-01 11:41:32,965 - INFO - Epoch 70/200 | Train Loss: 43.750000 | Val Loss: 45.454545 | Best Val Loss: 45.454545 (epoch 51)
2025-12-01 11:41:33,185 - INFO - Epoch 80/200 | Train Loss: 45.833333 | Val Loss: 45.454545 | Best Val Loss: 45.454545 (epoch 51)
2025-12-01 11:41:33,408 - INFO - Epoch 90/200 | Train Loss: 41.666667 | Val Loss: 45.454545 | Best Val Loss: 45.454545 (epoch 51)
2025-12-01 11:41:33,628 - INFO - Epoch 100/200 | Train Loss: 45.833333 | Val Loss: 45.454545 | Best Val Loss: 45.454545 (epoch 51)
2025-12-01 11:41:33,651 - INFO - Early stopping triggered at epoch 101! Best validation loss: 45.454545 at epoch 51
2025-12-01 11:41:33,667 - INFO - Loaded best model from epoch 51
2025-12-01 11:41:33,670 - INFO - Optimal Youden threshold: inf
2025-12-01 11:41:33,690 - INFO - Fold 1 Results - Acc: 0.4545, F1: 0.0000, AUC: 0.5000, AP: 0.5455
2025-12-01 11:41:33,691 - INFO - 
--- Fold 2/5 ---
2025-12-01 11:41:33,691 - INFO - Train size: 44, Test size: 11
2025-12-01 11:41:33,691 - INFO - Train class balance - 0: 19, 1: 25
2025-12-01 11:41:33,691 - INFO - Test class balance  - 0: 5, 1: 6
2025-12-01 11:41:33,715 - INFO - Training fold 2 with early stopping (patience=50)...
2025-12-01 11:41:33,739 - INFO - Epoch 1/200 | Train Loss: 3.944067 | Val Loss: 0.836764 | Best Val Loss: inf (epoch 1)
2025-12-01 11:41:33,939 - INFO - Epoch 10/200 | Train Loss: 0.713878 | Val Loss: 0.689908 | Best Val Loss: inf (epoch 1)
2025-12-01 11:41:34,159 - INFO - Epoch 20/200 | Train Loss: 0.690982 | Val Loss: 0.680053 | Best Val Loss: inf (epoch 1)
2025-12-01 11:41:34,381 - INFO - Epoch 30/200 | Train Loss: 0.688506 | Val Loss: 0.686046 | Best Val Loss: inf (epoch 1)
2025-12-01 11:41:34,604 - INFO - Epoch 40/200 | Train Loss: 0.687350 | Val Loss: 0.689262 | Best Val Loss: inf (epoch 1)
2025-12-01 11:41:34,826 - INFO - Epoch 50/200 | Train Loss: 0.686126 | Val Loss: 0.689013 | Best Val Loss: inf (epoch 1)
2025-12-01 11:41:35,063 - INFO - Epoch 60/200 | Train Loss: 0.681205 | Val Loss: 0.689121 | Best Val Loss: 0.689009 (epoch 51)
2025-12-01 11:41:35,283 - INFO - Epoch 70/200 | Train Loss: 0.685421 | Val Loss: 0.689318 | Best Val Loss: 0.689009 (epoch 51)
2025-12-01 11:41:35,502 - INFO - Epoch 80/200 | Train Loss: 0.680049 | Val Loss: 0.689755 | Best Val Loss: 0.689009 (epoch 51)
2025-12-01 11:41:35,721 - INFO - Epoch 90/200 | Train Loss: 0.685380 | Val Loss: 0.689709 | Best Val Loss: 0.689009 (epoch 51)
2025-12-01 11:41:35,940 - INFO - Epoch 100/200 | Train Loss: 0.685386 | Val Loss: 0.689859 | Best Val Loss: 0.689009 (epoch 51)
2025-12-01 11:41:35,963 - INFO - Early stopping triggered at epoch 101! Best validation loss: 0.689009 at epoch 51
2025-12-01 11:41:35,978 - INFO - Loaded best model from epoch 51
2025-12-01 11:41:35,981 - INFO - Optimal Youden threshold: inf
2025-12-01 11:41:35,995 - INFO - Fold 2 Results - Acc: 0.4545, F1: 0.0000, AUC: 0.5000, AP: 0.5455
2025-12-01 11:41:35,995 - INFO - 
--- Fold 3/5 ---
2025-12-01 11:41:35,995 - INFO - Train size: 44, Test size: 11
2025-12-01 11:41:35,995 - INFO - Train class balance - 0: 19, 1: 25
2025-12-01 11:41:35,995 - INFO - Test class balance  - 0: 5, 1: 6
2025-12-01 11:41:36,019 - INFO - Training fold 3 with early stopping (patience=50)...
2025-12-01 11:41:36,043 - INFO - Epoch 1/200 | Train Loss: 2.667152 | Val Loss: 0.761702 | Best Val Loss: inf (epoch 1)
2025-12-01 11:41:36,244 - INFO - Epoch 10/200 | Train Loss: 0.637747 | Val Loss: 0.754118 | Best Val Loss: inf (epoch 1)
2025-12-01 11:41:36,466 - INFO - Epoch 20/200 | Train Loss: 0.245496 | Val Loss: 2.178259 | Best Val Loss: inf (epoch 1)
2025-12-01 11:41:36,686 - INFO - Epoch 30/200 | Train Loss: 0.000001 | Val Loss: 34.446535 | Best Val Loss: inf (epoch 1)
2025-12-01 11:41:36,906 - INFO - Epoch 40/200 | Train Loss: 1.377631 | Val Loss: 36.385387 | Best Val Loss: inf (epoch 1)
2025-12-01 11:41:37,128 - INFO - Epoch 50/200 | Train Loss: 43.831732 | Val Loss: 45.454546 | Best Val Loss: inf (epoch 1)
2025-12-01 11:41:37,366 - INFO - Epoch 60/200 | Train Loss: 43.750000 | Val Loss: 45.454546 | Best Val Loss: 45.454546 (epoch 51)
2025-12-01 11:41:37,586 - INFO - Epoch 70/200 | Train Loss: 45.833333 | Val Loss: 45.454546 | Best Val Loss: 45.454546 (epoch 51)
2025-12-01 11:41:37,806 - INFO - Epoch 80/200 | Train Loss: 41.666667 | Val Loss: 45.454546 | Best Val Loss: 45.454546 (epoch 51)
2025-12-01 11:41:38,030 - INFO - Epoch 90/200 | Train Loss: 43.750000 | Val Loss: 45.454546 | Best Val Loss: 45.454546 (epoch 51)
2025-12-01 11:41:38,250 - INFO - Epoch 100/200 | Train Loss: 43.750000 | Val Loss: 45.454546 | Best Val Loss: 45.454546 (epoch 51)
2025-12-01 11:41:38,272 - INFO - Early stopping triggered at epoch 101! Best validation loss: 45.454546 at epoch 51
2025-12-01 11:41:38,287 - INFO - Loaded best model from epoch 51
2025-12-01 11:41:38,290 - INFO - Optimal Youden threshold: inf
2025-12-01 11:41:38,303 - INFO - Fold 3 Results - Acc: 0.4545, F1: 0.0000, AUC: 0.5000, AP: 0.5455
2025-12-01 11:41:38,303 - INFO - 
--- Fold 4/5 ---
2025-12-01 11:41:38,304 - INFO - Train size: 44, Test size: 11
2025-12-01 11:41:38,304 - INFO - Train class balance - 0: 19, 1: 25
2025-12-01 11:41:38,304 - INFO - Test class balance  - 0: 5, 1: 6
2025-12-01 11:41:38,326 - INFO - Training fold 4 with early stopping (patience=50)...
2025-12-01 11:41:38,350 - INFO - Epoch 1/200 | Train Loss: 2.152067 | Val Loss: 0.879122 | Best Val Loss: inf (epoch 1)
2025-12-01 11:41:38,548 - INFO - Epoch 10/200 | Train Loss: 0.698223 | Val Loss: 0.692622 | Best Val Loss: inf (epoch 1)
2025-12-01 11:41:38,769 - INFO - Epoch 20/200 | Train Loss: 0.689977 | Val Loss: 0.690305 | Best Val Loss: inf (epoch 1)
2025-12-01 11:41:38,992 - INFO - Epoch 30/200 | Train Loss: 0.689937 | Val Loss: 0.689201 | Best Val Loss: inf (epoch 1)
2025-12-01 11:41:39,216 - INFO - Epoch 40/200 | Train Loss: 0.682245 | Val Loss: 0.689010 | Best Val Loss: inf (epoch 1)
2025-12-01 11:41:39,439 - INFO - Epoch 50/200 | Train Loss: 0.685665 | Val Loss: 0.689223 | Best Val Loss: inf (epoch 1)
2025-12-01 11:41:39,682 - INFO - Epoch 60/200 | Train Loss: 0.685425 | Val Loss: 0.689448 | Best Val Loss: 0.689239 (epoch 51)
2025-12-01 11:41:39,908 - INFO - Epoch 70/200 | Train Loss: 0.680194 | Val Loss: 0.689513 | Best Val Loss: 0.689239 (epoch 51)
2025-12-01 11:41:40,132 - INFO - Epoch 80/200 | Train Loss: 0.679839 | Val Loss: 0.689836 | Best Val Loss: 0.689239 (epoch 51)
2025-12-01 11:41:40,356 - INFO - Epoch 90/200 | Train Loss: 0.685411 | Val Loss: 0.689760 | Best Val Loss: 0.689239 (epoch 51)
2025-12-01 11:41:40,581 - INFO - Epoch 100/200 | Train Loss: 0.691402 | Val Loss: 0.690212 | Best Val Loss: 0.689239 (epoch 51)
2025-12-01 11:41:40,603 - INFO - Early stopping triggered at epoch 101! Best validation loss: 0.689239 at epoch 51
2025-12-01 11:41:40,619 - INFO - Loaded best model from epoch 51
2025-12-01 11:41:40,622 - INFO - Optimal Youden threshold: inf
2025-12-01 11:41:40,637 - INFO - Fold 4 Results - Acc: 0.4545, F1: 0.0000, AUC: 0.5000, AP: 0.5455
2025-12-01 11:41:40,637 - INFO - 
--- Fold 5/5 ---
2025-12-01 11:41:40,637 - INFO - Train size: 44, Test size: 11
2025-12-01 11:41:40,638 - INFO - Train class balance - 0: 20, 1: 24
2025-12-01 11:41:40,638 - INFO - Test class balance  - 0: 4, 1: 7
2025-12-01 11:41:40,660 - INFO - Training fold 5 with early stopping (patience=50)...
2025-12-01 11:41:40,686 - INFO - Epoch 1/200 | Train Loss: 2.251400 | Val Loss: 1.933002 | Best Val Loss: inf (epoch 1)
2025-12-01 11:41:40,888 - INFO - Epoch 10/200 | Train Loss: 0.757279 | Val Loss: 0.693706 | Best Val Loss: inf (epoch 1)
2025-12-01 11:41:41,110 - INFO - Epoch 20/200 | Train Loss: 0.690659 | Val Loss: 0.687093 | Best Val Loss: inf (epoch 1)
2025-12-01 11:41:41,333 - INFO - Epoch 30/200 | Train Loss: 0.690499 | Val Loss: 0.681921 | Best Val Loss: inf (epoch 1)
2025-12-01 11:41:41,555 - INFO - Epoch 40/200 | Train Loss: 0.689985 | Val Loss: 0.678611 | Best Val Loss: inf (epoch 1)
2025-12-01 11:41:41,777 - INFO - Epoch 50/200 | Train Loss: 0.684254 | Val Loss: 0.677059 | Best Val Loss: inf (epoch 1)
2025-12-01 11:41:42,189 - INFO - Epoch 60/200 | Train Loss: 0.686171 | Val Loss: 0.673688 | Best Val Loss: 0.673615 (epoch 59)
2025-12-01 11:41:42,565 - INFO - Epoch 70/200 | Train Loss: 0.689799 | Val Loss: 0.672103 | Best Val Loss: 0.672103 (epoch 70)
2025-12-01 11:41:42,943 - INFO - Epoch 80/200 | Train Loss: 0.685703 | Val Loss: 0.671088 | Best Val Loss: 0.671085 (epoch 79)
2025-12-01 11:41:43,204 - INFO - Epoch 90/200 | Train Loss: 0.689832 | Val Loss: 0.671567 | Best Val Loss: 0.670820 (epoch 83)
2025-12-01 11:41:43,425 - INFO - Epoch 100/200 | Train Loss: 0.693755 | Val Loss: 0.672283 | Best Val Loss: 0.670820 (epoch 83)
2025-12-01 11:41:43,648 - INFO - Epoch 110/200 | Train Loss: 0.693713 | Val Loss: 0.671840 | Best Val Loss: 0.670820 (epoch 83)
2025-12-01 11:41:43,869 - INFO - Epoch 120/200 | Train Loss: 0.685966 | Val Loss: 0.672696 | Best Val Loss: 0.670820 (epoch 83)
2025-12-01 11:41:44,090 - INFO - Epoch 130/200 | Train Loss: 0.689790 | Val Loss: 0.671661 | Best Val Loss: 0.670820 (epoch 83)
2025-12-01 11:41:44,156 - INFO - Early stopping triggered at epoch 133! Best validation loss: 0.670820 at epoch 83
2025-12-01 11:41:44,171 - INFO - Loaded best model from epoch 83
2025-12-01 11:41:44,174 - INFO - Optimal Youden threshold: inf
2025-12-01 11:41:44,186 - INFO - Fold 5 Results - Acc: 0.3636, F1: 0.0000, AUC: 0.5000, AP: 0.6364
2025-12-01 11:41:44,186 - INFO - 
============================================================
2025-12-01 11:41:44,186 - INFO - FINAL CROSS-VALIDATION RESULTS FOR: Treatment_Response_ALL_Thresh0.25
2025-12-01 11:41:44,187 - INFO - ACC       : 0.4364 ± 0.0364
2025-12-01 11:41:44,187 - INFO - F1        : 0.0000 ± 0.0000
2025-12-01 11:41:44,187 - INFO - PRECISION : 0.0000 ± 0.0000
2025-12-01 11:41:44,187 - INFO - RECALL    : 0.0000 ± 0.0000
2025-12-01 11:41:44,187 - INFO - AUC       : 0.5000 ± 0.0000
2025-12-01 11:41:44,187 - INFO - AP        : 0.5636 ± 0.0364
2025-12-01 11:41:44,187 - INFO - ============================================================

2025-12-01 11:41:44,191 - INFO - Results saved to final_results_Treatment_Response_ALL_Thresh0.25.json
2025-12-01 11:41:44,191 - INFO - Total execution time: 13.78 seconds
2025-12-01 11:41:48,405 - INFO - Using device: cuda
2025-12-01 11:41:48,406 - INFO - Hyperparameters: {
  "batch_size": 8,
  "learning_rate": 5e-05,
  "num_epochs": 200,
  "hidden_dim": 512,
  "num_blocks": 6,
  "dropout": 0.3,
  "feature_type": "ALL",
  "improvement_threshold": 0.25
}
2025-12-01 11:41:48,406 - INFO - Starting treatment response prediction pipeline
2025-12-01 11:41:48,406 - INFO - Building diff file index (mean_anomaly & mean_distortion)...
2025-12-01 11:41:48,407 - WARNING - Duplicate patient ID found: stn02, skipping additional entry
2025-12-01 11:41:48,408 - WARNING - Duplicate patient ID found: gpi11, skipping additional entry
2025-12-01 11:41:48,408 - WARNING - Duplicate patient ID found: gpi02, skipping additional entry
2025-12-01 11:41:48,408 - WARNING - Duplicate patient ID found: gpi19, skipping additional entry
2025-12-01 11:41:48,408 - WARNING - Duplicate patient ID found: stn23, skipping additional entry
2025-12-01 11:41:48,408 - WARNING - Duplicate patient ID found: stn03, skipping additional entry
2025-12-01 11:41:48,408 - WARNING - Duplicate patient ID found: gpi20, skipping additional entry
2025-12-01 11:41:48,408 - WARNING - Duplicate patient ID found: stn04, skipping additional entry
2025-12-01 11:41:48,409 - WARNING - Duplicate patient ID found: stn24, skipping additional entry
2025-12-01 11:41:48,409 - WARNING - Duplicate patient ID found: gpi04, skipping additional entry
2025-12-01 11:41:48,409 - WARNING - Duplicate patient ID found: gpi15, skipping additional entry
2025-12-01 11:41:48,409 - WARNING - Duplicate patient ID found: stn19, skipping additional entry
2025-12-01 11:41:48,409 - WARNING - Duplicate patient ID found: stn08, skipping additional entry
2025-12-01 11:41:48,409 - WARNING - Duplicate patient ID found: stn11, skipping additional entry
2025-12-01 11:41:48,409 - WARNING - Duplicate patient ID found: gpi07, skipping additional entry
2025-12-01 11:41:48,409 - WARNING - Duplicate patient ID found: gpi26, skipping additional entry
2025-12-01 11:41:48,409 - WARNING - Duplicate patient ID found: stn13, skipping additional entry
2025-12-01 11:41:48,410 - WARNING - Duplicate patient ID found: gpi06, skipping additional entry
2025-12-01 11:41:48,410 - WARNING - Duplicate patient ID found: stn30, skipping additional entry
2025-12-01 11:41:48,410 - WARNING - Duplicate patient ID found: stn18, skipping additional entry
2025-12-01 11:41:48,410 - WARNING - Duplicate patient ID found: gpi24, skipping additional entry
2025-12-01 11:41:48,410 - WARNING - Duplicate patient ID found: gpi13, skipping additional entry
2025-12-01 11:41:48,410 - WARNING - Duplicate patient ID found: stn07, skipping additional entry
2025-12-01 11:41:48,410 - WARNING - Duplicate patient ID found: stn20, skipping additional entry
2025-12-01 11:41:48,410 - WARNING - Duplicate patient ID found: gpi12, skipping additional entry
2025-12-01 11:41:48,411 - WARNING - Duplicate patient ID found: stn01, skipping additional entry
2025-12-01 11:41:48,411 - WARNING - Duplicate patient ID found: gpi22, skipping additional entry
2025-12-01 11:41:48,411 - WARNING - Duplicate patient ID found: gpi18, skipping additional entry
2025-12-01 11:41:48,411 - WARNING - Duplicate patient ID found: gpi09, skipping additional entry
2025-12-01 11:41:48,411 - WARNING - Duplicate patient ID found: gpi25, skipping additional entry
2025-12-01 11:41:48,411 - WARNING - Duplicate patient ID found: stn29, skipping additional entry
2025-12-01 11:41:48,411 - WARNING - Duplicate patient ID found: gpi31, skipping additional entry
2025-12-01 11:41:48,411 - WARNING - Duplicate patient ID found: stn10, skipping additional entry
2025-12-01 11:41:48,411 - WARNING - Duplicate patient ID found: gpi28, skipping additional entry
2025-12-01 11:41:48,411 - WARNING - Duplicate patient ID found: stn31, skipping additional entry
2025-12-01 11:41:48,411 - WARNING - Duplicate patient ID found: gpi03, skipping additional entry
2025-12-01 11:41:48,411 - WARNING - Duplicate patient ID found: gpi05, skipping additional entry
2025-12-01 11:41:48,412 - WARNING - Duplicate patient ID found: stn25, skipping additional entry
2025-12-01 11:41:48,412 - WARNING - Duplicate patient ID found: gpi08, skipping additional entry
2025-12-01 11:41:48,412 - WARNING - Duplicate patient ID found: gpi27, skipping additional entry
2025-12-01 11:41:48,412 - WARNING - Duplicate patient ID found: stn16, skipping additional entry
2025-12-01 11:41:48,412 - WARNING - Duplicate patient ID found: gpi23, skipping additional entry
2025-12-01 11:41:48,412 - WARNING - Duplicate patient ID found: stn09, skipping additional entry
2025-12-01 11:41:48,412 - WARNING - Duplicate patient ID found: stn28, skipping additional entry
2025-12-01 11:41:48,412 - WARNING - Duplicate patient ID found: stn06, skipping additional entry
2025-12-01 11:41:48,412 - WARNING - Duplicate patient ID found: stn12, skipping additional entry
2025-12-01 11:41:48,412 - WARNING - Duplicate patient ID found: gpi16, skipping additional entry
2025-12-01 11:41:48,412 - WARNING - Duplicate patient ID found: gpi30, skipping additional entry
2025-12-01 11:41:48,412 - WARNING - Duplicate patient ID found: stn21, skipping additional entry
2025-12-01 11:41:48,412 - WARNING - Duplicate patient ID found: stn22, skipping additional entry
2025-12-01 11:41:48,413 - WARNING - Duplicate patient ID found: stn14, skipping additional entry
2025-12-01 11:41:48,413 - WARNING - Duplicate patient ID found: gpi17, skipping additional entry
2025-12-01 11:41:48,413 - WARNING - Duplicate patient ID found: gpi21, skipping additional entry
2025-12-01 11:41:48,413 - WARNING - Duplicate patient ID found: gpi32, skipping additional entry
2025-12-01 11:41:48,413 - WARNING - Duplicate patient ID found: stn15, skipping additional entry
2025-12-01 11:41:48,413 - INFO - Built diff index with 71 patients
2025-12-01 11:41:48,413 - INFO - Parsing UPDRS data with diff features...
2025-12-01 11:41:48,427 - INFO - Found 55 valid samples
2025-12-01 11:41:48,427 - INFO - Preparing feature matrices with diff features...
2025-12-01 11:41:48,460 - INFO - Feature matrix shape: (55, 365), Class distribution: [24 31]
2025-12-01 11:41:48,460 - INFO - 
============================================================
2025-12-01 11:41:48,460 - INFO - Starting Cross-Validation Experiment: Treatment_Response_ALL_Thresh0.25
2025-12-01 11:41:48,460 - INFO - Total samples: 55 | Class distribution: [24 31]
2025-12-01 11:41:48,461 - INFO - 
--- Fold 1/5 ---
2025-12-01 11:41:48,461 - INFO - Train size: 44, Test size: 11
2025-12-01 11:41:48,461 - INFO - Train class balance - 0: 19, 1: 25
2025-12-01 11:41:48,462 - INFO - Test class balance  - 0: 5, 1: 6
2025-12-01 11:41:49,241 - INFO - Training fold 1 with early stopping (patience=50)...
2025-12-01 11:41:49,402 - INFO - Epoch 1/200 | Train Loss: 0.721373 | Val Loss: 0.717889 | Best Val Loss: inf (epoch 1)
2025-12-01 11:41:49,600 - INFO - Epoch 10/200 | Train Loss: 0.519739 | Val Loss: 0.647714 | Best Val Loss: inf (epoch 1)
2025-12-01 11:41:49,819 - INFO - Epoch 20/200 | Train Loss: 0.271842 | Val Loss: 0.735992 | Best Val Loss: inf (epoch 1)
2025-12-01 11:41:50,038 - INFO - Epoch 30/200 | Train Loss: 0.057991 | Val Loss: 0.522246 | Best Val Loss: inf (epoch 1)
2025-12-01 11:41:50,259 - INFO - Epoch 40/200 | Train Loss: 0.005620 | Val Loss: 0.926226 | Best Val Loss: inf (epoch 1)
2025-12-01 11:41:50,479 - INFO - Epoch 50/200 | Train Loss: 0.012026 | Val Loss: 0.897879 | Best Val Loss: inf (epoch 1)
2025-12-01 11:41:50,834 - INFO - Epoch 60/200 | Train Loss: 0.001544 | Val Loss: 0.814060 | Best Val Loss: 0.742574 (epoch 59)
2025-12-01 11:41:51,058 - INFO - Epoch 70/200 | Train Loss: 0.001046 | Val Loss: 0.860298 | Best Val Loss: 0.742574 (epoch 59)
2025-12-01 11:41:51,298 - INFO - Epoch 80/200 | Train Loss: 0.002502 | Val Loss: 0.852853 | Best Val Loss: 0.503576 (epoch 74)
2025-12-01 11:41:51,520 - INFO - Epoch 90/200 | Train Loss: 0.001781 | Val Loss: 0.969552 | Best Val Loss: 0.503576 (epoch 74)
2025-12-01 11:41:51,741 - INFO - Epoch 100/200 | Train Loss: 0.000328 | Val Loss: 1.376772 | Best Val Loss: 0.503576 (epoch 74)
2025-12-01 11:41:51,960 - INFO - Epoch 110/200 | Train Loss: 0.000241 | Val Loss: 2.187573 | Best Val Loss: 0.503576 (epoch 74)
2025-12-01 11:41:52,180 - INFO - Epoch 120/200 | Train Loss: 0.000343 | Val Loss: 1.247530 | Best Val Loss: 0.503576 (epoch 74)
2025-12-01 11:41:52,268 - INFO - Early stopping triggered at epoch 124! Best validation loss: 0.503576 at epoch 74
2025-12-01 11:41:52,283 - INFO - Loaded best model from epoch 74
2025-12-01 11:41:52,286 - INFO - Optimal Youden threshold: 0.9844
2025-12-01 11:41:52,304 - INFO - Fold 1 Results - Acc: 0.8182, F1: 0.8000, AUC: 0.9000, AP: 0.9306
2025-12-01 11:41:52,305 - INFO - 
--- Fold 2/5 ---
2025-12-01 11:41:52,305 - INFO - Train size: 44, Test size: 11
2025-12-01 11:41:52,305 - INFO - Train class balance - 0: 19, 1: 25
2025-12-01 11:41:52,305 - INFO - Test class balance  - 0: 5, 1: 6
2025-12-01 11:41:52,330 - INFO - Training fold 2 with early stopping (patience=50)...
2025-12-01 11:41:52,354 - INFO - Epoch 1/200 | Train Loss: 0.690355 | Val Loss: 0.668171 | Best Val Loss: inf (epoch 1)
2025-12-01 11:41:52,551 - INFO - Epoch 10/200 | Train Loss: 0.544826 | Val Loss: 0.626049 | Best Val Loss: inf (epoch 1)
2025-12-01 11:41:52,770 - INFO - Epoch 20/200 | Train Loss: 0.209718 | Val Loss: 0.734646 | Best Val Loss: inf (epoch 1)
2025-12-01 11:41:52,990 - INFO - Epoch 30/200 | Train Loss: 0.025340 | Val Loss: 1.306727 | Best Val Loss: inf (epoch 1)
2025-12-01 11:41:53,209 - INFO - Epoch 40/200 | Train Loss: 0.008952 | Val Loss: 1.977875 | Best Val Loss: inf (epoch 1)
2025-12-01 11:41:53,429 - INFO - Epoch 50/200 | Train Loss: 0.015429 | Val Loss: 2.122494 | Best Val Loss: inf (epoch 1)
2025-12-01 11:41:53,663 - INFO - Epoch 60/200 | Train Loss: 0.002612 | Val Loss: 2.352930 | Best Val Loss: 2.221751 (epoch 51)
2025-12-01 11:41:53,903 - INFO - Epoch 70/200 | Train Loss: 0.003174 | Val Loss: 2.389010 | Best Val Loss: 2.198185 (epoch 67)
2025-12-01 11:41:54,140 - INFO - Epoch 80/200 | Train Loss: 0.001428 | Val Loss: 2.377946 | Best Val Loss: 2.123148 (epoch 73)
2025-12-01 11:41:54,358 - INFO - Epoch 90/200 | Train Loss: 0.000595 | Val Loss: 2.405602 | Best Val Loss: 2.123148 (epoch 73)
2025-12-01 11:41:54,576 - INFO - Epoch 100/200 | Train Loss: 0.001556 | Val Loss: 2.511677 | Best Val Loss: 2.123148 (epoch 73)
2025-12-01 11:41:54,793 - INFO - Epoch 110/200 | Train Loss: 0.000562 | Val Loss: 2.561182 | Best Val Loss: 2.123148 (epoch 73)
2025-12-01 11:41:55,012 - INFO - Epoch 120/200 | Train Loss: 0.000727 | Val Loss: 2.617862 | Best Val Loss: 2.123148 (epoch 73)
2025-12-01 11:41:55,078 - INFO - Early stopping triggered at epoch 123! Best validation loss: 2.123148 at epoch 73
2025-12-01 11:41:55,093 - INFO - Loaded best model from epoch 73
2025-12-01 11:41:55,096 - INFO - Optimal Youden threshold: 0.9964
2025-12-01 11:41:55,109 - INFO - Fold 2 Results - Acc: 0.8182, F1: 0.8000, AUC: 0.8667, AP: 0.9107
2025-12-01 11:41:55,110 - INFO - 
--- Fold 3/5 ---
2025-12-01 11:41:55,110 - INFO - Train size: 44, Test size: 11
2025-12-01 11:41:55,110 - INFO - Train class balance - 0: 19, 1: 25
2025-12-01 11:41:55,110 - INFO - Test class balance  - 0: 5, 1: 6
2025-12-01 11:41:55,133 - INFO - Training fold 3 with early stopping (patience=50)...
2025-12-01 11:41:55,157 - INFO - Epoch 1/200 | Train Loss: 0.667495 | Val Loss: 0.751164 | Best Val Loss: inf (epoch 1)
2025-12-01 11:41:55,355 - INFO - Epoch 10/200 | Train Loss: 0.557588 | Val Loss: 0.557695 | Best Val Loss: inf (epoch 1)
2025-12-01 11:41:55,573 - INFO - Epoch 20/200 | Train Loss: 0.364136 | Val Loss: 0.371058 | Best Val Loss: inf (epoch 1)
2025-12-01 11:41:55,791 - INFO - Epoch 30/200 | Train Loss: 0.045322 | Val Loss: 0.870424 | Best Val Loss: inf (epoch 1)
2025-12-01 11:41:56,009 - INFO - Epoch 40/200 | Train Loss: 0.029568 | Val Loss: 1.284491 | Best Val Loss: inf (epoch 1)
2025-12-01 11:41:56,232 - INFO - Epoch 50/200 | Train Loss: 0.001953 | Val Loss: 1.374572 | Best Val Loss: inf (epoch 1)
2025-12-01 11:41:56,467 - INFO - Epoch 60/200 | Train Loss: 0.002715 | Val Loss: 1.839281 | Best Val Loss: 1.372991 (epoch 51)
2025-12-01 11:41:56,686 - INFO - Epoch 70/200 | Train Loss: 0.001527 | Val Loss: 1.987665 | Best Val Loss: 1.372991 (epoch 51)
2025-12-01 11:41:56,904 - INFO - Epoch 80/200 | Train Loss: 0.000976 | Val Loss: 1.580627 | Best Val Loss: 1.372991 (epoch 51)
2025-12-01 11:41:57,121 - INFO - Epoch 90/200 | Train Loss: 0.000988 | Val Loss: 2.409659 | Best Val Loss: 1.372991 (epoch 51)
2025-12-01 11:41:57,339 - INFO - Epoch 100/200 | Train Loss: 0.000485 | Val Loss: 2.734195 | Best Val Loss: 1.372991 (epoch 51)
2025-12-01 11:41:57,361 - INFO - Early stopping triggered at epoch 101! Best validation loss: 1.372991 at epoch 51
2025-12-01 11:41:57,377 - INFO - Loaded best model from epoch 51
2025-12-01 11:41:57,380 - INFO - Optimal Youden threshold: 0.5094
2025-12-01 11:41:57,395 - INFO - Fold 3 Results - Acc: 0.8182, F1: 0.8571, AUC: 0.7667, AP: 0.7802
2025-12-01 11:41:57,395 - INFO - 
--- Fold 4/5 ---
2025-12-01 11:41:57,396 - INFO - Train size: 44, Test size: 11
2025-12-01 11:41:57,396 - INFO - Train class balance - 0: 19, 1: 25
2025-12-01 11:41:57,396 - INFO - Test class balance  - 0: 5, 1: 6
2025-12-01 11:41:57,418 - INFO - Training fold 4 with early stopping (patience=50)...
2025-12-01 11:41:57,442 - INFO - Epoch 1/200 | Train Loss: 0.745963 | Val Loss: 0.678443 | Best Val Loss: inf (epoch 1)
2025-12-01 11:41:57,638 - INFO - Epoch 10/200 | Train Loss: 0.517147 | Val Loss: 0.649008 | Best Val Loss: inf (epoch 1)
2025-12-01 11:41:57,856 - INFO - Epoch 20/200 | Train Loss: 0.136972 | Val Loss: 1.197437 | Best Val Loss: inf (epoch 1)
2025-12-01 11:41:58,074 - INFO - Epoch 30/200 | Train Loss: 0.038302 | Val Loss: 1.948257 | Best Val Loss: inf (epoch 1)
2025-12-01 11:41:58,294 - INFO - Epoch 40/200 | Train Loss: 0.014631 | Val Loss: 2.428569 | Best Val Loss: inf (epoch 1)
2025-12-01 11:41:58,513 - INFO - Epoch 50/200 | Train Loss: 0.004718 | Val Loss: 3.026763 | Best Val Loss: inf (epoch 1)
2025-12-01 11:41:58,915 - INFO - Epoch 60/200 | Train Loss: 0.005192 | Val Loss: 2.855769 | Best Val Loss: 2.855769 (epoch 60)
2025-12-01 11:41:59,174 - INFO - Epoch 70/200 | Train Loss: 0.016862 | Val Loss: 3.025401 | Best Val Loss: 2.846184 (epoch 63)
2025-12-01 11:41:59,432 - INFO - Epoch 80/200 | Train Loss: 0.010785 | Val Loss: 3.759476 | Best Val Loss: 2.776350 (epoch 73)
2025-12-01 11:41:59,653 - INFO - Epoch 90/200 | Train Loss: 0.000952 | Val Loss: 3.538742 | Best Val Loss: 2.776350 (epoch 73)
2025-12-01 11:41:59,872 - INFO - Epoch 100/200 | Train Loss: 0.001875 | Val Loss: 3.546169 | Best Val Loss: 2.776350 (epoch 73)
2025-12-01 11:42:00,091 - INFO - Epoch 110/200 | Train Loss: 0.000451 | Val Loss: 3.985406 | Best Val Loss: 2.776350 (epoch 73)
2025-12-01 11:42:00,311 - INFO - Epoch 120/200 | Train Loss: 0.000441 | Val Loss: 4.157058 | Best Val Loss: 2.776350 (epoch 73)
2025-12-01 11:42:00,376 - INFO - Early stopping triggered at epoch 123! Best validation loss: 2.776350 at epoch 73
2025-12-01 11:42:00,392 - INFO - Loaded best model from epoch 73
2025-12-01 11:42:00,396 - INFO - Optimal Youden threshold: 0.9999
2025-12-01 11:42:00,408 - INFO - Fold 4 Results - Acc: 0.7273, F1: 0.6667, AUC: 0.7000, AP: 0.8153
2025-12-01 11:42:00,409 - INFO - 
--- Fold 5/5 ---
2025-12-01 11:42:00,409 - INFO - Train size: 44, Test size: 11
2025-12-01 11:42:00,409 - INFO - Train class balance - 0: 20, 1: 24
2025-12-01 11:42:00,409 - INFO - Test class balance  - 0: 4, 1: 7
2025-12-01 11:42:00,432 - INFO - Training fold 5 with early stopping (patience=50)...
2025-12-01 11:42:00,455 - INFO - Epoch 1/200 | Train Loss: 0.692443 | Val Loss: 0.674169 | Best Val Loss: inf (epoch 1)
2025-12-01 11:42:00,653 - INFO - Epoch 10/200 | Train Loss: 0.496381 | Val Loss: 0.502630 | Best Val Loss: inf (epoch 1)
2025-12-01 11:42:00,875 - INFO - Epoch 20/200 | Train Loss: 0.202014 | Val Loss: 0.317832 | Best Val Loss: inf (epoch 1)
2025-12-01 11:42:01,095 - INFO - Epoch 30/200 | Train Loss: 0.071744 | Val Loss: 0.572940 | Best Val Loss: inf (epoch 1)
2025-12-01 11:42:01,312 - INFO - Epoch 40/200 | Train Loss: 0.018391 | Val Loss: 0.481586 | Best Val Loss: inf (epoch 1)
2025-12-01 11:42:01,528 - INFO - Epoch 50/200 | Train Loss: 0.002397 | Val Loss: 0.509821 | Best Val Loss: inf (epoch 1)
2025-12-01 11:42:01,781 - INFO - Epoch 60/200 | Train Loss: 0.010285 | Val Loss: 0.821748 | Best Val Loss: 0.330719 (epoch 52)
2025-12-01 11:42:01,997 - INFO - Epoch 70/200 | Train Loss: 0.001337 | Val Loss: 0.667718 | Best Val Loss: 0.330719 (epoch 52)
2025-12-01 11:42:02,212 - INFO - Epoch 80/200 | Train Loss: 0.005474 | Val Loss: 0.981097 | Best Val Loss: 0.330719 (epoch 52)
2025-12-01 11:42:02,428 - INFO - Epoch 90/200 | Train Loss: 0.000639 | Val Loss: 0.608252 | Best Val Loss: 0.330719 (epoch 52)
2025-12-01 11:42:02,644 - INFO - Epoch 100/200 | Train Loss: 0.001038 | Val Loss: 1.036900 | Best Val Loss: 0.330719 (epoch 52)
2025-12-01 11:42:02,688 - INFO - Early stopping triggered at epoch 102! Best validation loss: 0.330719 at epoch 52
2025-12-01 11:42:02,702 - INFO - Loaded best model from epoch 52
2025-12-01 11:42:02,705 - INFO - Optimal Youden threshold: 0.9316
2025-12-01 11:42:02,716 - INFO - Fold 5 Results - Acc: 0.9091, F1: 0.9231, AUC: 0.9643, AP: 0.9821
2025-12-01 11:42:02,717 - INFO - 
============================================================
2025-12-01 11:42:02,717 - INFO - FINAL CROSS-VALIDATION RESULTS FOR: Treatment_Response_ALL_Thresh0.25
2025-12-01 11:42:02,717 - INFO - ACC       : 0.8182 ± 0.0575
2025-12-01 11:42:02,717 - INFO - F1        : 0.8094 ± 0.0846
2025-12-01 11:42:02,717 - INFO - PRECISION : 0.9500 ± 0.1000
2025-12-01 11:42:02,717 - INFO - RECALL    : 0.7381 ± 0.1730
2025-12-01 11:42:02,717 - INFO - AUC       : 0.8395 ± 0.0946
2025-12-01 11:42:02,717 - INFO - AP        : 0.8838 ± 0.0749
2025-12-01 11:42:02,717 - INFO - ============================================================

2025-12-01 11:42:02,721 - INFO - Results saved to final_results_Treatment_Response_ALL_Thresh0.25.json
2025-12-01 11:42:02,721 - INFO - Total execution time: 14.32 seconds
2025-12-01 11:42:45,602 - INFO - Using device: cuda
2025-12-01 11:42:45,603 - INFO - Hyperparameters: {
  "batch_size": 8,
  "learning_rate": 0.001,
  "num_epochs": 200,
  "hidden_dim": 512,
  "num_blocks": 6,
  "dropout": 0.3,
  "feature_type": "ALL",
  "improvement_threshold": 0.25
}
2025-12-01 11:42:45,603 - INFO - Starting treatment response prediction pipeline
2025-12-01 11:42:45,603 - INFO - Building diff file index (mean_anomaly & mean_distortion)...
2025-12-01 11:42:45,604 - WARNING - Duplicate patient ID found: stn02, skipping additional entry
2025-12-01 11:42:45,604 - WARNING - Duplicate patient ID found: gpi11, skipping additional entry
2025-12-01 11:42:45,605 - WARNING - Duplicate patient ID found: gpi02, skipping additional entry
2025-12-01 11:42:45,605 - WARNING - Duplicate patient ID found: gpi19, skipping additional entry
2025-12-01 11:42:45,605 - WARNING - Duplicate patient ID found: stn23, skipping additional entry
2025-12-01 11:42:45,605 - WARNING - Duplicate patient ID found: stn03, skipping additional entry
2025-12-01 11:42:45,605 - WARNING - Duplicate patient ID found: gpi20, skipping additional entry
2025-12-01 11:42:45,605 - WARNING - Duplicate patient ID found: stn04, skipping additional entry
2025-12-01 11:42:45,606 - WARNING - Duplicate patient ID found: stn24, skipping additional entry
2025-12-01 11:42:45,606 - WARNING - Duplicate patient ID found: gpi04, skipping additional entry
2025-12-01 11:42:45,606 - WARNING - Duplicate patient ID found: gpi15, skipping additional entry
2025-12-01 11:42:45,606 - WARNING - Duplicate patient ID found: stn19, skipping additional entry
2025-12-01 11:42:45,606 - WARNING - Duplicate patient ID found: stn08, skipping additional entry
2025-12-01 11:42:45,606 - WARNING - Duplicate patient ID found: stn11, skipping additional entry
2025-12-01 11:42:45,606 - WARNING - Duplicate patient ID found: gpi07, skipping additional entry
2025-12-01 11:42:45,606 - WARNING - Duplicate patient ID found: gpi26, skipping additional entry
2025-12-01 11:42:45,606 - WARNING - Duplicate patient ID found: stn13, skipping additional entry
2025-12-01 11:42:45,606 - WARNING - Duplicate patient ID found: gpi06, skipping additional entry
2025-12-01 11:42:45,606 - WARNING - Duplicate patient ID found: stn30, skipping additional entry
2025-12-01 11:42:45,607 - WARNING - Duplicate patient ID found: stn18, skipping additional entry
2025-12-01 11:42:45,607 - WARNING - Duplicate patient ID found: gpi24, skipping additional entry
2025-12-01 11:42:45,607 - WARNING - Duplicate patient ID found: gpi13, skipping additional entry
2025-12-01 11:42:45,607 - WARNING - Duplicate patient ID found: stn07, skipping additional entry
2025-12-01 11:42:45,607 - WARNING - Duplicate patient ID found: stn20, skipping additional entry
2025-12-01 11:42:45,607 - WARNING - Duplicate patient ID found: gpi12, skipping additional entry
2025-12-01 11:42:45,607 - WARNING - Duplicate patient ID found: stn01, skipping additional entry
2025-12-01 11:42:45,607 - WARNING - Duplicate patient ID found: gpi22, skipping additional entry
2025-12-01 11:42:45,607 - WARNING - Duplicate patient ID found: gpi18, skipping additional entry
2025-12-01 11:42:45,608 - WARNING - Duplicate patient ID found: gpi09, skipping additional entry
2025-12-01 11:42:45,608 - WARNING - Duplicate patient ID found: gpi25, skipping additional entry
2025-12-01 11:42:45,608 - WARNING - Duplicate patient ID found: stn29, skipping additional entry
2025-12-01 11:42:45,608 - WARNING - Duplicate patient ID found: gpi31, skipping additional entry
2025-12-01 11:42:45,608 - WARNING - Duplicate patient ID found: stn10, skipping additional entry
2025-12-01 11:42:45,608 - WARNING - Duplicate patient ID found: gpi28, skipping additional entry
2025-12-01 11:42:45,608 - WARNING - Duplicate patient ID found: stn31, skipping additional entry
2025-12-01 11:42:45,608 - WARNING - Duplicate patient ID found: gpi03, skipping additional entry
2025-12-01 11:42:45,608 - WARNING - Duplicate patient ID found: gpi05, skipping additional entry
2025-12-01 11:42:45,608 - WARNING - Duplicate patient ID found: stn25, skipping additional entry
2025-12-01 11:42:45,608 - WARNING - Duplicate patient ID found: gpi08, skipping additional entry
2025-12-01 11:42:45,608 - WARNING - Duplicate patient ID found: gpi27, skipping additional entry
2025-12-01 11:42:45,608 - WARNING - Duplicate patient ID found: stn16, skipping additional entry
2025-12-01 11:42:45,609 - WARNING - Duplicate patient ID found: gpi23, skipping additional entry
2025-12-01 11:42:45,609 - WARNING - Duplicate patient ID found: stn09, skipping additional entry
2025-12-01 11:42:45,609 - WARNING - Duplicate patient ID found: stn28, skipping additional entry
2025-12-01 11:42:45,609 - WARNING - Duplicate patient ID found: stn06, skipping additional entry
2025-12-01 11:42:45,609 - WARNING - Duplicate patient ID found: stn12, skipping additional entry
2025-12-01 11:42:45,609 - WARNING - Duplicate patient ID found: gpi16, skipping additional entry
2025-12-01 11:42:45,609 - WARNING - Duplicate patient ID found: gpi30, skipping additional entry
2025-12-01 11:42:45,609 - WARNING - Duplicate patient ID found: stn21, skipping additional entry
2025-12-01 11:42:45,609 - WARNING - Duplicate patient ID found: stn22, skipping additional entry
2025-12-01 11:42:45,609 - WARNING - Duplicate patient ID found: stn14, skipping additional entry
2025-12-01 11:42:45,609 - WARNING - Duplicate patient ID found: gpi17, skipping additional entry
2025-12-01 11:42:45,609 - WARNING - Duplicate patient ID found: gpi21, skipping additional entry
2025-12-01 11:42:45,609 - WARNING - Duplicate patient ID found: gpi32, skipping additional entry
2025-12-01 11:42:45,610 - WARNING - Duplicate patient ID found: stn15, skipping additional entry
2025-12-01 11:42:45,610 - INFO - Built diff index with 71 patients
2025-12-01 11:42:45,610 - INFO - Parsing UPDRS data with diff features...
2025-12-01 11:42:45,624 - INFO - Found 55 valid samples
2025-12-01 11:42:45,624 - INFO - Preparing feature matrices with diff features...
2025-12-01 11:42:45,656 - INFO - Feature matrix shape: (55, 365), Class distribution: [24 31]
2025-12-01 11:42:45,656 - INFO - 
============================================================
2025-12-01 11:42:45,657 - INFO - Starting Cross-Validation Experiment: Treatment_Response_ALL_Thresh0.25
2025-12-01 11:42:45,657 - INFO - Total samples: 55 | Class distribution: [24 31]
2025-12-01 11:42:45,658 - INFO - 
--- Fold 1/5 ---
2025-12-01 11:42:45,658 - INFO - Train size: 44, Test size: 11
2025-12-01 11:42:45,658 - INFO - Train class balance - 0: 19, 1: 25
2025-12-01 11:42:45,658 - INFO - Test class balance  - 0: 5, 1: 6
2025-12-01 11:42:46,498 - INFO - Training fold 1 with early stopping (patience=50)...
2025-12-01 11:42:46,655 - INFO - Epoch 1/200 | Train Loss: 0.694898 | Val Loss: 1.828477 | Best Val Loss: inf (epoch 1)
2025-12-01 11:42:46,858 - INFO - Epoch 10/200 | Train Loss: 0.227810 | Val Loss: 0.583285 | Best Val Loss: inf (epoch 1)
2025-12-01 11:42:47,081 - INFO - Epoch 20/200 | Train Loss: 0.140346 | Val Loss: 0.950214 | Best Val Loss: inf (epoch 1)
2025-12-01 11:42:47,304 - INFO - Epoch 30/200 | Train Loss: 0.001092 | Val Loss: 2.749889 | Best Val Loss: inf (epoch 1)
2025-12-01 11:42:47,527 - INFO - Epoch 40/200 | Train Loss: 0.046325 | Val Loss: 2.034675 | Best Val Loss: inf (epoch 1)
2025-12-01 11:42:47,749 - INFO - Epoch 50/200 | Train Loss: 0.000032 | Val Loss: 3.765937 | Best Val Loss: inf (epoch 1)
2025-12-01 11:42:47,991 - INFO - Epoch 60/200 | Train Loss: 0.000092 | Val Loss: 3.833777 | Best Val Loss: 3.774851 (epoch 51)
2025-12-01 11:42:48,216 - INFO - Epoch 70/200 | Train Loss: 0.000081 | Val Loss: 3.972525 | Best Val Loss: 3.774851 (epoch 51)
2025-12-01 11:42:48,438 - INFO - Epoch 80/200 | Train Loss: 0.000359 | Val Loss: 4.178843 | Best Val Loss: 3.774851 (epoch 51)
2025-12-01 11:42:48,661 - INFO - Epoch 90/200 | Train Loss: 0.000007 | Val Loss: 4.232343 | Best Val Loss: 3.774851 (epoch 51)
2025-12-01 11:42:48,883 - INFO - Epoch 100/200 | Train Loss: 0.000002 | Val Loss: 4.262789 | Best Val Loss: 3.774851 (epoch 51)
2025-12-01 11:42:48,905 - INFO - Early stopping triggered at epoch 101! Best validation loss: 3.774851 at epoch 51
2025-12-01 11:42:48,921 - INFO - Loaded best model from epoch 51
2025-12-01 11:42:48,924 - INFO - Optimal Youden threshold: 1.0000
2025-12-01 11:42:48,944 - INFO - Fold 1 Results - Acc: 0.7273, F1: 0.6667, AUC: 0.7667, AP: 0.8524
2025-12-01 11:42:48,944 - INFO - 
--- Fold 2/5 ---
2025-12-01 11:42:48,944 - INFO - Train size: 44, Test size: 11
2025-12-01 11:42:48,944 - INFO - Train class balance - 0: 19, 1: 25
2025-12-01 11:42:48,944 - INFO - Test class balance  - 0: 5, 1: 6
2025-12-01 11:42:48,969 - INFO - Training fold 2 with early stopping (patience=50)...
2025-12-01 11:42:48,993 - INFO - Epoch 1/200 | Train Loss: 0.911560 | Val Loss: 1.052852 | Best Val Loss: inf (epoch 1)
2025-12-01 11:42:49,193 - INFO - Epoch 10/200 | Train Loss: 0.113613 | Val Loss: 0.758584 | Best Val Loss: inf (epoch 1)
2025-12-01 11:42:49,413 - INFO - Epoch 20/200 | Train Loss: 0.000120 | Val Loss: 2.336850 | Best Val Loss: inf (epoch 1)
2025-12-01 11:42:49,638 - INFO - Epoch 30/200 | Train Loss: 0.000114 | Val Loss: 2.515292 | Best Val Loss: inf (epoch 1)
2025-12-01 11:42:49,862 - INFO - Epoch 40/200 | Train Loss: 0.000078 | Val Loss: 2.596558 | Best Val Loss: inf (epoch 1)
2025-12-01 11:42:50,083 - INFO - Epoch 50/200 | Train Loss: 0.000039 | Val Loss: 2.672707 | Best Val Loss: inf (epoch 1)
2025-12-01 11:42:50,319 - INFO - Epoch 60/200 | Train Loss: 0.000035 | Val Loss: 2.822728 | Best Val Loss: 2.680666 (epoch 51)
2025-12-01 11:42:50,541 - INFO - Epoch 70/200 | Train Loss: 0.000032 | Val Loss: 2.920220 | Best Val Loss: 2.680666 (epoch 51)
2025-12-01 11:42:50,763 - INFO - Epoch 80/200 | Train Loss: 0.000010 | Val Loss: 2.978771 | Best Val Loss: 2.680666 (epoch 51)
2025-12-01 11:42:50,986 - INFO - Epoch 90/200 | Train Loss: 0.000014 | Val Loss: 3.025312 | Best Val Loss: 2.680666 (epoch 51)
2025-12-01 11:42:51,209 - INFO - Epoch 100/200 | Train Loss: 0.000013 | Val Loss: 3.073456 | Best Val Loss: 2.680666 (epoch 51)
2025-12-01 11:42:51,232 - INFO - Early stopping triggered at epoch 101! Best validation loss: 2.680666 at epoch 51
2025-12-01 11:42:51,248 - INFO - Loaded best model from epoch 51
2025-12-01 11:42:51,251 - INFO - Optimal Youden threshold: 1.0000
2025-12-01 11:42:51,264 - INFO - Fold 2 Results - Acc: 0.8182, F1: 0.8000, AUC: 0.9000, AP: 0.9306
2025-12-01 11:42:51,264 - INFO - 
--- Fold 3/5 ---
2025-12-01 11:42:51,264 - INFO - Train size: 44, Test size: 11
2025-12-01 11:42:51,264 - INFO - Train class balance - 0: 19, 1: 25
2025-12-01 11:42:51,264 - INFO - Test class balance  - 0: 5, 1: 6
2025-12-01 11:42:51,290 - INFO - Training fold 3 with early stopping (patience=50)...
2025-12-01 11:42:51,315 - INFO - Epoch 1/200 | Train Loss: 0.822614 | Val Loss: 1.059150 | Best Val Loss: inf (epoch 1)
2025-12-01 11:42:51,516 - INFO - Epoch 10/200 | Train Loss: 0.219605 | Val Loss: 3.601470 | Best Val Loss: inf (epoch 1)
2025-12-01 11:42:51,738 - INFO - Epoch 20/200 | Train Loss: 0.001074 | Val Loss: 3.479413 | Best Val Loss: inf (epoch 1)
2025-12-01 11:42:51,961 - INFO - Epoch 30/200 | Train Loss: 0.000511 | Val Loss: 5.154646 | Best Val Loss: inf (epoch 1)
2025-12-01 11:42:52,181 - INFO - Epoch 40/200 | Train Loss: 0.000040 | Val Loss: 36.365239 | Best Val Loss: inf (epoch 1)
2025-12-01 11:42:52,402 - INFO - Epoch 50/200 | Train Loss: 0.000102 | Val Loss: 29.241506 | Best Val Loss: inf (epoch 1)
2025-12-01 11:42:52,638 - INFO - Epoch 60/200 | Train Loss: 0.000009 | Val Loss: 29.358152 | Best Val Loss: 29.290085 (epoch 51)
2025-12-01 11:42:52,857 - INFO - Epoch 70/200 | Train Loss: 0.000009 | Val Loss: 29.375874 | Best Val Loss: 29.290085 (epoch 51)
2025-12-01 11:42:53,078 - INFO - Epoch 80/200 | Train Loss: 0.000002 | Val Loss: 29.385384 | Best Val Loss: 29.290085 (epoch 51)
2025-12-01 11:42:53,355 - INFO - Epoch 90/200 | Train Loss: 0.000160 | Val Loss: 4.024895 | Best Val Loss: 3.050798 (epoch 87)
2025-12-01 11:42:53,611 - INFO - Epoch 100/200 | Train Loss: 0.320641 | Val Loss: 2.258225 | Best Val Loss: 2.258225 (epoch 100)
2025-12-01 11:42:53,830 - INFO - Epoch 110/200 | Train Loss: 0.000000 | Val Loss: 28.965759 | Best Val Loss: 2.258225 (epoch 100)
2025-12-01 11:42:54,049 - INFO - Epoch 120/200 | Train Loss: 0.000000 | Val Loss: 28.983485 | Best Val Loss: 2.258225 (epoch 100)
2025-12-01 11:42:54,269 - INFO - Epoch 130/200 | Train Loss: 15.310809 | Val Loss: 45.454546 | Best Val Loss: 2.258225 (epoch 100)
2025-12-01 11:42:54,528 - INFO - Epoch 140/200 | Train Loss: 0.504769 | Val Loss: 3.474050 | Best Val Loss: 1.514733 (epoch 132)
2025-12-01 11:42:54,746 - INFO - Epoch 150/200 | Train Loss: 0.000040 | Val Loss: 29.359956 | Best Val Loss: 1.514733 (epoch 132)
2025-12-01 11:42:54,966 - INFO - Epoch 160/200 | Train Loss: 0.000014 | Val Loss: 29.385526 | Best Val Loss: 1.514733 (epoch 132)
2025-12-01 11:42:55,188 - INFO - Epoch 170/200 | Train Loss: 0.000001 | Val Loss: 29.337774 | Best Val Loss: 1.514733 (epoch 132)
2025-12-01 11:42:55,406 - INFO - Epoch 180/200 | Train Loss: 0.000001 | Val Loss: 29.332314 | Best Val Loss: 1.514733 (epoch 132)
2025-12-01 11:42:55,450 - INFO - Early stopping triggered at epoch 182! Best validation loss: 1.514733 at epoch 132
2025-12-01 11:42:55,466 - INFO - Loaded best model from epoch 132
2025-12-01 11:42:55,469 - INFO - Optimal Youden threshold: 0.9029
2025-12-01 11:42:55,482 - INFO - Fold 3 Results - Acc: 0.6364, F1: 0.6667, AUC: 0.4333, AP: 0.5335
2025-12-01 11:42:55,482 - INFO - 
--- Fold 4/5 ---
2025-12-01 11:42:55,482 - INFO - Train size: 44, Test size: 11
2025-12-01 11:42:55,482 - INFO - Train class balance - 0: 19, 1: 25
2025-12-01 11:42:55,482 - INFO - Test class balance  - 0: 5, 1: 6
2025-12-01 11:42:55,505 - INFO - Training fold 4 with early stopping (patience=50)...
2025-12-01 11:42:55,528 - INFO - Epoch 1/200 | Train Loss: 0.639629 | Val Loss: 1.064650 | Best Val Loss: inf (epoch 1)
2025-12-01 11:42:55,726 - INFO - Epoch 10/200 | Train Loss: 0.013060 | Val Loss: 1.389939 | Best Val Loss: inf (epoch 1)
2025-12-01 11:42:55,946 - INFO - Epoch 20/200 | Train Loss: 0.000052 | Val Loss: 5.795230 | Best Val Loss: inf (epoch 1)
2025-12-01 11:42:56,166 - INFO - Epoch 30/200 | Train Loss: 0.000002 | Val Loss: 4.843137 | Best Val Loss: inf (epoch 1)
2025-12-01 11:42:56,386 - INFO - Epoch 40/200 | Train Loss: 0.192984 | Val Loss: 3.288502 | Best Val Loss: inf (epoch 1)
2025-12-01 11:42:56,605 - INFO - Epoch 50/200 | Train Loss: 0.442672 | Val Loss: 2.178678 | Best Val Loss: inf (epoch 1)
2025-12-01 11:42:56,900 - INFO - Epoch 60/200 | Train Loss: 0.003965 | Val Loss: 3.544723 | Best Val Loss: 1.823566 (epoch 57)
2025-12-01 11:42:57,141 - INFO - Epoch 70/200 | Train Loss: 0.034258 | Val Loss: 3.098149 | Best Val Loss: 1.426717 (epoch 68)
2025-12-01 11:42:57,361 - INFO - Epoch 80/200 | Train Loss: 0.000551 | Val Loss: 2.345661 | Best Val Loss: 1.426717 (epoch 68)
2025-12-01 11:42:57,581 - INFO - Epoch 90/200 | Train Loss: 0.000217 | Val Loss: 2.535533 | Best Val Loss: 1.426717 (epoch 68)
2025-12-01 11:42:57,800 - INFO - Epoch 100/200 | Train Loss: 0.000150 | Val Loss: 2.639884 | Best Val Loss: 1.426717 (epoch 68)
2025-12-01 11:42:58,019 - INFO - Epoch 110/200 | Train Loss: 0.000252 | Val Loss: 2.737615 | Best Val Loss: 1.426717 (epoch 68)
2025-12-01 11:42:58,195 - INFO - Early stopping triggered at epoch 118! Best validation loss: 1.426717 at epoch 68
2025-12-01 11:42:58,211 - INFO - Loaded best model from epoch 68
2025-12-01 11:42:58,214 - INFO - Optimal Youden threshold: 0.0285
2025-12-01 11:42:58,225 - INFO - Fold 4 Results - Acc: 0.8182, F1: 0.8000, AUC: 0.8000, AP: 0.8819
2025-12-01 11:42:58,225 - INFO - 
--- Fold 5/5 ---
2025-12-01 11:42:58,225 - INFO - Train size: 44, Test size: 11
2025-12-01 11:42:58,225 - INFO - Train class balance - 0: 20, 1: 24
2025-12-01 11:42:58,225 - INFO - Test class balance  - 0: 4, 1: 7
2025-12-01 11:42:58,248 - INFO - Training fold 5 with early stopping (patience=50)...
2025-12-01 11:42:58,272 - INFO - Epoch 1/200 | Train Loss: 0.763845 | Val Loss: 1.932307 | Best Val Loss: inf (epoch 1)
2025-12-01 11:42:58,469 - INFO - Epoch 10/200 | Train Loss: 0.362319 | Val Loss: 0.771681 | Best Val Loss: inf (epoch 1)
2025-12-01 11:42:58,687 - INFO - Epoch 20/200 | Train Loss: 0.000059 | Val Loss: 2.031762 | Best Val Loss: inf (epoch 1)
2025-12-01 11:42:58,906 - INFO - Epoch 30/200 | Train Loss: 0.000059 | Val Loss: 2.028424 | Best Val Loss: inf (epoch 1)
2025-12-01 11:42:59,125 - INFO - Epoch 40/200 | Train Loss: 0.000051 | Val Loss: 2.055654 | Best Val Loss: inf (epoch 1)
2025-12-01 11:42:59,349 - INFO - Epoch 50/200 | Train Loss: 0.000009 | Val Loss: 2.159452 | Best Val Loss: inf (epoch 1)
2025-12-01 11:42:59,590 - INFO - Epoch 60/200 | Train Loss: 0.000007 | Val Loss: 2.201420 | Best Val Loss: 2.163313 (epoch 51)
2025-12-01 11:42:59,813 - INFO - Epoch 70/200 | Train Loss: 0.000021 | Val Loss: 2.246146 | Best Val Loss: 2.163313 (epoch 51)
2025-12-01 11:43:00,037 - INFO - Epoch 80/200 | Train Loss: 0.000095 | Val Loss: 2.283630 | Best Val Loss: 2.163313 (epoch 51)
2025-12-01 11:43:00,259 - INFO - Epoch 90/200 | Train Loss: 0.000008 | Val Loss: 2.329143 | Best Val Loss: 2.163313 (epoch 51)
2025-12-01 11:43:00,480 - INFO - Epoch 100/200 | Train Loss: 0.000056 | Val Loss: 2.390401 | Best Val Loss: 2.163313 (epoch 51)
2025-12-01 11:43:00,503 - INFO - Early stopping triggered at epoch 101! Best validation loss: 2.163313 at epoch 51
2025-12-01 11:43:00,518 - INFO - Loaded best model from epoch 51
2025-12-01 11:43:00,521 - INFO - Optimal Youden threshold: 0.9796
2025-12-01 11:43:00,534 - INFO - Fold 5 Results - Acc: 0.8182, F1: 0.8333, AUC: 0.8214, AP: 0.9214
2025-12-01 11:43:00,534 - INFO - 
============================================================
2025-12-01 11:43:00,534 - INFO - FINAL CROSS-VALIDATION RESULTS FOR: Treatment_Response_ALL_Thresh0.25
2025-12-01 11:43:00,534 - INFO - ACC       : 0.7636 ± 0.0727
2025-12-01 11:43:00,534 - INFO - F1        : 0.7533 ± 0.0718
2025-12-01 11:43:00,534 - INFO - PRECISION : 0.9333 ± 0.1333
2025-12-01 11:43:00,534 - INFO - RECALL    : 0.6429 ± 0.0738
2025-12-01 11:43:00,535 - INFO - AUC       : 0.7443 ± 0.1616
2025-12-01 11:43:00,535 - INFO - AP        : 0.8240 ± 0.1479
2025-12-01 11:43:00,535 - INFO - ============================================================

2025-12-01 11:43:00,538 - INFO - Results saved to final_results_Treatment_Response_ALL_Thresh0.25.json
2025-12-01 11:43:00,538 - INFO - Total execution time: 14.94 seconds
2025-12-01 11:43:07,667 - INFO - Using device: cuda
2025-12-01 11:43:07,667 - INFO - Hyperparameters: {
  "batch_size": 8,
  "learning_rate": 0.0001,
  "num_epochs": 200,
  "hidden_dim": 512,
  "num_blocks": 6,
  "dropout": 0.3,
  "feature_type": "ALL",
  "improvement_threshold": 0.25
}
2025-12-01 11:43:07,667 - INFO - Starting treatment response prediction pipeline
2025-12-01 11:43:07,667 - INFO - Building diff file index (mean_anomaly & mean_distortion)...
2025-12-01 11:43:07,669 - WARNING - Duplicate patient ID found: stn02, skipping additional entry
2025-12-01 11:43:07,669 - WARNING - Duplicate patient ID found: gpi11, skipping additional entry
2025-12-01 11:43:07,669 - WARNING - Duplicate patient ID found: gpi02, skipping additional entry
2025-12-01 11:43:07,669 - WARNING - Duplicate patient ID found: gpi19, skipping additional entry
2025-12-01 11:43:07,670 - WARNING - Duplicate patient ID found: stn23, skipping additional entry
2025-12-01 11:43:07,670 - WARNING - Duplicate patient ID found: stn03, skipping additional entry
2025-12-01 11:43:07,670 - WARNING - Duplicate patient ID found: gpi20, skipping additional entry
2025-12-01 11:43:07,670 - WARNING - Duplicate patient ID found: stn04, skipping additional entry
2025-12-01 11:43:07,670 - WARNING - Duplicate patient ID found: stn24, skipping additional entry
2025-12-01 11:43:07,671 - WARNING - Duplicate patient ID found: gpi04, skipping additional entry
2025-12-01 11:43:07,671 - WARNING - Duplicate patient ID found: gpi15, skipping additional entry
2025-12-01 11:43:07,671 - WARNING - Duplicate patient ID found: stn19, skipping additional entry
2025-12-01 11:43:07,671 - WARNING - Duplicate patient ID found: stn08, skipping additional entry
2025-12-01 11:43:07,671 - WARNING - Duplicate patient ID found: stn11, skipping additional entry
2025-12-01 11:43:07,671 - WARNING - Duplicate patient ID found: gpi07, skipping additional entry
2025-12-01 11:43:07,671 - WARNING - Duplicate patient ID found: gpi26, skipping additional entry
2025-12-01 11:43:07,671 - WARNING - Duplicate patient ID found: stn13, skipping additional entry
2025-12-01 11:43:07,671 - WARNING - Duplicate patient ID found: gpi06, skipping additional entry
2025-12-01 11:43:07,672 - WARNING - Duplicate patient ID found: stn30, skipping additional entry
2025-12-01 11:43:07,672 - WARNING - Duplicate patient ID found: stn18, skipping additional entry
2025-12-01 11:43:07,672 - WARNING - Duplicate patient ID found: gpi24, skipping additional entry
2025-12-01 11:43:07,672 - WARNING - Duplicate patient ID found: gpi13, skipping additional entry
2025-12-01 11:43:07,672 - WARNING - Duplicate patient ID found: stn07, skipping additional entry
2025-12-01 11:43:07,672 - WARNING - Duplicate patient ID found: stn20, skipping additional entry
2025-12-01 11:43:07,672 - WARNING - Duplicate patient ID found: gpi12, skipping additional entry
2025-12-01 11:43:07,672 - WARNING - Duplicate patient ID found: stn01, skipping additional entry
2025-12-01 11:43:07,673 - WARNING - Duplicate patient ID found: gpi22, skipping additional entry
2025-12-01 11:43:07,673 - WARNING - Duplicate patient ID found: gpi18, skipping additional entry
2025-12-01 11:43:07,673 - WARNING - Duplicate patient ID found: gpi09, skipping additional entry
2025-12-01 11:43:07,673 - WARNING - Duplicate patient ID found: gpi25, skipping additional entry
2025-12-01 11:43:07,673 - WARNING - Duplicate patient ID found: stn29, skipping additional entry
2025-12-01 11:43:07,673 - WARNING - Duplicate patient ID found: gpi31, skipping additional entry
2025-12-01 11:43:07,673 - WARNING - Duplicate patient ID found: stn10, skipping additional entry
2025-12-01 11:43:07,673 - WARNING - Duplicate patient ID found: gpi28, skipping additional entry
2025-12-01 11:43:07,673 - WARNING - Duplicate patient ID found: stn31, skipping additional entry
2025-12-01 11:43:07,673 - WARNING - Duplicate patient ID found: gpi03, skipping additional entry
2025-12-01 11:43:07,673 - WARNING - Duplicate patient ID found: gpi05, skipping additional entry
2025-12-01 11:43:07,673 - WARNING - Duplicate patient ID found: stn25, skipping additional entry
2025-12-01 11:43:07,673 - WARNING - Duplicate patient ID found: gpi08, skipping additional entry
2025-12-01 11:43:07,674 - WARNING - Duplicate patient ID found: gpi27, skipping additional entry
2025-12-01 11:43:07,674 - WARNING - Duplicate patient ID found: stn16, skipping additional entry
2025-12-01 11:43:07,674 - WARNING - Duplicate patient ID found: gpi23, skipping additional entry
2025-12-01 11:43:07,674 - WARNING - Duplicate patient ID found: stn09, skipping additional entry
2025-12-01 11:43:07,674 - WARNING - Duplicate patient ID found: stn28, skipping additional entry
2025-12-01 11:43:07,674 - WARNING - Duplicate patient ID found: stn06, skipping additional entry
2025-12-01 11:43:07,674 - WARNING - Duplicate patient ID found: stn12, skipping additional entry
2025-12-01 11:43:07,674 - WARNING - Duplicate patient ID found: gpi16, skipping additional entry
2025-12-01 11:43:07,674 - WARNING - Duplicate patient ID found: gpi30, skipping additional entry
2025-12-01 11:43:07,674 - WARNING - Duplicate patient ID found: stn21, skipping additional entry
2025-12-01 11:43:07,674 - WARNING - Duplicate patient ID found: stn22, skipping additional entry
2025-12-01 11:43:07,674 - WARNING - Duplicate patient ID found: stn14, skipping additional entry
2025-12-01 11:43:07,674 - WARNING - Duplicate patient ID found: gpi17, skipping additional entry
2025-12-01 11:43:07,675 - WARNING - Duplicate patient ID found: gpi21, skipping additional entry
2025-12-01 11:43:07,675 - WARNING - Duplicate patient ID found: gpi32, skipping additional entry
2025-12-01 11:43:07,675 - WARNING - Duplicate patient ID found: stn15, skipping additional entry
2025-12-01 11:43:07,675 - INFO - Built diff index with 71 patients
2025-12-01 11:43:07,675 - INFO - Parsing UPDRS data with diff features...
2025-12-01 11:43:07,689 - INFO - Found 55 valid samples
2025-12-01 11:43:07,689 - INFO - Preparing feature matrices with diff features...
2025-12-01 11:43:07,726 - INFO - Feature matrix shape: (55, 365), Class distribution: [24 31]
2025-12-01 11:43:07,726 - INFO - 
============================================================
2025-12-01 11:43:07,726 - INFO - Starting Cross-Validation Experiment: Treatment_Response_ALL_Thresh0.25
2025-12-01 11:43:07,726 - INFO - Total samples: 55 | Class distribution: [24 31]
2025-12-01 11:43:07,727 - INFO - 
--- Fold 1/5 ---
2025-12-01 11:43:07,727 - INFO - Train size: 44, Test size: 11
2025-12-01 11:43:07,727 - INFO - Train class balance - 0: 19, 1: 25
2025-12-01 11:43:07,727 - INFO - Test class balance  - 0: 5, 1: 6
2025-12-01 11:43:08,509 - INFO - Training fold 1 with early stopping (patience=50)...
2025-12-01 11:43:08,693 - INFO - Epoch 1/200 | Train Loss: 0.736478 | Val Loss: 0.722726 | Best Val Loss: inf (epoch 1)
2025-12-01 11:43:08,893 - INFO - Epoch 10/200 | Train Loss: 0.310533 | Val Loss: 0.646355 | Best Val Loss: inf (epoch 1)
2025-12-01 11:43:09,113 - INFO - Epoch 20/200 | Train Loss: 0.035951 | Val Loss: 1.363793 | Best Val Loss: inf (epoch 1)
2025-12-01 11:43:09,334 - INFO - Epoch 30/200 | Train Loss: 0.002225 | Val Loss: 0.960170 | Best Val Loss: inf (epoch 1)
2025-12-01 11:43:09,554 - INFO - Epoch 40/200 | Train Loss: 0.000605 | Val Loss: 1.884414 | Best Val Loss: inf (epoch 1)
2025-12-01 11:43:09,774 - INFO - Epoch 50/200 | Train Loss: 0.000836 | Val Loss: 1.734839 | Best Val Loss: inf (epoch 1)
2025-12-01 11:43:10,032 - INFO - Epoch 60/200 | Train Loss: 0.000316 | Val Loss: 1.798522 | Best Val Loss: 1.659625 (epoch 59)
2025-12-01 11:43:10,292 - INFO - Epoch 70/200 | Train Loss: 0.000157 | Val Loss: 1.216167 | Best Val Loss: 1.216167 (epoch 70)
2025-12-01 11:43:10,513 - INFO - Epoch 80/200 | Train Loss: 0.000174 | Val Loss: 1.841615 | Best Val Loss: 1.216167 (epoch 70)
2025-12-01 11:43:10,734 - INFO - Epoch 90/200 | Train Loss: 0.007041 | Val Loss: 2.671716 | Best Val Loss: 1.216167 (epoch 70)
2025-12-01 11:43:10,956 - INFO - Epoch 100/200 | Train Loss: 0.000213 | Val Loss: 1.918141 | Best Val Loss: 1.216167 (epoch 70)
2025-12-01 11:43:11,175 - INFO - Epoch 110/200 | Train Loss: 0.000208 | Val Loss: 2.149680 | Best Val Loss: 1.216167 (epoch 70)
2025-12-01 11:43:11,395 - INFO - Early stopping triggered at epoch 120! Best validation loss: 1.216167 at epoch 70
2025-12-01 11:43:11,410 - INFO - Loaded best model from epoch 70
2025-12-01 11:43:11,413 - INFO - Optimal Youden threshold: 0.9994
2025-12-01 11:43:11,428 - INFO - Fold 1 Results - Acc: 0.8182, F1: 0.8000, AUC: 0.8667, AP: 0.9107
2025-12-01 11:43:11,428 - INFO - 
--- Fold 2/5 ---
2025-12-01 11:43:11,428 - INFO - Train size: 44, Test size: 11
2025-12-01 11:43:11,428 - INFO - Train class balance - 0: 19, 1: 25
2025-12-01 11:43:11,428 - INFO - Test class balance  - 0: 5, 1: 6
2025-12-01 11:43:11,451 - INFO - Training fold 2 with early stopping (patience=50)...
2025-12-01 11:43:11,475 - INFO - Epoch 1/200 | Train Loss: 0.691427 | Val Loss: 0.661964 | Best Val Loss: inf (epoch 1)
2025-12-01 11:43:11,675 - INFO - Epoch 10/200 | Train Loss: 0.296332 | Val Loss: 0.638405 | Best Val Loss: inf (epoch 1)
2025-12-01 11:43:11,899 - INFO - Epoch 20/200 | Train Loss: 0.021385 | Val Loss: 1.502423 | Best Val Loss: inf (epoch 1)
2025-12-01 11:43:12,121 - INFO - Epoch 30/200 | Train Loss: 0.002372 | Val Loss: 1.983004 | Best Val Loss: inf (epoch 1)
2025-12-01 11:43:12,345 - INFO - Epoch 40/200 | Train Loss: 0.000558 | Val Loss: 2.456029 | Best Val Loss: inf (epoch 1)
2025-12-01 11:43:12,568 - INFO - Epoch 50/200 | Train Loss: 0.018797 | Val Loss: 2.134337 | Best Val Loss: inf (epoch 1)
2025-12-01 11:43:12,828 - INFO - Epoch 60/200 | Train Loss: 0.000155 | Val Loss: 2.576623 | Best Val Loss: 2.221760 (epoch 52)
2025-12-01 11:43:13,054 - INFO - Epoch 70/200 | Train Loss: 0.000146 | Val Loss: 2.725548 | Best Val Loss: 2.221760 (epoch 52)
2025-12-01 11:43:13,279 - INFO - Epoch 80/200 | Train Loss: 0.000104 | Val Loss: 2.767722 | Best Val Loss: 2.221760 (epoch 52)
2025-12-01 11:43:13,502 - INFO - Epoch 90/200 | Train Loss: 0.000131 | Val Loss: 2.774005 | Best Val Loss: 2.221760 (epoch 52)
2025-12-01 11:43:13,724 - INFO - Epoch 100/200 | Train Loss: 0.000081 | Val Loss: 2.857534 | Best Val Loss: 2.221760 (epoch 52)
2025-12-01 11:43:13,769 - INFO - Early stopping triggered at epoch 102! Best validation loss: 2.221760 at epoch 52
2025-12-01 11:43:13,785 - INFO - Loaded best model from epoch 52
2025-12-01 11:43:13,788 - INFO - Optimal Youden threshold: 1.0000
2025-12-01 11:43:13,801 - INFO - Fold 2 Results - Acc: 0.8182, F1: 0.8000, AUC: 0.8333, AP: 0.8968
2025-12-01 11:43:13,801 - INFO - 
--- Fold 3/5 ---
2025-12-01 11:43:13,801 - INFO - Train size: 44, Test size: 11
2025-12-01 11:43:13,801 - INFO - Train class balance - 0: 19, 1: 25
2025-12-01 11:43:13,801 - INFO - Test class balance  - 0: 5, 1: 6
2025-12-01 11:43:13,824 - INFO - Training fold 3 with early stopping (patience=50)...
2025-12-01 11:43:13,848 - INFO - Epoch 1/200 | Train Loss: 0.784595 | Val Loss: 0.657117 | Best Val Loss: inf (epoch 1)
2025-12-01 11:43:14,049 - INFO - Epoch 10/200 | Train Loss: 0.345931 | Val Loss: 0.553565 | Best Val Loss: inf (epoch 1)
2025-12-01 11:43:14,273 - INFO - Epoch 20/200 | Train Loss: 0.079034 | Val Loss: 2.003224 | Best Val Loss: inf (epoch 1)
2025-12-01 11:43:14,494 - INFO - Epoch 30/200 | Train Loss: 0.002015 | Val Loss: 2.381249 | Best Val Loss: inf (epoch 1)
2025-12-01 11:43:14,715 - INFO - Epoch 40/200 | Train Loss: 0.003716 | Val Loss: 2.436927 | Best Val Loss: inf (epoch 1)
2025-12-01 11:43:14,937 - INFO - Epoch 50/200 | Train Loss: 0.044837 | Val Loss: 2.538278 | Best Val Loss: inf (epoch 1)
2025-12-01 11:43:15,236 - INFO - Epoch 60/200 | Train Loss: 0.000397 | Val Loss: 2.830502 | Best Val Loss: 2.491189 (epoch 58)
2025-12-01 11:43:15,459 - INFO - Epoch 70/200 | Train Loss: 0.000112 | Val Loss: 2.867786 | Best Val Loss: 2.491189 (epoch 58)
2025-12-01 11:43:15,679 - INFO - Epoch 80/200 | Train Loss: 0.000314 | Val Loss: 2.970575 | Best Val Loss: 2.491189 (epoch 58)
2025-12-01 11:43:15,901 - INFO - Epoch 90/200 | Train Loss: 0.000225 | Val Loss: 2.793880 | Best Val Loss: 2.491189 (epoch 58)
2025-12-01 11:43:16,122 - INFO - Epoch 100/200 | Train Loss: 0.000159 | Val Loss: 2.822946 | Best Val Loss: 2.491189 (epoch 58)
2025-12-01 11:43:16,298 - INFO - Early stopping triggered at epoch 108! Best validation loss: 2.491189 at epoch 58
2025-12-01 11:43:16,314 - INFO - Loaded best model from epoch 58
2025-12-01 11:43:16,317 - INFO - Optimal Youden threshold: 0.9013
2025-12-01 11:43:16,329 - INFO - Fold 3 Results - Acc: 0.7273, F1: 0.7692, AUC: 0.6667, AP: 0.7329
2025-12-01 11:43:16,330 - INFO - 
--- Fold 4/5 ---
2025-12-01 11:43:16,330 - INFO - Train size: 44, Test size: 11
2025-12-01 11:43:16,330 - INFO - Train class balance - 0: 19, 1: 25
2025-12-01 11:43:16,330 - INFO - Test class balance  - 0: 5, 1: 6
2025-12-01 11:43:16,352 - INFO - Training fold 4 with early stopping (patience=50)...
2025-12-01 11:43:16,376 - INFO - Epoch 1/200 | Train Loss: 0.742725 | Val Loss: 0.667577 | Best Val Loss: inf (epoch 1)
2025-12-01 11:43:16,577 - INFO - Epoch 10/200 | Train Loss: 0.399895 | Val Loss: 0.863837 | Best Val Loss: inf (epoch 1)
2025-12-01 11:43:16,800 - INFO - Epoch 20/200 | Train Loss: 0.015183 | Val Loss: 2.494741 | Best Val Loss: inf (epoch 1)
2025-12-01 11:43:17,021 - INFO - Epoch 30/200 | Train Loss: 0.002498 | Val Loss: 2.255122 | Best Val Loss: inf (epoch 1)
2025-12-01 11:43:17,244 - INFO - Epoch 40/200 | Train Loss: 0.000897 | Val Loss: 2.438593 | Best Val Loss: inf (epoch 1)
2025-12-01 11:43:17,464 - INFO - Epoch 50/200 | Train Loss: 0.032335 | Val Loss: 3.294339 | Best Val Loss: inf (epoch 1)
2025-12-01 11:43:17,780 - INFO - Epoch 60/200 | Train Loss: 0.003439 | Val Loss: 2.946073 | Best Val Loss: 2.946073 (epoch 60)
2025-12-01 11:43:18,058 - INFO - Epoch 70/200 | Train Loss: 0.000832 | Val Loss: 2.730742 | Best Val Loss: 2.238896 (epoch 68)
2025-12-01 11:43:18,278 - INFO - Epoch 80/200 | Train Loss: 0.000203 | Val Loss: 2.442102 | Best Val Loss: 2.238896 (epoch 68)
2025-12-01 11:43:18,501 - INFO - Epoch 90/200 | Train Loss: 0.000349 | Val Loss: 2.736043 | Best Val Loss: 2.238896 (epoch 68)
2025-12-01 11:43:18,723 - INFO - Epoch 100/200 | Train Loss: 0.000171 | Val Loss: 2.611912 | Best Val Loss: 2.238896 (epoch 68)
2025-12-01 11:43:18,944 - INFO - Epoch 110/200 | Train Loss: 0.000170 | Val Loss: 2.666604 | Best Val Loss: 2.238896 (epoch 68)
2025-12-01 11:43:19,121 - INFO - Early stopping triggered at epoch 118! Best validation loss: 2.238896 at epoch 68
2025-12-01 11:43:19,137 - INFO - Loaded best model from epoch 68
2025-12-01 11:43:19,140 - INFO - Optimal Youden threshold: 0.9638
2025-12-01 11:43:19,157 - INFO - Fold 4 Results - Acc: 0.7273, F1: 0.7273, AUC: 0.7000, AP: 0.7958
2025-12-01 11:43:19,157 - INFO - 
--- Fold 5/5 ---
2025-12-01 11:43:19,157 - INFO - Train size: 44, Test size: 11
2025-12-01 11:43:19,157 - INFO - Train class balance - 0: 20, 1: 24
2025-12-01 11:43:19,157 - INFO - Test class balance  - 0: 4, 1: 7
2025-12-01 11:43:19,180 - INFO - Training fold 5 with early stopping (patience=50)...
2025-12-01 11:43:19,204 - INFO - Epoch 1/200 | Train Loss: 0.727336 | Val Loss: 0.685243 | Best Val Loss: inf (epoch 1)
2025-12-01 11:43:19,404 - INFO - Epoch 10/200 | Train Loss: 0.307795 | Val Loss: 0.331554 | Best Val Loss: inf (epoch 1)
2025-12-01 11:43:19,626 - INFO - Epoch 20/200 | Train Loss: 0.059242 | Val Loss: 0.319445 | Best Val Loss: inf (epoch 1)
2025-12-01 11:43:19,849 - INFO - Epoch 30/200 | Train Loss: 0.023539 | Val Loss: 1.784515 | Best Val Loss: inf (epoch 1)
2025-12-01 11:43:20,069 - INFO - Epoch 40/200 | Train Loss: 0.000870 | Val Loss: 1.585910 | Best Val Loss: inf (epoch 1)
2025-12-01 11:43:20,289 - INFO - Epoch 50/200 | Train Loss: 0.001144 | Val Loss: 0.358102 | Best Val Loss: inf (epoch 1)
2025-12-01 11:43:20,525 - INFO - Epoch 60/200 | Train Loss: 0.000269 | Val Loss: 1.571979 | Best Val Loss: 0.346723 (epoch 51)
2025-12-01 11:43:20,745 - INFO - Epoch 70/200 | Train Loss: 0.001417 | Val Loss: 2.295363 | Best Val Loss: 0.346723 (epoch 51)
2025-12-01 11:43:20,966 - INFO - Epoch 80/200 | Train Loss: 0.000337 | Val Loss: 1.320880 | Best Val Loss: 0.346723 (epoch 51)
2025-12-01 11:43:21,189 - INFO - Epoch 90/200 | Train Loss: 0.000128 | Val Loss: 1.659639 | Best Val Loss: 0.346723 (epoch 51)
2025-12-01 11:43:21,409 - INFO - Epoch 100/200 | Train Loss: 0.000128 | Val Loss: 1.721589 | Best Val Loss: 0.346723 (epoch 51)
2025-12-01 11:43:21,431 - INFO - Early stopping triggered at epoch 101! Best validation loss: 0.346723 at epoch 51
2025-12-01 11:43:21,447 - INFO - Loaded best model from epoch 51
2025-12-01 11:43:21,451 - INFO - Optimal Youden threshold: 0.0222
2025-12-01 11:43:21,465 - INFO - Fold 5 Results - Acc: 1.0000, F1: 1.0000, AUC: 1.0000, AP: 1.0000
2025-12-01 11:43:21,466 - INFO - 
============================================================
2025-12-01 11:43:21,466 - INFO - FINAL CROSS-VALIDATION RESULTS FOR: Treatment_Response_ALL_Thresh0.25
2025-12-01 11:43:21,466 - INFO - ACC       : 0.8182 ± 0.0996
2025-12-01 11:43:21,466 - INFO - F1        : 0.8193 ± 0.0942
2025-12-01 11:43:21,466 - INFO - PRECISION : 0.9029 ± 0.1220
2025-12-01 11:43:21,466 - INFO - RECALL    : 0.7667 ± 0.1333
2025-12-01 11:43:21,466 - INFO - AUC       : 0.8133 ± 0.1204
2025-12-01 11:43:21,466 - INFO - AP        : 0.8673 ± 0.0933
2025-12-01 11:43:21,467 - INFO - ============================================================

2025-12-01 11:43:21,471 - INFO - Results saved to final_results_Treatment_Response_ALL_Thresh0.25.json
2025-12-01 11:43:21,471 - INFO - Total execution time: 13.80 seconds
2025-12-01 11:43:33,793 - INFO - Using device: cuda
2025-12-01 11:43:33,793 - INFO - Hyperparameters: {
  "batch_size": 8,
  "learning_rate": 0.0004,
  "num_epochs": 200,
  "hidden_dim": 512,
  "num_blocks": 6,
  "dropout": 0.3,
  "feature_type": "ALL",
  "improvement_threshold": 0.25
}
2025-12-01 11:43:33,794 - INFO - Starting treatment response prediction pipeline
2025-12-01 11:43:33,794 - INFO - Building diff file index (mean_anomaly & mean_distortion)...
2025-12-01 11:43:33,795 - WARNING - Duplicate patient ID found: stn02, skipping additional entry
2025-12-01 11:43:33,795 - WARNING - Duplicate patient ID found: gpi11, skipping additional entry
2025-12-01 11:43:33,795 - WARNING - Duplicate patient ID found: gpi02, skipping additional entry
2025-12-01 11:43:33,796 - WARNING - Duplicate patient ID found: gpi19, skipping additional entry
2025-12-01 11:43:33,796 - WARNING - Duplicate patient ID found: stn23, skipping additional entry
2025-12-01 11:43:33,796 - WARNING - Duplicate patient ID found: stn03, skipping additional entry
2025-12-01 11:43:33,796 - WARNING - Duplicate patient ID found: gpi20, skipping additional entry
2025-12-01 11:43:33,796 - WARNING - Duplicate patient ID found: stn04, skipping additional entry
2025-12-01 11:43:33,796 - WARNING - Duplicate patient ID found: stn24, skipping additional entry
2025-12-01 11:43:33,797 - WARNING - Duplicate patient ID found: gpi04, skipping additional entry
2025-12-01 11:43:33,797 - WARNING - Duplicate patient ID found: gpi15, skipping additional entry
2025-12-01 11:43:33,797 - WARNING - Duplicate patient ID found: stn19, skipping additional entry
2025-12-01 11:43:33,797 - WARNING - Duplicate patient ID found: stn08, skipping additional entry
2025-12-01 11:43:33,797 - WARNING - Duplicate patient ID found: stn11, skipping additional entry
2025-12-01 11:43:33,797 - WARNING - Duplicate patient ID found: gpi07, skipping additional entry
2025-12-01 11:43:33,797 - WARNING - Duplicate patient ID found: gpi26, skipping additional entry
2025-12-01 11:43:33,797 - WARNING - Duplicate patient ID found: stn13, skipping additional entry
2025-12-01 11:43:33,797 - WARNING - Duplicate patient ID found: gpi06, skipping additional entry
2025-12-01 11:43:33,797 - WARNING - Duplicate patient ID found: stn30, skipping additional entry
2025-12-01 11:43:33,797 - WARNING - Duplicate patient ID found: stn18, skipping additional entry
2025-12-01 11:43:33,797 - WARNING - Duplicate patient ID found: gpi24, skipping additional entry
2025-12-01 11:43:33,798 - WARNING - Duplicate patient ID found: gpi13, skipping additional entry
2025-12-01 11:43:33,798 - WARNING - Duplicate patient ID found: stn07, skipping additional entry
2025-12-01 11:43:33,798 - WARNING - Duplicate patient ID found: stn20, skipping additional entry
2025-12-01 11:43:33,798 - WARNING - Duplicate patient ID found: gpi12, skipping additional entry
2025-12-01 11:43:33,798 - WARNING - Duplicate patient ID found: stn01, skipping additional entry
2025-12-01 11:43:33,798 - WARNING - Duplicate patient ID found: gpi22, skipping additional entry
2025-12-01 11:43:33,798 - WARNING - Duplicate patient ID found: gpi18, skipping additional entry
2025-12-01 11:43:33,799 - WARNING - Duplicate patient ID found: gpi09, skipping additional entry
2025-12-01 11:43:33,799 - WARNING - Duplicate patient ID found: gpi25, skipping additional entry
2025-12-01 11:43:33,799 - WARNING - Duplicate patient ID found: stn29, skipping additional entry
2025-12-01 11:43:33,799 - WARNING - Duplicate patient ID found: gpi31, skipping additional entry
2025-12-01 11:43:33,799 - WARNING - Duplicate patient ID found: stn10, skipping additional entry
2025-12-01 11:43:33,799 - WARNING - Duplicate patient ID found: gpi28, skipping additional entry
2025-12-01 11:43:33,799 - WARNING - Duplicate patient ID found: stn31, skipping additional entry
2025-12-01 11:43:33,799 - WARNING - Duplicate patient ID found: gpi03, skipping additional entry
2025-12-01 11:43:33,799 - WARNING - Duplicate patient ID found: gpi05, skipping additional entry
2025-12-01 11:43:33,799 - WARNING - Duplicate patient ID found: stn25, skipping additional entry
2025-12-01 11:43:33,799 - WARNING - Duplicate patient ID found: gpi08, skipping additional entry
2025-12-01 11:43:33,799 - WARNING - Duplicate patient ID found: gpi27, skipping additional entry
2025-12-01 11:43:33,799 - WARNING - Duplicate patient ID found: stn16, skipping additional entry
2025-12-01 11:43:33,800 - WARNING - Duplicate patient ID found: gpi23, skipping additional entry
2025-12-01 11:43:33,800 - WARNING - Duplicate patient ID found: stn09, skipping additional entry
2025-12-01 11:43:33,800 - WARNING - Duplicate patient ID found: stn28, skipping additional entry
2025-12-01 11:43:33,800 - WARNING - Duplicate patient ID found: stn06, skipping additional entry
2025-12-01 11:43:33,800 - WARNING - Duplicate patient ID found: stn12, skipping additional entry
2025-12-01 11:43:33,800 - WARNING - Duplicate patient ID found: gpi16, skipping additional entry
2025-12-01 11:43:33,800 - WARNING - Duplicate patient ID found: gpi30, skipping additional entry
2025-12-01 11:43:33,800 - WARNING - Duplicate patient ID found: stn21, skipping additional entry
2025-12-01 11:43:33,800 - WARNING - Duplicate patient ID found: stn22, skipping additional entry
2025-12-01 11:43:33,800 - WARNING - Duplicate patient ID found: stn14, skipping additional entry
2025-12-01 11:43:33,800 - WARNING - Duplicate patient ID found: gpi17, skipping additional entry
2025-12-01 11:43:33,800 - WARNING - Duplicate patient ID found: gpi21, skipping additional entry
2025-12-01 11:43:33,800 - WARNING - Duplicate patient ID found: gpi32, skipping additional entry
2025-12-01 11:43:33,801 - WARNING - Duplicate patient ID found: stn15, skipping additional entry
2025-12-01 11:43:33,801 - INFO - Built diff index with 71 patients
2025-12-01 11:43:33,801 - INFO - Parsing UPDRS data with diff features...
2025-12-01 11:43:33,815 - INFO - Found 55 valid samples
2025-12-01 11:43:33,815 - INFO - Preparing feature matrices with diff features...
2025-12-01 11:43:33,848 - INFO - Feature matrix shape: (55, 365), Class distribution: [24 31]
2025-12-01 11:43:33,848 - INFO - 
============================================================
2025-12-01 11:43:33,848 - INFO - Starting Cross-Validation Experiment: Treatment_Response_ALL_Thresh0.25
2025-12-01 11:43:33,848 - INFO - Total samples: 55 | Class distribution: [24 31]
2025-12-01 11:43:33,849 - INFO - 
--- Fold 1/5 ---
2025-12-01 11:43:33,849 - INFO - Train size: 44, Test size: 11
2025-12-01 11:43:33,849 - INFO - Train class balance - 0: 19, 1: 25
2025-12-01 11:43:33,849 - INFO - Test class balance  - 0: 5, 1: 6
2025-12-01 11:43:34,662 - INFO - Training fold 1 with early stopping (patience=50)...
2025-12-01 11:43:34,822 - INFO - Epoch 1/200 | Train Loss: 0.814067 | Val Loss: 0.700846 | Best Val Loss: inf (epoch 1)
2025-12-01 11:43:35,024 - INFO - Epoch 10/200 | Train Loss: 0.036631 | Val Loss: 1.804555 | Best Val Loss: inf (epoch 1)
2025-12-01 11:43:35,248 - INFO - Epoch 20/200 | Train Loss: 0.050389 | Val Loss: 2.226873 | Best Val Loss: inf (epoch 1)
2025-12-01 11:43:35,473 - INFO - Epoch 30/200 | Train Loss: 0.000768 | Val Loss: 1.780898 | Best Val Loss: inf (epoch 1)
2025-12-01 11:43:35,697 - INFO - Epoch 40/200 | Train Loss: 0.000106 | Val Loss: 1.970717 | Best Val Loss: inf (epoch 1)
2025-12-01 11:43:35,920 - INFO - Epoch 50/200 | Train Loss: 0.192031 | Val Loss: 2.996530 | Best Val Loss: inf (epoch 1)
2025-12-01 11:43:36,206 - INFO - Epoch 60/200 | Train Loss: 0.001752 | Val Loss: 1.193914 | Best Val Loss: 0.757969 (epoch 56)
2025-12-01 11:43:36,431 - INFO - Epoch 70/200 | Train Loss: 0.000150 | Val Loss: 1.092163 | Best Val Loss: 0.757969 (epoch 56)
2025-12-01 11:43:36,654 - INFO - Epoch 80/200 | Train Loss: 0.000129 | Val Loss: 1.157390 | Best Val Loss: 0.757969 (epoch 56)
2025-12-01 11:43:36,879 - INFO - Epoch 90/200 | Train Loss: 0.000094 | Val Loss: 1.200314 | Best Val Loss: 0.757969 (epoch 56)
2025-12-01 11:43:37,104 - INFO - Epoch 100/200 | Train Loss: 0.000045 | Val Loss: 1.219942 | Best Val Loss: 0.757969 (epoch 56)
2025-12-01 11:43:37,238 - INFO - Early stopping triggered at epoch 106! Best validation loss: 0.757969 at epoch 56
2025-12-01 11:43:37,254 - INFO - Loaded best model from epoch 56
2025-12-01 11:43:37,257 - INFO - Optimal Youden threshold: 0.9851
2025-12-01 11:43:37,272 - INFO - Fold 1 Results - Acc: 0.9091, F1: 0.9091, AUC: 0.9333, AP: 0.9583
2025-12-01 11:43:37,272 - INFO - 
--- Fold 2/5 ---
2025-12-01 11:43:37,272 - INFO - Train size: 44, Test size: 11
2025-12-01 11:43:37,272 - INFO - Train class balance - 0: 19, 1: 25
2025-12-01 11:43:37,272 - INFO - Test class balance  - 0: 5, 1: 6
2025-12-01 11:43:37,296 - INFO - Training fold 2 with early stopping (patience=50)...
2025-12-01 11:43:37,321 - INFO - Epoch 1/200 | Train Loss: 0.705845 | Val Loss: 0.941671 | Best Val Loss: inf (epoch 1)
2025-12-01 11:43:37,523 - INFO - Epoch 10/200 | Train Loss: 0.006389 | Val Loss: 1.870914 | Best Val Loss: inf (epoch 1)
2025-12-01 11:43:37,746 - INFO - Epoch 20/200 | Train Loss: 0.099390 | Val Loss: 1.446426 | Best Val Loss: inf (epoch 1)
2025-12-01 11:43:37,971 - INFO - Epoch 30/200 | Train Loss: 0.000698 | Val Loss: 1.840359 | Best Val Loss: inf (epoch 1)
2025-12-01 11:43:38,194 - INFO - Epoch 40/200 | Train Loss: 0.000185 | Val Loss: 1.998447 | Best Val Loss: inf (epoch 1)
2025-12-01 11:43:38,419 - INFO - Epoch 50/200 | Train Loss: 0.000070 | Val Loss: 2.175115 | Best Val Loss: inf (epoch 1)
2025-12-01 11:43:38,662 - INFO - Epoch 60/200 | Train Loss: 0.000116 | Val Loss: 2.257260 | Best Val Loss: 2.183730 (epoch 51)
2025-12-01 11:43:38,887 - INFO - Epoch 70/200 | Train Loss: 0.000044 | Val Loss: 2.339541 | Best Val Loss: 2.183730 (epoch 51)
2025-12-01 11:43:39,111 - INFO - Epoch 80/200 | Train Loss: 0.000033 | Val Loss: 2.403189 | Best Val Loss: 2.183730 (epoch 51)
2025-12-01 11:43:39,337 - INFO - Epoch 90/200 | Train Loss: 0.000030 | Val Loss: 2.475640 | Best Val Loss: 2.183730 (epoch 51)
2025-12-01 11:43:39,560 - INFO - Epoch 100/200 | Train Loss: 0.000024 | Val Loss: 2.523027 | Best Val Loss: 2.183730 (epoch 51)
2025-12-01 11:43:39,583 - INFO - Early stopping triggered at epoch 101! Best validation loss: 2.183730 at epoch 51
2025-12-01 11:43:39,599 - INFO - Loaded best model from epoch 51
2025-12-01 11:43:39,602 - INFO - Optimal Youden threshold: 0.0001
2025-12-01 11:43:39,617 - INFO - Fold 2 Results - Acc: 0.9091, F1: 0.9231, AUC: 0.9333, AP: 0.9484
2025-12-01 11:43:39,617 - INFO - 
--- Fold 3/5 ---
2025-12-01 11:43:39,617 - INFO - Train size: 44, Test size: 11
2025-12-01 11:43:39,617 - INFO - Train class balance - 0: 19, 1: 25
2025-12-01 11:43:39,617 - INFO - Test class balance  - 0: 5, 1: 6
2025-12-01 11:43:39,641 - INFO - Training fold 3 with early stopping (patience=50)...
2025-12-01 11:43:39,666 - INFO - Epoch 1/200 | Train Loss: 0.790302 | Val Loss: 0.590825 | Best Val Loss: inf (epoch 1)
2025-12-01 11:43:39,866 - INFO - Epoch 10/200 | Train Loss: 0.046715 | Val Loss: 1.307791 | Best Val Loss: inf (epoch 1)
2025-12-01 11:43:40,089 - INFO - Epoch 20/200 | Train Loss: 0.000166 | Val Loss: 2.552212 | Best Val Loss: inf (epoch 1)
2025-12-01 11:43:40,314 - INFO - Epoch 30/200 | Train Loss: 0.002832 | Val Loss: 3.959372 | Best Val Loss: inf (epoch 1)
2025-12-01 11:43:40,537 - INFO - Epoch 40/200 | Train Loss: 0.000061 | Val Loss: 4.166293 | Best Val Loss: inf (epoch 1)
2025-12-01 11:43:40,759 - INFO - Epoch 50/200 | Train Loss: 0.000036 | Val Loss: 4.212977 | Best Val Loss: inf (epoch 1)
2025-12-01 11:43:41,000 - INFO - Epoch 60/200 | Train Loss: 0.000050 | Val Loss: 5.025006 | Best Val Loss: 4.216888 (epoch 51)
2025-12-01 11:43:41,223 - INFO - Epoch 70/200 | Train Loss: 0.000067 | Val Loss: 4.985669 | Best Val Loss: 4.216888 (epoch 51)
2025-12-01 11:43:41,448 - INFO - Epoch 80/200 | Train Loss: 0.000093 | Val Loss: 4.850826 | Best Val Loss: 4.216888 (epoch 51)
2025-12-01 11:43:41,670 - INFO - Epoch 90/200 | Train Loss: 0.000031 | Val Loss: 5.174654 | Best Val Loss: 4.216888 (epoch 51)
2025-12-01 11:43:41,893 - INFO - Epoch 100/200 | Train Loss: 0.000013 | Val Loss: 4.987830 | Best Val Loss: 4.216888 (epoch 51)
2025-12-01 11:43:41,916 - INFO - Early stopping triggered at epoch 101! Best validation loss: 4.216888 at epoch 51
2025-12-01 11:43:41,932 - INFO - Loaded best model from epoch 51
2025-12-01 11:43:41,935 - INFO - Optimal Youden threshold: 1.0000
2025-12-01 11:43:41,949 - INFO - Fold 3 Results - Acc: 0.6364, F1: 0.6000, AUC: 0.6500, AP: 0.7181
2025-12-01 11:43:41,949 - INFO - 
--- Fold 4/5 ---
2025-12-01 11:43:41,949 - INFO - Train size: 44, Test size: 11
2025-12-01 11:43:41,949 - INFO - Train class balance - 0: 19, 1: 25
2025-12-01 11:43:41,949 - INFO - Test class balance  - 0: 5, 1: 6
2025-12-01 11:43:41,973 - INFO - Training fold 4 with early stopping (patience=50)...
2025-12-01 11:43:41,998 - INFO - Epoch 1/200 | Train Loss: 0.686779 | Val Loss: 0.785752 | Best Val Loss: inf (epoch 1)
2025-12-01 11:43:42,200 - INFO - Epoch 10/200 | Train Loss: 0.013381 | Val Loss: 1.628576 | Best Val Loss: inf (epoch 1)
2025-12-01 11:43:42,425 - INFO - Epoch 20/200 | Train Loss: 0.131332 | Val Loss: 3.470044 | Best Val Loss: inf (epoch 1)
2025-12-01 11:43:42,649 - INFO - Epoch 30/200 | Train Loss: 0.058047 | Val Loss: 1.582827 | Best Val Loss: inf (epoch 1)
2025-12-01 11:43:42,876 - INFO - Epoch 40/200 | Train Loss: 0.004031 | Val Loss: 2.075183 | Best Val Loss: inf (epoch 1)
2025-12-01 11:43:43,100 - INFO - Epoch 50/200 | Train Loss: 0.000066 | Val Loss: 2.548949 | Best Val Loss: inf (epoch 1)
2025-12-01 11:43:43,342 - INFO - Epoch 60/200 | Train Loss: 0.000046 | Val Loss: 2.731561 | Best Val Loss: 2.559768 (epoch 51)
2025-12-01 11:43:43,565 - INFO - Epoch 70/200 | Train Loss: 0.000049 | Val Loss: 2.989124 | Best Val Loss: 2.559768 (epoch 51)
2025-12-01 11:43:43,787 - INFO - Epoch 80/200 | Train Loss: 0.000073 | Val Loss: 3.120786 | Best Val Loss: 2.559768 (epoch 51)
2025-12-01 11:43:44,009 - INFO - Epoch 90/200 | Train Loss: 0.000020 | Val Loss: 3.092647 | Best Val Loss: 2.559768 (epoch 51)
2025-12-01 11:43:44,231 - INFO - Epoch 100/200 | Train Loss: 0.000014 | Val Loss: 3.149668 | Best Val Loss: 2.559768 (epoch 51)
2025-12-01 11:43:44,254 - INFO - Early stopping triggered at epoch 101! Best validation loss: 2.559768 at epoch 51
2025-12-01 11:43:44,270 - INFO - Loaded best model from epoch 51
2025-12-01 11:43:44,274 - INFO - Optimal Youden threshold: 0.9998
2025-12-01 11:43:44,290 - INFO - Fold 4 Results - Acc: 0.8182, F1: 0.8000, AUC: 0.7333, AP: 0.8617
2025-12-01 11:43:44,290 - INFO - 
--- Fold 5/5 ---
2025-12-01 11:43:44,291 - INFO - Train size: 44, Test size: 11
2025-12-01 11:43:44,291 - INFO - Train class balance - 0: 20, 1: 24
2025-12-01 11:43:44,291 - INFO - Test class balance  - 0: 4, 1: 7
2025-12-01 11:43:44,314 - INFO - Training fold 5 with early stopping (patience=50)...
2025-12-01 11:43:44,338 - INFO - Epoch 1/200 | Train Loss: 0.779564 | Val Loss: 0.613842 | Best Val Loss: inf (epoch 1)
2025-12-01 11:43:44,537 - INFO - Epoch 10/200 | Train Loss: 0.024694 | Val Loss: 0.659073 | Best Val Loss: inf (epoch 1)
2025-12-01 11:43:44,758 - INFO - Epoch 20/200 | Train Loss: 0.000619 | Val Loss: 2.254978 | Best Val Loss: inf (epoch 1)
2025-12-01 11:43:44,981 - INFO - Epoch 30/200 | Train Loss: 0.000133 | Val Loss: 2.334973 | Best Val Loss: inf (epoch 1)
2025-12-01 11:43:45,203 - INFO - Epoch 40/200 | Train Loss: 0.000082 | Val Loss: 2.374688 | Best Val Loss: inf (epoch 1)
2025-12-01 11:43:45,423 - INFO - Epoch 50/200 | Train Loss: 0.000058 | Val Loss: 2.159724 | Best Val Loss: inf (epoch 1)
2025-12-01 11:43:45,780 - INFO - Epoch 60/200 | Train Loss: 0.000080 | Val Loss: 2.126373 | Best Val Loss: 2.126373 (epoch 60)
2025-12-01 11:43:46,125 - INFO - Epoch 70/200 | Train Loss: 0.000037 | Val Loss: 1.992833 | Best Val Loss: 1.992833 (epoch 70)
2025-12-01 11:43:46,428 - INFO - Epoch 80/200 | Train Loss: 0.000044 | Val Loss: 1.991646 | Best Val Loss: 1.985143 (epoch 74)
2025-12-01 11:43:46,650 - INFO - Epoch 90/200 | Train Loss: 0.000037 | Val Loss: 2.005400 | Best Val Loss: 1.985143 (epoch 74)
2025-12-01 11:43:46,871 - INFO - Epoch 100/200 | Train Loss: 0.000024 | Val Loss: 2.013847 | Best Val Loss: 1.985143 (epoch 74)
2025-12-01 11:43:47,094 - INFO - Epoch 110/200 | Train Loss: 0.000030 | Val Loss: 2.018292 | Best Val Loss: 1.985143 (epoch 74)
2025-12-01 11:43:47,393 - INFO - Epoch 120/200 | Train Loss: 0.000028 | Val Loss: 1.962589 | Best Val Loss: 1.962589 (epoch 120)
2025-12-01 11:43:47,618 - INFO - Epoch 130/200 | Train Loss: 0.000021 | Val Loss: 2.006441 | Best Val Loss: 1.962589 (epoch 120)
2025-12-01 11:43:47,840 - INFO - Epoch 140/200 | Train Loss: 0.000011 | Val Loss: 2.008374 | Best Val Loss: 1.962589 (epoch 120)
2025-12-01 11:43:48,063 - INFO - Epoch 150/200 | Train Loss: 0.000014 | Val Loss: 2.017319 | Best Val Loss: 1.962589 (epoch 120)
2025-12-01 11:43:48,286 - INFO - Epoch 160/200 | Train Loss: 0.000014 | Val Loss: 2.043441 | Best Val Loss: 1.962589 (epoch 120)
2025-12-01 11:43:48,506 - INFO - Early stopping triggered at epoch 170! Best validation loss: 1.962589 at epoch 120
2025-12-01 11:43:48,522 - INFO - Loaded best model from epoch 120
2025-12-01 11:43:48,525 - INFO - Optimal Youden threshold: 0.0055
2025-12-01 11:43:48,537 - INFO - Fold 5 Results - Acc: 0.9091, F1: 0.9231, AUC: 0.8929, AP: 0.9571
2025-12-01 11:43:48,537 - INFO - 
============================================================
2025-12-01 11:43:48,537 - INFO - FINAL CROSS-VALIDATION RESULTS FOR: Treatment_Response_ALL_Thresh0.25
2025-12-01 11:43:48,537 - INFO - ACC       : 0.8364 ± 0.1060
2025-12-01 11:43:48,537 - INFO - F1        : 0.8310 ± 0.1244
2025-12-01 11:43:48,538 - INFO - PRECISION : 0.9214 ± 0.1020
2025-12-01 11:43:48,538 - INFO - RECALL    : 0.7714 ± 0.1721
2025-12-01 11:43:48,538 - INFO - AUC       : 0.8286 ± 0.1158
2025-12-01 11:43:48,538 - INFO - AP        : 0.8887 ± 0.0927
2025-12-01 11:43:48,538 - INFO - ============================================================

2025-12-01 11:43:48,542 - INFO - Results saved to final_results_Treatment_Response_ALL_Thresh0.25.json
2025-12-01 11:43:48,542 - INFO - Total execution time: 14.75 seconds
2025-12-01 11:44:11,745 - INFO - Using device: cuda
2025-12-01 11:44:11,745 - INFO - Hyperparameters: {
  "batch_size": 8,
  "learning_rate": 0.0003,
  "num_epochs": 200,
  "hidden_dim": 512,
  "num_blocks": 6,
  "dropout": 0.3,
  "feature_type": "ALL",
  "improvement_threshold": 0.25
}
2025-12-01 11:44:11,745 - INFO - Starting treatment response prediction pipeline
2025-12-01 11:44:11,745 - INFO - Building diff file index (mean_anomaly & mean_distortion)...
2025-12-01 11:44:11,747 - WARNING - Duplicate patient ID found: stn02, skipping additional entry
2025-12-01 11:44:11,747 - WARNING - Duplicate patient ID found: gpi11, skipping additional entry
2025-12-01 11:44:11,747 - WARNING - Duplicate patient ID found: gpi02, skipping additional entry
2025-12-01 11:44:11,748 - WARNING - Duplicate patient ID found: gpi19, skipping additional entry
2025-12-01 11:44:11,748 - WARNING - Duplicate patient ID found: stn23, skipping additional entry
2025-12-01 11:44:11,748 - WARNING - Duplicate patient ID found: stn03, skipping additional entry
2025-12-01 11:44:11,748 - WARNING - Duplicate patient ID found: gpi20, skipping additional entry
2025-12-01 11:44:11,748 - WARNING - Duplicate patient ID found: stn04, skipping additional entry
2025-12-01 11:44:11,748 - WARNING - Duplicate patient ID found: stn24, skipping additional entry
2025-12-01 11:44:11,749 - WARNING - Duplicate patient ID found: gpi04, skipping additional entry
2025-12-01 11:44:11,749 - WARNING - Duplicate patient ID found: gpi15, skipping additional entry
2025-12-01 11:44:11,749 - WARNING - Duplicate patient ID found: stn19, skipping additional entry
2025-12-01 11:44:11,749 - WARNING - Duplicate patient ID found: stn08, skipping additional entry
2025-12-01 11:44:11,749 - WARNING - Duplicate patient ID found: stn11, skipping additional entry
2025-12-01 11:44:11,749 - WARNING - Duplicate patient ID found: gpi07, skipping additional entry
2025-12-01 11:44:11,749 - WARNING - Duplicate patient ID found: gpi26, skipping additional entry
2025-12-01 11:44:11,749 - WARNING - Duplicate patient ID found: stn13, skipping additional entry
2025-12-01 11:44:11,749 - WARNING - Duplicate patient ID found: gpi06, skipping additional entry
2025-12-01 11:44:11,749 - WARNING - Duplicate patient ID found: stn30, skipping additional entry
2025-12-01 11:44:11,749 - WARNING - Duplicate patient ID found: stn18, skipping additional entry
2025-12-01 11:44:11,750 - WARNING - Duplicate patient ID found: gpi24, skipping additional entry
2025-12-01 11:44:11,750 - WARNING - Duplicate patient ID found: gpi13, skipping additional entry
2025-12-01 11:44:11,750 - WARNING - Duplicate patient ID found: stn07, skipping additional entry
2025-12-01 11:44:11,750 - WARNING - Duplicate patient ID found: stn20, skipping additional entry
2025-12-01 11:44:11,750 - WARNING - Duplicate patient ID found: gpi12, skipping additional entry
2025-12-01 11:44:11,750 - WARNING - Duplicate patient ID found: stn01, skipping additional entry
2025-12-01 11:44:11,750 - WARNING - Duplicate patient ID found: gpi22, skipping additional entry
2025-12-01 11:44:11,750 - WARNING - Duplicate patient ID found: gpi18, skipping additional entry
2025-12-01 11:44:11,751 - WARNING - Duplicate patient ID found: gpi09, skipping additional entry
2025-12-01 11:44:11,751 - WARNING - Duplicate patient ID found: gpi25, skipping additional entry
2025-12-01 11:44:11,751 - WARNING - Duplicate patient ID found: stn29, skipping additional entry
2025-12-01 11:44:11,751 - WARNING - Duplicate patient ID found: gpi31, skipping additional entry
2025-12-01 11:44:11,751 - WARNING - Duplicate patient ID found: stn10, skipping additional entry
2025-12-01 11:44:11,751 - WARNING - Duplicate patient ID found: gpi28, skipping additional entry
2025-12-01 11:44:11,751 - WARNING - Duplicate patient ID found: stn31, skipping additional entry
2025-12-01 11:44:11,751 - WARNING - Duplicate patient ID found: gpi03, skipping additional entry
2025-12-01 11:44:11,751 - WARNING - Duplicate patient ID found: gpi05, skipping additional entry
2025-12-01 11:44:11,751 - WARNING - Duplicate patient ID found: stn25, skipping additional entry
2025-12-01 11:44:11,751 - WARNING - Duplicate patient ID found: gpi08, skipping additional entry
2025-12-01 11:44:11,751 - WARNING - Duplicate patient ID found: gpi27, skipping additional entry
2025-12-01 11:44:11,751 - WARNING - Duplicate patient ID found: stn16, skipping additional entry
2025-12-01 11:44:11,752 - WARNING - Duplicate patient ID found: gpi23, skipping additional entry
2025-12-01 11:44:11,752 - WARNING - Duplicate patient ID found: stn09, skipping additional entry
2025-12-01 11:44:11,752 - WARNING - Duplicate patient ID found: stn28, skipping additional entry
2025-12-01 11:44:11,752 - WARNING - Duplicate patient ID found: stn06, skipping additional entry
2025-12-01 11:44:11,752 - WARNING - Duplicate patient ID found: stn12, skipping additional entry
2025-12-01 11:44:11,752 - WARNING - Duplicate patient ID found: gpi16, skipping additional entry
2025-12-01 11:44:11,752 - WARNING - Duplicate patient ID found: gpi30, skipping additional entry
2025-12-01 11:44:11,752 - WARNING - Duplicate patient ID found: stn21, skipping additional entry
2025-12-01 11:44:11,752 - WARNING - Duplicate patient ID found: stn22, skipping additional entry
2025-12-01 11:44:11,752 - WARNING - Duplicate patient ID found: stn14, skipping additional entry
2025-12-01 11:44:11,752 - WARNING - Duplicate patient ID found: gpi17, skipping additional entry
2025-12-01 11:44:11,752 - WARNING - Duplicate patient ID found: gpi21, skipping additional entry
2025-12-01 11:44:11,752 - WARNING - Duplicate patient ID found: gpi32, skipping additional entry
2025-12-01 11:44:11,753 - WARNING - Duplicate patient ID found: stn15, skipping additional entry
2025-12-01 11:44:11,753 - INFO - Built diff index with 71 patients
2025-12-01 11:44:11,753 - INFO - Parsing UPDRS data with diff features...
2025-12-01 11:44:11,767 - INFO - Found 55 valid samples
2025-12-01 11:44:11,767 - INFO - Preparing feature matrices with diff features...
2025-12-01 11:44:11,800 - INFO - Feature matrix shape: (55, 365), Class distribution: [24 31]
2025-12-01 11:44:11,800 - INFO - 
============================================================
2025-12-01 11:44:11,800 - INFO - Starting Cross-Validation Experiment: Treatment_Response_ALL_Thresh0.25
2025-12-01 11:44:11,800 - INFO - Total samples: 55 | Class distribution: [24 31]
2025-12-01 11:44:11,801 - INFO - 
--- Fold 1/5 ---
2025-12-01 11:44:11,801 - INFO - Train size: 44, Test size: 11
2025-12-01 11:44:11,802 - INFO - Train class balance - 0: 19, 1: 25
2025-12-01 11:44:11,802 - INFO - Test class balance  - 0: 5, 1: 6
2025-12-01 11:44:12,666 - INFO - Training fold 1 with early stopping (patience=50)...
2025-12-01 11:44:12,830 - INFO - Epoch 1/200 | Train Loss: 0.798561 | Val Loss: 0.696950 | Best Val Loss: inf (epoch 1)
2025-12-01 11:44:13,031 - INFO - Epoch 10/200 | Train Loss: 0.054825 | Val Loss: 1.355994 | Best Val Loss: inf (epoch 1)
2025-12-01 11:44:13,253 - INFO - Epoch 20/200 | Train Loss: 0.000634 | Val Loss: 1.290796 | Best Val Loss: inf (epoch 1)
2025-12-01 11:44:13,475 - INFO - Epoch 30/200 | Train Loss: 0.000265 | Val Loss: 1.235216 | Best Val Loss: inf (epoch 1)
2025-12-01 11:44:13,695 - INFO - Epoch 40/200 | Train Loss: 0.000067 | Val Loss: 1.096939 | Best Val Loss: inf (epoch 1)
2025-12-01 11:44:13,917 - INFO - Epoch 50/200 | Train Loss: 0.000191 | Val Loss: 1.085004 | Best Val Loss: inf (epoch 1)
2025-12-01 11:44:14,155 - INFO - Epoch 60/200 | Train Loss: 0.000063 | Val Loss: 1.108399 | Best Val Loss: 1.082572 (epoch 51)
2025-12-01 11:44:14,377 - INFO - Epoch 70/200 | Train Loss: 0.000039 | Val Loss: 1.117534 | Best Val Loss: 1.082572 (epoch 51)
2025-12-01 11:44:14,598 - INFO - Epoch 80/200 | Train Loss: 0.000080 | Val Loss: 1.136631 | Best Val Loss: 1.082572 (epoch 51)
2025-12-01 11:44:14,818 - INFO - Epoch 90/200 | Train Loss: 0.000060 | Val Loss: 1.153930 | Best Val Loss: 1.082572 (epoch 51)
2025-12-01 11:44:15,037 - INFO - Epoch 100/200 | Train Loss: 0.000019 | Val Loss: 1.175275 | Best Val Loss: 1.082572 (epoch 51)
2025-12-01 11:44:15,060 - INFO - Early stopping triggered at epoch 101! Best validation loss: 1.082572 at epoch 51
2025-12-01 11:44:15,077 - INFO - Loaded best model from epoch 51
2025-12-01 11:44:15,080 - INFO - Optimal Youden threshold: 0.2731
2025-12-01 11:44:15,100 - INFO - Fold 1 Results - Acc: 0.9091, F1: 0.9231, AUC: 0.8667, AP: 0.8734
2025-12-01 11:44:15,100 - INFO - 
--- Fold 2/5 ---
2025-12-01 11:44:15,101 - INFO - Train size: 44, Test size: 11
2025-12-01 11:44:15,101 - INFO - Train class balance - 0: 19, 1: 25
2025-12-01 11:44:15,101 - INFO - Test class balance  - 0: 5, 1: 6
2025-12-01 11:44:15,126 - INFO - Training fold 2 with early stopping (patience=50)...
2025-12-01 11:44:15,151 - INFO - Epoch 1/200 | Train Loss: 0.711839 | Val Loss: 0.692714 | Best Val Loss: inf (epoch 1)
2025-12-01 11:44:15,350 - INFO - Epoch 10/200 | Train Loss: 0.093527 | Val Loss: 0.682113 | Best Val Loss: inf (epoch 1)
2025-12-01 11:44:15,575 - INFO - Epoch 20/200 | Train Loss: 0.000356 | Val Loss: 1.874028 | Best Val Loss: inf (epoch 1)
2025-12-01 11:44:15,800 - INFO - Epoch 30/200 | Train Loss: 0.000214 | Val Loss: 2.057566 | Best Val Loss: inf (epoch 1)
2025-12-01 11:44:16,023 - INFO - Epoch 40/200 | Train Loss: 0.000319 | Val Loss: 2.162896 | Best Val Loss: inf (epoch 1)
2025-12-01 11:44:16,243 - INFO - Epoch 50/200 | Train Loss: 0.000112 | Val Loss: 2.214693 | Best Val Loss: inf (epoch 1)
2025-12-01 11:44:16,482 - INFO - Epoch 60/200 | Train Loss: 0.000098 | Val Loss: 2.276036 | Best Val Loss: 2.220843 (epoch 51)
2025-12-01 11:44:16,709 - INFO - Epoch 70/200 | Train Loss: 0.000059 | Val Loss: 2.324789 | Best Val Loss: 2.220843 (epoch 51)
2025-12-01 11:44:16,930 - INFO - Epoch 80/200 | Train Loss: 0.000044 | Val Loss: 2.327939 | Best Val Loss: 2.220843 (epoch 51)
2025-12-01 11:44:17,152 - INFO - Epoch 90/200 | Train Loss: 0.000045 | Val Loss: 2.340884 | Best Val Loss: 2.220843 (epoch 51)
2025-12-01 11:44:17,373 - INFO - Epoch 100/200 | Train Loss: 0.000033 | Val Loss: 2.380770 | Best Val Loss: 2.220843 (epoch 51)
2025-12-01 11:44:17,396 - INFO - Early stopping triggered at epoch 101! Best validation loss: 2.220843 at epoch 51
2025-12-01 11:44:17,410 - INFO - Loaded best model from epoch 51
2025-12-01 11:44:17,413 - INFO - Optimal Youden threshold: 0.9990
2025-12-01 11:44:17,427 - INFO - Fold 2 Results - Acc: 0.8182, F1: 0.8000, AUC: 0.9000, AP: 0.9306
2025-12-01 11:44:17,427 - INFO - 
--- Fold 3/5 ---
2025-12-01 11:44:17,427 - INFO - Train size: 44, Test size: 11
2025-12-01 11:44:17,427 - INFO - Train class balance - 0: 19, 1: 25
2025-12-01 11:44:17,427 - INFO - Test class balance  - 0: 5, 1: 6
2025-12-01 11:44:17,450 - INFO - Training fold 3 with early stopping (patience=50)...
2025-12-01 11:44:17,474 - INFO - Epoch 1/200 | Train Loss: 0.746851 | Val Loss: 0.700285 | Best Val Loss: inf (epoch 1)
2025-12-01 11:44:17,672 - INFO - Epoch 10/200 | Train Loss: 0.064817 | Val Loss: 1.650183 | Best Val Loss: inf (epoch 1)
2025-12-01 11:44:17,893 - INFO - Epoch 20/200 | Train Loss: 0.003827 | Val Loss: 3.167071 | Best Val Loss: inf (epoch 1)
2025-12-01 11:44:18,113 - INFO - Epoch 30/200 | Train Loss: 0.000149 | Val Loss: 3.004957 | Best Val Loss: inf (epoch 1)
2025-12-01 11:44:18,335 - INFO - Epoch 40/200 | Train Loss: 0.000159 | Val Loss: 3.149451 | Best Val Loss: inf (epoch 1)
2025-12-01 11:44:18,557 - INFO - Epoch 50/200 | Train Loss: 0.000100 | Val Loss: 3.639297 | Best Val Loss: inf (epoch 1)
2025-12-01 11:44:18,939 - INFO - Epoch 60/200 | Train Loss: 0.000130 | Val Loss: 3.603174 | Best Val Loss: 3.600906 (epoch 58)
2025-12-01 11:44:19,160 - INFO - Epoch 70/200 | Train Loss: 0.000121 | Val Loss: 3.623468 | Best Val Loss: 3.600906 (epoch 58)
2025-12-01 11:44:19,381 - INFO - Epoch 80/200 | Train Loss: 0.084034 | Val Loss: 4.100283 | Best Val Loss: 3.600906 (epoch 58)
2025-12-01 11:44:19,664 - INFO - Epoch 90/200 | Train Loss: 0.086892 | Val Loss: 2.675012 | Best Val Loss: 2.675012 (epoch 90)
2025-12-01 11:44:19,906 - INFO - Epoch 100/200 | Train Loss: 0.000094 | Val Loss: 4.602776 | Best Val Loss: 2.509134 (epoch 93)
2025-12-01 11:44:20,126 - INFO - Epoch 110/200 | Train Loss: 0.000075 | Val Loss: 4.844679 | Best Val Loss: 2.509134 (epoch 93)
2025-12-01 11:44:20,345 - INFO - Epoch 120/200 | Train Loss: 0.000027 | Val Loss: 4.873750 | Best Val Loss: 2.509134 (epoch 93)
2025-12-01 11:44:20,566 - INFO - Epoch 130/200 | Train Loss: 0.000026 | Val Loss: 4.912440 | Best Val Loss: 2.509134 (epoch 93)
2025-12-01 11:44:20,786 - INFO - Epoch 140/200 | Train Loss: 0.000014 | Val Loss: 4.931847 | Best Val Loss: 2.509134 (epoch 93)
2025-12-01 11:44:20,852 - INFO - Early stopping triggered at epoch 143! Best validation loss: 2.509134 at epoch 93
2025-12-01 11:44:20,868 - INFO - Loaded best model from epoch 93
2025-12-01 11:44:20,872 - INFO - Optimal Youden threshold: 0.8241
2025-12-01 11:44:20,886 - INFO - Fold 3 Results - Acc: 0.8182, F1: 0.8571, AUC: 0.6833, AP: 0.6496
2025-12-01 11:44:20,886 - INFO - 
--- Fold 4/5 ---
2025-12-01 11:44:20,886 - INFO - Train size: 44, Test size: 11
2025-12-01 11:44:20,886 - INFO - Train class balance - 0: 19, 1: 25
2025-12-01 11:44:20,886 - INFO - Test class balance  - 0: 5, 1: 6
2025-12-01 11:44:20,909 - INFO - Training fold 4 with early stopping (patience=50)...
2025-12-01 11:44:20,933 - INFO - Epoch 1/200 | Train Loss: 0.754527 | Val Loss: 0.861005 | Best Val Loss: inf (epoch 1)
2025-12-01 11:44:21,131 - INFO - Epoch 10/200 | Train Loss: 0.052100 | Val Loss: 2.868530 | Best Val Loss: inf (epoch 1)
2025-12-01 11:44:21,353 - INFO - Epoch 20/200 | Train Loss: 0.001249 | Val Loss: 3.124794 | Best Val Loss: inf (epoch 1)
2025-12-01 11:44:21,573 - INFO - Epoch 30/200 | Train Loss: 0.000073 | Val Loss: 3.893994 | Best Val Loss: inf (epoch 1)
2025-12-01 11:44:21,792 - INFO - Epoch 40/200 | Train Loss: 0.000181 | Val Loss: 4.006961 | Best Val Loss: inf (epoch 1)
2025-12-01 11:44:22,012 - INFO - Epoch 50/200 | Train Loss: 0.000107 | Val Loss: 3.936110 | Best Val Loss: inf (epoch 1)
2025-12-01 11:44:22,350 - INFO - Epoch 60/200 | Train Loss: 0.000065 | Val Loss: 3.867122 | Best Val Loss: 3.867122 (epoch 60)
2025-12-01 11:44:22,613 - INFO - Epoch 70/200 | Train Loss: 0.000081 | Val Loss: 3.881522 | Best Val Loss: 3.854277 (epoch 62)
2025-12-01 11:44:22,833 - INFO - Epoch 80/200 | Train Loss: 0.000036 | Val Loss: 4.092045 | Best Val Loss: 3.854277 (epoch 62)
2025-12-01 11:44:23,054 - INFO - Epoch 90/200 | Train Loss: 0.000023 | Val Loss: 4.155275 | Best Val Loss: 3.854277 (epoch 62)
2025-12-01 11:44:23,277 - INFO - Epoch 100/200 | Train Loss: 0.000017 | Val Loss: 4.185701 | Best Val Loss: 3.854277 (epoch 62)
2025-12-01 11:44:23,499 - INFO - Epoch 110/200 | Train Loss: 0.000019 | Val Loss: 4.212185 | Best Val Loss: 3.854277 (epoch 62)
2025-12-01 11:44:23,544 - INFO - Early stopping triggered at epoch 112! Best validation loss: 3.854277 at epoch 62
2025-12-01 11:44:23,559 - INFO - Loaded best model from epoch 62
2025-12-01 11:44:23,563 - INFO - Optimal Youden threshold: 1.0000
2025-12-01 11:44:23,575 - INFO - Fold 4 Results - Acc: 0.7273, F1: 0.6667, AUC: 0.6333, AP: 0.7878
2025-12-01 11:44:23,575 - INFO - 
--- Fold 5/5 ---
2025-12-01 11:44:23,575 - INFO - Train size: 44, Test size: 11
2025-12-01 11:44:23,575 - INFO - Train class balance - 0: 20, 1: 24
2025-12-01 11:44:23,575 - INFO - Test class balance  - 0: 4, 1: 7
2025-12-01 11:44:23,600 - INFO - Training fold 5 with early stopping (patience=50)...
2025-12-01 11:44:23,624 - INFO - Epoch 1/200 | Train Loss: 0.676423 | Val Loss: 0.695436 | Best Val Loss: inf (epoch 1)
2025-12-01 11:44:23,825 - INFO - Epoch 10/200 | Train Loss: 0.103955 | Val Loss: 1.299113 | Best Val Loss: inf (epoch 1)
2025-12-01 11:44:24,044 - INFO - Epoch 20/200 | Train Loss: 0.001104 | Val Loss: 1.855623 | Best Val Loss: inf (epoch 1)
2025-12-01 11:44:24,263 - INFO - Epoch 30/200 | Train Loss: 0.003847 | Val Loss: 0.579607 | Best Val Loss: inf (epoch 1)
2025-12-01 11:44:24,483 - INFO - Epoch 40/200 | Train Loss: 0.000115 | Val Loss: 2.086849 | Best Val Loss: inf (epoch 1)
2025-12-01 11:44:24,702 - INFO - Epoch 50/200 | Train Loss: 0.000178 | Val Loss: 2.153875 | Best Val Loss: inf (epoch 1)
2025-12-01 11:44:24,944 - INFO - Epoch 60/200 | Train Loss: 0.000097 | Val Loss: 2.250512 | Best Val Loss: 2.162429 (epoch 51)
2025-12-01 11:44:25,165 - INFO - Epoch 70/200 | Train Loss: 0.000061 | Val Loss: 2.318330 | Best Val Loss: 2.162429 (epoch 51)
2025-12-01 11:44:25,387 - INFO - Epoch 80/200 | Train Loss: 0.000072 | Val Loss: 2.354153 | Best Val Loss: 2.162429 (epoch 51)
2025-12-01 11:44:25,609 - INFO - Epoch 90/200 | Train Loss: 0.000071 | Val Loss: 2.418076 | Best Val Loss: 2.162429 (epoch 51)
2025-12-01 11:44:25,828 - INFO - Epoch 100/200 | Train Loss: 0.000072 | Val Loss: 2.455361 | Best Val Loss: 2.162429 (epoch 51)
2025-12-01 11:44:25,851 - INFO - Early stopping triggered at epoch 101! Best validation loss: 2.162429 at epoch 51
2025-12-01 11:44:25,865 - INFO - Loaded best model from epoch 51
2025-12-01 11:44:25,868 - INFO - Optimal Youden threshold: 0.0002
2025-12-01 11:44:25,882 - INFO - Fold 5 Results - Acc: 0.9091, F1: 0.9333, AUC: 0.9286, AP: 0.9617
2025-12-01 11:44:25,882 - INFO - 
============================================================
2025-12-01 11:44:25,882 - INFO - FINAL CROSS-VALIDATION RESULTS FOR: Treatment_Response_ALL_Thresh0.25
2025-12-01 11:44:25,882 - INFO - ACC       : 0.8364 ± 0.0680
2025-12-01 11:44:25,883 - INFO - F1        : 0.8360 ± 0.0974
2025-12-01 11:44:25,883 - INFO - PRECISION : 0.8964 ± 0.0948
2025-12-01 11:44:25,883 - INFO - RECALL    : 0.8333 ± 0.2108
2025-12-01 11:44:25,883 - INFO - AUC       : 0.8024 ± 0.1203
2025-12-01 11:44:25,883 - INFO - AP        : 0.8406 ± 0.1123
2025-12-01 11:44:25,883 - INFO - ============================================================

2025-12-01 11:44:25,888 - INFO - Results saved to final_results_Treatment_Response_ALL_Thresh0.25.json
2025-12-01 11:44:25,888 - INFO - Total execution time: 14.14 seconds
2025-12-01 11:44:44,539 - INFO - Using device: cuda
2025-12-01 11:44:44,539 - INFO - Hyperparameters: {
  "batch_size": 4,
  "learning_rate": 0.0005,
  "num_epochs": 200,
  "hidden_dim": 512,
  "num_blocks": 6,
  "dropout": 0.3,
  "feature_type": "ALL",
  "improvement_threshold": 0.25
}
2025-12-01 11:44:44,539 - INFO - Starting treatment response prediction pipeline
2025-12-01 11:44:44,539 - INFO - Building diff file index (mean_anomaly & mean_distortion)...
2025-12-01 11:44:44,540 - WARNING - Duplicate patient ID found: stn02, skipping additional entry
2025-12-01 11:44:44,541 - WARNING - Duplicate patient ID found: gpi11, skipping additional entry
2025-12-01 11:44:44,541 - WARNING - Duplicate patient ID found: gpi02, skipping additional entry
2025-12-01 11:44:44,541 - WARNING - Duplicate patient ID found: gpi19, skipping additional entry
2025-12-01 11:44:44,541 - WARNING - Duplicate patient ID found: stn23, skipping additional entry
2025-12-01 11:44:44,541 - WARNING - Duplicate patient ID found: stn03, skipping additional entry
2025-12-01 11:44:44,542 - WARNING - Duplicate patient ID found: gpi20, skipping additional entry
2025-12-01 11:44:44,542 - WARNING - Duplicate patient ID found: stn04, skipping additional entry
2025-12-01 11:44:44,542 - WARNING - Duplicate patient ID found: stn24, skipping additional entry
2025-12-01 11:44:44,542 - WARNING - Duplicate patient ID found: gpi04, skipping additional entry
2025-12-01 11:44:44,542 - WARNING - Duplicate patient ID found: gpi15, skipping additional entry
2025-12-01 11:44:44,542 - WARNING - Duplicate patient ID found: stn19, skipping additional entry
2025-12-01 11:44:44,542 - WARNING - Duplicate patient ID found: stn08, skipping additional entry
2025-12-01 11:44:44,542 - WARNING - Duplicate patient ID found: stn11, skipping additional entry
2025-12-01 11:44:44,542 - WARNING - Duplicate patient ID found: gpi07, skipping additional entry
2025-12-01 11:44:44,543 - WARNING - Duplicate patient ID found: gpi26, skipping additional entry
2025-12-01 11:44:44,543 - WARNING - Duplicate patient ID found: stn13, skipping additional entry
2025-12-01 11:44:44,543 - WARNING - Duplicate patient ID found: gpi06, skipping additional entry
2025-12-01 11:44:44,543 - WARNING - Duplicate patient ID found: stn30, skipping additional entry
2025-12-01 11:44:44,543 - WARNING - Duplicate patient ID found: stn18, skipping additional entry
2025-12-01 11:44:44,543 - WARNING - Duplicate patient ID found: gpi24, skipping additional entry
2025-12-01 11:44:44,543 - WARNING - Duplicate patient ID found: gpi13, skipping additional entry
2025-12-01 11:44:44,543 - WARNING - Duplicate patient ID found: stn07, skipping additional entry
2025-12-01 11:44:44,543 - WARNING - Duplicate patient ID found: stn20, skipping additional entry
2025-12-01 11:44:44,544 - WARNING - Duplicate patient ID found: gpi12, skipping additional entry
2025-12-01 11:44:44,544 - WARNING - Duplicate patient ID found: stn01, skipping additional entry
2025-12-01 11:44:44,544 - WARNING - Duplicate patient ID found: gpi22, skipping additional entry
2025-12-01 11:44:44,544 - WARNING - Duplicate patient ID found: gpi18, skipping additional entry
2025-12-01 11:44:44,544 - WARNING - Duplicate patient ID found: gpi09, skipping additional entry
2025-12-01 11:44:44,544 - WARNING - Duplicate patient ID found: gpi25, skipping additional entry
2025-12-01 11:44:44,544 - WARNING - Duplicate patient ID found: stn29, skipping additional entry
2025-12-01 11:44:44,544 - WARNING - Duplicate patient ID found: gpi31, skipping additional entry
2025-12-01 11:44:44,544 - WARNING - Duplicate patient ID found: stn10, skipping additional entry
2025-12-01 11:44:44,544 - WARNING - Duplicate patient ID found: gpi28, skipping additional entry
2025-12-01 11:44:44,545 - WARNING - Duplicate patient ID found: stn31, skipping additional entry
2025-12-01 11:44:44,545 - WARNING - Duplicate patient ID found: gpi03, skipping additional entry
2025-12-01 11:44:44,545 - WARNING - Duplicate patient ID found: gpi05, skipping additional entry
2025-12-01 11:44:44,545 - WARNING - Duplicate patient ID found: stn25, skipping additional entry
2025-12-01 11:44:44,545 - WARNING - Duplicate patient ID found: gpi08, skipping additional entry
2025-12-01 11:44:44,545 - WARNING - Duplicate patient ID found: gpi27, skipping additional entry
2025-12-01 11:44:44,545 - WARNING - Duplicate patient ID found: stn16, skipping additional entry
2025-12-01 11:44:44,545 - WARNING - Duplicate patient ID found: gpi23, skipping additional entry
2025-12-01 11:44:44,545 - WARNING - Duplicate patient ID found: stn09, skipping additional entry
2025-12-01 11:44:44,545 - WARNING - Duplicate patient ID found: stn28, skipping additional entry
2025-12-01 11:44:44,545 - WARNING - Duplicate patient ID found: stn06, skipping additional entry
2025-12-01 11:44:44,545 - WARNING - Duplicate patient ID found: stn12, skipping additional entry
2025-12-01 11:44:44,545 - WARNING - Duplicate patient ID found: gpi16, skipping additional entry
2025-12-01 11:44:44,546 - WARNING - Duplicate patient ID found: gpi30, skipping additional entry
2025-12-01 11:44:44,546 - WARNING - Duplicate patient ID found: stn21, skipping additional entry
2025-12-01 11:44:44,546 - WARNING - Duplicate patient ID found: stn22, skipping additional entry
2025-12-01 11:44:44,546 - WARNING - Duplicate patient ID found: stn14, skipping additional entry
2025-12-01 11:44:44,546 - WARNING - Duplicate patient ID found: gpi17, skipping additional entry
2025-12-01 11:44:44,546 - WARNING - Duplicate patient ID found: gpi21, skipping additional entry
2025-12-01 11:44:44,546 - WARNING - Duplicate patient ID found: gpi32, skipping additional entry
2025-12-01 11:44:44,546 - WARNING - Duplicate patient ID found: stn15, skipping additional entry
2025-12-01 11:44:44,546 - INFO - Built diff index with 71 patients
2025-12-01 11:44:44,546 - INFO - Parsing UPDRS data with diff features...
2025-12-01 11:44:44,560 - INFO - Found 55 valid samples
2025-12-01 11:44:44,561 - INFO - Preparing feature matrices with diff features...
2025-12-01 11:44:44,594 - INFO - Feature matrix shape: (55, 365), Class distribution: [24 31]
2025-12-01 11:44:44,594 - INFO - 
============================================================
2025-12-01 11:44:44,594 - INFO - Starting Cross-Validation Experiment: Treatment_Response_ALL_Thresh0.25
2025-12-01 11:44:44,594 - INFO - Total samples: 55 | Class distribution: [24 31]
2025-12-01 11:44:44,595 - INFO - 
--- Fold 1/5 ---
2025-12-01 11:44:44,595 - INFO - Train size: 44, Test size: 11
2025-12-01 11:44:44,595 - INFO - Train class balance - 0: 19, 1: 25
2025-12-01 11:44:44,595 - INFO - Test class balance  - 0: 5, 1: 6
2025-12-01 11:44:45,446 - INFO - Training fold 1 with early stopping (patience=50)...
2025-12-01 11:44:45,622 - INFO - Epoch 1/200 | Train Loss: 0.733890 | Val Loss: 0.900534 | Best Val Loss: inf (epoch 1)
2025-12-01 11:44:45,969 - INFO - Epoch 10/200 | Train Loss: 0.041074 | Val Loss: 2.131785 | Best Val Loss: inf (epoch 1)
2025-12-01 11:44:46,352 - INFO - Epoch 20/200 | Train Loss: 0.000218 | Val Loss: 2.466714 | Best Val Loss: inf (epoch 1)
2025-12-01 11:44:46,734 - INFO - Epoch 30/200 | Train Loss: 0.000083 | Val Loss: 2.765755 | Best Val Loss: inf (epoch 1)
2025-12-01 11:44:47,120 - INFO - Epoch 40/200 | Train Loss: 0.000047 | Val Loss: 2.933282 | Best Val Loss: inf (epoch 1)
2025-12-01 11:44:47,507 - INFO - Epoch 50/200 | Train Loss: 0.000046 | Val Loss: 3.010702 | Best Val Loss: inf (epoch 1)
2025-12-01 11:44:47,973 - INFO - Epoch 60/200 | Train Loss: 0.725990 | Val Loss: 0.694609 | Best Val Loss: 0.689608 (epoch 59)
2025-12-01 11:44:48,421 - INFO - Epoch 70/200 | Train Loss: 0.000230 | Val Loss: 0.694453 | Best Val Loss: 0.440027 (epoch 66)
2025-12-01 11:44:48,814 - INFO - Epoch 80/200 | Train Loss: 0.000853 | Val Loss: 0.909247 | Best Val Loss: 0.440027 (epoch 66)
2025-12-01 11:44:49,201 - INFO - Epoch 90/200 | Train Loss: 0.000067 | Val Loss: 0.986197 | Best Val Loss: 0.440027 (epoch 66)
2025-12-01 11:44:49,588 - INFO - Epoch 100/200 | Train Loss: 0.000038 | Val Loss: 0.936106 | Best Val Loss: 0.440027 (epoch 66)
2025-12-01 11:44:49,977 - INFO - Epoch 110/200 | Train Loss: 0.000036 | Val Loss: 0.954981 | Best Val Loss: 0.440027 (epoch 66)
2025-12-01 11:44:50,208 - INFO - Early stopping triggered at epoch 116! Best validation loss: 0.440027 at epoch 66
2025-12-01 11:44:50,225 - INFO - Loaded best model from epoch 66
2025-12-01 11:44:50,229 - INFO - Optimal Youden threshold: 0.8921
2025-12-01 11:44:50,247 - INFO - Fold 1 Results - Acc: 0.9091, F1: 0.9091, AUC: 0.9333, AP: 0.9583
2025-12-01 11:44:50,248 - INFO - 
--- Fold 2/5 ---
2025-12-01 11:44:50,248 - INFO - Train size: 44, Test size: 11
2025-12-01 11:44:50,248 - INFO - Train class balance - 0: 19, 1: 25
2025-12-01 11:44:50,248 - INFO - Test class balance  - 0: 5, 1: 6
2025-12-01 11:44:50,271 - INFO - Training fold 2 with early stopping (patience=50)...
2025-12-01 11:44:50,311 - INFO - Epoch 1/200 | Train Loss: 0.845411 | Val Loss: 1.202811 | Best Val Loss: inf (epoch 1)
2025-12-01 11:44:50,654 - INFO - Epoch 10/200 | Train Loss: 0.002126 | Val Loss: 1.560917 | Best Val Loss: inf (epoch 1)
2025-12-01 11:44:51,037 - INFO - Epoch 20/200 | Train Loss: 0.000066 | Val Loss: 2.789192 | Best Val Loss: inf (epoch 1)
2025-12-01 11:44:51,419 - INFO - Epoch 30/200 | Train Loss: 0.000042 | Val Loss: 2.873238 | Best Val Loss: inf (epoch 1)
2025-12-01 11:44:51,800 - INFO - Epoch 40/200 | Train Loss: 0.000030 | Val Loss: 2.944165 | Best Val Loss: inf (epoch 1)
2025-12-01 11:44:52,182 - INFO - Epoch 50/200 | Train Loss: 0.000038 | Val Loss: 3.010753 | Best Val Loss: inf (epoch 1)
2025-12-01 11:44:52,580 - INFO - Epoch 60/200 | Train Loss: 0.000027 | Val Loss: 3.077261 | Best Val Loss: 3.016316 (epoch 51)
2025-12-01 11:44:52,962 - INFO - Epoch 70/200 | Train Loss: 0.000021 | Val Loss: 3.134892 | Best Val Loss: 3.016316 (epoch 51)
2025-12-01 11:44:53,343 - INFO - Epoch 80/200 | Train Loss: 0.000015 | Val Loss: 3.183870 | Best Val Loss: 3.016316 (epoch 51)
2025-12-01 11:44:53,721 - INFO - Epoch 90/200 | Train Loss: 0.000008 | Val Loss: 3.230864 | Best Val Loss: 3.016316 (epoch 51)
2025-12-01 11:44:54,100 - INFO - Epoch 100/200 | Train Loss: 0.000014 | Val Loss: 3.306562 | Best Val Loss: 3.016316 (epoch 51)
2025-12-01 11:44:54,138 - INFO - Early stopping triggered at epoch 101! Best validation loss: 3.016316 at epoch 51
2025-12-01 11:44:54,154 - INFO - Loaded best model from epoch 51
2025-12-01 11:44:54,158 - INFO - Optimal Youden threshold: 1.0000
2025-12-01 11:44:54,172 - INFO - Fold 2 Results - Acc: 0.8182, F1: 0.8000, AUC: 0.9000, AP: 0.9306
2025-12-01 11:44:54,172 - INFO - 
--- Fold 3/5 ---
2025-12-01 11:44:54,172 - INFO - Train size: 44, Test size: 11
2025-12-01 11:44:54,172 - INFO - Train class balance - 0: 19, 1: 25
2025-12-01 11:44:54,173 - INFO - Test class balance  - 0: 5, 1: 6
2025-12-01 11:44:54,197 - INFO - Training fold 3 with early stopping (patience=50)...
2025-12-01 11:44:54,237 - INFO - Epoch 1/200 | Train Loss: 0.858533 | Val Loss: 0.916242 | Best Val Loss: inf (epoch 1)
2025-12-01 11:44:54,582 - INFO - Epoch 10/200 | Train Loss: 0.008052 | Val Loss: 2.332391 | Best Val Loss: inf (epoch 1)
2025-12-01 11:44:54,964 - INFO - Epoch 20/200 | Train Loss: 0.000299 | Val Loss: 3.370215 | Best Val Loss: inf (epoch 1)
2025-12-01 11:44:55,345 - INFO - Epoch 30/200 | Train Loss: 0.000125 | Val Loss: 2.797169 | Best Val Loss: inf (epoch 1)
2025-12-01 11:44:55,729 - INFO - Epoch 40/200 | Train Loss: 0.000736 | Val Loss: 3.308249 | Best Val Loss: inf (epoch 1)
2025-12-01 11:44:56,111 - INFO - Epoch 50/200 | Train Loss: 0.000150 | Val Loss: 4.062626 | Best Val Loss: inf (epoch 1)
2025-12-01 11:44:56,508 - INFO - Epoch 60/200 | Train Loss: 0.000024 | Val Loss: 4.880327 | Best Val Loss: 4.370226 (epoch 51)
2025-12-01 11:44:56,892 - INFO - Epoch 70/200 | Train Loss: 0.000040 | Val Loss: 4.986844 | Best Val Loss: 4.370226 (epoch 51)
2025-12-01 11:44:57,275 - INFO - Epoch 80/200 | Train Loss: 0.000023 | Val Loss: 5.159043 | Best Val Loss: 4.370226 (epoch 51)
2025-12-01 11:44:57,656 - INFO - Epoch 90/200 | Train Loss: 0.000013 | Val Loss: 5.246154 | Best Val Loss: 4.370226 (epoch 51)
2025-12-01 11:44:58,037 - INFO - Epoch 100/200 | Train Loss: 0.000018 | Val Loss: 5.313362 | Best Val Loss: 4.370226 (epoch 51)
2025-12-01 11:44:58,076 - INFO - Early stopping triggered at epoch 101! Best validation loss: 4.370226 at epoch 51
2025-12-01 11:44:58,091 - INFO - Loaded best model from epoch 51
2025-12-01 11:44:58,095 - INFO - Optimal Youden threshold: 1.0000
2025-12-01 11:44:58,110 - INFO - Fold 3 Results - Acc: 0.6364, F1: 0.6667, AUC: 0.5000, AP: 0.5542
2025-12-01 11:44:58,110 - INFO - 
--- Fold 4/5 ---
2025-12-01 11:44:58,110 - INFO - Train size: 44, Test size: 11
2025-12-01 11:44:58,110 - INFO - Train class balance - 0: 19, 1: 25
2025-12-01 11:44:58,110 - INFO - Test class balance  - 0: 5, 1: 6
2025-12-01 11:44:58,133 - INFO - Training fold 4 with early stopping (patience=50)...
2025-12-01 11:44:58,174 - INFO - Epoch 1/200 | Train Loss: 0.764839 | Val Loss: 1.067371 | Best Val Loss: inf (epoch 1)
2025-12-01 11:44:58,521 - INFO - Epoch 10/200 | Train Loss: 0.007293 | Val Loss: 1.874591 | Best Val Loss: inf (epoch 1)
2025-12-01 11:44:58,909 - INFO - Epoch 20/200 | Train Loss: 0.000091 | Val Loss: 3.495810 | Best Val Loss: inf (epoch 1)
2025-12-01 11:44:59,298 - INFO - Epoch 30/200 | Train Loss: 0.000071 | Val Loss: 3.849717 | Best Val Loss: inf (epoch 1)
2025-12-01 11:44:59,687 - INFO - Epoch 40/200 | Train Loss: 0.000016 | Val Loss: 4.520211 | Best Val Loss: inf (epoch 1)
2025-12-01 11:45:00,077 - INFO - Epoch 50/200 | Train Loss: 0.110081 | Val Loss: 3.620175 | Best Val Loss: inf (epoch 1)
2025-12-01 11:45:00,500 - INFO - Epoch 60/200 | Train Loss: 0.573329 | Val Loss: 1.593493 | Best Val Loss: 1.475270 (epoch 52)
2025-12-01 11:45:00,908 - INFO - Epoch 70/200 | Train Loss: 0.000042 | Val Loss: 4.832557 | Best Val Loss: 1.121602 (epoch 61)
2025-12-01 11:45:01,292 - INFO - Epoch 80/200 | Train Loss: 0.000010 | Val Loss: 4.893062 | Best Val Loss: 1.121602 (epoch 61)
2025-12-01 11:45:01,675 - INFO - Epoch 90/200 | Train Loss: 0.000058 | Val Loss: 4.957839 | Best Val Loss: 1.121602 (epoch 61)
2025-12-01 11:45:02,060 - INFO - Epoch 100/200 | Train Loss: 0.000008 | Val Loss: 4.955967 | Best Val Loss: 1.121602 (epoch 61)
2025-12-01 11:45:02,444 - INFO - Epoch 110/200 | Train Loss: 0.050517 | Val Loss: 2.248921 | Best Val Loss: 1.121602 (epoch 61)
2025-12-01 11:45:02,482 - INFO - Early stopping triggered at epoch 111! Best validation loss: 1.121602 at epoch 61
2025-12-01 11:45:02,497 - INFO - Loaded best model from epoch 61
2025-12-01 11:45:02,501 - INFO - Optimal Youden threshold: 0.8583
2025-12-01 11:45:02,514 - INFO - Fold 4 Results - Acc: 0.6364, F1: 0.5000, AUC: 0.5667, AP: 0.7437
2025-12-01 11:45:02,514 - INFO - 
--- Fold 5/5 ---
2025-12-01 11:45:02,514 - INFO - Train size: 44, Test size: 11
2025-12-01 11:45:02,514 - INFO - Train class balance - 0: 20, 1: 24
2025-12-01 11:45:02,514 - INFO - Test class balance  - 0: 4, 1: 7
2025-12-01 11:45:02,537 - INFO - Training fold 5 with early stopping (patience=50)...
2025-12-01 11:45:02,578 - INFO - Epoch 1/200 | Train Loss: 0.972974 | Val Loss: 0.597325 | Best Val Loss: inf (epoch 1)
2025-12-01 11:45:02,921 - INFO - Epoch 10/200 | Train Loss: 0.069261 | Val Loss: 1.264458 | Best Val Loss: inf (epoch 1)
2025-12-01 11:45:03,302 - INFO - Epoch 20/200 | Train Loss: 0.000207 | Val Loss: 1.017834 | Best Val Loss: inf (epoch 1)
2025-12-01 11:45:03,683 - INFO - Epoch 30/200 | Train Loss: 0.000115 | Val Loss: 1.112502 | Best Val Loss: inf (epoch 1)
2025-12-01 11:45:04,065 - INFO - Epoch 40/200 | Train Loss: 0.162054 | Val Loss: 3.208857 | Best Val Loss: inf (epoch 1)
2025-12-01 11:45:04,444 - INFO - Epoch 50/200 | Train Loss: 0.000140 | Val Loss: 2.233177 | Best Val Loss: inf (epoch 1)
2025-12-01 11:45:04,916 - INFO - Epoch 60/200 | Train Loss: 0.000072 | Val Loss: 2.272720 | Best Val Loss: 0.556199 (epoch 55)
2025-12-01 11:45:05,295 - INFO - Epoch 70/200 | Train Loss: 0.001111 | Val Loss: 1.685343 | Best Val Loss: 0.556199 (epoch 55)
2025-12-01 11:45:05,674 - INFO - Epoch 80/200 | Train Loss: 0.000056 | Val Loss: 2.430048 | Best Val Loss: 0.556199 (epoch 55)
2025-12-01 11:45:06,053 - INFO - Epoch 90/200 | Train Loss: 0.000107 | Val Loss: 2.620322 | Best Val Loss: 0.556199 (epoch 55)
2025-12-01 11:45:06,434 - INFO - Epoch 100/200 | Train Loss: 0.000014 | Val Loss: 3.470854 | Best Val Loss: 0.556199 (epoch 55)
2025-12-01 11:45:06,625 - INFO - Early stopping triggered at epoch 105! Best validation loss: 0.556199 at epoch 55
2025-12-01 11:45:06,640 - INFO - Loaded best model from epoch 55
2025-12-01 11:45:06,644 - INFO - Optimal Youden threshold: 0.3743
2025-12-01 11:45:06,655 - INFO - Fold 5 Results - Acc: 0.9091, F1: 0.9231, AUC: 0.8929, AP: 0.9571
2025-12-01 11:45:06,655 - INFO - 
============================================================
2025-12-01 11:45:06,655 - INFO - FINAL CROSS-VALIDATION RESULTS FOR: Treatment_Response_ALL_Thresh0.25
2025-12-01 11:45:06,655 - INFO - ACC       : 0.7818 ± 0.1233
2025-12-01 11:45:06,655 - INFO - F1        : 0.7598 ± 0.1592
2025-12-01 11:45:06,655 - INFO - PRECISION : 0.9333 ± 0.1333
2025-12-01 11:45:06,655 - INFO - RECALL    : 0.6714 ± 0.1871
2025-12-01 11:45:06,655 - INFO - AUC       : 0.7586 ± 0.1856
2025-12-01 11:45:06,655 - INFO - AP        : 0.8288 ± 0.1589
2025-12-01 11:45:06,655 - INFO - ============================================================

2025-12-01 11:45:06,658 - INFO - Results saved to final_results_Treatment_Response_ALL_Thresh0.25.json
2025-12-01 11:45:06,659 - INFO - Total execution time: 22.12 seconds
2025-12-01 11:45:10,278 - INFO - Using device: cuda
2025-12-01 11:45:10,278 - INFO - Hyperparameters: {
  "batch_size": 4,
  "learning_rate": 0.0001,
  "num_epochs": 200,
  "hidden_dim": 512,
  "num_blocks": 6,
  "dropout": 0.3,
  "feature_type": "ALL",
  "improvement_threshold": 0.25
}
2025-12-01 11:45:10,279 - INFO - Starting treatment response prediction pipeline
2025-12-01 11:45:10,279 - INFO - Building diff file index (mean_anomaly & mean_distortion)...
2025-12-01 11:45:10,280 - WARNING - Duplicate patient ID found: stn02, skipping additional entry
2025-12-01 11:45:10,280 - WARNING - Duplicate patient ID found: gpi11, skipping additional entry
2025-12-01 11:45:10,280 - WARNING - Duplicate patient ID found: gpi02, skipping additional entry
2025-12-01 11:45:10,281 - WARNING - Duplicate patient ID found: gpi19, skipping additional entry
2025-12-01 11:45:10,281 - WARNING - Duplicate patient ID found: stn23, skipping additional entry
2025-12-01 11:45:10,281 - WARNING - Duplicate patient ID found: stn03, skipping additional entry
2025-12-01 11:45:10,281 - WARNING - Duplicate patient ID found: gpi20, skipping additional entry
2025-12-01 11:45:10,281 - WARNING - Duplicate patient ID found: stn04, skipping additional entry
2025-12-01 11:45:10,281 - WARNING - Duplicate patient ID found: stn24, skipping additional entry
2025-12-01 11:45:10,282 - WARNING - Duplicate patient ID found: gpi04, skipping additional entry
2025-12-01 11:45:10,282 - WARNING - Duplicate patient ID found: gpi15, skipping additional entry
2025-12-01 11:45:10,282 - WARNING - Duplicate patient ID found: stn19, skipping additional entry
2025-12-01 11:45:10,282 - WARNING - Duplicate patient ID found: stn08, skipping additional entry
2025-12-01 11:45:10,282 - WARNING - Duplicate patient ID found: stn11, skipping additional entry
2025-12-01 11:45:10,282 - WARNING - Duplicate patient ID found: gpi07, skipping additional entry
2025-12-01 11:45:10,282 - WARNING - Duplicate patient ID found: gpi26, skipping additional entry
2025-12-01 11:45:10,282 - WARNING - Duplicate patient ID found: stn13, skipping additional entry
2025-12-01 11:45:10,282 - WARNING - Duplicate patient ID found: gpi06, skipping additional entry
2025-12-01 11:45:10,282 - WARNING - Duplicate patient ID found: stn30, skipping additional entry
2025-12-01 11:45:10,282 - WARNING - Duplicate patient ID found: stn18, skipping additional entry
2025-12-01 11:45:10,283 - WARNING - Duplicate patient ID found: gpi24, skipping additional entry
2025-12-01 11:45:10,283 - WARNING - Duplicate patient ID found: gpi13, skipping additional entry
2025-12-01 11:45:10,283 - WARNING - Duplicate patient ID found: stn07, skipping additional entry
2025-12-01 11:45:10,283 - WARNING - Duplicate patient ID found: stn20, skipping additional entry
2025-12-01 11:45:10,283 - WARNING - Duplicate patient ID found: gpi12, skipping additional entry
2025-12-01 11:45:10,283 - WARNING - Duplicate patient ID found: stn01, skipping additional entry
2025-12-01 11:45:10,283 - WARNING - Duplicate patient ID found: gpi22, skipping additional entry
2025-12-01 11:45:10,283 - WARNING - Duplicate patient ID found: gpi18, skipping additional entry
2025-12-01 11:45:10,284 - WARNING - Duplicate patient ID found: gpi09, skipping additional entry
2025-12-01 11:45:10,284 - WARNING - Duplicate patient ID found: gpi25, skipping additional entry
2025-12-01 11:45:10,284 - WARNING - Duplicate patient ID found: stn29, skipping additional entry
2025-12-01 11:45:10,284 - WARNING - Duplicate patient ID found: gpi31, skipping additional entry
2025-12-01 11:45:10,284 - WARNING - Duplicate patient ID found: stn10, skipping additional entry
2025-12-01 11:45:10,284 - WARNING - Duplicate patient ID found: gpi28, skipping additional entry
2025-12-01 11:45:10,284 - WARNING - Duplicate patient ID found: stn31, skipping additional entry
2025-12-01 11:45:10,284 - WARNING - Duplicate patient ID found: gpi03, skipping additional entry
2025-12-01 11:45:10,284 - WARNING - Duplicate patient ID found: gpi05, skipping additional entry
2025-12-01 11:45:10,284 - WARNING - Duplicate patient ID found: stn25, skipping additional entry
2025-12-01 11:45:10,284 - WARNING - Duplicate patient ID found: gpi08, skipping additional entry
2025-12-01 11:45:10,284 - WARNING - Duplicate patient ID found: gpi27, skipping additional entry
2025-12-01 11:45:10,284 - WARNING - Duplicate patient ID found: stn16, skipping additional entry
2025-12-01 11:45:10,285 - WARNING - Duplicate patient ID found: gpi23, skipping additional entry
2025-12-01 11:45:10,285 - WARNING - Duplicate patient ID found: stn09, skipping additional entry
2025-12-01 11:45:10,285 - WARNING - Duplicate patient ID found: stn28, skipping additional entry
2025-12-01 11:45:10,285 - WARNING - Duplicate patient ID found: stn06, skipping additional entry
2025-12-01 11:45:10,285 - WARNING - Duplicate patient ID found: stn12, skipping additional entry
2025-12-01 11:45:10,285 - WARNING - Duplicate patient ID found: gpi16, skipping additional entry
2025-12-01 11:45:10,285 - WARNING - Duplicate patient ID found: gpi30, skipping additional entry
2025-12-01 11:45:10,285 - WARNING - Duplicate patient ID found: stn21, skipping additional entry
2025-12-01 11:45:10,285 - WARNING - Duplicate patient ID found: stn22, skipping additional entry
2025-12-01 11:45:10,285 - WARNING - Duplicate patient ID found: stn14, skipping additional entry
2025-12-01 11:45:10,285 - WARNING - Duplicate patient ID found: gpi17, skipping additional entry
2025-12-01 11:45:10,285 - WARNING - Duplicate patient ID found: gpi21, skipping additional entry
2025-12-01 11:45:10,285 - WARNING - Duplicate patient ID found: gpi32, skipping additional entry
2025-12-01 11:45:10,286 - WARNING - Duplicate patient ID found: stn15, skipping additional entry
2025-12-01 11:45:10,286 - INFO - Built diff index with 71 patients
2025-12-01 11:45:10,286 - INFO - Parsing UPDRS data with diff features...
2025-12-01 11:45:10,300 - INFO - Found 55 valid samples
2025-12-01 11:45:10,300 - INFO - Preparing feature matrices with diff features...
2025-12-01 11:45:10,333 - INFO - Feature matrix shape: (55, 365), Class distribution: [24 31]
2025-12-01 11:45:10,333 - INFO - 
============================================================
2025-12-01 11:45:10,334 - INFO - Starting Cross-Validation Experiment: Treatment_Response_ALL_Thresh0.25
2025-12-01 11:45:10,334 - INFO - Total samples: 55 | Class distribution: [24 31]
2025-12-01 11:45:10,334 - INFO - 
--- Fold 1/5 ---
2025-12-01 11:45:10,335 - INFO - Train size: 44, Test size: 11
2025-12-01 11:45:10,335 - INFO - Train class balance - 0: 19, 1: 25
2025-12-01 11:45:10,335 - INFO - Test class balance  - 0: 5, 1: 6
2025-12-01 11:45:11,135 - INFO - Training fold 1 with early stopping (patience=50)...
2025-12-01 11:45:11,310 - INFO - Epoch 1/200 | Train Loss: 0.740244 | Val Loss: 0.729032 | Best Val Loss: inf (epoch 1)
2025-12-01 11:45:11,659 - INFO - Epoch 10/200 | Train Loss: 0.225399 | Val Loss: 0.542187 | Best Val Loss: inf (epoch 1)
2025-12-01 11:45:12,046 - INFO - Epoch 20/200 | Train Loss: 0.010364 | Val Loss: 0.481216 | Best Val Loss: inf (epoch 1)
2025-12-01 11:45:12,432 - INFO - Epoch 30/200 | Train Loss: 0.000911 | Val Loss: 1.123705 | Best Val Loss: inf (epoch 1)
2025-12-01 11:45:12,819 - INFO - Epoch 40/200 | Train Loss: 0.000975 | Val Loss: 1.225470 | Best Val Loss: inf (epoch 1)
2025-12-01 11:45:13,206 - INFO - Epoch 50/200 | Train Loss: 0.000196 | Val Loss: 1.942297 | Best Val Loss: inf (epoch 1)
2025-12-01 11:45:13,668 - INFO - Epoch 60/200 | Train Loss: 0.000184 | Val Loss: 1.721832 | Best Val Loss: 1.678034 (epoch 54)
2025-12-01 11:45:14,093 - INFO - Epoch 70/200 | Train Loss: 0.000088 | Val Loss: 1.859930 | Best Val Loss: 1.673011 (epoch 66)
2025-12-01 11:45:14,527 - INFO - Epoch 80/200 | Train Loss: 0.000803 | Val Loss: 1.805687 | Best Val Loss: 1.509598 (epoch 79)
2025-12-01 11:45:14,933 - INFO - Epoch 90/200 | Train Loss: 0.000862 | Val Loss: 1.784815 | Best Val Loss: 1.198790 (epoch 88)
2025-12-01 11:45:15,319 - INFO - Epoch 100/200 | Train Loss: 0.000350 | Val Loss: 1.268484 | Best Val Loss: 1.198790 (epoch 88)
2025-12-01 11:45:15,745 - INFO - Epoch 110/200 | Train Loss: 0.000142 | Val Loss: 1.283292 | Best Val Loss: 1.182771 (epoch 107)
2025-12-01 11:45:16,129 - INFO - Epoch 120/200 | Train Loss: 0.000861 | Val Loss: 1.412992 | Best Val Loss: 1.182771 (epoch 107)
2025-12-01 11:45:16,512 - INFO - Epoch 130/200 | Train Loss: 0.000117 | Val Loss: 1.426206 | Best Val Loss: 1.182771 (epoch 107)
2025-12-01 11:45:16,897 - INFO - Epoch 140/200 | Train Loss: 0.000057 | Val Loss: 1.442861 | Best Val Loss: 1.182771 (epoch 107)
2025-12-01 11:45:17,282 - INFO - Epoch 150/200 | Train Loss: 0.000112 | Val Loss: 1.462417 | Best Val Loss: 1.182771 (epoch 107)
2025-12-01 11:45:17,553 - INFO - Early stopping triggered at epoch 157! Best validation loss: 1.182771 at epoch 107
2025-12-01 11:45:17,569 - INFO - Loaded best model from epoch 107
2025-12-01 11:45:17,573 - INFO - Optimal Youden threshold: 0.9697
2025-12-01 11:45:17,590 - INFO - Fold 1 Results - Acc: 0.8182, F1: 0.8000, AUC: 0.8000, AP: 0.8819
2025-12-01 11:45:17,590 - INFO - 
--- Fold 2/5 ---
2025-12-01 11:45:17,590 - INFO - Train size: 44, Test size: 11
2025-12-01 11:45:17,590 - INFO - Train class balance - 0: 19, 1: 25
2025-12-01 11:45:17,590 - INFO - Test class balance  - 0: 5, 1: 6
2025-12-01 11:45:17,614 - INFO - Training fold 2 with early stopping (patience=50)...
2025-12-01 11:45:17,654 - INFO - Epoch 1/200 | Train Loss: 0.739155 | Val Loss: 0.669173 | Best Val Loss: inf (epoch 1)
2025-12-01 11:45:18,003 - INFO - Epoch 10/200 | Train Loss: 0.108644 | Val Loss: 0.880297 | Best Val Loss: inf (epoch 1)
2025-12-01 11:45:18,391 - INFO - Epoch 20/200 | Train Loss: 0.011100 | Val Loss: 1.831549 | Best Val Loss: inf (epoch 1)
2025-12-01 11:45:18,781 - INFO - Epoch 30/200 | Train Loss: 0.001129 | Val Loss: 2.249350 | Best Val Loss: inf (epoch 1)
2025-12-01 11:45:19,177 - INFO - Epoch 40/200 | Train Loss: 0.001612 | Val Loss: 2.577260 | Best Val Loss: inf (epoch 1)
2025-12-01 11:45:19,568 - INFO - Epoch 50/200 | Train Loss: 0.004941 | Val Loss: 1.685576 | Best Val Loss: inf (epoch 1)
2025-12-01 11:45:20,001 - INFO - Epoch 60/200 | Train Loss: 0.000288 | Val Loss: 2.547666 | Best Val Loss: 1.733046 (epoch 52)
2025-12-01 11:45:20,393 - INFO - Epoch 70/200 | Train Loss: 0.000653 | Val Loss: 2.606798 | Best Val Loss: 1.733046 (epoch 52)
2025-12-01 11:45:20,844 - INFO - Epoch 80/200 | Train Loss: 0.001070 | Val Loss: 1.654036 | Best Val Loss: 1.651868 (epoch 79)
2025-12-01 11:45:21,234 - INFO - Epoch 90/200 | Train Loss: 0.000609 | Val Loss: 2.113882 | Best Val Loss: 1.651868 (epoch 79)
2025-12-01 11:45:21,625 - INFO - Epoch 100/200 | Train Loss: 0.000193 | Val Loss: 2.186841 | Best Val Loss: 1.651868 (epoch 79)
2025-12-01 11:45:22,016 - INFO - Epoch 110/200 | Train Loss: 0.006820 | Val Loss: 2.353151 | Best Val Loss: 1.651868 (epoch 79)
2025-12-01 11:45:22,407 - INFO - Epoch 120/200 | Train Loss: 0.000168 | Val Loss: 2.676308 | Best Val Loss: 1.651868 (epoch 79)
2025-12-01 11:45:22,759 - INFO - Early stopping triggered at epoch 129! Best validation loss: 1.651868 at epoch 79
2025-12-01 11:45:22,775 - INFO - Loaded best model from epoch 79
2025-12-01 11:45:22,779 - INFO - Optimal Youden threshold: 0.1707
2025-12-01 11:45:22,793 - INFO - Fold 2 Results - Acc: 0.8182, F1: 0.8571, AUC: 0.8000, AP: 0.8357
2025-12-01 11:45:22,793 - INFO - 
--- Fold 3/5 ---
2025-12-01 11:45:22,793 - INFO - Train size: 44, Test size: 11
2025-12-01 11:45:22,793 - INFO - Train class balance - 0: 19, 1: 25
2025-12-01 11:45:22,793 - INFO - Test class balance  - 0: 5, 1: 6
2025-12-01 11:45:22,818 - INFO - Training fold 3 with early stopping (patience=50)...
2025-12-01 11:45:22,859 - INFO - Epoch 1/200 | Train Loss: 0.793207 | Val Loss: 0.660300 | Best Val Loss: inf (epoch 1)
2025-12-01 11:45:23,210 - INFO - Epoch 10/200 | Train Loss: 0.096893 | Val Loss: 1.070195 | Best Val Loss: inf (epoch 1)
2025-12-01 11:45:23,597 - INFO - Epoch 20/200 | Train Loss: 0.007124 | Val Loss: 3.498695 | Best Val Loss: inf (epoch 1)
2025-12-01 11:45:23,986 - INFO - Epoch 30/200 | Train Loss: 0.001251 | Val Loss: 3.323524 | Best Val Loss: inf (epoch 1)
2025-12-01 11:45:24,372 - INFO - Epoch 40/200 | Train Loss: 0.000135 | Val Loss: 3.460881 | Best Val Loss: inf (epoch 1)
2025-12-01 11:45:24,761 - INFO - Epoch 50/200 | Train Loss: 0.000147 | Val Loss: 3.943268 | Best Val Loss: inf (epoch 1)
2025-12-01 11:45:25,193 - INFO - Epoch 60/200 | Train Loss: 0.000046 | Val Loss: 4.015865 | Best Val Loss: 3.876128 (epoch 52)
2025-12-01 11:45:25,584 - INFO - Epoch 70/200 | Train Loss: 0.000098 | Val Loss: 4.043180 | Best Val Loss: 3.876128 (epoch 52)
2025-12-01 11:45:25,974 - INFO - Epoch 80/200 | Train Loss: 0.000044 | Val Loss: 4.161396 | Best Val Loss: 3.876128 (epoch 52)
2025-12-01 11:45:26,365 - INFO - Epoch 90/200 | Train Loss: 0.000062 | Val Loss: 4.285385 | Best Val Loss: 3.876128 (epoch 52)
2025-12-01 11:45:26,793 - INFO - Epoch 100/200 | Train Loss: 0.000654 | Val Loss: 3.639167 | Best Val Loss: 2.741751 (epoch 93)
2025-12-01 11:45:27,180 - INFO - Epoch 110/200 | Train Loss: 0.000238 | Val Loss: 3.739226 | Best Val Loss: 2.741751 (epoch 93)
2025-12-01 11:45:27,568 - INFO - Epoch 120/200 | Train Loss: 0.000174 | Val Loss: 3.818886 | Best Val Loss: 2.741751 (epoch 93)
2025-12-01 11:45:27,957 - INFO - Epoch 130/200 | Train Loss: 0.000190 | Val Loss: 3.970164 | Best Val Loss: 2.741751 (epoch 93)
2025-12-01 11:45:28,346 - INFO - Epoch 140/200 | Train Loss: 0.000052 | Val Loss: 4.037729 | Best Val Loss: 2.741751 (epoch 93)
2025-12-01 11:45:28,465 - INFO - Early stopping triggered at epoch 143! Best validation loss: 2.741751 at epoch 93
2025-12-01 11:45:28,481 - INFO - Loaded best model from epoch 93
2025-12-01 11:45:28,486 - INFO - Optimal Youden threshold: 0.9744
2025-12-01 11:45:28,499 - INFO - Fold 3 Results - Acc: 0.7273, F1: 0.7692, AUC: 0.6000, AP: 0.6802
2025-12-01 11:45:28,499 - INFO - 
--- Fold 4/5 ---
2025-12-01 11:45:28,499 - INFO - Train size: 44, Test size: 11
2025-12-01 11:45:28,499 - INFO - Train class balance - 0: 19, 1: 25
2025-12-01 11:45:28,499 - INFO - Test class balance  - 0: 5, 1: 6
2025-12-01 11:45:28,522 - INFO - Training fold 4 with early stopping (patience=50)...
2025-12-01 11:45:28,564 - INFO - Epoch 1/200 | Train Loss: 0.736074 | Val Loss: 0.685699 | Best Val Loss: inf (epoch 1)
2025-12-01 11:45:28,917 - INFO - Epoch 10/200 | Train Loss: 0.096826 | Val Loss: 1.385796 | Best Val Loss: inf (epoch 1)
2025-12-01 11:45:29,307 - INFO - Epoch 20/200 | Train Loss: 0.008527 | Val Loss: 2.280637 | Best Val Loss: inf (epoch 1)
2025-12-01 11:45:29,698 - INFO - Epoch 30/200 | Train Loss: 0.002397 | Val Loss: 2.679076 | Best Val Loss: inf (epoch 1)
2025-12-01 11:45:30,091 - INFO - Epoch 40/200 | Train Loss: 0.003256 | Val Loss: 3.688575 | Best Val Loss: inf (epoch 1)
2025-12-01 11:45:30,483 - INFO - Epoch 50/200 | Train Loss: 0.002011 | Val Loss: 3.536481 | Best Val Loss: inf (epoch 1)
2025-12-01 11:45:30,913 - INFO - Epoch 60/200 | Train Loss: 0.000348 | Val Loss: 3.518074 | Best Val Loss: 3.475018 (epoch 52)
2025-12-01 11:45:31,308 - INFO - Epoch 70/200 | Train Loss: 0.000196 | Val Loss: 3.734036 | Best Val Loss: 3.475018 (epoch 52)
2025-12-01 11:45:31,703 - INFO - Epoch 80/200 | Train Loss: 0.000298 | Val Loss: 3.769378 | Best Val Loss: 3.475018 (epoch 52)
2025-12-01 11:45:32,095 - INFO - Epoch 90/200 | Train Loss: 0.000131 | Val Loss: 3.846651 | Best Val Loss: 3.475018 (epoch 52)
2025-12-01 11:45:32,486 - INFO - Epoch 100/200 | Train Loss: 0.000102 | Val Loss: 3.953319 | Best Val Loss: 3.475018 (epoch 52)
2025-12-01 11:45:32,565 - INFO - Early stopping triggered at epoch 102! Best validation loss: 3.475018 at epoch 52
2025-12-01 11:45:32,580 - INFO - Loaded best model from epoch 52
2025-12-01 11:45:32,583 - INFO - Optimal Youden threshold: 1.0000
2025-12-01 11:45:32,595 - INFO - Fold 4 Results - Acc: 0.7273, F1: 0.6667, AUC: 0.7333, AP: 0.8375
2025-12-01 11:45:32,595 - INFO - 
--- Fold 5/5 ---
2025-12-01 11:45:32,595 - INFO - Train size: 44, Test size: 11
2025-12-01 11:45:32,595 - INFO - Train class balance - 0: 20, 1: 24
2025-12-01 11:45:32,595 - INFO - Test class balance  - 0: 4, 1: 7
2025-12-01 11:45:32,619 - INFO - Training fold 5 with early stopping (patience=50)...
2025-12-01 11:45:32,660 - INFO - Epoch 1/200 | Train Loss: 0.746298 | Val Loss: 0.667697 | Best Val Loss: inf (epoch 1)
2025-12-01 11:45:33,011 - INFO - Epoch 10/200 | Train Loss: 0.101346 | Val Loss: 0.516006 | Best Val Loss: inf (epoch 1)
2025-12-01 11:45:33,403 - INFO - Epoch 20/200 | Train Loss: 0.010337 | Val Loss: 0.923643 | Best Val Loss: inf (epoch 1)
2025-12-01 11:45:33,794 - INFO - Epoch 30/200 | Train Loss: 0.086003 | Val Loss: 1.288360 | Best Val Loss: inf (epoch 1)
2025-12-01 11:45:34,186 - INFO - Epoch 40/200 | Train Loss: 0.001104 | Val Loss: 1.131313 | Best Val Loss: inf (epoch 1)
2025-12-01 11:45:34,577 - INFO - Epoch 50/200 | Train Loss: 0.000408 | Val Loss: 1.299334 | Best Val Loss: inf (epoch 1)
2025-12-01 11:45:35,006 - INFO - Epoch 60/200 | Train Loss: 0.007835 | Val Loss: 2.247162 | Best Val Loss: 0.898364 (epoch 58)
2025-12-01 11:45:35,442 - INFO - Epoch 70/200 | Train Loss: 0.035665 | Val Loss: 1.435139 | Best Val Loss: 0.808692 (epoch 63)
2025-12-01 11:45:35,833 - INFO - Epoch 80/200 | Train Loss: 0.001465 | Val Loss: 1.652660 | Best Val Loss: 0.808692 (epoch 63)
2025-12-01 11:45:36,247 - INFO - Epoch 90/200 | Train Loss: 0.000125 | Val Loss: 1.986397 | Best Val Loss: 0.677699 (epoch 85)
2025-12-01 11:45:36,640 - INFO - Epoch 100/200 | Train Loss: 0.000117 | Val Loss: 1.986308 | Best Val Loss: 0.677699 (epoch 85)
2025-12-01 11:45:37,031 - INFO - Epoch 110/200 | Train Loss: 0.000125 | Val Loss: 2.037498 | Best Val Loss: 0.677699 (epoch 85)
2025-12-01 11:45:37,425 - INFO - Epoch 120/200 | Train Loss: 0.000046 | Val Loss: 2.099627 | Best Val Loss: 0.677699 (epoch 85)
2025-12-01 11:45:37,834 - INFO - Epoch 130/200 | Train Loss: 0.034119 | Val Loss: 2.468620 | Best Val Loss: 0.641238 (epoch 128)
2025-12-01 11:45:38,222 - INFO - Epoch 140/200 | Train Loss: 0.000231 | Val Loss: 2.130249 | Best Val Loss: 0.641238 (epoch 128)
2025-12-01 11:45:38,610 - INFO - Epoch 150/200 | Train Loss: 0.000134 | Val Loss: 2.156917 | Best Val Loss: 0.641238 (epoch 128)
2025-12-01 11:45:38,998 - INFO - Epoch 160/200 | Train Loss: 0.000086 | Val Loss: 2.183743 | Best Val Loss: 0.641238 (epoch 128)
2025-12-01 11:45:39,384 - INFO - Epoch 170/200 | Train Loss: 0.000214 | Val Loss: 2.197287 | Best Val Loss: 0.641238 (epoch 128)
2025-12-01 11:45:39,693 - INFO - Early stopping triggered at epoch 178! Best validation loss: 0.641238 at epoch 128
2025-12-01 11:45:39,709 - INFO - Loaded best model from epoch 128
2025-12-01 11:45:39,713 - INFO - Optimal Youden threshold: 0.9370
2025-12-01 11:45:39,726 - INFO - Fold 5 Results - Acc: 0.9091, F1: 0.9231, AUC: 0.9286, AP: 0.9683
2025-12-01 11:45:39,726 - INFO - 
============================================================
2025-12-01 11:45:39,726 - INFO - FINAL CROSS-VALIDATION RESULTS FOR: Treatment_Response_ALL_Thresh0.25
2025-12-01 11:45:39,726 - INFO - ACC       : 0.8000 ± 0.0680
2025-12-01 11:45:39,726 - INFO - F1        : 0.8032 ± 0.0861
2025-12-01 11:45:39,726 - INFO - PRECISION : 0.8929 ± 0.1317
2025-12-01 11:45:39,727 - INFO - RECALL    : 0.7714 ± 0.1721
2025-12-01 11:45:39,727 - INFO - AUC       : 0.7724 ± 0.1069
2025-12-01 11:45:39,727 - INFO - AP        : 0.8407 ± 0.0936
2025-12-01 11:45:39,727 - INFO - ============================================================

2025-12-01 11:45:39,731 - INFO - Results saved to final_results_Treatment_Response_ALL_Thresh0.25.json
2025-12-01 11:45:39,731 - INFO - Total execution time: 29.45 seconds
2025-12-01 11:45:45,797 - INFO - Using device: cuda
2025-12-01 11:45:45,798 - INFO - Hyperparameters: {
  "batch_size": 16,
  "learning_rate": 0.0005,
  "num_epochs": 200,
  "hidden_dim": 512,
  "num_blocks": 6,
  "dropout": 0.3,
  "feature_type": "ALL",
  "improvement_threshold": 0.25
}
2025-12-01 11:45:45,798 - INFO - Starting treatment response prediction pipeline
2025-12-01 11:45:45,798 - INFO - Building diff file index (mean_anomaly & mean_distortion)...
2025-12-01 11:45:45,799 - WARNING - Duplicate patient ID found: stn02, skipping additional entry
2025-12-01 11:45:45,799 - WARNING - Duplicate patient ID found: gpi11, skipping additional entry
2025-12-01 11:45:45,800 - WARNING - Duplicate patient ID found: gpi02, skipping additional entry
2025-12-01 11:45:45,800 - WARNING - Duplicate patient ID found: gpi19, skipping additional entry
2025-12-01 11:45:45,800 - WARNING - Duplicate patient ID found: stn23, skipping additional entry
2025-12-01 11:45:45,800 - WARNING - Duplicate patient ID found: stn03, skipping additional entry
2025-12-01 11:45:45,800 - WARNING - Duplicate patient ID found: gpi20, skipping additional entry
2025-12-01 11:45:45,800 - WARNING - Duplicate patient ID found: stn04, skipping additional entry
2025-12-01 11:45:45,801 - WARNING - Duplicate patient ID found: stn24, skipping additional entry
2025-12-01 11:45:45,801 - WARNING - Duplicate patient ID found: gpi04, skipping additional entry
2025-12-01 11:45:45,801 - WARNING - Duplicate patient ID found: gpi15, skipping additional entry
2025-12-01 11:45:45,801 - WARNING - Duplicate patient ID found: stn19, skipping additional entry
2025-12-01 11:45:45,801 - WARNING - Duplicate patient ID found: stn08, skipping additional entry
2025-12-01 11:45:45,801 - WARNING - Duplicate patient ID found: stn11, skipping additional entry
2025-12-01 11:45:45,801 - WARNING - Duplicate patient ID found: gpi07, skipping additional entry
2025-12-01 11:45:45,801 - WARNING - Duplicate patient ID found: gpi26, skipping additional entry
2025-12-01 11:45:45,801 - WARNING - Duplicate patient ID found: stn13, skipping additional entry
2025-12-01 11:45:45,801 - WARNING - Duplicate patient ID found: gpi06, skipping additional entry
2025-12-01 11:45:45,802 - WARNING - Duplicate patient ID found: stn30, skipping additional entry
2025-12-01 11:45:45,802 - WARNING - Duplicate patient ID found: stn18, skipping additional entry
2025-12-01 11:45:45,802 - WARNING - Duplicate patient ID found: gpi24, skipping additional entry
2025-12-01 11:45:45,802 - WARNING - Duplicate patient ID found: gpi13, skipping additional entry
2025-12-01 11:45:45,802 - WARNING - Duplicate patient ID found: stn07, skipping additional entry
2025-12-01 11:45:45,802 - WARNING - Duplicate patient ID found: stn20, skipping additional entry
2025-12-01 11:45:45,802 - WARNING - Duplicate patient ID found: gpi12, skipping additional entry
2025-12-01 11:45:45,802 - WARNING - Duplicate patient ID found: stn01, skipping additional entry
2025-12-01 11:45:45,802 - WARNING - Duplicate patient ID found: gpi22, skipping additional entry
2025-12-01 11:45:45,803 - WARNING - Duplicate patient ID found: gpi18, skipping additional entry
2025-12-01 11:45:45,803 - WARNING - Duplicate patient ID found: gpi09, skipping additional entry
2025-12-01 11:45:45,803 - WARNING - Duplicate patient ID found: gpi25, skipping additional entry
2025-12-01 11:45:45,803 - WARNING - Duplicate patient ID found: stn29, skipping additional entry
2025-12-01 11:45:45,803 - WARNING - Duplicate patient ID found: gpi31, skipping additional entry
2025-12-01 11:45:45,803 - WARNING - Duplicate patient ID found: stn10, skipping additional entry
2025-12-01 11:45:45,803 - WARNING - Duplicate patient ID found: gpi28, skipping additional entry
2025-12-01 11:45:45,803 - WARNING - Duplicate patient ID found: stn31, skipping additional entry
2025-12-01 11:45:45,803 - WARNING - Duplicate patient ID found: gpi03, skipping additional entry
2025-12-01 11:45:45,803 - WARNING - Duplicate patient ID found: gpi05, skipping additional entry
2025-12-01 11:45:45,803 - WARNING - Duplicate patient ID found: stn25, skipping additional entry
2025-12-01 11:45:45,803 - WARNING - Duplicate patient ID found: gpi08, skipping additional entry
2025-12-01 11:45:45,803 - WARNING - Duplicate patient ID found: gpi27, skipping additional entry
2025-12-01 11:45:45,804 - WARNING - Duplicate patient ID found: stn16, skipping additional entry
2025-12-01 11:45:45,804 - WARNING - Duplicate patient ID found: gpi23, skipping additional entry
2025-12-01 11:45:45,804 - WARNING - Duplicate patient ID found: stn09, skipping additional entry
2025-12-01 11:45:45,804 - WARNING - Duplicate patient ID found: stn28, skipping additional entry
2025-12-01 11:45:45,804 - WARNING - Duplicate patient ID found: stn06, skipping additional entry
2025-12-01 11:45:45,804 - WARNING - Duplicate patient ID found: stn12, skipping additional entry
2025-12-01 11:45:45,804 - WARNING - Duplicate patient ID found: gpi16, skipping additional entry
2025-12-01 11:45:45,804 - WARNING - Duplicate patient ID found: gpi30, skipping additional entry
2025-12-01 11:45:45,804 - WARNING - Duplicate patient ID found: stn21, skipping additional entry
2025-12-01 11:45:45,804 - WARNING - Duplicate patient ID found: stn22, skipping additional entry
2025-12-01 11:45:45,804 - WARNING - Duplicate patient ID found: stn14, skipping additional entry
2025-12-01 11:45:45,804 - WARNING - Duplicate patient ID found: gpi17, skipping additional entry
2025-12-01 11:45:45,804 - WARNING - Duplicate patient ID found: gpi21, skipping additional entry
2025-12-01 11:45:45,804 - WARNING - Duplicate patient ID found: gpi32, skipping additional entry
2025-12-01 11:45:45,805 - WARNING - Duplicate patient ID found: stn15, skipping additional entry
2025-12-01 11:45:45,805 - INFO - Built diff index with 71 patients
2025-12-01 11:45:45,805 - INFO - Parsing UPDRS data with diff features...
2025-12-01 11:45:45,819 - INFO - Found 55 valid samples
2025-12-01 11:45:45,819 - INFO - Preparing feature matrices with diff features...
2025-12-01 11:45:45,852 - INFO - Feature matrix shape: (55, 365), Class distribution: [24 31]
2025-12-01 11:45:45,852 - INFO - 
============================================================
2025-12-01 11:45:45,852 - INFO - Starting Cross-Validation Experiment: Treatment_Response_ALL_Thresh0.25
2025-12-01 11:45:45,852 - INFO - Total samples: 55 | Class distribution: [24 31]
2025-12-01 11:45:45,853 - INFO - 
--- Fold 1/5 ---
2025-12-01 11:45:45,853 - INFO - Train size: 44, Test size: 11
2025-12-01 11:45:45,853 - INFO - Train class balance - 0: 19, 1: 25
2025-12-01 11:45:45,854 - INFO - Test class balance  - 0: 5, 1: 6
2025-12-01 11:45:46,688 - INFO - Training fold 1 with early stopping (patience=50)...
2025-12-01 11:45:46,837 - INFO - Epoch 1/200 | Train Loss: 0.770164 | Val Loss: 0.672629 | Best Val Loss: inf (epoch 1)
2025-12-01 11:45:46,942 - INFO - Epoch 10/200 | Train Loss: 0.259409 | Val Loss: 1.342883 | Best Val Loss: inf (epoch 1)
2025-12-01 11:45:47,057 - INFO - Epoch 20/200 | Train Loss: 0.001956 | Val Loss: 2.796216 | Best Val Loss: inf (epoch 1)
2025-12-01 11:45:47,173 - INFO - Epoch 30/200 | Train Loss: 0.000061 | Val Loss: 1.542553 | Best Val Loss: inf (epoch 1)
2025-12-01 11:45:47,288 - INFO - Epoch 40/200 | Train Loss: 0.000055 | Val Loss: 1.939373 | Best Val Loss: inf (epoch 1)
2025-12-01 11:45:47,404 - INFO - Epoch 50/200 | Train Loss: 0.000041 | Val Loss: 1.862336 | Best Val Loss: inf (epoch 1)
2025-12-01 11:45:47,640 - INFO - Epoch 60/200 | Train Loss: 0.000040 | Val Loss: 1.836397 | Best Val Loss: 1.836397 (epoch 60)
2025-12-01 11:45:47,950 - INFO - Epoch 70/200 | Train Loss: 0.000034 | Val Loss: 1.788017 | Best Val Loss: 1.788017 (epoch 70)
2025-12-01 11:45:48,261 - INFO - Epoch 80/200 | Train Loss: 0.000036 | Val Loss: 1.737985 | Best Val Loss: 1.737985 (epoch 80)
2025-12-01 11:45:48,554 - INFO - Epoch 90/200 | Train Loss: 0.000032 | Val Loss: 1.715850 | Best Val Loss: 1.715550 (epoch 89)
2025-12-01 11:45:48,785 - INFO - Epoch 100/200 | Train Loss: 0.000025 | Val Loss: 1.660239 | Best Val Loss: 1.655244 (epoch 96)
2025-12-01 11:45:48,939 - INFO - Epoch 110/200 | Train Loss: 0.093076 | Val Loss: 1.124894 | Best Val Loss: 1.124894 (epoch 110)
2025-12-01 11:45:49,074 - INFO - Epoch 120/200 | Train Loss: 0.169403 | Val Loss: 0.712777 | Best Val Loss: 0.691060 (epoch 119)
2025-12-01 11:45:49,190 - INFO - Epoch 130/200 | Train Loss: 0.018712 | Val Loss: 0.851465 | Best Val Loss: 0.691060 (epoch 119)
2025-12-01 11:45:49,305 - INFO - Epoch 140/200 | Train Loss: 0.000324 | Val Loss: 5.093569 | Best Val Loss: 0.691060 (epoch 119)
2025-12-01 11:45:49,421 - INFO - Epoch 150/200 | Train Loss: 0.000063 | Val Loss: 5.177635 | Best Val Loss: 0.691060 (epoch 119)
2025-12-01 11:45:49,539 - INFO - Epoch 160/200 | Train Loss: 0.000007 | Val Loss: 5.053570 | Best Val Loss: 0.691060 (epoch 119)
2025-12-01 11:45:49,641 - INFO - Early stopping triggered at epoch 169! Best validation loss: 0.691060 at epoch 119
2025-12-01 11:45:49,657 - INFO - Loaded best model from epoch 119
2025-12-01 11:45:49,660 - INFO - Optimal Youden threshold: 0.6989
2025-12-01 11:45:49,677 - INFO - Fold 1 Results - Acc: 0.8182, F1: 0.8571, AUC: 0.7667, AP: 0.7802
2025-12-01 11:45:49,677 - INFO - 
--- Fold 2/5 ---
2025-12-01 11:45:49,677 - INFO - Train size: 44, Test size: 11
2025-12-01 11:45:49,677 - INFO - Train class balance - 0: 19, 1: 25
2025-12-01 11:45:49,677 - INFO - Test class balance  - 0: 5, 1: 6
2025-12-01 11:45:49,700 - INFO - Training fold 2 with early stopping (patience=50)...
2025-12-01 11:45:49,713 - INFO - Epoch 1/200 | Train Loss: 0.881952 | Val Loss: 0.811032 | Best Val Loss: inf (epoch 1)
2025-12-01 11:45:49,817 - INFO - Epoch 10/200 | Train Loss: 0.007901 | Val Loss: 2.226803 | Best Val Loss: inf (epoch 1)
2025-12-01 11:45:49,933 - INFO - Epoch 20/200 | Train Loss: 0.000614 | Val Loss: 1.817348 | Best Val Loss: inf (epoch 1)
2025-12-01 11:45:50,048 - INFO - Epoch 30/200 | Train Loss: 0.000100 | Val Loss: 2.138364 | Best Val Loss: inf (epoch 1)
2025-12-01 11:45:50,164 - INFO - Epoch 40/200 | Train Loss: 0.000366 | Val Loss: 1.837258 | Best Val Loss: inf (epoch 1)
2025-12-01 11:45:50,279 - INFO - Epoch 50/200 | Train Loss: 0.000099 | Val Loss: 0.919518 | Best Val Loss: inf (epoch 1)
2025-12-01 11:45:50,409 - INFO - Epoch 60/200 | Train Loss: 0.000290 | Val Loss: 2.222818 | Best Val Loss: 0.896812 (epoch 51)
2025-12-01 11:45:50,524 - INFO - Epoch 70/200 | Train Loss: 0.000015 | Val Loss: 2.124344 | Best Val Loss: 0.896812 (epoch 51)
2025-12-01 11:45:50,639 - INFO - Epoch 80/200 | Train Loss: 0.000015 | Val Loss: 3.258356 | Best Val Loss: 0.896812 (epoch 51)
2025-12-01 11:45:50,755 - INFO - Epoch 90/200 | Train Loss: 0.000007 | Val Loss: 3.153863 | Best Val Loss: 0.896812 (epoch 51)
2025-12-01 11:45:50,873 - INFO - Epoch 100/200 | Train Loss: 0.000006 | Val Loss: 3.171144 | Best Val Loss: 0.896812 (epoch 51)
2025-12-01 11:45:50,884 - INFO - Early stopping triggered at epoch 101! Best validation loss: 0.896812 at epoch 51
2025-12-01 11:45:50,899 - INFO - Loaded best model from epoch 51
2025-12-01 11:45:50,902 - INFO - Optimal Youden threshold: 0.9108
2025-12-01 11:45:50,915 - INFO - Fold 2 Results - Acc: 0.9091, F1: 0.9231, AUC: 0.9333, AP: 0.9484
2025-12-01 11:45:50,915 - INFO - 
--- Fold 3/5 ---
2025-12-01 11:45:50,915 - INFO - Train size: 44, Test size: 11
2025-12-01 11:45:50,915 - INFO - Train class balance - 0: 19, 1: 25
2025-12-01 11:45:50,915 - INFO - Test class balance  - 0: 5, 1: 6
2025-12-01 11:45:50,938 - INFO - Training fold 3 with early stopping (patience=50)...
2025-12-01 11:45:50,952 - INFO - Epoch 1/200 | Train Loss: 0.669368 | Val Loss: 0.617333 | Best Val Loss: inf (epoch 1)
2025-12-01 11:45:51,058 - INFO - Epoch 10/200 | Train Loss: 0.163989 | Val Loss: 1.705229 | Best Val Loss: inf (epoch 1)
2025-12-01 11:45:51,175 - INFO - Epoch 20/200 | Train Loss: 0.001181 | Val Loss: 3.108773 | Best Val Loss: inf (epoch 1)
2025-12-01 11:45:51,291 - INFO - Epoch 30/200 | Train Loss: 0.000013 | Val Loss: 3.355189 | Best Val Loss: inf (epoch 1)
2025-12-01 11:45:51,407 - INFO - Epoch 40/200 | Train Loss: 0.000004 | Val Loss: 4.298174 | Best Val Loss: inf (epoch 1)
2025-12-01 11:45:51,523 - INFO - Epoch 50/200 | Train Loss: 0.000005 | Val Loss: 4.574950 | Best Val Loss: inf (epoch 1)
2025-12-01 11:45:51,656 - INFO - Epoch 60/200 | Train Loss: 0.000010 | Val Loss: 4.585084 | Best Val Loss: 4.577403 (epoch 51)
2025-12-01 11:45:51,772 - INFO - Epoch 70/200 | Train Loss: 0.000007 | Val Loss: 4.587905 | Best Val Loss: 4.577403 (epoch 51)
2025-12-01 11:45:51,888 - INFO - Epoch 80/200 | Train Loss: 0.000003 | Val Loss: 4.590419 | Best Val Loss: 4.577403 (epoch 51)
2025-12-01 11:45:52,004 - INFO - Epoch 90/200 | Train Loss: 0.000012 | Val Loss: 4.603706 | Best Val Loss: 4.577403 (epoch 51)
2025-12-01 11:45:52,120 - INFO - Epoch 100/200 | Train Loss: 0.000004 | Val Loss: 4.607056 | Best Val Loss: 4.577403 (epoch 51)
2025-12-01 11:45:52,132 - INFO - Early stopping triggered at epoch 101! Best validation loss: 4.577403 at epoch 51
2025-12-01 11:45:52,147 - INFO - Loaded best model from epoch 51
2025-12-01 11:45:52,149 - INFO - Optimal Youden threshold: 1.0000
2025-12-01 11:45:52,162 - INFO - Fold 3 Results - Acc: 0.7273, F1: 0.7273, AUC: 0.7333, AP: 0.7690
2025-12-01 11:45:52,162 - INFO - 
--- Fold 4/5 ---
2025-12-01 11:45:52,162 - INFO - Train size: 44, Test size: 11
2025-12-01 11:45:52,162 - INFO - Train class balance - 0: 19, 1: 25
2025-12-01 11:45:52,162 - INFO - Test class balance  - 0: 5, 1: 6
2025-12-01 11:45:52,185 - INFO - Training fold 4 with early stopping (patience=50)...
2025-12-01 11:45:52,198 - INFO - Epoch 1/200 | Train Loss: 0.860725 | Val Loss: 0.921822 | Best Val Loss: inf (epoch 1)
2025-12-01 11:45:52,302 - INFO - Epoch 10/200 | Train Loss: 0.127473 | Val Loss: 2.027039 | Best Val Loss: inf (epoch 1)
2025-12-01 11:45:52,417 - INFO - Epoch 20/200 | Train Loss: 0.000612 | Val Loss: 1.560273 | Best Val Loss: inf (epoch 1)
2025-12-01 11:45:52,533 - INFO - Epoch 30/200 | Train Loss: 0.010397 | Val Loss: 2.251470 | Best Val Loss: inf (epoch 1)
2025-12-01 11:45:52,648 - INFO - Epoch 40/200 | Train Loss: 0.000346 | Val Loss: 2.887535 | Best Val Loss: inf (epoch 1)
2025-12-01 11:45:52,764 - INFO - Epoch 50/200 | Train Loss: 0.000077 | Val Loss: 3.584634 | Best Val Loss: inf (epoch 1)
2025-12-01 11:45:52,900 - INFO - Epoch 60/200 | Train Loss: 0.000042 | Val Loss: 3.687940 | Best Val Loss: 3.608822 (epoch 51)
2025-12-01 11:45:53,017 - INFO - Epoch 70/200 | Train Loss: 0.000037 | Val Loss: 3.748042 | Best Val Loss: 3.608822 (epoch 51)
2025-12-01 11:45:53,133 - INFO - Epoch 80/200 | Train Loss: 0.000029 | Val Loss: 3.795530 | Best Val Loss: 3.608822 (epoch 51)
2025-12-01 11:45:53,250 - INFO - Epoch 90/200 | Train Loss: 0.000040 | Val Loss: 3.855780 | Best Val Loss: 3.608822 (epoch 51)
2025-12-01 11:45:53,366 - INFO - Epoch 100/200 | Train Loss: 0.000012 | Val Loss: 3.917158 | Best Val Loss: 3.608822 (epoch 51)
2025-12-01 11:45:53,378 - INFO - Early stopping triggered at epoch 101! Best validation loss: 3.608822 at epoch 51
2025-12-01 11:45:53,393 - INFO - Loaded best model from epoch 51
2025-12-01 11:45:53,396 - INFO - Optimal Youden threshold: 1.0000
2025-12-01 11:45:53,408 - INFO - Fold 4 Results - Acc: 0.6364, F1: 0.5000, AUC: 0.6667, AP: 0.7736
2025-12-01 11:45:53,408 - INFO - 
--- Fold 5/5 ---
2025-12-01 11:45:53,408 - INFO - Train size: 44, Test size: 11
2025-12-01 11:45:53,409 - INFO - Train class balance - 0: 20, 1: 24
2025-12-01 11:45:53,409 - INFO - Test class balance  - 0: 4, 1: 7
2025-12-01 11:45:53,433 - INFO - Training fold 5 with early stopping (patience=50)...
2025-12-01 11:45:53,446 - INFO - Epoch 1/200 | Train Loss: 0.715114 | Val Loss: 0.572075 | Best Val Loss: inf (epoch 1)
2025-12-01 11:45:53,552 - INFO - Epoch 10/200 | Train Loss: 0.008394 | Val Loss: 1.635408 | Best Val Loss: inf (epoch 1)
2025-12-01 11:45:53,669 - INFO - Epoch 20/200 | Train Loss: 0.000072 | Val Loss: 1.317355 | Best Val Loss: inf (epoch 1)
2025-12-01 11:45:53,787 - INFO - Epoch 30/200 | Train Loss: 0.000241 | Val Loss: 2.695925 | Best Val Loss: inf (epoch 1)
2025-12-01 11:45:53,905 - INFO - Epoch 40/200 | Train Loss: 0.000012 | Val Loss: 1.736329 | Best Val Loss: inf (epoch 1)
2025-12-01 11:45:54,025 - INFO - Epoch 50/200 | Train Loss: 0.000057 | Val Loss: 1.737700 | Best Val Loss: inf (epoch 1)
2025-12-01 11:45:54,160 - INFO - Epoch 60/200 | Train Loss: 0.000043 | Val Loss: 1.744220 | Best Val Loss: 1.737990 (epoch 51)
2025-12-01 11:45:54,278 - INFO - Epoch 70/200 | Train Loss: 0.000011 | Val Loss: 1.756356 | Best Val Loss: 1.737990 (epoch 51)
2025-12-01 11:45:54,395 - INFO - Epoch 80/200 | Train Loss: 0.000009 | Val Loss: 1.771012 | Best Val Loss: 1.737990 (epoch 51)
2025-12-01 11:45:54,512 - INFO - Epoch 90/200 | Train Loss: 0.000012 | Val Loss: 1.766585 | Best Val Loss: 1.737990 (epoch 51)
2025-12-01 11:45:54,629 - INFO - Epoch 100/200 | Train Loss: 0.000013 | Val Loss: 1.764369 | Best Val Loss: 1.737990 (epoch 51)
2025-12-01 11:45:54,641 - INFO - Early stopping triggered at epoch 101! Best validation loss: 1.737990 at epoch 51
2025-12-01 11:45:54,656 - INFO - Loaded best model from epoch 51
2025-12-01 11:45:54,658 - INFO - Optimal Youden threshold: 0.7716
2025-12-01 11:45:54,673 - INFO - Fold 5 Results - Acc: 0.8182, F1: 0.8333, AUC: 0.8929, AP: 0.9478
2025-12-01 11:45:54,674 - INFO - 
============================================================
2025-12-01 11:45:54,674 - INFO - FINAL CROSS-VALIDATION RESULTS FOR: Treatment_Response_ALL_Thresh0.25
2025-12-01 11:45:54,674 - INFO - ACC       : 0.7818 ± 0.0927
2025-12-01 11:45:54,674 - INFO - F1        : 0.7682 ± 0.1482
2025-12-01 11:45:54,674 - INFO - PRECISION : 0.8814 ± 0.1026
2025-12-01 11:45:54,674 - INFO - RECALL    : 0.7429 ± 0.2476
2025-12-01 11:45:54,674 - INFO - AUC       : 0.7986 ± 0.0997
2025-12-01 11:45:54,674 - INFO - AP        : 0.8438 ± 0.0852
2025-12-01 11:45:54,674 - INFO - ============================================================

2025-12-01 11:45:54,678 - INFO - Results saved to final_results_Treatment_Response_ALL_Thresh0.25.json
2025-12-01 11:45:54,678 - INFO - Total execution time: 8.88 seconds
2025-12-01 11:46:02,971 - INFO - Using device: cuda
2025-12-01 11:46:02,971 - INFO - Hyperparameters: {
  "batch_size": 32,
  "learning_rate": 0.0005,
  "num_epochs": 200,
  "hidden_dim": 512,
  "num_blocks": 6,
  "dropout": 0.3,
  "feature_type": "ALL",
  "improvement_threshold": 0.25
}
2025-12-01 11:46:02,971 - INFO - Starting treatment response prediction pipeline
2025-12-01 11:46:02,971 - INFO - Building diff file index (mean_anomaly & mean_distortion)...
2025-12-01 11:46:02,972 - WARNING - Duplicate patient ID found: stn02, skipping additional entry
2025-12-01 11:46:02,973 - WARNING - Duplicate patient ID found: gpi11, skipping additional entry
2025-12-01 11:46:02,973 - WARNING - Duplicate patient ID found: gpi02, skipping additional entry
2025-12-01 11:46:02,973 - WARNING - Duplicate patient ID found: gpi19, skipping additional entry
2025-12-01 11:46:02,973 - WARNING - Duplicate patient ID found: stn23, skipping additional entry
2025-12-01 11:46:02,974 - WARNING - Duplicate patient ID found: stn03, skipping additional entry
2025-12-01 11:46:02,974 - WARNING - Duplicate patient ID found: gpi20, skipping additional entry
2025-12-01 11:46:02,974 - WARNING - Duplicate patient ID found: stn04, skipping additional entry
2025-12-01 11:46:02,974 - WARNING - Duplicate patient ID found: stn24, skipping additional entry
2025-12-01 11:46:02,974 - WARNING - Duplicate patient ID found: gpi04, skipping additional entry
2025-12-01 11:46:02,974 - WARNING - Duplicate patient ID found: gpi15, skipping additional entry
2025-12-01 11:46:02,974 - WARNING - Duplicate patient ID found: stn19, skipping additional entry
2025-12-01 11:46:02,974 - WARNING - Duplicate patient ID found: stn08, skipping additional entry
2025-12-01 11:46:02,974 - WARNING - Duplicate patient ID found: stn11, skipping additional entry
2025-12-01 11:46:02,975 - WARNING - Duplicate patient ID found: gpi07, skipping additional entry
2025-12-01 11:46:02,975 - WARNING - Duplicate patient ID found: gpi26, skipping additional entry
2025-12-01 11:46:02,975 - WARNING - Duplicate patient ID found: stn13, skipping additional entry
2025-12-01 11:46:02,975 - WARNING - Duplicate patient ID found: gpi06, skipping additional entry
2025-12-01 11:46:02,975 - WARNING - Duplicate patient ID found: stn30, skipping additional entry
2025-12-01 11:46:02,975 - WARNING - Duplicate patient ID found: stn18, skipping additional entry
2025-12-01 11:46:02,975 - WARNING - Duplicate patient ID found: gpi24, skipping additional entry
2025-12-01 11:46:02,975 - WARNING - Duplicate patient ID found: gpi13, skipping additional entry
2025-12-01 11:46:02,975 - WARNING - Duplicate patient ID found: stn07, skipping additional entry
2025-12-01 11:46:02,975 - WARNING - Duplicate patient ID found: stn20, skipping additional entry
2025-12-01 11:46:02,976 - WARNING - Duplicate patient ID found: gpi12, skipping additional entry
2025-12-01 11:46:02,976 - WARNING - Duplicate patient ID found: stn01, skipping additional entry
2025-12-01 11:46:02,976 - WARNING - Duplicate patient ID found: gpi22, skipping additional entry
2025-12-01 11:46:02,976 - WARNING - Duplicate patient ID found: gpi18, skipping additional entry
2025-12-01 11:46:02,976 - WARNING - Duplicate patient ID found: gpi09, skipping additional entry
2025-12-01 11:46:02,976 - WARNING - Duplicate patient ID found: gpi25, skipping additional entry
2025-12-01 11:46:02,976 - WARNING - Duplicate patient ID found: stn29, skipping additional entry
2025-12-01 11:46:02,976 - WARNING - Duplicate patient ID found: gpi31, skipping additional entry
2025-12-01 11:46:02,976 - WARNING - Duplicate patient ID found: stn10, skipping additional entry
2025-12-01 11:46:02,976 - WARNING - Duplicate patient ID found: gpi28, skipping additional entry
2025-12-01 11:46:02,977 - WARNING - Duplicate patient ID found: stn31, skipping additional entry
2025-12-01 11:46:02,977 - WARNING - Duplicate patient ID found: gpi03, skipping additional entry
2025-12-01 11:46:02,977 - WARNING - Duplicate patient ID found: gpi05, skipping additional entry
2025-12-01 11:46:02,977 - WARNING - Duplicate patient ID found: stn25, skipping additional entry
2025-12-01 11:46:02,977 - WARNING - Duplicate patient ID found: gpi08, skipping additional entry
2025-12-01 11:46:02,977 - WARNING - Duplicate patient ID found: gpi27, skipping additional entry
2025-12-01 11:46:02,977 - WARNING - Duplicate patient ID found: stn16, skipping additional entry
2025-12-01 11:46:02,977 - WARNING - Duplicate patient ID found: gpi23, skipping additional entry
2025-12-01 11:46:02,977 - WARNING - Duplicate patient ID found: stn09, skipping additional entry
2025-12-01 11:46:02,977 - WARNING - Duplicate patient ID found: stn28, skipping additional entry
2025-12-01 11:46:02,977 - WARNING - Duplicate patient ID found: stn06, skipping additional entry
2025-12-01 11:46:02,977 - WARNING - Duplicate patient ID found: stn12, skipping additional entry
2025-12-01 11:46:02,977 - WARNING - Duplicate patient ID found: gpi16, skipping additional entry
2025-12-01 11:46:02,978 - WARNING - Duplicate patient ID found: gpi30, skipping additional entry
2025-12-01 11:46:02,978 - WARNING - Duplicate patient ID found: stn21, skipping additional entry
2025-12-01 11:46:02,978 - WARNING - Duplicate patient ID found: stn22, skipping additional entry
2025-12-01 11:46:02,978 - WARNING - Duplicate patient ID found: stn14, skipping additional entry
2025-12-01 11:46:02,978 - WARNING - Duplicate patient ID found: gpi17, skipping additional entry
2025-12-01 11:46:02,978 - WARNING - Duplicate patient ID found: gpi21, skipping additional entry
2025-12-01 11:46:02,978 - WARNING - Duplicate patient ID found: gpi32, skipping additional entry
2025-12-01 11:46:02,978 - WARNING - Duplicate patient ID found: stn15, skipping additional entry
2025-12-01 11:46:02,978 - INFO - Built diff index with 71 patients
2025-12-01 11:46:02,978 - INFO - Parsing UPDRS data with diff features...
2025-12-01 11:46:02,992 - INFO - Found 55 valid samples
2025-12-01 11:46:02,992 - INFO - Preparing feature matrices with diff features...
2025-12-01 11:46:03,025 - INFO - Feature matrix shape: (55, 365), Class distribution: [24 31]
2025-12-01 11:46:03,025 - INFO - 
============================================================
2025-12-01 11:46:03,025 - INFO - Starting Cross-Validation Experiment: Treatment_Response_ALL_Thresh0.25
2025-12-01 11:46:03,025 - INFO - Total samples: 55 | Class distribution: [24 31]
2025-12-01 11:46:03,026 - INFO - 
--- Fold 1/5 ---
2025-12-01 11:46:03,026 - INFO - Train size: 44, Test size: 11
2025-12-01 11:46:03,026 - INFO - Train class balance - 0: 19, 1: 25
2025-12-01 11:46:03,026 - INFO - Test class balance  - 0: 5, 1: 6
2025-12-01 11:46:03,806 - INFO - Training fold 1 with early stopping (patience=50)...
2025-12-01 11:46:03,966 - INFO - Epoch 1/200 | Train Loss: 0.841534 | Val Loss: 0.700135 | Best Val Loss: inf (epoch 1)
2025-12-01 11:46:04,040 - INFO - Epoch 10/200 | Train Loss: 0.335689 | Val Loss: 0.658344 | Best Val Loss: inf (epoch 1)
2025-12-01 11:46:04,122 - INFO - Epoch 20/200 | Train Loss: 0.000822 | Val Loss: 1.394993 | Best Val Loss: inf (epoch 1)
2025-12-01 11:46:04,203 - INFO - Epoch 30/200 | Train Loss: 0.000044 | Val Loss: 2.227385 | Best Val Loss: inf (epoch 1)
2025-12-01 11:46:04,285 - INFO - Epoch 40/200 | Train Loss: 0.000015 | Val Loss: 2.225766 | Best Val Loss: inf (epoch 1)
2025-12-01 11:46:04,366 - INFO - Epoch 50/200 | Train Loss: 0.000319 | Val Loss: 3.939641 | Best Val Loss: inf (epoch 1)
2025-12-01 11:46:04,563 - INFO - Epoch 60/200 | Train Loss: 0.033433 | Val Loss: 1.542834 | Best Val Loss: 1.540472 (epoch 58)
2025-12-01 11:46:04,684 - INFO - Epoch 70/200 | Train Loss: 0.000395 | Val Loss: 1.563967 | Best Val Loss: 1.233989 (epoch 62)
2025-12-01 11:46:04,764 - INFO - Epoch 80/200 | Train Loss: 0.000191 | Val Loss: 1.747213 | Best Val Loss: 1.233989 (epoch 62)
2025-12-01 11:46:04,846 - INFO - Epoch 90/200 | Train Loss: 0.000047 | Val Loss: 1.839253 | Best Val Loss: 1.233989 (epoch 62)
2025-12-01 11:46:04,927 - INFO - Epoch 100/200 | Train Loss: 0.000091 | Val Loss: 1.900116 | Best Val Loss: 1.233989 (epoch 62)
2025-12-01 11:46:05,011 - INFO - Epoch 110/200 | Train Loss: 0.000042 | Val Loss: 1.959906 | Best Val Loss: 1.233989 (epoch 62)
2025-12-01 11:46:05,028 - INFO - Early stopping triggered at epoch 112! Best validation loss: 1.233989 at epoch 62
2025-12-01 11:46:05,044 - INFO - Loaded best model from epoch 62
2025-12-01 11:46:05,047 - INFO - Optimal Youden threshold: 0.4135
2025-12-01 11:46:05,062 - INFO - Fold 1 Results - Acc: 0.7273, F1: 0.8000, AUC: 0.6333, AP: 0.7438
2025-12-01 11:46:05,062 - INFO - 
--- Fold 2/5 ---
2025-12-01 11:46:05,062 - INFO - Train size: 44, Test size: 11
2025-12-01 11:46:05,062 - INFO - Train class balance - 0: 19, 1: 25
2025-12-01 11:46:05,062 - INFO - Test class balance  - 0: 5, 1: 6
2025-12-01 11:46:05,086 - INFO - Training fold 2 with early stopping (patience=50)...
2025-12-01 11:46:05,097 - INFO - Epoch 1/200 | Train Loss: 0.733991 | Val Loss: 0.687826 | Best Val Loss: inf (epoch 1)
2025-12-01 11:46:05,172 - INFO - Epoch 10/200 | Train Loss: 0.269535 | Val Loss: 1.108649 | Best Val Loss: inf (epoch 1)
2025-12-01 11:46:05,255 - INFO - Epoch 20/200 | Train Loss: 0.003011 | Val Loss: 1.442690 | Best Val Loss: inf (epoch 1)
2025-12-01 11:46:05,336 - INFO - Epoch 30/200 | Train Loss: 0.002130 | Val Loss: 2.102463 | Best Val Loss: inf (epoch 1)
2025-12-01 11:46:05,420 - INFO - Epoch 40/200 | Train Loss: 0.000045 | Val Loss: 2.690806 | Best Val Loss: inf (epoch 1)
2025-12-01 11:46:05,502 - INFO - Epoch 50/200 | Train Loss: 0.000048 | Val Loss: 2.756750 | Best Val Loss: inf (epoch 1)
2025-12-01 11:46:05,601 - INFO - Epoch 60/200 | Train Loss: 0.000022 | Val Loss: 2.781673 | Best Val Loss: 2.760842 (epoch 51)
2025-12-01 11:46:05,683 - INFO - Epoch 70/200 | Train Loss: 0.000024 | Val Loss: 2.806356 | Best Val Loss: 2.760842 (epoch 51)
2025-12-01 11:46:05,765 - INFO - Epoch 80/200 | Train Loss: 0.000019 | Val Loss: 2.833824 | Best Val Loss: 2.760842 (epoch 51)
2025-12-01 11:46:05,851 - INFO - Epoch 90/200 | Train Loss: 0.000017 | Val Loss: 2.855370 | Best Val Loss: 2.760842 (epoch 51)
2025-12-01 11:46:05,933 - INFO - Epoch 100/200 | Train Loss: 0.000031 | Val Loss: 2.872049 | Best Val Loss: 2.760842 (epoch 51)
2025-12-01 11:46:05,941 - INFO - Early stopping triggered at epoch 101! Best validation loss: 2.760842 at epoch 51
2025-12-01 11:46:05,957 - INFO - Loaded best model from epoch 51
2025-12-01 11:46:05,960 - INFO - Optimal Youden threshold: 1.0000
2025-12-01 11:46:05,973 - INFO - Fold 2 Results - Acc: 0.8182, F1: 0.8000, AUC: 0.9000, AP: 0.9306
2025-12-01 11:46:05,973 - INFO - 
--- Fold 3/5 ---
2025-12-01 11:46:05,973 - INFO - Train size: 44, Test size: 11
2025-12-01 11:46:05,973 - INFO - Train class balance - 0: 19, 1: 25
2025-12-01 11:46:05,973 - INFO - Test class balance  - 0: 5, 1: 6
2025-12-01 11:46:05,997 - INFO - Training fold 3 with early stopping (patience=50)...
2025-12-01 11:46:06,007 - INFO - Epoch 1/200 | Train Loss: 0.696586 | Val Loss: 0.986813 | Best Val Loss: inf (epoch 1)
2025-12-01 11:46:06,082 - INFO - Epoch 10/200 | Train Loss: 0.131642 | Val Loss: 0.974123 | Best Val Loss: inf (epoch 1)
2025-12-01 11:46:06,163 - INFO - Epoch 20/200 | Train Loss: 0.000019 | Val Loss: 3.210871 | Best Val Loss: inf (epoch 1)
2025-12-01 11:46:06,245 - INFO - Epoch 30/200 | Train Loss: 0.083332 | Val Loss: 3.827598 | Best Val Loss: inf (epoch 1)
2025-12-01 11:46:06,326 - INFO - Epoch 40/200 | Train Loss: 0.018282 | Val Loss: 1.896775 | Best Val Loss: inf (epoch 1)
2025-12-01 11:46:06,408 - INFO - Epoch 50/200 | Train Loss: 0.000266 | Val Loss: 2.905957 | Best Val Loss: inf (epoch 1)
2025-12-01 11:46:06,507 - INFO - Epoch 60/200 | Train Loss: 0.000174 | Val Loss: 3.090593 | Best Val Loss: 2.927569 (epoch 51)
2025-12-01 11:46:06,589 - INFO - Epoch 70/200 | Train Loss: 0.000091 | Val Loss: 3.234641 | Best Val Loss: 2.927569 (epoch 51)
2025-12-01 11:46:06,670 - INFO - Epoch 80/200 | Train Loss: 0.000062 | Val Loss: 3.372092 | Best Val Loss: 2.927569 (epoch 51)
2025-12-01 11:46:06,752 - INFO - Epoch 90/200 | Train Loss: 0.000027 | Val Loss: 3.477055 | Best Val Loss: 2.927569 (epoch 51)
2025-12-01 11:46:06,834 - INFO - Epoch 100/200 | Train Loss: 0.000038 | Val Loss: 3.549497 | Best Val Loss: 2.927569 (epoch 51)
2025-12-01 11:46:06,843 - INFO - Early stopping triggered at epoch 101! Best validation loss: 2.927569 at epoch 51
2025-12-01 11:46:06,857 - INFO - Loaded best model from epoch 51
2025-12-01 11:46:06,860 - INFO - Optimal Youden threshold: 0.9999
2025-12-01 11:46:06,872 - INFO - Fold 3 Results - Acc: 0.7273, F1: 0.7273, AUC: 0.7000, AP: 0.6829
2025-12-01 11:46:06,873 - INFO - 
--- Fold 4/5 ---
2025-12-01 11:46:06,873 - INFO - Train size: 44, Test size: 11
2025-12-01 11:46:06,873 - INFO - Train class balance - 0: 19, 1: 25
2025-12-01 11:46:06,873 - INFO - Test class balance  - 0: 5, 1: 6
2025-12-01 11:46:06,896 - INFO - Training fold 4 with early stopping (patience=50)...
2025-12-01 11:46:06,906 - INFO - Epoch 1/200 | Train Loss: 0.687775 | Val Loss: 0.674130 | Best Val Loss: inf (epoch 1)
2025-12-01 11:46:06,980 - INFO - Epoch 10/200 | Train Loss: 0.074693 | Val Loss: 1.391413 | Best Val Loss: inf (epoch 1)
2025-12-01 11:46:07,064 - INFO - Epoch 20/200 | Train Loss: 0.000254 | Val Loss: 2.841359 | Best Val Loss: inf (epoch 1)
2025-12-01 11:46:07,146 - INFO - Epoch 30/200 | Train Loss: 0.008339 | Val Loss: 4.037074 | Best Val Loss: inf (epoch 1)
2025-12-01 11:46:07,228 - INFO - Epoch 40/200 | Train Loss: 0.000027 | Val Loss: 3.649665 | Best Val Loss: inf (epoch 1)
2025-12-01 11:46:07,310 - INFO - Epoch 50/200 | Train Loss: 0.012032 | Val Loss: 3.138579 | Best Val Loss: inf (epoch 1)
2025-12-01 11:46:07,447 - INFO - Epoch 60/200 | Train Loss: 0.000206 | Val Loss: 3.775397 | Best Val Loss: 2.728252 (epoch 53)
2025-12-01 11:46:07,530 - INFO - Epoch 70/200 | Train Loss: 0.001221 | Val Loss: 3.351300 | Best Val Loss: 2.728252 (epoch 53)
2025-12-01 11:46:07,613 - INFO - Epoch 80/200 | Train Loss: 0.000021 | Val Loss: 4.291096 | Best Val Loss: 2.728252 (epoch 53)
2025-12-01 11:46:07,696 - INFO - Epoch 90/200 | Train Loss: 0.000051 | Val Loss: 4.737553 | Best Val Loss: 2.728252 (epoch 53)
2025-12-01 11:46:07,778 - INFO - Epoch 100/200 | Train Loss: 0.000219 | Val Loss: 4.717619 | Best Val Loss: 2.728252 (epoch 53)
2025-12-01 11:46:07,803 - INFO - Early stopping triggered at epoch 103! Best validation loss: 2.728252 at epoch 53
2025-12-01 11:46:07,819 - INFO - Loaded best model from epoch 53
2025-12-01 11:46:07,821 - INFO - Optimal Youden threshold: 1.0000
2025-12-01 11:46:07,834 - INFO - Fold 4 Results - Acc: 0.6364, F1: 0.5000, AUC: 0.6667, AP: 0.7736
2025-12-01 11:46:07,834 - INFO - 
--- Fold 5/5 ---
2025-12-01 11:46:07,834 - INFO - Train size: 44, Test size: 11
2025-12-01 11:46:07,834 - INFO - Train class balance - 0: 20, 1: 24
2025-12-01 11:46:07,834 - INFO - Test class balance  - 0: 4, 1: 7
2025-12-01 11:46:07,861 - INFO - Training fold 5 with early stopping (patience=50)...
2025-12-01 11:46:07,871 - INFO - Epoch 1/200 | Train Loss: 0.755320 | Val Loss: 0.787231 | Best Val Loss: inf (epoch 1)
2025-12-01 11:46:07,946 - INFO - Epoch 10/200 | Train Loss: 0.128776 | Val Loss: 1.882854 | Best Val Loss: inf (epoch 1)
2025-12-01 11:46:08,029 - INFO - Epoch 20/200 | Train Loss: 0.005705 | Val Loss: 1.209640 | Best Val Loss: inf (epoch 1)
2025-12-01 11:46:08,112 - INFO - Epoch 30/200 | Train Loss: 0.000059 | Val Loss: 1.861349 | Best Val Loss: inf (epoch 1)
2025-12-01 11:46:08,195 - INFO - Epoch 40/200 | Train Loss: 0.000151 | Val Loss: 3.763702 | Best Val Loss: inf (epoch 1)
2025-12-01 11:46:08,277 - INFO - Epoch 50/200 | Train Loss: 0.027171 | Val Loss: 3.452554 | Best Val Loss: inf (epoch 1)
2025-12-01 11:46:08,454 - INFO - Epoch 60/200 | Train Loss: 0.002989 | Val Loss: 3.099397 | Best Val Loss: 1.991077 (epoch 55)
2025-12-01 11:46:08,537 - INFO - Epoch 70/200 | Train Loss: 0.000059 | Val Loss: 2.671143 | Best Val Loss: 1.991077 (epoch 55)
2025-12-01 11:46:08,620 - INFO - Epoch 80/200 | Train Loss: 0.000032 | Val Loss: 2.888404 | Best Val Loss: 1.991077 (epoch 55)
2025-12-01 11:46:08,703 - INFO - Epoch 90/200 | Train Loss: 0.000082 | Val Loss: 3.868828 | Best Val Loss: 1.991077 (epoch 55)
2025-12-01 11:46:08,786 - INFO - Epoch 100/200 | Train Loss: 0.000079 | Val Loss: 3.643954 | Best Val Loss: 1.991077 (epoch 55)
2025-12-01 11:46:08,828 - INFO - Early stopping triggered at epoch 105! Best validation loss: 1.991077 at epoch 55
2025-12-01 11:46:08,843 - INFO - Loaded best model from epoch 55
2025-12-01 11:46:08,845 - INFO - Optimal Youden threshold: 0.9939
2025-12-01 11:46:08,857 - INFO - Fold 5 Results - Acc: 0.7273, F1: 0.7692, AUC: 0.6429, AP: 0.7766
2025-12-01 11:46:08,858 - INFO - 
============================================================
2025-12-01 11:46:08,858 - INFO - FINAL CROSS-VALIDATION RESULTS FOR: Treatment_Response_ALL_Thresh0.25
2025-12-01 11:46:08,858 - INFO - ACC       : 0.7273 ± 0.0575
2025-12-01 11:46:08,858 - INFO - F1        : 0.7193 ± 0.1128
2025-12-01 11:46:08,858 - INFO - PRECISION : 0.8600 ± 0.1272
2025-12-01 11:46:08,858 - INFO - RECALL    : 0.6762 ± 0.2117
2025-12-01 11:46:08,858 - INFO - AUC       : 0.7086 ± 0.0984
2025-12-01 11:46:08,858 - INFO - AP        : 0.7815 ± 0.0818
2025-12-01 11:46:08,858 - INFO - ============================================================

2025-12-01 11:46:08,863 - INFO - Results saved to final_results_Treatment_Response_ALL_Thresh0.25.json
2025-12-01 11:46:08,863 - INFO - Total execution time: 5.89 seconds
2025-12-01 11:46:16,759 - INFO - Using device: cuda
2025-12-01 11:46:16,759 - INFO - Hyperparameters: {
  "batch_size": 12,
  "learning_rate": 0.0005,
  "num_epochs": 200,
  "hidden_dim": 512,
  "num_blocks": 6,
  "dropout": 0.3,
  "feature_type": "ALL",
  "improvement_threshold": 0.25
}
2025-12-01 11:46:16,760 - INFO - Starting treatment response prediction pipeline
2025-12-01 11:46:16,760 - INFO - Building diff file index (mean_anomaly & mean_distortion)...
2025-12-01 11:46:16,761 - WARNING - Duplicate patient ID found: stn02, skipping additional entry
2025-12-01 11:46:16,761 - WARNING - Duplicate patient ID found: gpi11, skipping additional entry
2025-12-01 11:46:16,761 - WARNING - Duplicate patient ID found: gpi02, skipping additional entry
2025-12-01 11:46:16,761 - WARNING - Duplicate patient ID found: gpi19, skipping additional entry
2025-12-01 11:46:16,762 - WARNING - Duplicate patient ID found: stn23, skipping additional entry
2025-12-01 11:46:16,762 - WARNING - Duplicate patient ID found: stn03, skipping additional entry
2025-12-01 11:46:16,762 - WARNING - Duplicate patient ID found: gpi20, skipping additional entry
2025-12-01 11:46:16,762 - WARNING - Duplicate patient ID found: stn04, skipping additional entry
2025-12-01 11:46:16,762 - WARNING - Duplicate patient ID found: stn24, skipping additional entry
2025-12-01 11:46:16,762 - WARNING - Duplicate patient ID found: gpi04, skipping additional entry
2025-12-01 11:46:16,763 - WARNING - Duplicate patient ID found: gpi15, skipping additional entry
2025-12-01 11:46:16,763 - WARNING - Duplicate patient ID found: stn19, skipping additional entry
2025-12-01 11:46:16,763 - WARNING - Duplicate patient ID found: stn08, skipping additional entry
2025-12-01 11:46:16,763 - WARNING - Duplicate patient ID found: stn11, skipping additional entry
2025-12-01 11:46:16,763 - WARNING - Duplicate patient ID found: gpi07, skipping additional entry
2025-12-01 11:46:16,763 - WARNING - Duplicate patient ID found: gpi26, skipping additional entry
2025-12-01 11:46:16,763 - WARNING - Duplicate patient ID found: stn13, skipping additional entry
2025-12-01 11:46:16,763 - WARNING - Duplicate patient ID found: gpi06, skipping additional entry
2025-12-01 11:46:16,763 - WARNING - Duplicate patient ID found: stn30, skipping additional entry
2025-12-01 11:46:16,763 - WARNING - Duplicate patient ID found: stn18, skipping additional entry
2025-12-01 11:46:16,763 - WARNING - Duplicate patient ID found: gpi24, skipping additional entry
2025-12-01 11:46:16,763 - WARNING - Duplicate patient ID found: gpi13, skipping additional entry
2025-12-01 11:46:16,764 - WARNING - Duplicate patient ID found: stn07, skipping additional entry
2025-12-01 11:46:16,764 - WARNING - Duplicate patient ID found: stn20, skipping additional entry
2025-12-01 11:46:16,764 - WARNING - Duplicate patient ID found: gpi12, skipping additional entry
2025-12-01 11:46:16,764 - WARNING - Duplicate patient ID found: stn01, skipping additional entry
2025-12-01 11:46:16,764 - WARNING - Duplicate patient ID found: gpi22, skipping additional entry
2025-12-01 11:46:16,764 - WARNING - Duplicate patient ID found: gpi18, skipping additional entry
2025-12-01 11:46:16,764 - WARNING - Duplicate patient ID found: gpi09, skipping additional entry
2025-12-01 11:46:16,765 - WARNING - Duplicate patient ID found: gpi25, skipping additional entry
2025-12-01 11:46:16,765 - WARNING - Duplicate patient ID found: stn29, skipping additional entry
2025-12-01 11:46:16,765 - WARNING - Duplicate patient ID found: gpi31, skipping additional entry
2025-12-01 11:46:16,765 - WARNING - Duplicate patient ID found: stn10, skipping additional entry
2025-12-01 11:46:16,765 - WARNING - Duplicate patient ID found: gpi28, skipping additional entry
2025-12-01 11:46:16,765 - WARNING - Duplicate patient ID found: stn31, skipping additional entry
2025-12-01 11:46:16,765 - WARNING - Duplicate patient ID found: gpi03, skipping additional entry
2025-12-01 11:46:16,765 - WARNING - Duplicate patient ID found: gpi05, skipping additional entry
2025-12-01 11:46:16,765 - WARNING - Duplicate patient ID found: stn25, skipping additional entry
2025-12-01 11:46:16,765 - WARNING - Duplicate patient ID found: gpi08, skipping additional entry
2025-12-01 11:46:16,765 - WARNING - Duplicate patient ID found: gpi27, skipping additional entry
2025-12-01 11:46:16,765 - WARNING - Duplicate patient ID found: stn16, skipping additional entry
2025-12-01 11:46:16,765 - WARNING - Duplicate patient ID found: gpi23, skipping additional entry
2025-12-01 11:46:16,766 - WARNING - Duplicate patient ID found: stn09, skipping additional entry
2025-12-01 11:46:16,766 - WARNING - Duplicate patient ID found: stn28, skipping additional entry
2025-12-01 11:46:16,766 - WARNING - Duplicate patient ID found: stn06, skipping additional entry
2025-12-01 11:46:16,766 - WARNING - Duplicate patient ID found: stn12, skipping additional entry
2025-12-01 11:46:16,766 - WARNING - Duplicate patient ID found: gpi16, skipping additional entry
2025-12-01 11:46:16,766 - WARNING - Duplicate patient ID found: gpi30, skipping additional entry
2025-12-01 11:46:16,766 - WARNING - Duplicate patient ID found: stn21, skipping additional entry
2025-12-01 11:46:16,766 - WARNING - Duplicate patient ID found: stn22, skipping additional entry
2025-12-01 11:46:16,766 - WARNING - Duplicate patient ID found: stn14, skipping additional entry
2025-12-01 11:46:16,766 - WARNING - Duplicate patient ID found: gpi17, skipping additional entry
2025-12-01 11:46:16,766 - WARNING - Duplicate patient ID found: gpi21, skipping additional entry
2025-12-01 11:46:16,766 - WARNING - Duplicate patient ID found: gpi32, skipping additional entry
2025-12-01 11:46:16,766 - WARNING - Duplicate patient ID found: stn15, skipping additional entry
2025-12-01 11:46:16,766 - INFO - Built diff index with 71 patients
2025-12-01 11:46:16,766 - INFO - Parsing UPDRS data with diff features...
2025-12-01 11:46:16,781 - INFO - Found 55 valid samples
2025-12-01 11:46:16,781 - INFO - Preparing feature matrices with diff features...
2025-12-01 11:46:16,814 - INFO - Feature matrix shape: (55, 365), Class distribution: [24 31]
2025-12-01 11:46:16,814 - INFO - 
============================================================
2025-12-01 11:46:16,814 - INFO - Starting Cross-Validation Experiment: Treatment_Response_ALL_Thresh0.25
2025-12-01 11:46:16,814 - INFO - Total samples: 55 | Class distribution: [24 31]
2025-12-01 11:46:16,815 - INFO - 
--- Fold 1/5 ---
2025-12-01 11:46:16,815 - INFO - Train size: 44, Test size: 11
2025-12-01 11:46:16,815 - INFO - Train class balance - 0: 19, 1: 25
2025-12-01 11:46:16,815 - INFO - Test class balance  - 0: 5, 1: 6
2025-12-01 11:46:17,594 - INFO - Training fold 1 with early stopping (patience=50)...
2025-12-01 11:46:17,746 - INFO - Epoch 1/200 | Train Loss: 0.746452 | Val Loss: 0.856284 | Best Val Loss: inf (epoch 1)
2025-12-01 11:46:17,882 - INFO - Epoch 10/200 | Train Loss: 0.003463 | Val Loss: 1.766516 | Best Val Loss: inf (epoch 1)
2025-12-01 11:46:18,032 - INFO - Epoch 20/200 | Train Loss: 0.004057 | Val Loss: 2.983011 | Best Val Loss: inf (epoch 1)
2025-12-01 11:46:18,183 - INFO - Epoch 30/200 | Train Loss: 0.000007 | Val Loss: 4.105038 | Best Val Loss: inf (epoch 1)
2025-12-01 11:46:18,332 - INFO - Epoch 40/200 | Train Loss: 0.073250 | Val Loss: 4.507242 | Best Val Loss: inf (epoch 1)
2025-12-01 11:46:18,482 - INFO - Epoch 50/200 | Train Loss: 0.000422 | Val Loss: 3.294568 | Best Val Loss: inf (epoch 1)
2025-12-01 11:46:18,832 - INFO - Epoch 60/200 | Train Loss: 0.000017 | Val Loss: 3.162125 | Best Val Loss: 3.162125 (epoch 60)
2025-12-01 11:46:19,176 - INFO - Epoch 70/200 | Train Loss: 0.000046 | Val Loss: 3.093872 | Best Val Loss: 3.093872 (epoch 70)
2025-12-01 11:46:19,525 - INFO - Epoch 80/200 | Train Loss: 0.000016 | Val Loss: 3.035976 | Best Val Loss: 3.035976 (epoch 80)
2025-12-01 11:46:19,873 - INFO - Epoch 90/200 | Train Loss: 0.000033 | Val Loss: 2.995270 | Best Val Loss: 2.995270 (epoch 90)
2025-12-01 11:46:20,114 - INFO - Epoch 100/200 | Train Loss: 0.000018 | Val Loss: 2.984140 | Best Val Loss: 2.979948 (epoch 95)
2025-12-01 11:46:20,354 - INFO - Epoch 110/200 | Train Loss: 0.000017 | Val Loss: 2.949094 | Best Val Loss: 2.941648 (epoch 105)
2025-12-01 11:46:20,666 - INFO - Epoch 120/200 | Train Loss: 0.000008 | Val Loss: 2.924819 | Best Val Loss: 2.924819 (epoch 120)
2025-12-01 11:46:21,007 - INFO - Epoch 130/200 | Train Loss: 0.000007 | Val Loss: 2.896801 | Best Val Loss: 2.896801 (epoch 130)
2025-12-01 11:46:21,350 - INFO - Epoch 140/200 | Train Loss: 0.000015 | Val Loss: 2.880948 | Best Val Loss: 2.880948 (epoch 140)
2025-12-01 11:46:21,691 - INFO - Epoch 150/200 | Train Loss: 0.000007 | Val Loss: 2.869776 | Best Val Loss: 2.869776 (epoch 150)
2025-12-01 11:46:22,220 - INFO - Epoch 160/200 | Train Loss: 0.000014 | Val Loss: 2.859014 | Best Val Loss: 2.859014 (epoch 160)
2025-12-01 11:46:22,565 - INFO - Epoch 170/200 | Train Loss: 0.000017 | Val Loss: 2.856117 | Best Val Loss: 2.856117 (epoch 170)
2025-12-01 11:46:22,906 - INFO - Epoch 180/200 | Train Loss: 0.000002 | Val Loss: 2.852610 | Best Val Loss: 2.852610 (epoch 180)
2025-12-01 11:46:23,231 - INFO - Epoch 190/200 | Train Loss: 0.000010 | Val Loss: 2.847415 | Best Val Loss: 2.847415 (epoch 190)
2025-12-01 11:46:23,477 - INFO - Epoch 200/200 | Train Loss: 0.000011 | Val Loss: 2.845174 | Best Val Loss: 2.845174 (epoch 200)
2025-12-01 11:46:23,493 - INFO - Loaded best model from epoch 200
2025-12-01 11:46:23,496 - INFO - Optimal Youden threshold: 1.0000
2025-12-01 11:46:23,513 - INFO - Fold 1 Results - Acc: 0.8182, F1: 0.8333, AUC: 0.8167, AP: 0.8722
2025-12-01 11:46:23,513 - INFO - 
--- Fold 2/5 ---
2025-12-01 11:46:23,513 - INFO - Train size: 44, Test size: 11
2025-12-01 11:46:23,513 - INFO - Train class balance - 0: 19, 1: 25
2025-12-01 11:46:23,513 - INFO - Test class balance  - 0: 5, 1: 6
2025-12-01 11:46:23,537 - INFO - Training fold 2 with early stopping (patience=50)...
2025-12-01 11:46:23,555 - INFO - Epoch 1/200 | Train Loss: 0.701143 | Val Loss: 0.692961 | Best Val Loss: inf (epoch 1)
2025-12-01 11:46:23,689 - INFO - Epoch 10/200 | Train Loss: 0.020643 | Val Loss: 1.182007 | Best Val Loss: inf (epoch 1)
2025-12-01 11:46:23,839 - INFO - Epoch 20/200 | Train Loss: 0.000177 | Val Loss: 2.452837 | Best Val Loss: inf (epoch 1)
2025-12-01 11:46:23,990 - INFO - Epoch 30/200 | Train Loss: 0.000133 | Val Loss: 2.612552 | Best Val Loss: inf (epoch 1)
2025-12-01 11:46:24,141 - INFO - Epoch 40/200 | Train Loss: 0.000058 | Val Loss: 2.702654 | Best Val Loss: inf (epoch 1)
2025-12-01 11:46:24,291 - INFO - Epoch 50/200 | Train Loss: 0.000022 | Val Loss: 2.756530 | Best Val Loss: inf (epoch 1)
2025-12-01 11:46:24,458 - INFO - Epoch 60/200 | Train Loss: 0.000021 | Val Loss: 2.849567 | Best Val Loss: 2.757728 (epoch 51)
2025-12-01 11:46:24,608 - INFO - Epoch 70/200 | Train Loss: 0.000022 | Val Loss: 2.893112 | Best Val Loss: 2.757728 (epoch 51)
2025-12-01 11:46:24,758 - INFO - Epoch 80/200 | Train Loss: 0.000010 | Val Loss: 2.921900 | Best Val Loss: 2.757728 (epoch 51)
2025-12-01 11:46:24,910 - INFO - Epoch 90/200 | Train Loss: 0.000020 | Val Loss: 2.996843 | Best Val Loss: 2.757728 (epoch 51)
2025-12-01 11:46:25,061 - INFO - Epoch 100/200 | Train Loss: 0.000013 | Val Loss: 3.028155 | Best Val Loss: 2.757728 (epoch 51)
2025-12-01 11:46:25,078 - INFO - Early stopping triggered at epoch 101! Best validation loss: 2.757728 at epoch 51
2025-12-01 11:46:25,094 - INFO - Loaded best model from epoch 51
2025-12-01 11:46:25,096 - INFO - Optimal Youden threshold: 1.0000
2025-12-01 11:46:25,112 - INFO - Fold 2 Results - Acc: 0.8182, F1: 0.8000, AUC: 0.8667, AP: 0.9107
2025-12-01 11:46:25,112 - INFO - 
--- Fold 3/5 ---
2025-12-01 11:46:25,112 - INFO - Train size: 44, Test size: 11
2025-12-01 11:46:25,112 - INFO - Train class balance - 0: 19, 1: 25
2025-12-01 11:46:25,112 - INFO - Test class balance  - 0: 5, 1: 6
2025-12-01 11:46:25,135 - INFO - Training fold 3 with early stopping (patience=50)...
2025-12-01 11:46:25,152 - INFO - Epoch 1/200 | Train Loss: 0.713325 | Val Loss: 0.679631 | Best Val Loss: inf (epoch 1)
2025-12-01 11:46:25,287 - INFO - Epoch 10/200 | Train Loss: 0.015718 | Val Loss: 4.814776 | Best Val Loss: inf (epoch 1)
2025-12-01 11:46:25,435 - INFO - Epoch 20/200 | Train Loss: 0.000864 | Val Loss: 5.312020 | Best Val Loss: inf (epoch 1)
2025-12-01 11:46:25,585 - INFO - Epoch 30/200 | Train Loss: 0.000667 | Val Loss: 3.515477 | Best Val Loss: inf (epoch 1)
2025-12-01 11:46:25,733 - INFO - Epoch 40/200 | Train Loss: 0.009463 | Val Loss: 1.540039 | Best Val Loss: inf (epoch 1)
2025-12-01 11:46:25,882 - INFO - Epoch 50/200 | Train Loss: 0.000070 | Val Loss: 3.947830 | Best Val Loss: inf (epoch 1)
2025-12-01 11:46:26,107 - INFO - Epoch 60/200 | Train Loss: 0.000016 | Val Loss: 4.287021 | Best Val Loss: 4.287021 (epoch 60)
2025-12-01 11:46:26,296 - INFO - Epoch 70/200 | Train Loss: 0.000016 | Val Loss: 4.303796 | Best Val Loss: 4.276051 (epoch 62)
2025-12-01 11:46:26,446 - INFO - Epoch 80/200 | Train Loss: 0.000060 | Val Loss: 4.335018 | Best Val Loss: 4.276051 (epoch 62)
2025-12-01 11:46:26,598 - INFO - Epoch 90/200 | Train Loss: 0.000006 | Val Loss: 4.422742 | Best Val Loss: 4.276051 (epoch 62)
2025-12-01 11:46:26,747 - INFO - Epoch 100/200 | Train Loss: 0.000015 | Val Loss: 4.466952 | Best Val Loss: 4.276051 (epoch 62)
2025-12-01 11:46:26,896 - INFO - Epoch 110/200 | Train Loss: 0.000006 | Val Loss: 4.492746 | Best Val Loss: 4.276051 (epoch 62)
2025-12-01 11:46:26,926 - INFO - Early stopping triggered at epoch 112! Best validation loss: 4.276051 at epoch 62
2025-12-01 11:46:26,942 - INFO - Loaded best model from epoch 62
2025-12-01 11:46:26,945 - INFO - Optimal Youden threshold: 1.0000
2025-12-01 11:46:26,958 - INFO - Fold 3 Results - Acc: 0.6364, F1: 0.6667, AUC: 0.5333, AP: 0.5819
2025-12-01 11:46:26,958 - INFO - 
--- Fold 4/5 ---
2025-12-01 11:46:26,958 - INFO - Train size: 44, Test size: 11
2025-12-01 11:46:26,958 - INFO - Train class balance - 0: 19, 1: 25
2025-12-01 11:46:26,958 - INFO - Test class balance  - 0: 5, 1: 6
2025-12-01 11:46:26,983 - INFO - Training fold 4 with early stopping (patience=50)...
2025-12-01 11:46:27,001 - INFO - Epoch 1/200 | Train Loss: 0.688421 | Val Loss: 0.735420 | Best Val Loss: inf (epoch 1)
2025-12-01 11:46:27,137 - INFO - Epoch 10/200 | Train Loss: 0.061670 | Val Loss: 2.314935 | Best Val Loss: inf (epoch 1)
2025-12-01 11:46:27,287 - INFO - Epoch 20/200 | Train Loss: 0.000378 | Val Loss: 2.560506 | Best Val Loss: inf (epoch 1)
2025-12-01 11:46:27,436 - INFO - Epoch 30/200 | Train Loss: 0.000080 | Val Loss: 3.129708 | Best Val Loss: inf (epoch 1)
2025-12-01 11:46:27,586 - INFO - Epoch 40/200 | Train Loss: 0.000067 | Val Loss: 3.253597 | Best Val Loss: inf (epoch 1)
2025-12-01 11:46:27,734 - INFO - Epoch 50/200 | Train Loss: 0.000066 | Val Loss: 3.330756 | Best Val Loss: inf (epoch 1)
2025-12-01 11:46:27,899 - INFO - Epoch 60/200 | Train Loss: 0.000042 | Val Loss: 3.393647 | Best Val Loss: 3.337792 (epoch 51)
2025-12-01 11:46:28,048 - INFO - Epoch 70/200 | Train Loss: 0.000051 | Val Loss: 3.460588 | Best Val Loss: 3.337792 (epoch 51)
2025-12-01 11:46:28,198 - INFO - Epoch 80/200 | Train Loss: 0.000025 | Val Loss: 3.520826 | Best Val Loss: 3.337792 (epoch 51)
2025-12-01 11:46:28,347 - INFO - Epoch 90/200 | Train Loss: 0.000032 | Val Loss: 3.570786 | Best Val Loss: 3.337792 (epoch 51)
2025-12-01 11:46:28,495 - INFO - Epoch 100/200 | Train Loss: 0.000012 | Val Loss: 3.617544 | Best Val Loss: 3.337792 (epoch 51)
2025-12-01 11:46:28,510 - INFO - Early stopping triggered at epoch 101! Best validation loss: 3.337792 at epoch 51
2025-12-01 11:46:28,525 - INFO - Loaded best model from epoch 51
2025-12-01 11:46:28,527 - INFO - Optimal Youden threshold: 0.9992
2025-12-01 11:46:28,540 - INFO - Fold 4 Results - Acc: 0.7273, F1: 0.7273, AUC: 0.6667, AP: 0.7867
2025-12-01 11:46:28,540 - INFO - 
--- Fold 5/5 ---
2025-12-01 11:46:28,540 - INFO - Train size: 44, Test size: 11
2025-12-01 11:46:28,540 - INFO - Train class balance - 0: 20, 1: 24
2025-12-01 11:46:28,540 - INFO - Test class balance  - 0: 4, 1: 7
2025-12-01 11:46:28,563 - INFO - Training fold 5 with early stopping (patience=50)...
2025-12-01 11:46:28,579 - INFO - Epoch 1/200 | Train Loss: 0.879713 | Val Loss: 0.928536 | Best Val Loss: inf (epoch 1)
2025-12-01 11:46:28,714 - INFO - Epoch 10/200 | Train Loss: 0.127246 | Val Loss: 0.701729 | Best Val Loss: inf (epoch 1)
2025-12-01 11:46:28,864 - INFO - Epoch 20/200 | Train Loss: 0.008930 | Val Loss: 1.902060 | Best Val Loss: inf (epoch 1)
2025-12-01 11:46:29,016 - INFO - Epoch 30/200 | Train Loss: 0.000109 | Val Loss: 1.814050 | Best Val Loss: inf (epoch 1)
2025-12-01 11:46:29,166 - INFO - Epoch 40/200 | Train Loss: 0.091905 | Val Loss: 0.602006 | Best Val Loss: inf (epoch 1)
2025-12-01 11:46:29,314 - INFO - Epoch 50/200 | Train Loss: 0.000097 | Val Loss: 2.778010 | Best Val Loss: inf (epoch 1)
2025-12-01 11:46:29,479 - INFO - Epoch 60/200 | Train Loss: 0.000061 | Val Loss: 2.840341 | Best Val Loss: 2.795044 (epoch 51)
2025-12-01 11:46:29,626 - INFO - Epoch 70/200 | Train Loss: 0.000063 | Val Loss: 2.874082 | Best Val Loss: 2.795044 (epoch 51)
2025-12-01 11:46:29,773 - INFO - Epoch 80/200 | Train Loss: 0.000033 | Val Loss: 2.904606 | Best Val Loss: 2.795044 (epoch 51)
2025-12-01 11:46:29,921 - INFO - Epoch 90/200 | Train Loss: 0.000026 | Val Loss: 2.925463 | Best Val Loss: 2.795044 (epoch 51)
2025-12-01 11:46:30,067 - INFO - Epoch 100/200 | Train Loss: 0.000013 | Val Loss: 2.946757 | Best Val Loss: 2.795044 (epoch 51)
2025-12-01 11:46:30,082 - INFO - Early stopping triggered at epoch 101! Best validation loss: 2.795044 at epoch 51
2025-12-01 11:46:30,096 - INFO - Loaded best model from epoch 51
2025-12-01 11:46:30,098 - INFO - Optimal Youden threshold: 0.9997
2025-12-01 11:46:30,111 - INFO - Fold 5 Results - Acc: 0.8182, F1: 0.8333, AUC: 0.7500, AP: 0.9004
2025-12-01 11:46:30,111 - INFO - 
============================================================
2025-12-01 11:46:30,111 - INFO - FINAL CROSS-VALIDATION RESULTS FOR: Treatment_Response_ALL_Thresh0.25
2025-12-01 11:46:30,111 - INFO - ACC       : 0.7636 ± 0.0727
2025-12-01 11:46:30,111 - INFO - F1        : 0.7721 ± 0.0654
2025-12-01 11:46:30,111 - INFO - PRECISION : 0.8600 ± 0.1272
2025-12-01 11:46:30,111 - INFO - RECALL    : 0.7095 ± 0.0646
2025-12-01 11:46:30,111 - INFO - AUC       : 0.7267 ± 0.1177
2025-12-01 11:46:30,111 - INFO - AP        : 0.8104 ± 0.1223
2025-12-01 11:46:30,111 - INFO - ============================================================

2025-12-01 11:46:30,115 - INFO - Results saved to final_results_Treatment_Response_ALL_Thresh0.25.json
2025-12-01 11:46:30,116 - INFO - Total execution time: 13.36 seconds
2025-12-01 11:46:42,491 - INFO - Using device: cuda
2025-12-01 11:46:42,491 - INFO - Hyperparameters: {
  "batch_size": 8,
  "learning_rate": 0.0005,
  "num_epochs": 200,
  "hidden_dim": 512,
  "num_blocks": 6,
  "dropout": 0.3,
  "feature_type": "ALL",
  "improvement_threshold": 0.25
}
2025-12-01 11:46:42,492 - INFO - Starting treatment response prediction pipeline
2025-12-01 11:46:42,492 - INFO - Building diff file index (mean_anomaly & mean_distortion)...
2025-12-01 11:46:42,493 - WARNING - Duplicate patient ID found: stn02, skipping additional entry
2025-12-01 11:46:42,493 - WARNING - Duplicate patient ID found: gpi11, skipping additional entry
2025-12-01 11:46:42,493 - WARNING - Duplicate patient ID found: gpi02, skipping additional entry
2025-12-01 11:46:42,493 - WARNING - Duplicate patient ID found: gpi19, skipping additional entry
2025-12-01 11:46:42,493 - WARNING - Duplicate patient ID found: stn23, skipping additional entry
2025-12-01 11:46:42,494 - WARNING - Duplicate patient ID found: stn03, skipping additional entry
2025-12-01 11:46:42,494 - WARNING - Duplicate patient ID found: gpi20, skipping additional entry
2025-12-01 11:46:42,494 - WARNING - Duplicate patient ID found: stn04, skipping additional entry
2025-12-01 11:46:42,494 - WARNING - Duplicate patient ID found: stn24, skipping additional entry
2025-12-01 11:46:42,494 - WARNING - Duplicate patient ID found: gpi04, skipping additional entry
2025-12-01 11:46:42,494 - WARNING - Duplicate patient ID found: gpi15, skipping additional entry
2025-12-01 11:46:42,494 - WARNING - Duplicate patient ID found: stn19, skipping additional entry
2025-12-01 11:46:42,495 - WARNING - Duplicate patient ID found: stn08, skipping additional entry
2025-12-01 11:46:42,495 - WARNING - Duplicate patient ID found: stn11, skipping additional entry
2025-12-01 11:46:42,495 - WARNING - Duplicate patient ID found: gpi07, skipping additional entry
2025-12-01 11:46:42,495 - WARNING - Duplicate patient ID found: gpi26, skipping additional entry
2025-12-01 11:46:42,495 - WARNING - Duplicate patient ID found: stn13, skipping additional entry
2025-12-01 11:46:42,495 - WARNING - Duplicate patient ID found: gpi06, skipping additional entry
2025-12-01 11:46:42,495 - WARNING - Duplicate patient ID found: stn30, skipping additional entry
2025-12-01 11:46:42,495 - WARNING - Duplicate patient ID found: stn18, skipping additional entry
2025-12-01 11:46:42,495 - WARNING - Duplicate patient ID found: gpi24, skipping additional entry
2025-12-01 11:46:42,495 - WARNING - Duplicate patient ID found: gpi13, skipping additional entry
2025-12-01 11:46:42,495 - WARNING - Duplicate patient ID found: stn07, skipping additional entry
2025-12-01 11:46:42,496 - WARNING - Duplicate patient ID found: stn20, skipping additional entry
2025-12-01 11:46:42,496 - WARNING - Duplicate patient ID found: gpi12, skipping additional entry
2025-12-01 11:46:42,496 - WARNING - Duplicate patient ID found: stn01, skipping additional entry
2025-12-01 11:46:42,496 - WARNING - Duplicate patient ID found: gpi22, skipping additional entry
2025-12-01 11:46:42,496 - WARNING - Duplicate patient ID found: gpi18, skipping additional entry
2025-12-01 11:46:42,496 - WARNING - Duplicate patient ID found: gpi09, skipping additional entry
2025-12-01 11:46:42,496 - WARNING - Duplicate patient ID found: gpi25, skipping additional entry
2025-12-01 11:46:42,496 - WARNING - Duplicate patient ID found: stn29, skipping additional entry
2025-12-01 11:46:42,496 - WARNING - Duplicate patient ID found: gpi31, skipping additional entry
2025-12-01 11:46:42,497 - WARNING - Duplicate patient ID found: stn10, skipping additional entry
2025-12-01 11:46:42,497 - WARNING - Duplicate patient ID found: gpi28, skipping additional entry
2025-12-01 11:46:42,497 - WARNING - Duplicate patient ID found: stn31, skipping additional entry
2025-12-01 11:46:42,497 - WARNING - Duplicate patient ID found: gpi03, skipping additional entry
2025-12-01 11:46:42,497 - WARNING - Duplicate patient ID found: gpi05, skipping additional entry
2025-12-01 11:46:42,497 - WARNING - Duplicate patient ID found: stn25, skipping additional entry
2025-12-01 11:46:42,497 - WARNING - Duplicate patient ID found: gpi08, skipping additional entry
2025-12-01 11:46:42,497 - WARNING - Duplicate patient ID found: gpi27, skipping additional entry
2025-12-01 11:46:42,497 - WARNING - Duplicate patient ID found: stn16, skipping additional entry
2025-12-01 11:46:42,497 - WARNING - Duplicate patient ID found: gpi23, skipping additional entry
2025-12-01 11:46:42,497 - WARNING - Duplicate patient ID found: stn09, skipping additional entry
2025-12-01 11:46:42,497 - WARNING - Duplicate patient ID found: stn28, skipping additional entry
2025-12-01 11:46:42,498 - WARNING - Duplicate patient ID found: stn06, skipping additional entry
2025-12-01 11:46:42,498 - WARNING - Duplicate patient ID found: stn12, skipping additional entry
2025-12-01 11:46:42,498 - WARNING - Duplicate patient ID found: gpi16, skipping additional entry
2025-12-01 11:46:42,498 - WARNING - Duplicate patient ID found: gpi30, skipping additional entry
2025-12-01 11:46:42,498 - WARNING - Duplicate patient ID found: stn21, skipping additional entry
2025-12-01 11:46:42,498 - WARNING - Duplicate patient ID found: stn22, skipping additional entry
2025-12-01 11:46:42,498 - WARNING - Duplicate patient ID found: stn14, skipping additional entry
2025-12-01 11:46:42,498 - WARNING - Duplicate patient ID found: gpi17, skipping additional entry
2025-12-01 11:46:42,498 - WARNING - Duplicate patient ID found: gpi21, skipping additional entry
2025-12-01 11:46:42,498 - WARNING - Duplicate patient ID found: gpi32, skipping additional entry
2025-12-01 11:46:42,498 - WARNING - Duplicate patient ID found: stn15, skipping additional entry
2025-12-01 11:46:42,498 - INFO - Built diff index with 71 patients
2025-12-01 11:46:42,498 - INFO - Parsing UPDRS data with diff features...
2025-12-01 11:46:42,513 - INFO - Found 55 valid samples
2025-12-01 11:46:42,513 - INFO - Preparing feature matrices with diff features...
2025-12-01 11:46:42,546 - INFO - Feature matrix shape: (55, 365), Class distribution: [24 31]
2025-12-01 11:46:42,546 - INFO - 
============================================================
2025-12-01 11:46:42,546 - INFO - Starting Cross-Validation Experiment: Treatment_Response_ALL_Thresh0.25
2025-12-01 11:46:42,546 - INFO - Total samples: 55 | Class distribution: [24 31]
2025-12-01 11:46:42,547 - INFO - 
--- Fold 1/5 ---
2025-12-01 11:46:42,547 - INFO - Train size: 44, Test size: 11
2025-12-01 11:46:42,547 - INFO - Train class balance - 0: 19, 1: 25
2025-12-01 11:46:42,547 - INFO - Test class balance  - 0: 5, 1: 6
2025-12-01 11:46:43,402 - INFO - Training fold 1 with early stopping (patience=50)...
2025-12-01 11:46:43,557 - INFO - Epoch 1/200 | Train Loss: 0.967746 | Val Loss: 0.785379 | Best Val Loss: inf (epoch 1)
2025-12-01 11:46:43,757 - INFO - Epoch 10/200 | Train Loss: 0.019652 | Val Loss: 3.308068 | Best Val Loss: inf (epoch 1)
2025-12-01 11:46:43,981 - INFO - Epoch 20/200 | Train Loss: 0.001684 | Val Loss: 3.038761 | Best Val Loss: inf (epoch 1)
2025-12-01 11:46:44,203 - INFO - Epoch 30/200 | Train Loss: 0.000181 | Val Loss: 3.822989 | Best Val Loss: inf (epoch 1)
2025-12-01 11:46:44,426 - INFO - Epoch 40/200 | Train Loss: 0.000115 | Val Loss: 4.045407 | Best Val Loss: inf (epoch 1)
2025-12-01 11:46:44,647 - INFO - Epoch 50/200 | Train Loss: 0.000069 | Val Loss: 4.179035 | Best Val Loss: inf (epoch 1)
2025-12-01 11:46:44,886 - INFO - Epoch 60/200 | Train Loss: 0.000040 | Val Loss: 4.304126 | Best Val Loss: 4.191215 (epoch 51)
2025-12-01 11:46:45,107 - INFO - Epoch 70/200 | Train Loss: 0.000028 | Val Loss: 4.387793 | Best Val Loss: 4.191215 (epoch 51)
2025-12-01 11:46:45,331 - INFO - Epoch 80/200 | Train Loss: 0.000018 | Val Loss: 4.473635 | Best Val Loss: 4.191215 (epoch 51)
2025-12-01 11:46:45,554 - INFO - Epoch 90/200 | Train Loss: 0.000028 | Val Loss: 4.561671 | Best Val Loss: 4.191215 (epoch 51)
2025-12-01 11:46:45,777 - INFO - Epoch 100/200 | Train Loss: 0.000028 | Val Loss: 4.650882 | Best Val Loss: 4.191215 (epoch 51)
2025-12-01 11:46:45,800 - INFO - Early stopping triggered at epoch 101! Best validation loss: 4.191215 at epoch 51
2025-12-01 11:46:45,816 - INFO - Loaded best model from epoch 51
2025-12-01 11:46:45,819 - INFO - Optimal Youden threshold: 1.0000
2025-12-01 11:46:45,834 - INFO - Fold 1 Results - Acc: 0.7273, F1: 0.6667, AUC: 0.7667, AP: 0.8486
2025-12-01 11:46:45,834 - INFO - 
--- Fold 2/5 ---
2025-12-01 11:46:45,834 - INFO - Train size: 44, Test size: 11
2025-12-01 11:46:45,834 - INFO - Train class balance - 0: 19, 1: 25
2025-12-01 11:46:45,834 - INFO - Test class balance  - 0: 5, 1: 6
2025-12-01 11:46:45,857 - INFO - Training fold 2 with early stopping (patience=50)...
2025-12-01 11:46:45,881 - INFO - Epoch 1/200 | Train Loss: 0.679821 | Val Loss: 0.864888 | Best Val Loss: inf (epoch 1)
2025-12-01 11:46:46,081 - INFO - Epoch 10/200 | Train Loss: 0.052742 | Val Loss: 4.685911 | Best Val Loss: inf (epoch 1)
2025-12-01 11:46:46,305 - INFO - Epoch 20/200 | Train Loss: 0.006730 | Val Loss: 4.120371 | Best Val Loss: inf (epoch 1)
2025-12-01 11:46:46,528 - INFO - Epoch 30/200 | Train Loss: 0.000102 | Val Loss: 5.340802 | Best Val Loss: inf (epoch 1)
2025-12-01 11:46:46,749 - INFO - Epoch 40/200 | Train Loss: 0.000041 | Val Loss: 5.519269 | Best Val Loss: inf (epoch 1)
2025-12-01 11:46:46,971 - INFO - Epoch 50/200 | Train Loss: 0.000070 | Val Loss: 5.660301 | Best Val Loss: inf (epoch 1)
2025-12-01 11:46:47,353 - INFO - Epoch 60/200 | Train Loss: 0.000020 | Val Loss: 5.793655 | Best Val Loss: 5.679807 (epoch 51)
2025-12-01 11:46:47,577 - INFO - Epoch 70/200 | Train Loss: 0.000019 | Val Loss: 5.933092 | Best Val Loss: 5.679807 (epoch 51)
2025-12-01 11:46:47,800 - INFO - Epoch 80/200 | Train Loss: 0.000011 | Val Loss: 6.050380 | Best Val Loss: 5.679807 (epoch 51)
2025-12-01 11:46:48,020 - INFO - Epoch 90/200 | Train Loss: 0.000025 | Val Loss: 6.147666 | Best Val Loss: 5.679807 (epoch 51)
2025-12-01 11:46:48,240 - INFO - Epoch 100/200 | Train Loss: 0.000030 | Val Loss: 6.249520 | Best Val Loss: 5.679807 (epoch 51)
2025-12-01 11:46:48,262 - INFO - Early stopping triggered at epoch 101! Best validation loss: 5.679807 at epoch 51
2025-12-01 11:46:48,277 - INFO - Loaded best model from epoch 51
2025-12-01 11:46:48,281 - INFO - Optimal Youden threshold: 1.0000
2025-12-01 11:46:48,295 - INFO - Fold 2 Results - Acc: 0.6364, F1: 0.5000, AUC: 0.3667, AP: 0.6531
2025-12-01 11:46:48,295 - INFO - 
--- Fold 3/5 ---
2025-12-01 11:46:48,295 - INFO - Train size: 44, Test size: 11
2025-12-01 11:46:48,296 - INFO - Train class balance - 0: 19, 1: 25
2025-12-01 11:46:48,296 - INFO - Test class balance  - 0: 5, 1: 6
2025-12-01 11:46:48,319 - INFO - Training fold 3 with early stopping (patience=50)...
2025-12-01 11:46:48,343 - INFO - Epoch 1/200 | Train Loss: 0.731466 | Val Loss: 0.820096 | Best Val Loss: inf (epoch 1)
2025-12-01 11:46:48,543 - INFO - Epoch 10/200 | Train Loss: 0.117021 | Val Loss: 0.752149 | Best Val Loss: inf (epoch 1)
2025-12-01 11:46:48,767 - INFO - Epoch 20/200 | Train Loss: 0.138926 | Val Loss: 0.594963 | Best Val Loss: inf (epoch 1)
2025-12-01 11:46:48,990 - INFO - Epoch 30/200 | Train Loss: 0.000109 | Val Loss: 0.861861 | Best Val Loss: inf (epoch 1)
2025-12-01 11:46:49,212 - INFO - Epoch 40/200 | Train Loss: 0.000104 | Val Loss: 0.266157 | Best Val Loss: inf (epoch 1)
2025-12-01 11:46:49,433 - INFO - Epoch 50/200 | Train Loss: 0.000050 | Val Loss: 0.299246 | Best Val Loss: inf (epoch 1)
2025-12-01 11:46:49,673 - INFO - Epoch 60/200 | Train Loss: 0.000052 | Val Loss: 0.342319 | Best Val Loss: 0.301077 (epoch 51)
2025-12-01 11:46:49,897 - INFO - Epoch 70/200 | Train Loss: 0.000049 | Val Loss: 0.344401 | Best Val Loss: 0.301077 (epoch 51)
2025-12-01 11:46:50,123 - INFO - Epoch 80/200 | Train Loss: 0.000035 | Val Loss: 0.352373 | Best Val Loss: 0.301077 (epoch 51)
2025-12-01 11:46:50,349 - INFO - Epoch 90/200 | Train Loss: 0.000030 | Val Loss: 0.352743 | Best Val Loss: 0.301077 (epoch 51)
2025-12-01 11:46:50,577 - INFO - Epoch 100/200 | Train Loss: 0.000030 | Val Loss: 0.354817 | Best Val Loss: 0.301077 (epoch 51)
2025-12-01 11:46:50,600 - INFO - Early stopping triggered at epoch 101! Best validation loss: 0.301077 at epoch 51
2025-12-01 11:46:50,618 - INFO - Loaded best model from epoch 51
2025-12-01 11:46:50,622 - INFO - Optimal Youden threshold: 0.9985
2025-12-01 11:46:50,639 - INFO - Fold 3 Results - Acc: 1.0000, F1: 1.0000, AUC: 1.0000, AP: 1.0000
2025-12-01 11:46:50,640 - INFO - 
--- Fold 4/5 ---
2025-12-01 11:46:50,640 - INFO - Train size: 44, Test size: 11
2025-12-01 11:46:50,640 - INFO - Train class balance - 0: 19, 1: 25
2025-12-01 11:46:50,640 - INFO - Test class balance  - 0: 5, 1: 6
2025-12-01 11:46:50,663 - INFO - Training fold 4 with early stopping (patience=50)...
2025-12-01 11:46:50,688 - INFO - Epoch 1/200 | Train Loss: 0.801435 | Val Loss: 0.670745 | Best Val Loss: inf (epoch 1)
2025-12-01 11:46:50,892 - INFO - Epoch 10/200 | Train Loss: 0.008050 | Val Loss: 2.246840 | Best Val Loss: inf (epoch 1)
2025-12-01 11:46:51,116 - INFO - Epoch 20/200 | Train Loss: 0.174630 | Val Loss: 5.296917 | Best Val Loss: inf (epoch 1)
2025-12-01 11:46:51,339 - INFO - Epoch 30/200 | Train Loss: 0.102464 | Val Loss: 2.287893 | Best Val Loss: inf (epoch 1)
2025-12-01 11:46:51,564 - INFO - Epoch 40/200 | Train Loss: 0.000346 | Val Loss: 3.776801 | Best Val Loss: inf (epoch 1)
2025-12-01 11:46:51,788 - INFO - Epoch 50/200 | Train Loss: 0.000067 | Val Loss: 3.917157 | Best Val Loss: inf (epoch 1)
2025-12-01 11:46:52,089 - INFO - Epoch 60/200 | Train Loss: 0.035722 | Val Loss: 2.637498 | Best Val Loss: 1.595073 (epoch 59)
2025-12-01 11:46:52,313 - INFO - Epoch 70/200 | Train Loss: 0.000008 | Val Loss: 4.658547 | Best Val Loss: 1.595073 (epoch 59)
2025-12-01 11:46:52,538 - INFO - Epoch 80/200 | Train Loss: 0.000005 | Val Loss: 4.681789 | Best Val Loss: 1.595073 (epoch 59)
2025-12-01 11:46:52,760 - INFO - Epoch 90/200 | Train Loss: 0.000016 | Val Loss: 4.759124 | Best Val Loss: 1.595073 (epoch 59)
2025-12-01 11:46:52,985 - INFO - Epoch 100/200 | Train Loss: 0.000017 | Val Loss: 4.787079 | Best Val Loss: 1.595073 (epoch 59)
2025-12-01 11:46:53,186 - INFO - Early stopping triggered at epoch 109! Best validation loss: 1.595073 at epoch 59
2025-12-01 11:46:53,201 - INFO - Loaded best model from epoch 59
2025-12-01 11:46:53,204 - INFO - Optimal Youden threshold: 1.0000
2025-12-01 11:46:53,217 - INFO - Fold 4 Results - Acc: 0.7273, F1: 0.6667, AUC: 0.6667, AP: 0.8168
2025-12-01 11:46:53,217 - INFO - 
--- Fold 5/5 ---
2025-12-01 11:46:53,217 - INFO - Train size: 44, Test size: 11
2025-12-01 11:46:53,217 - INFO - Train class balance - 0: 20, 1: 24
2025-12-01 11:46:53,217 - INFO - Test class balance  - 0: 4, 1: 7
2025-12-01 11:46:53,239 - INFO - Training fold 5 with early stopping (patience=50)...
2025-12-01 11:46:53,264 - INFO - Epoch 1/200 | Train Loss: 0.789052 | Val Loss: 0.714961 | Best Val Loss: inf (epoch 1)
2025-12-01 11:46:53,463 - INFO - Epoch 10/200 | Train Loss: 0.120865 | Val Loss: 3.343365 | Best Val Loss: inf (epoch 1)
2025-12-01 11:46:53,684 - INFO - Epoch 20/200 | Train Loss: 0.000994 | Val Loss: 2.129625 | Best Val Loss: inf (epoch 1)
2025-12-01 11:46:53,906 - INFO - Epoch 30/200 | Train Loss: 0.000124 | Val Loss: 2.528994 | Best Val Loss: inf (epoch 1)
2025-12-01 11:46:54,130 - INFO - Epoch 40/200 | Train Loss: 0.000057 | Val Loss: 2.834007 | Best Val Loss: inf (epoch 1)
2025-12-01 11:46:54,353 - INFO - Epoch 50/200 | Train Loss: 0.000038 | Val Loss: 2.392027 | Best Val Loss: inf (epoch 1)
2025-12-01 11:46:54,595 - INFO - Epoch 60/200 | Train Loss: 0.000052 | Val Loss: 2.498887 | Best Val Loss: 2.388934 (epoch 51)
2025-12-01 11:46:54,817 - INFO - Epoch 70/200 | Train Loss: 0.000015 | Val Loss: 2.645275 | Best Val Loss: 2.388934 (epoch 51)
2025-12-01 11:46:55,039 - INFO - Epoch 80/200 | Train Loss: 0.000021 | Val Loss: 2.657884 | Best Val Loss: 2.388934 (epoch 51)
2025-12-01 11:46:55,260 - INFO - Epoch 90/200 | Train Loss: 0.000021 | Val Loss: 2.740063 | Best Val Loss: 2.388934 (epoch 51)
2025-12-01 11:46:55,481 - INFO - Epoch 100/200 | Train Loss: 0.000029 | Val Loss: 2.796431 | Best Val Loss: 2.388934 (epoch 51)
2025-12-01 11:46:55,503 - INFO - Early stopping triggered at epoch 101! Best validation loss: 2.388934 at epoch 51
2025-12-01 11:46:55,519 - INFO - Loaded best model from epoch 51
2025-12-01 11:46:55,522 - INFO - Optimal Youden threshold: 1.0000
2025-12-01 11:46:55,536 - INFO - Fold 5 Results - Acc: 0.7273, F1: 0.7273, AUC: 0.7500, AP: 0.8885
2025-12-01 11:46:55,536 - INFO - 
============================================================
2025-12-01 11:46:55,536 - INFO - FINAL CROSS-VALIDATION RESULTS FOR: Treatment_Response_ALL_Thresh0.25
2025-12-01 11:46:55,536 - INFO - ACC       : 0.7636 ± 0.1233
2025-12-01 11:46:55,537 - INFO - F1        : 0.7121 ± 0.1626
2025-12-01 11:46:55,537 - INFO - PRECISION : 1.0000 ± 0.0000
2025-12-01 11:46:55,537 - INFO - RECALL    : 0.5810 ± 0.2237
2025-12-01 11:46:55,537 - INFO - AUC       : 0.7100 ± 0.2043
2025-12-01 11:46:55,537 - INFO - AP        : 0.8414 ± 0.1127
2025-12-01 11:46:55,537 - INFO - ============================================================

2025-12-01 11:46:55,542 - INFO - Results saved to final_results_Treatment_Response_ALL_Thresh0.25.json
2025-12-01 11:46:55,542 - INFO - Total execution time: 13.05 seconds
2025-12-01 11:47:03,162 - INFO - Using device: cuda
2025-12-01 11:47:03,162 - INFO - Hyperparameters: {
  "batch_size": 8,
  "learning_rate": 0.0005,
  "num_epochs": 200,
  "hidden_dim": 512,
  "num_blocks": 6,
  "dropout": 0.3,
  "feature_type": "ALL",
  "improvement_threshold": 0.25
}
2025-12-01 11:47:03,162 - INFO - Starting treatment response prediction pipeline
2025-12-01 11:47:03,162 - INFO - Building diff file index (mean_anomaly & mean_distortion)...
2025-12-01 11:47:03,164 - WARNING - Duplicate patient ID found: stn02, skipping additional entry
2025-12-01 11:47:03,164 - WARNING - Duplicate patient ID found: gpi11, skipping additional entry
2025-12-01 11:47:03,164 - WARNING - Duplicate patient ID found: gpi02, skipping additional entry
2025-12-01 11:47:03,164 - WARNING - Duplicate patient ID found: gpi19, skipping additional entry
2025-12-01 11:47:03,164 - WARNING - Duplicate patient ID found: stn23, skipping additional entry
2025-12-01 11:47:03,165 - WARNING - Duplicate patient ID found: stn03, skipping additional entry
2025-12-01 11:47:03,165 - WARNING - Duplicate patient ID found: gpi20, skipping additional entry
2025-12-01 11:47:03,165 - WARNING - Duplicate patient ID found: stn04, skipping additional entry
2025-12-01 11:47:03,165 - WARNING - Duplicate patient ID found: stn24, skipping additional entry
2025-12-01 11:47:03,165 - WARNING - Duplicate patient ID found: gpi04, skipping additional entry
2025-12-01 11:47:03,165 - WARNING - Duplicate patient ID found: gpi15, skipping additional entry
2025-12-01 11:47:03,165 - WARNING - Duplicate patient ID found: stn19, skipping additional entry
2025-12-01 11:47:03,166 - WARNING - Duplicate patient ID found: stn08, skipping additional entry
2025-12-01 11:47:03,166 - WARNING - Duplicate patient ID found: stn11, skipping additional entry
2025-12-01 11:47:03,166 - WARNING - Duplicate patient ID found: gpi07, skipping additional entry
2025-12-01 11:47:03,166 - WARNING - Duplicate patient ID found: gpi26, skipping additional entry
2025-12-01 11:47:03,166 - WARNING - Duplicate patient ID found: stn13, skipping additional entry
2025-12-01 11:47:03,166 - WARNING - Duplicate patient ID found: gpi06, skipping additional entry
2025-12-01 11:47:03,166 - WARNING - Duplicate patient ID found: stn30, skipping additional entry
2025-12-01 11:47:03,166 - WARNING - Duplicate patient ID found: stn18, skipping additional entry
2025-12-01 11:47:03,166 - WARNING - Duplicate patient ID found: gpi24, skipping additional entry
2025-12-01 11:47:03,166 - WARNING - Duplicate patient ID found: gpi13, skipping additional entry
2025-12-01 11:47:03,166 - WARNING - Duplicate patient ID found: stn07, skipping additional entry
2025-12-01 11:47:03,167 - WARNING - Duplicate patient ID found: stn20, skipping additional entry
2025-12-01 11:47:03,167 - WARNING - Duplicate patient ID found: gpi12, skipping additional entry
2025-12-01 11:47:03,167 - WARNING - Duplicate patient ID found: stn01, skipping additional entry
2025-12-01 11:47:03,167 - WARNING - Duplicate patient ID found: gpi22, skipping additional entry
2025-12-01 11:47:03,167 - WARNING - Duplicate patient ID found: gpi18, skipping additional entry
2025-12-01 11:47:03,167 - WARNING - Duplicate patient ID found: gpi09, skipping additional entry
2025-12-01 11:47:03,167 - WARNING - Duplicate patient ID found: gpi25, skipping additional entry
2025-12-01 11:47:03,167 - WARNING - Duplicate patient ID found: stn29, skipping additional entry
2025-12-01 11:47:03,167 - WARNING - Duplicate patient ID found: gpi31, skipping additional entry
2025-12-01 11:47:03,168 - WARNING - Duplicate patient ID found: stn10, skipping additional entry
2025-12-01 11:47:03,168 - WARNING - Duplicate patient ID found: gpi28, skipping additional entry
2025-12-01 11:47:03,168 - WARNING - Duplicate patient ID found: stn31, skipping additional entry
2025-12-01 11:47:03,168 - WARNING - Duplicate patient ID found: gpi03, skipping additional entry
2025-12-01 11:47:03,168 - WARNING - Duplicate patient ID found: gpi05, skipping additional entry
2025-12-01 11:47:03,168 - WARNING - Duplicate patient ID found: stn25, skipping additional entry
2025-12-01 11:47:03,168 - WARNING - Duplicate patient ID found: gpi08, skipping additional entry
2025-12-01 11:47:03,168 - WARNING - Duplicate patient ID found: gpi27, skipping additional entry
2025-12-01 11:47:03,168 - WARNING - Duplicate patient ID found: stn16, skipping additional entry
2025-12-01 11:47:03,168 - WARNING - Duplicate patient ID found: gpi23, skipping additional entry
2025-12-01 11:47:03,168 - WARNING - Duplicate patient ID found: stn09, skipping additional entry
2025-12-01 11:47:03,168 - WARNING - Duplicate patient ID found: stn28, skipping additional entry
2025-12-01 11:47:03,169 - WARNING - Duplicate patient ID found: stn06, skipping additional entry
2025-12-01 11:47:03,169 - WARNING - Duplicate patient ID found: stn12, skipping additional entry
2025-12-01 11:47:03,169 - WARNING - Duplicate patient ID found: gpi16, skipping additional entry
2025-12-01 11:47:03,169 - WARNING - Duplicate patient ID found: gpi30, skipping additional entry
2025-12-01 11:47:03,169 - WARNING - Duplicate patient ID found: stn21, skipping additional entry
2025-12-01 11:47:03,169 - WARNING - Duplicate patient ID found: stn22, skipping additional entry
2025-12-01 11:47:03,169 - WARNING - Duplicate patient ID found: stn14, skipping additional entry
2025-12-01 11:47:03,169 - WARNING - Duplicate patient ID found: gpi17, skipping additional entry
2025-12-01 11:47:03,169 - WARNING - Duplicate patient ID found: gpi21, skipping additional entry
2025-12-01 11:47:03,169 - WARNING - Duplicate patient ID found: gpi32, skipping additional entry
2025-12-01 11:47:03,169 - WARNING - Duplicate patient ID found: stn15, skipping additional entry
2025-12-01 11:47:03,169 - INFO - Built diff index with 71 patients
2025-12-01 11:47:03,169 - INFO - Parsing UPDRS data with diff features...
2025-12-01 11:47:03,183 - INFO - Found 55 valid samples
2025-12-01 11:47:03,184 - INFO - Preparing feature matrices with diff features...
2025-12-01 11:47:03,217 - INFO - Feature matrix shape: (55, 365), Class distribution: [24 31]
2025-12-01 11:47:03,218 - INFO - 
============================================================
2025-12-01 11:47:03,218 - INFO - Starting Cross-Validation Experiment: Treatment_Response_ALL_Thresh0.25
2025-12-01 11:47:03,218 - INFO - Total samples: 55 | Class distribution: [24 31]
2025-12-01 11:47:03,219 - INFO - 
--- Fold 1/5 ---
2025-12-01 11:47:03,219 - INFO - Train size: 44, Test size: 11
2025-12-01 11:47:03,219 - INFO - Train class balance - 0: 19, 1: 25
2025-12-01 11:47:03,219 - INFO - Test class balance  - 0: 5, 1: 6
2025-12-01 11:47:04,011 - INFO - Training fold 1 with early stopping (patience=50)...
2025-12-01 11:47:04,172 - INFO - Epoch 1/200 | Train Loss: 0.715108 | Val Loss: 0.650810 | Best Val Loss: inf (epoch 1)
2025-12-01 11:47:04,373 - INFO - Epoch 10/200 | Train Loss: 0.000453 | Val Loss: 2.487495 | Best Val Loss: inf (epoch 1)
2025-12-01 11:47:04,594 - INFO - Epoch 20/200 | Train Loss: 0.000075 | Val Loss: 2.877313 | Best Val Loss: inf (epoch 1)
2025-12-01 11:47:04,814 - INFO - Epoch 30/200 | Train Loss: 0.000022 | Val Loss: 2.889210 | Best Val Loss: inf (epoch 1)
2025-12-01 11:47:05,035 - INFO - Epoch 40/200 | Train Loss: 0.030721 | Val Loss: 4.269438 | Best Val Loss: inf (epoch 1)
2025-12-01 11:47:05,253 - INFO - Epoch 50/200 | Train Loss: 0.011733 | Val Loss: 1.177715 | Best Val Loss: inf (epoch 1)
2025-12-01 11:47:05,493 - INFO - Epoch 60/200 | Train Loss: 0.000551 | Val Loss: 2.642171 | Best Val Loss: 1.672509 (epoch 51)
2025-12-01 11:47:05,712 - INFO - Epoch 70/200 | Train Loss: 0.000216 | Val Loss: 3.002745 | Best Val Loss: 1.672509 (epoch 51)
2025-12-01 11:47:05,931 - INFO - Epoch 80/200 | Train Loss: 0.000218 | Val Loss: 3.185682 | Best Val Loss: 1.672509 (epoch 51)
2025-12-01 11:47:06,154 - INFO - Epoch 90/200 | Train Loss: 0.000043 | Val Loss: 3.322700 | Best Val Loss: 1.672509 (epoch 51)
2025-12-01 11:47:06,375 - INFO - Epoch 100/200 | Train Loss: 0.000061 | Val Loss: 3.423910 | Best Val Loss: 1.672509 (epoch 51)
2025-12-01 11:47:06,397 - INFO - Early stopping triggered at epoch 101! Best validation loss: 1.672509 at epoch 51
2025-12-01 11:47:06,412 - INFO - Loaded best model from epoch 51
2025-12-01 11:47:06,416 - INFO - Optimal Youden threshold: 0.9886
2025-12-01 11:47:06,432 - INFO - Fold 1 Results - Acc: 0.8182, F1: 0.8333, AUC: 0.7667, AP: 0.8631
2025-12-01 11:47:06,432 - INFO - 
--- Fold 2/5 ---
2025-12-01 11:47:06,432 - INFO - Train size: 44, Test size: 11
2025-12-01 11:47:06,432 - INFO - Train class balance - 0: 19, 1: 25
2025-12-01 11:47:06,432 - INFO - Test class balance  - 0: 5, 1: 6
2025-12-01 11:47:06,456 - INFO - Training fold 2 with early stopping (patience=50)...
2025-12-01 11:47:06,480 - INFO - Epoch 1/200 | Train Loss: 0.824264 | Val Loss: 0.806863 | Best Val Loss: inf (epoch 1)
2025-12-01 11:47:06,680 - INFO - Epoch 10/200 | Train Loss: 0.143806 | Val Loss: 1.126935 | Best Val Loss: inf (epoch 1)
2025-12-01 11:47:06,902 - INFO - Epoch 20/200 | Train Loss: 0.000166 | Val Loss: 3.381617 | Best Val Loss: inf (epoch 1)
2025-12-01 11:47:07,123 - INFO - Epoch 30/200 | Train Loss: 0.000056 | Val Loss: 2.972885 | Best Val Loss: inf (epoch 1)
2025-12-01 11:47:07,347 - INFO - Epoch 40/200 | Train Loss: 0.000038 | Val Loss: 3.066712 | Best Val Loss: inf (epoch 1)
2025-12-01 11:47:07,568 - INFO - Epoch 50/200 | Train Loss: 0.000018 | Val Loss: 3.205277 | Best Val Loss: inf (epoch 1)
2025-12-01 11:47:07,830 - INFO - Epoch 60/200 | Train Loss: 0.000029 | Val Loss: 3.254475 | Best Val Loss: 3.197846 (epoch 56)
2025-12-01 11:47:08,111 - INFO - Epoch 70/200 | Train Loss: 0.195901 | Val Loss: 2.060363 | Best Val Loss: 2.060363 (epoch 70)
2025-12-01 11:47:08,354 - INFO - Epoch 80/200 | Train Loss: 0.000514 | Val Loss: 4.911280 | Best Val Loss: 1.279417 (epoch 72)
2025-12-01 11:47:08,576 - INFO - Epoch 90/200 | Train Loss: 0.000741 | Val Loss: 3.333669 | Best Val Loss: 1.279417 (epoch 72)
2025-12-01 11:47:08,798 - INFO - Epoch 100/200 | Train Loss: 0.000473 | Val Loss: 2.645335 | Best Val Loss: 1.279417 (epoch 72)
2025-12-01 11:47:09,019 - INFO - Epoch 110/200 | Train Loss: 0.000084 | Val Loss: 2.911792 | Best Val Loss: 1.279417 (epoch 72)
2025-12-01 11:47:09,241 - INFO - Epoch 120/200 | Train Loss: 0.000047 | Val Loss: 3.026477 | Best Val Loss: 1.279417 (epoch 72)
2025-12-01 11:47:09,286 - INFO - Early stopping triggered at epoch 122! Best validation loss: 1.279417 at epoch 72
2025-12-01 11:47:09,302 - INFO - Loaded best model from epoch 72
2025-12-01 11:47:09,306 - INFO - Optimal Youden threshold: 0.9937
2025-12-01 11:47:09,319 - INFO - Fold 2 Results - Acc: 0.7273, F1: 0.6667, AUC: 0.7667, AP: 0.8524
2025-12-01 11:47:09,319 - INFO - 
--- Fold 3/5 ---
2025-12-01 11:47:09,319 - INFO - Train size: 44, Test size: 11
2025-12-01 11:47:09,320 - INFO - Train class balance - 0: 19, 1: 25
2025-12-01 11:47:09,320 - INFO - Test class balance  - 0: 5, 1: 6
2025-12-01 11:47:09,343 - INFO - Training fold 3 with early stopping (patience=50)...
2025-12-01 11:47:09,367 - INFO - Epoch 1/200 | Train Loss: 0.731533 | Val Loss: 1.049451 | Best Val Loss: inf (epoch 1)
2025-12-01 11:47:09,566 - INFO - Epoch 10/200 | Train Loss: 0.009084 | Val Loss: 2.060804 | Best Val Loss: inf (epoch 1)
2025-12-01 11:47:09,787 - INFO - Epoch 20/200 | Train Loss: 0.000675 | Val Loss: 1.259322 | Best Val Loss: inf (epoch 1)
2025-12-01 11:47:10,008 - INFO - Epoch 30/200 | Train Loss: 0.000147 | Val Loss: 1.579880 | Best Val Loss: inf (epoch 1)
2025-12-01 11:47:10,227 - INFO - Epoch 40/200 | Train Loss: 0.000108 | Val Loss: 1.508964 | Best Val Loss: inf (epoch 1)
2025-12-01 11:47:10,448 - INFO - Epoch 50/200 | Train Loss: 0.000058 | Val Loss: 1.574107 | Best Val Loss: inf (epoch 1)
2025-12-01 11:47:10,685 - INFO - Epoch 60/200 | Train Loss: 0.000049 | Val Loss: 1.628225 | Best Val Loss: 1.578648 (epoch 51)
2025-12-01 11:47:10,906 - INFO - Epoch 70/200 | Train Loss: 0.000035 | Val Loss: 1.884866 | Best Val Loss: 1.578648 (epoch 51)
2025-12-01 11:47:11,128 - INFO - Epoch 80/200 | Train Loss: 0.000022 | Val Loss: 1.883287 | Best Val Loss: 1.578648 (epoch 51)
2025-12-01 11:47:11,349 - INFO - Epoch 90/200 | Train Loss: 0.000019 | Val Loss: 1.915936 | Best Val Loss: 1.578648 (epoch 51)
2025-12-01 11:47:11,568 - INFO - Epoch 100/200 | Train Loss: 0.000029 | Val Loss: 1.929470 | Best Val Loss: 1.578648 (epoch 51)
2025-12-01 11:47:11,591 - INFO - Early stopping triggered at epoch 101! Best validation loss: 1.578648 at epoch 51
2025-12-01 11:47:11,606 - INFO - Loaded best model from epoch 51
2025-12-01 11:47:11,609 - INFO - Optimal Youden threshold: 0.9570
2025-12-01 11:47:11,624 - INFO - Fold 3 Results - Acc: 0.8182, F1: 0.8333, AUC: 0.8667, AP: 0.8972
2025-12-01 11:47:11,625 - INFO - 
--- Fold 4/5 ---
2025-12-01 11:47:11,625 - INFO - Train size: 44, Test size: 11
2025-12-01 11:47:11,625 - INFO - Train class balance - 0: 19, 1: 25
2025-12-01 11:47:11,625 - INFO - Test class balance  - 0: 5, 1: 6
2025-12-01 11:47:11,648 - INFO - Training fold 4 with early stopping (patience=50)...
2025-12-01 11:47:11,673 - INFO - Epoch 1/200 | Train Loss: 0.958905 | Val Loss: 0.751936 | Best Val Loss: inf (epoch 1)
2025-12-01 11:47:11,879 - INFO - Epoch 10/200 | Train Loss: 0.031890 | Val Loss: 1.733459 | Best Val Loss: inf (epoch 1)
2025-12-01 11:47:12,102 - INFO - Epoch 20/200 | Train Loss: 0.025577 | Val Loss: 1.492393 | Best Val Loss: inf (epoch 1)
2025-12-01 11:47:12,325 - INFO - Epoch 30/200 | Train Loss: 0.000099 | Val Loss: 2.062213 | Best Val Loss: inf (epoch 1)
2025-12-01 11:47:12,548 - INFO - Epoch 40/200 | Train Loss: 0.000077 | Val Loss: 2.522474 | Best Val Loss: inf (epoch 1)
2025-12-01 11:47:12,770 - INFO - Epoch 50/200 | Train Loss: 0.000030 | Val Loss: 2.966748 | Best Val Loss: inf (epoch 1)
2025-12-01 11:47:13,011 - INFO - Epoch 60/200 | Train Loss: 0.000030 | Val Loss: 3.222464 | Best Val Loss: 2.969951 (epoch 51)
2025-12-01 11:47:13,237 - INFO - Epoch 70/200 | Train Loss: 0.000037 | Val Loss: 3.263529 | Best Val Loss: 2.969951 (epoch 51)
2025-12-01 11:47:13,458 - INFO - Epoch 80/200 | Train Loss: 0.000021 | Val Loss: 3.307464 | Best Val Loss: 2.969951 (epoch 51)
2025-12-01 11:47:13,677 - INFO - Epoch 90/200 | Train Loss: 0.000018 | Val Loss: 3.374265 | Best Val Loss: 2.969951 (epoch 51)
2025-12-01 11:47:13,898 - INFO - Epoch 100/200 | Train Loss: 0.000037 | Val Loss: 3.441643 | Best Val Loss: 2.969951 (epoch 51)
2025-12-01 11:47:13,920 - INFO - Early stopping triggered at epoch 101! Best validation loss: 2.969951 at epoch 51
2025-12-01 11:47:13,936 - INFO - Loaded best model from epoch 51
2025-12-01 11:47:13,940 - INFO - Optimal Youden threshold: 0.0001
2025-12-01 11:47:13,954 - INFO - Fold 4 Results - Acc: 0.8182, F1: 0.8333, AUC: 0.8333, AP: 0.8833
2025-12-01 11:47:13,954 - INFO - 
--- Fold 5/5 ---
2025-12-01 11:47:13,954 - INFO - Train size: 44, Test size: 11
2025-12-01 11:47:13,954 - INFO - Train class balance - 0: 20, 1: 24
2025-12-01 11:47:13,955 - INFO - Test class balance  - 0: 4, 1: 7
2025-12-01 11:47:13,979 - INFO - Training fold 5 with early stopping (patience=50)...
2025-12-01 11:47:14,003 - INFO - Epoch 1/200 | Train Loss: 0.743223 | Val Loss: 0.747386 | Best Val Loss: inf (epoch 1)
2025-12-01 11:47:14,204 - INFO - Epoch 10/200 | Train Loss: 0.080203 | Val Loss: 0.353377 | Best Val Loss: inf (epoch 1)
2025-12-01 11:47:14,427 - INFO - Epoch 20/200 | Train Loss: 0.003026 | Val Loss: 0.800648 | Best Val Loss: inf (epoch 1)
2025-12-01 11:47:14,649 - INFO - Epoch 30/200 | Train Loss: 0.000133 | Val Loss: 1.488361 | Best Val Loss: inf (epoch 1)
2025-12-01 11:47:14,870 - INFO - Epoch 40/200 | Train Loss: 0.195535 | Val Loss: 1.095899 | Best Val Loss: inf (epoch 1)
2025-12-01 11:47:15,092 - INFO - Epoch 50/200 | Train Loss: 0.001423 | Val Loss: 1.656053 | Best Val Loss: inf (epoch 1)
2025-12-01 11:47:15,330 - INFO - Epoch 60/200 | Train Loss: 0.000044 | Val Loss: 2.194963 | Best Val Loss: 2.016566 (epoch 51)
2025-12-01 11:47:15,553 - INFO - Epoch 70/200 | Train Loss: 0.000054 | Val Loss: 2.307191 | Best Val Loss: 2.016566 (epoch 51)
2025-12-01 11:47:15,775 - INFO - Epoch 80/200 | Train Loss: 0.000031 | Val Loss: 2.379952 | Best Val Loss: 2.016566 (epoch 51)
2025-12-01 11:47:15,996 - INFO - Epoch 90/200 | Train Loss: 0.000043 | Val Loss: 2.448238 | Best Val Loss: 2.016566 (epoch 51)
2025-12-01 11:47:16,215 - INFO - Epoch 100/200 | Train Loss: 0.000028 | Val Loss: 2.512623 | Best Val Loss: 2.016566 (epoch 51)
2025-12-01 11:47:16,237 - INFO - Early stopping triggered at epoch 101! Best validation loss: 2.016566 at epoch 51
2025-12-01 11:47:16,252 - INFO - Loaded best model from epoch 51
2025-12-01 11:47:16,255 - INFO - Optimal Youden threshold: 0.0004
2025-12-01 11:47:16,267 - INFO - Fold 5 Results - Acc: 0.9091, F1: 0.9333, AUC: 0.9286, AP: 0.9617
2025-12-01 11:47:16,267 - INFO - 
============================================================
2025-12-01 11:47:16,267 - INFO - FINAL CROSS-VALIDATION RESULTS FOR: Treatment_Response_ALL_Thresh0.25
2025-12-01 11:47:16,267 - INFO - ACC       : 0.8182 ± 0.0575
2025-12-01 11:47:16,267 - INFO - F1        : 0.8200 ± 0.0859
2025-12-01 11:47:16,267 - INFO - PRECISION : 0.8750 ± 0.0645
2025-12-01 11:47:16,267 - INFO - RECALL    : 0.8000 ± 0.1633
2025-12-01 11:47:16,268 - INFO - AUC       : 0.8324 ± 0.0618
2025-12-01 11:47:16,268 - INFO - AP        : 0.8916 ± 0.0384
2025-12-01 11:47:16,268 - INFO - ============================================================

2025-12-01 11:47:16,272 - INFO - Results saved to final_results_Treatment_Response_ALL_Thresh0.25.json
2025-12-01 11:47:16,272 - INFO - Total execution time: 13.11 seconds
2025-12-01 11:47:28,088 - INFO - Using device: cuda
2025-12-01 11:47:28,088 - INFO - Hyperparameters: {
  "batch_size": 8,
  "learning_rate": 0.0005,
  "num_epochs": 200,
  "hidden_dim": 512,
  "num_blocks": 6,
  "dropout": 0.3,
  "feature_type": "ALL",
  "improvement_threshold": 0.25
}
2025-12-01 11:47:28,089 - INFO - Starting treatment response prediction pipeline
2025-12-01 11:47:28,089 - INFO - Building diff file index (mean_anomaly & mean_distortion)...
2025-12-01 11:47:28,090 - WARNING - Duplicate patient ID found: stn02, skipping additional entry
2025-12-01 11:47:28,090 - WARNING - Duplicate patient ID found: gpi11, skipping additional entry
2025-12-01 11:47:28,091 - WARNING - Duplicate patient ID found: gpi02, skipping additional entry
2025-12-01 11:47:28,091 - WARNING - Duplicate patient ID found: gpi19, skipping additional entry
2025-12-01 11:47:28,091 - WARNING - Duplicate patient ID found: stn23, skipping additional entry
2025-12-01 11:47:28,091 - WARNING - Duplicate patient ID found: stn03, skipping additional entry
2025-12-01 11:47:28,091 - WARNING - Duplicate patient ID found: gpi20, skipping additional entry
2025-12-01 11:47:28,091 - WARNING - Duplicate patient ID found: stn04, skipping additional entry
2025-12-01 11:47:28,092 - WARNING - Duplicate patient ID found: stn24, skipping additional entry
2025-12-01 11:47:28,092 - WARNING - Duplicate patient ID found: gpi04, skipping additional entry
2025-12-01 11:47:28,092 - WARNING - Duplicate patient ID found: gpi15, skipping additional entry
2025-12-01 11:47:28,092 - WARNING - Duplicate patient ID found: stn19, skipping additional entry
2025-12-01 11:47:28,092 - WARNING - Duplicate patient ID found: stn08, skipping additional entry
2025-12-01 11:47:28,092 - WARNING - Duplicate patient ID found: stn11, skipping additional entry
2025-12-01 11:47:28,092 - WARNING - Duplicate patient ID found: gpi07, skipping additional entry
2025-12-01 11:47:28,092 - WARNING - Duplicate patient ID found: gpi26, skipping additional entry
2025-12-01 11:47:28,092 - WARNING - Duplicate patient ID found: stn13, skipping additional entry
2025-12-01 11:47:28,092 - WARNING - Duplicate patient ID found: gpi06, skipping additional entry
2025-12-01 11:47:28,093 - WARNING - Duplicate patient ID found: stn30, skipping additional entry
2025-12-01 11:47:28,093 - WARNING - Duplicate patient ID found: stn18, skipping additional entry
2025-12-01 11:47:28,093 - WARNING - Duplicate patient ID found: gpi24, skipping additional entry
2025-12-01 11:47:28,093 - WARNING - Duplicate patient ID found: gpi13, skipping additional entry
2025-12-01 11:47:28,093 - WARNING - Duplicate patient ID found: stn07, skipping additional entry
2025-12-01 11:47:28,093 - WARNING - Duplicate patient ID found: stn20, skipping additional entry
2025-12-01 11:47:28,093 - WARNING - Duplicate patient ID found: gpi12, skipping additional entry
2025-12-01 11:47:28,093 - WARNING - Duplicate patient ID found: stn01, skipping additional entry
2025-12-01 11:47:28,094 - WARNING - Duplicate patient ID found: gpi22, skipping additional entry
2025-12-01 11:47:28,094 - WARNING - Duplicate patient ID found: gpi18, skipping additional entry
2025-12-01 11:47:28,094 - WARNING - Duplicate patient ID found: gpi09, skipping additional entry
2025-12-01 11:47:28,094 - WARNING - Duplicate patient ID found: gpi25, skipping additional entry
2025-12-01 11:47:28,094 - WARNING - Duplicate patient ID found: stn29, skipping additional entry
2025-12-01 11:47:28,094 - WARNING - Duplicate patient ID found: gpi31, skipping additional entry
2025-12-01 11:47:28,094 - WARNING - Duplicate patient ID found: stn10, skipping additional entry
2025-12-01 11:47:28,094 - WARNING - Duplicate patient ID found: gpi28, skipping additional entry
2025-12-01 11:47:28,094 - WARNING - Duplicate patient ID found: stn31, skipping additional entry
2025-12-01 11:47:28,094 - WARNING - Duplicate patient ID found: gpi03, skipping additional entry
2025-12-01 11:47:28,094 - WARNING - Duplicate patient ID found: gpi05, skipping additional entry
2025-12-01 11:47:28,094 - WARNING - Duplicate patient ID found: stn25, skipping additional entry
2025-12-01 11:47:28,094 - WARNING - Duplicate patient ID found: gpi08, skipping additional entry
2025-12-01 11:47:28,095 - WARNING - Duplicate patient ID found: gpi27, skipping additional entry
2025-12-01 11:47:28,095 - WARNING - Duplicate patient ID found: stn16, skipping additional entry
2025-12-01 11:47:28,095 - WARNING - Duplicate patient ID found: gpi23, skipping additional entry
2025-12-01 11:47:28,095 - WARNING - Duplicate patient ID found: stn09, skipping additional entry
2025-12-01 11:47:28,095 - WARNING - Duplicate patient ID found: stn28, skipping additional entry
2025-12-01 11:47:28,095 - WARNING - Duplicate patient ID found: stn06, skipping additional entry
2025-12-01 11:47:28,095 - WARNING - Duplicate patient ID found: stn12, skipping additional entry
2025-12-01 11:47:28,095 - WARNING - Duplicate patient ID found: gpi16, skipping additional entry
2025-12-01 11:47:28,095 - WARNING - Duplicate patient ID found: gpi30, skipping additional entry
2025-12-01 11:47:28,095 - WARNING - Duplicate patient ID found: stn21, skipping additional entry
2025-12-01 11:47:28,095 - WARNING - Duplicate patient ID found: stn22, skipping additional entry
2025-12-01 11:47:28,095 - WARNING - Duplicate patient ID found: stn14, skipping additional entry
2025-12-01 11:47:28,096 - WARNING - Duplicate patient ID found: gpi17, skipping additional entry
2025-12-01 11:47:28,096 - WARNING - Duplicate patient ID found: gpi21, skipping additional entry
2025-12-01 11:47:28,096 - WARNING - Duplicate patient ID found: gpi32, skipping additional entry
2025-12-01 11:47:28,096 - WARNING - Duplicate patient ID found: stn15, skipping additional entry
2025-12-01 11:47:28,096 - INFO - Built diff index with 71 patients
2025-12-01 11:47:28,096 - INFO - Parsing UPDRS data with diff features...
2025-12-01 11:47:28,110 - INFO - Found 55 valid samples
2025-12-01 11:47:28,110 - INFO - Preparing feature matrices with diff features...
2025-12-01 11:47:28,143 - INFO - Feature matrix shape: (55, 365), Class distribution: [24 31]
2025-12-01 11:47:28,143 - INFO - 
============================================================
2025-12-01 11:47:28,144 - INFO - Starting Cross-Validation Experiment: Treatment_Response_ALL_Thresh0.25
2025-12-01 11:47:28,144 - INFO - Total samples: 55 | Class distribution: [24 31]
2025-12-01 11:47:28,145 - INFO - 
--- Fold 1/5 ---
2025-12-01 11:47:28,145 - INFO - Train size: 44, Test size: 11
2025-12-01 11:47:28,145 - INFO - Train class balance - 0: 19, 1: 25
2025-12-01 11:47:28,145 - INFO - Test class balance  - 0: 5, 1: 6
2025-12-01 11:47:28,956 - INFO - Training fold 1 with early stopping (patience=50)...
2025-12-01 11:47:29,112 - INFO - Epoch 1/200 | Train Loss: 0.829367 | Val Loss: 0.909534 | Best Val Loss: inf (epoch 1)
2025-12-01 11:47:29,313 - INFO - Epoch 10/200 | Train Loss: 0.140175 | Val Loss: 2.539184 | Best Val Loss: inf (epoch 1)
2025-12-01 11:47:29,535 - INFO - Epoch 20/200 | Train Loss: 0.000184 | Val Loss: 3.369176 | Best Val Loss: inf (epoch 1)
2025-12-01 11:47:29,757 - INFO - Epoch 30/200 | Train Loss: 0.000182 | Val Loss: 4.135228 | Best Val Loss: inf (epoch 1)
2025-12-01 11:47:29,978 - INFO - Epoch 40/200 | Train Loss: 0.269314 | Val Loss: 1.303982 | Best Val Loss: inf (epoch 1)
2025-12-01 11:47:30,201 - INFO - Epoch 50/200 | Train Loss: 0.000049 | Val Loss: 4.864201 | Best Val Loss: inf (epoch 1)
2025-12-01 11:47:30,526 - INFO - Epoch 60/200 | Train Loss: 0.000373 | Val Loss: 4.091678 | Best Val Loss: 3.123180 (epoch 57)
2025-12-01 11:47:30,766 - INFO - Epoch 70/200 | Train Loss: 0.000079 | Val Loss: 4.173438 | Best Val Loss: 1.255212 (epoch 64)
2025-12-01 11:47:30,989 - INFO - Epoch 80/200 | Train Loss: 0.000039 | Val Loss: 4.354619 | Best Val Loss: 1.255212 (epoch 64)
2025-12-01 11:47:31,209 - INFO - Epoch 90/200 | Train Loss: 0.000125 | Val Loss: 5.238186 | Best Val Loss: 1.255212 (epoch 64)
2025-12-01 11:47:31,429 - INFO - Epoch 100/200 | Train Loss: 0.000004 | Val Loss: 5.082688 | Best Val Loss: 1.255212 (epoch 64)
2025-12-01 11:47:31,649 - INFO - Epoch 110/200 | Train Loss: 0.000169 | Val Loss: 5.104470 | Best Val Loss: 1.255212 (epoch 64)
2025-12-01 11:47:31,737 - INFO - Early stopping triggered at epoch 114! Best validation loss: 1.255212 at epoch 64
2025-12-01 11:47:31,753 - INFO - Loaded best model from epoch 64
2025-12-01 11:47:31,756 - INFO - Optimal Youden threshold: 0.7706
2025-12-01 11:47:31,774 - INFO - Fold 1 Results - Acc: 0.6364, F1: 0.6000, AUC: 0.6333, AP: 0.7181
2025-12-01 11:47:31,775 - INFO - 
--- Fold 2/5 ---
2025-12-01 11:47:31,775 - INFO - Train size: 44, Test size: 11
2025-12-01 11:47:31,775 - INFO - Train class balance - 0: 19, 1: 25
2025-12-01 11:47:31,775 - INFO - Test class balance  - 0: 5, 1: 6
2025-12-01 11:47:31,798 - INFO - Training fold 2 with early stopping (patience=50)...
2025-12-01 11:47:31,821 - INFO - Epoch 1/200 | Train Loss: 0.759763 | Val Loss: 0.843558 | Best Val Loss: inf (epoch 1)
2025-12-01 11:47:32,019 - INFO - Epoch 10/200 | Train Loss: 0.026102 | Val Loss: 1.339588 | Best Val Loss: inf (epoch 1)
2025-12-01 11:47:32,242 - INFO - Epoch 20/200 | Train Loss: 0.000191 | Val Loss: 2.419097 | Best Val Loss: inf (epoch 1)
2025-12-01 11:47:32,464 - INFO - Epoch 30/200 | Train Loss: 0.000110 | Val Loss: 2.631884 | Best Val Loss: inf (epoch 1)
2025-12-01 11:47:32,685 - INFO - Epoch 40/200 | Train Loss: 0.000043 | Val Loss: 2.786520 | Best Val Loss: inf (epoch 1)
2025-12-01 11:47:32,906 - INFO - Epoch 50/200 | Train Loss: 0.000166 | Val Loss: 2.917292 | Best Val Loss: inf (epoch 1)
2025-12-01 11:47:33,143 - INFO - Epoch 60/200 | Train Loss: 0.000038 | Val Loss: 3.020071 | Best Val Loss: 2.930735 (epoch 51)
2025-12-01 11:47:33,363 - INFO - Epoch 70/200 | Train Loss: 0.000028 | Val Loss: 3.104526 | Best Val Loss: 2.930735 (epoch 51)
2025-12-01 11:47:33,585 - INFO - Epoch 80/200 | Train Loss: 0.000022 | Val Loss: 3.172704 | Best Val Loss: 2.930735 (epoch 51)
2025-12-01 11:47:33,807 - INFO - Epoch 90/200 | Train Loss: 0.000012 | Val Loss: 3.220565 | Best Val Loss: 2.930735 (epoch 51)
2025-12-01 11:47:34,031 - INFO - Epoch 100/200 | Train Loss: 0.000018 | Val Loss: 3.265098 | Best Val Loss: 2.930735 (epoch 51)
2025-12-01 11:47:34,053 - INFO - Early stopping triggered at epoch 101! Best validation loss: 2.930735 at epoch 51
2025-12-01 11:47:34,069 - INFO - Loaded best model from epoch 51
2025-12-01 11:47:34,073 - INFO - Optimal Youden threshold: 1.0000
2025-12-01 11:47:34,088 - INFO - Fold 2 Results - Acc: 0.7273, F1: 0.6667, AUC: 0.6667, AP: 0.8168
2025-12-01 11:47:34,088 - INFO - 
--- Fold 3/5 ---
2025-12-01 11:47:34,088 - INFO - Train size: 44, Test size: 11
2025-12-01 11:47:34,088 - INFO - Train class balance - 0: 19, 1: 25
2025-12-01 11:47:34,088 - INFO - Test class balance  - 0: 5, 1: 6
2025-12-01 11:47:34,112 - INFO - Training fold 3 with early stopping (patience=50)...
2025-12-01 11:47:34,137 - INFO - Epoch 1/200 | Train Loss: 0.755375 | Val Loss: 1.182965 | Best Val Loss: inf (epoch 1)
2025-12-01 11:47:34,339 - INFO - Epoch 10/200 | Train Loss: 0.303692 | Val Loss: 0.718050 | Best Val Loss: inf (epoch 1)
2025-12-01 11:47:34,562 - INFO - Epoch 20/200 | Train Loss: 0.009486 | Val Loss: 1.648585 | Best Val Loss: inf (epoch 1)
2025-12-01 11:47:34,787 - INFO - Epoch 30/200 | Train Loss: 0.000043 | Val Loss: 2.066437 | Best Val Loss: inf (epoch 1)
2025-12-01 11:47:35,010 - INFO - Epoch 40/200 | Train Loss: 0.000021 | Val Loss: 2.098372 | Best Val Loss: inf (epoch 1)
2025-12-01 11:47:35,233 - INFO - Epoch 50/200 | Train Loss: 0.000021 | Val Loss: 2.121973 | Best Val Loss: inf (epoch 1)
2025-12-01 11:47:35,474 - INFO - Epoch 60/200 | Train Loss: 0.000035 | Val Loss: 2.149300 | Best Val Loss: 2.124573 (epoch 51)
2025-12-01 11:47:35,697 - INFO - Epoch 70/200 | Train Loss: 0.000026 | Val Loss: 2.179855 | Best Val Loss: 2.124573 (epoch 51)
2025-12-01 11:47:35,919 - INFO - Epoch 80/200 | Train Loss: 0.000025 | Val Loss: 2.206943 | Best Val Loss: 2.124573 (epoch 51)
2025-12-01 11:47:36,140 - INFO - Epoch 90/200 | Train Loss: 0.000014 | Val Loss: 2.236215 | Best Val Loss: 2.124573 (epoch 51)
2025-12-01 11:47:36,361 - INFO - Epoch 100/200 | Train Loss: 0.000013 | Val Loss: 2.271603 | Best Val Loss: 2.124573 (epoch 51)
2025-12-01 11:47:36,384 - INFO - Early stopping triggered at epoch 101! Best validation loss: 2.124573 at epoch 51
2025-12-01 11:47:36,399 - INFO - Loaded best model from epoch 51
2025-12-01 11:47:36,402 - INFO - Optimal Youden threshold: 0.9999
2025-12-01 11:47:43,343 - INFO - Using device: cuda
2025-12-01 11:47:43,344 - INFO - Hyperparameters: {
  "batch_size": 8,
  "learning_rate": 0.0005,
  "num_epochs": 200,
  "hidden_dim": 512,
  "num_blocks": 6,
  "dropout": 0.3,
  "feature_type": "ALL",
  "improvement_threshold": 0.25
}
2025-12-01 11:47:43,344 - INFO - Starting treatment response prediction pipeline
2025-12-01 11:47:43,344 - INFO - Building diff file index (mean_anomaly & mean_distortion)...
2025-12-01 11:47:43,345 - WARNING - Duplicate patient ID found: stn02, skipping additional entry
2025-12-01 11:47:43,345 - WARNING - Duplicate patient ID found: gpi11, skipping additional entry
2025-12-01 11:47:43,345 - WARNING - Duplicate patient ID found: gpi02, skipping additional entry
2025-12-01 11:47:43,345 - WARNING - Duplicate patient ID found: gpi19, skipping additional entry
2025-12-01 11:47:43,346 - WARNING - Duplicate patient ID found: stn23, skipping additional entry
2025-12-01 11:47:43,346 - WARNING - Duplicate patient ID found: stn03, skipping additional entry
2025-12-01 11:47:43,346 - WARNING - Duplicate patient ID found: gpi20, skipping additional entry
2025-12-01 11:47:43,346 - WARNING - Duplicate patient ID found: stn04, skipping additional entry
2025-12-01 11:47:43,346 - WARNING - Duplicate patient ID found: stn24, skipping additional entry
2025-12-01 11:47:43,346 - WARNING - Duplicate patient ID found: gpi04, skipping additional entry
2025-12-01 11:47:43,347 - WARNING - Duplicate patient ID found: gpi15, skipping additional entry
2025-12-01 11:47:43,347 - WARNING - Duplicate patient ID found: stn19, skipping additional entry
2025-12-01 11:47:43,347 - WARNING - Duplicate patient ID found: stn08, skipping additional entry
2025-12-01 11:47:43,347 - WARNING - Duplicate patient ID found: stn11, skipping additional entry
2025-12-01 11:47:43,347 - WARNING - Duplicate patient ID found: gpi07, skipping additional entry
2025-12-01 11:47:43,347 - WARNING - Duplicate patient ID found: gpi26, skipping additional entry
2025-12-01 11:47:43,347 - WARNING - Duplicate patient ID found: stn13, skipping additional entry
2025-12-01 11:47:43,347 - WARNING - Duplicate patient ID found: gpi06, skipping additional entry
2025-12-01 11:47:43,347 - WARNING - Duplicate patient ID found: stn30, skipping additional entry
2025-12-01 11:47:43,347 - WARNING - Duplicate patient ID found: stn18, skipping additional entry
2025-12-01 11:47:43,347 - WARNING - Duplicate patient ID found: gpi24, skipping additional entry
2025-12-01 11:47:43,347 - WARNING - Duplicate patient ID found: gpi13, skipping additional entry
2025-12-01 11:47:43,348 - WARNING - Duplicate patient ID found: stn07, skipping additional entry
2025-12-01 11:47:43,348 - WARNING - Duplicate patient ID found: stn20, skipping additional entry
2025-12-01 11:47:43,348 - WARNING - Duplicate patient ID found: gpi12, skipping additional entry
2025-12-01 11:47:43,348 - WARNING - Duplicate patient ID found: stn01, skipping additional entry
2025-12-01 11:47:43,348 - WARNING - Duplicate patient ID found: gpi22, skipping additional entry
2025-12-01 11:47:43,348 - WARNING - Duplicate patient ID found: gpi18, skipping additional entry
2025-12-01 11:47:43,348 - WARNING - Duplicate patient ID found: gpi09, skipping additional entry
2025-12-01 11:47:43,348 - WARNING - Duplicate patient ID found: gpi25, skipping additional entry
2025-12-01 11:47:43,349 - WARNING - Duplicate patient ID found: stn29, skipping additional entry
2025-12-01 11:47:43,349 - WARNING - Duplicate patient ID found: gpi31, skipping additional entry
2025-12-01 11:47:43,349 - WARNING - Duplicate patient ID found: stn10, skipping additional entry
2025-12-01 11:47:43,349 - WARNING - Duplicate patient ID found: gpi28, skipping additional entry
2025-12-01 11:47:43,349 - WARNING - Duplicate patient ID found: stn31, skipping additional entry
2025-12-01 11:47:43,349 - WARNING - Duplicate patient ID found: gpi03, skipping additional entry
2025-12-01 11:47:43,349 - WARNING - Duplicate patient ID found: gpi05, skipping additional entry
2025-12-01 11:47:43,349 - WARNING - Duplicate patient ID found: stn25, skipping additional entry
2025-12-01 11:47:43,349 - WARNING - Duplicate patient ID found: gpi08, skipping additional entry
2025-12-01 11:47:43,349 - WARNING - Duplicate patient ID found: gpi27, skipping additional entry
2025-12-01 11:47:43,349 - WARNING - Duplicate patient ID found: stn16, skipping additional entry
2025-12-01 11:47:43,349 - WARNING - Duplicate patient ID found: gpi23, skipping additional entry
2025-12-01 11:47:43,350 - WARNING - Duplicate patient ID found: stn09, skipping additional entry
2025-12-01 11:47:43,350 - WARNING - Duplicate patient ID found: stn28, skipping additional entry
2025-12-01 11:47:43,350 - WARNING - Duplicate patient ID found: stn06, skipping additional entry
2025-12-01 11:47:43,350 - WARNING - Duplicate patient ID found: stn12, skipping additional entry
2025-12-01 11:47:43,350 - WARNING - Duplicate patient ID found: gpi16, skipping additional entry
2025-12-01 11:47:43,350 - WARNING - Duplicate patient ID found: gpi30, skipping additional entry
2025-12-01 11:47:43,350 - WARNING - Duplicate patient ID found: stn21, skipping additional entry
2025-12-01 11:47:43,350 - WARNING - Duplicate patient ID found: stn22, skipping additional entry
2025-12-01 11:47:43,350 - WARNING - Duplicate patient ID found: stn14, skipping additional entry
2025-12-01 11:47:43,350 - WARNING - Duplicate patient ID found: gpi17, skipping additional entry
2025-12-01 11:47:43,350 - WARNING - Duplicate patient ID found: gpi21, skipping additional entry
2025-12-01 11:47:43,350 - WARNING - Duplicate patient ID found: gpi32, skipping additional entry
2025-12-01 11:47:43,350 - WARNING - Duplicate patient ID found: stn15, skipping additional entry
2025-12-01 11:47:43,350 - INFO - Built diff index with 71 patients
2025-12-01 11:47:43,350 - INFO - Parsing UPDRS data with diff features...
2025-12-01 11:47:43,364 - INFO - Found 55 valid samples
2025-12-01 11:47:43,364 - INFO - Preparing feature matrices with diff features...
2025-12-01 11:47:43,396 - INFO - Feature matrix shape: (55, 365), Class distribution: [24 31]
2025-12-01 11:47:43,397 - INFO - 
============================================================
2025-12-01 11:47:43,397 - INFO - Starting Cross-Validation Experiment: Treatment_Response_ALL_Thresh0.25
2025-12-01 11:47:43,397 - INFO - Total samples: 55 | Class distribution: [24 31]
2025-12-01 11:47:43,398 - INFO - 
--- Fold 1/5 ---
2025-12-01 11:47:43,398 - INFO - Train size: 44, Test size: 11
2025-12-01 11:47:43,398 - INFO - Train class balance - 0: 19, 1: 25
2025-12-01 11:47:43,398 - INFO - Test class balance  - 0: 5, 1: 6
2025-12-01 11:47:44,184 - INFO - Training fold 1 with early stopping (patience=50)...
2025-12-01 11:47:44,342 - INFO - Epoch 1/200 | Train Loss: 0.822976 | Val Loss: 1.096782 | Best Val Loss: inf (epoch 1)
2025-12-01 11:47:44,543 - INFO - Epoch 10/200 | Train Loss: 0.030606 | Val Loss: 3.246780 | Best Val Loss: inf (epoch 1)
2025-12-01 11:47:44,766 - INFO - Epoch 20/200 | Train Loss: 0.000674 | Val Loss: 2.660028 | Best Val Loss: inf (epoch 1)
2025-12-01 11:47:44,989 - INFO - Epoch 30/200 | Train Loss: 0.100369 | Val Loss: 2.174943 | Best Val Loss: inf (epoch 1)
2025-12-01 11:47:45,212 - INFO - Epoch 40/200 | Train Loss: 0.000095 | Val Loss: 3.903889 | Best Val Loss: inf (epoch 1)
2025-12-01 11:47:45,435 - INFO - Epoch 50/200 | Train Loss: 0.000047 | Val Loss: 4.069281 | Best Val Loss: inf (epoch 1)
2025-12-01 11:47:45,678 - INFO - Epoch 60/200 | Train Loss: 0.000036 | Val Loss: 4.159396 | Best Val Loss: 4.079268 (epoch 51)
2025-12-01 11:47:45,905 - INFO - Epoch 70/200 | Train Loss: 0.000025 | Val Loss: 4.278915 | Best Val Loss: 4.079268 (epoch 51)
2025-12-01 11:47:46,130 - INFO - Epoch 80/200 | Train Loss: 0.000012 | Val Loss: 4.346966 | Best Val Loss: 4.079268 (epoch 51)
2025-12-01 11:47:46,356 - INFO - Epoch 90/200 | Train Loss: 0.000021 | Val Loss: 4.397080 | Best Val Loss: 4.079268 (epoch 51)
2025-12-01 11:47:46,585 - INFO - Epoch 100/200 | Train Loss: 0.000018 | Val Loss: 4.463738 | Best Val Loss: 4.079268 (epoch 51)
2025-12-01 11:47:46,608 - INFO - Early stopping triggered at epoch 101! Best validation loss: 4.079268 at epoch 51
2025-12-01 11:47:46,624 - INFO - Loaded best model from epoch 51
2025-12-01 11:47:46,627 - INFO - Optimal Youden threshold: 1.0000
2025-12-01 11:47:46,646 - INFO - Fold 1 Results - Acc: 0.8182, F1: 0.8000, AUC: 0.7333, AP: 0.8593
2025-12-01 11:47:46,646 - INFO - 
--- Fold 2/5 ---
2025-12-01 11:47:46,646 - INFO - Train size: 44, Test size: 11
2025-12-01 11:47:46,646 - INFO - Train class balance - 0: 19, 1: 25
2025-12-01 11:47:46,646 - INFO - Test class balance  - 0: 5, 1: 6
2025-12-01 11:47:46,670 - INFO - Training fold 2 with early stopping (patience=50)...
2025-12-01 11:47:46,695 - INFO - Epoch 1/200 | Train Loss: 0.760212 | Val Loss: 0.757433 | Best Val Loss: inf (epoch 1)
2025-12-01 11:47:46,899 - INFO - Epoch 10/200 | Train Loss: 0.026327 | Val Loss: 0.342831 | Best Val Loss: inf (epoch 1)
2025-12-01 11:47:47,124 - INFO - Epoch 20/200 | Train Loss: 0.004237 | Val Loss: 0.008502 | Best Val Loss: inf (epoch 1)
2025-12-01 11:47:47,349 - INFO - Epoch 30/200 | Train Loss: 0.000193 | Val Loss: 0.013395 | Best Val Loss: inf (epoch 1)
2025-12-01 11:47:47,577 - INFO - Epoch 40/200 | Train Loss: 0.000125 | Val Loss: 0.000894 | Best Val Loss: inf (epoch 1)
2025-12-01 11:47:47,802 - INFO - Epoch 50/200 | Train Loss: 0.000050 | Val Loss: 0.000397 | Best Val Loss: inf (epoch 1)
2025-12-01 11:47:48,208 - INFO - Epoch 60/200 | Train Loss: 0.000036 | Val Loss: 0.000115 | Best Val Loss: 0.000115 (epoch 60)
2025-12-01 11:47:48,554 - INFO - Epoch 70/200 | Train Loss: 0.000047 | Val Loss: 0.000094 | Best Val Loss: 0.000094 (epoch 70)
2025-12-01 11:47:48,936 - INFO - Epoch 80/200 | Train Loss: 0.000071 | Val Loss: 0.000078 | Best Val Loss: 0.000078 (epoch 80)
2025-12-01 11:47:49,340 - INFO - Epoch 90/200 | Train Loss: 0.000026 | Val Loss: 0.000058 | Best Val Loss: 0.000058 (epoch 90)
2025-12-01 11:47:49,740 - INFO - Epoch 100/200 | Train Loss: 0.000048 | Val Loss: 0.000049 | Best Val Loss: 0.000049 (epoch 100)
2025-12-01 11:47:50,198 - INFO - Epoch 110/200 | Train Loss: 0.000014 | Val Loss: 0.000024 | Best Val Loss: 0.000024 (epoch 110)
2025-12-01 11:47:50,617 - INFO - Epoch 120/200 | Train Loss: 0.000010 | Val Loss: 0.000021 | Best Val Loss: 0.000021 (epoch 120)
2025-12-01 11:47:51,031 - INFO - Epoch 130/200 | Train Loss: 0.000026 | Val Loss: 0.000018 | Best Val Loss: 0.000018 (epoch 130)
2025-12-01 11:47:51,513 - INFO - Epoch 140/200 | Train Loss: 0.000012 | Val Loss: 0.000015 | Best Val Loss: 0.000015 (epoch 140)
2025-12-01 11:47:51,929 - INFO - Epoch 150/200 | Train Loss: 0.000007 | Val Loss: 0.000011 | Best Val Loss: 0.000011 (epoch 150)
2025-12-01 11:47:52,341 - INFO - Epoch 160/200 | Train Loss: 0.000008 | Val Loss: 0.000009 | Best Val Loss: 0.000009 (epoch 160)
2025-12-01 11:47:52,766 - INFO - Epoch 170/200 | Train Loss: 0.000008 | Val Loss: 0.000008 | Best Val Loss: 0.000008 (epoch 170)
2025-12-01 11:47:53,184 - INFO - Epoch 180/200 | Train Loss: 0.000009 | Val Loss: 0.000008 | Best Val Loss: 0.000008 (epoch 180)
2025-12-01 11:47:53,518 - INFO - Epoch 190/200 | Train Loss: 0.000010 | Val Loss: 0.000007 | Best Val Loss: 0.000007 (epoch 190)
2025-12-01 11:47:53,939 - INFO - Epoch 200/200 | Train Loss: 0.000009 | Val Loss: 0.000007 | Best Val Loss: 0.000007 (epoch 200)
2025-12-01 11:47:53,954 - INFO - Loaded best model from epoch 200
2025-12-01 11:47:53,958 - INFO - Optimal Youden threshold: 1.0000
2025-12-01 11:47:53,971 - INFO - Fold 2 Results - Acc: 1.0000, F1: 1.0000, AUC: 1.0000, AP: 1.0000
2025-12-01 11:47:53,972 - INFO - 
--- Fold 3/5 ---
2025-12-01 11:47:53,972 - INFO - Train size: 44, Test size: 11
2025-12-01 11:47:53,972 - INFO - Train class balance - 0: 19, 1: 25
2025-12-01 11:47:53,972 - INFO - Test class balance  - 0: 5, 1: 6
2025-12-01 11:47:53,996 - INFO - Training fold 3 with early stopping (patience=50)...
2025-12-01 11:47:54,020 - INFO - Epoch 1/200 | Train Loss: 0.674167 | Val Loss: 0.930349 | Best Val Loss: inf (epoch 1)
2025-12-01 11:47:54,222 - INFO - Epoch 10/200 | Train Loss: 0.001909 | Val Loss: 2.041402 | Best Val Loss: inf (epoch 1)
2025-12-01 11:47:54,444 - INFO - Epoch 20/200 | Train Loss: 0.000264 | Val Loss: 1.416429 | Best Val Loss: inf (epoch 1)
2025-12-01 11:47:54,667 - INFO - Epoch 30/200 | Train Loss: 0.000058 | Val Loss: 1.741265 | Best Val Loss: inf (epoch 1)
2025-12-01 11:47:54,891 - INFO - Epoch 40/200 | Train Loss: 0.000070 | Val Loss: 1.882329 | Best Val Loss: inf (epoch 1)
2025-12-01 11:47:55,114 - INFO - Epoch 50/200 | Train Loss: 0.000039 | Val Loss: 1.958195 | Best Val Loss: inf (epoch 1)
2025-12-01 11:47:55,353 - INFO - Epoch 60/200 | Train Loss: 0.000020 | Val Loss: 2.008562 | Best Val Loss: 1.963924 (epoch 51)
2025-12-01 11:47:55,575 - INFO - Epoch 70/200 | Train Loss: 0.000027 | Val Loss: 2.079865 | Best Val Loss: 1.963924 (epoch 51)
2025-12-01 11:47:55,797 - INFO - Epoch 80/200 | Train Loss: 0.000035 | Val Loss: 2.107762 | Best Val Loss: 1.963924 (epoch 51)
2025-12-01 11:47:56,019 - INFO - Epoch 90/200 | Train Loss: 0.000015 | Val Loss: 2.147804 | Best Val Loss: 1.963924 (epoch 51)
2025-12-01 11:47:56,242 - INFO - Epoch 100/200 | Train Loss: 0.000451 | Val Loss: 2.231659 | Best Val Loss: 1.963924 (epoch 51)
2025-12-01 11:47:56,264 - INFO - Early stopping triggered at epoch 101! Best validation loss: 1.963924 at epoch 51
2025-12-01 11:47:56,279 - INFO - Loaded best model from epoch 51
2025-12-01 11:47:56,283 - INFO - Optimal Youden threshold: 0.9995
2025-12-01 11:47:56,309 - INFO - Fold 3 Results - Acc: 0.8182, F1: 0.8571, AUC: 0.6000, AP: 0.5940
2025-12-01 11:47:56,309 - INFO - 
--- Fold 4/5 ---
2025-12-01 11:47:56,309 - INFO - Train size: 44, Test size: 11
2025-12-01 11:47:56,309 - INFO - Train class balance - 0: 19, 1: 25
2025-12-01 11:47:56,310 - INFO - Test class balance  - 0: 5, 1: 6
2025-12-01 11:47:56,336 - INFO - Training fold 4 with early stopping (patience=50)...
2025-12-01 11:47:56,360 - INFO - Epoch 1/200 | Train Loss: 0.825722 | Val Loss: 0.823050 | Best Val Loss: inf (epoch 1)
2025-12-01 11:47:56,563 - INFO - Epoch 10/200 | Train Loss: 0.099046 | Val Loss: 1.400869 | Best Val Loss: inf (epoch 1)
2025-12-01 11:47:56,789 - INFO - Epoch 20/200 | Train Loss: 0.000088 | Val Loss: 2.233099 | Best Val Loss: inf (epoch 1)
2025-12-01 11:47:57,016 - INFO - Epoch 30/200 | Train Loss: 0.000032 | Val Loss: 2.281226 | Best Val Loss: inf (epoch 1)
2025-12-01 11:47:57,241 - INFO - Epoch 40/200 | Train Loss: 0.000067 | Val Loss: 2.367311 | Best Val Loss: inf (epoch 1)
2025-12-01 11:47:57,465 - INFO - Epoch 50/200 | Train Loss: 0.000027 | Val Loss: 2.442333 | Best Val Loss: inf (epoch 1)
2025-12-01 11:47:57,709 - INFO - Epoch 60/200 | Train Loss: 0.000031 | Val Loss: 2.512036 | Best Val Loss: 2.447140 (epoch 51)
2025-12-01 11:47:57,932 - INFO - Epoch 70/200 | Train Loss: 0.000051 | Val Loss: 2.578968 | Best Val Loss: 2.447140 (epoch 51)
2025-12-01 11:47:58,155 - INFO - Epoch 80/200 | Train Loss: 0.000018 | Val Loss: 2.628337 | Best Val Loss: 2.447140 (epoch 51)
2025-12-01 11:47:58,378 - INFO - Epoch 90/200 | Train Loss: 0.000015 | Val Loss: 2.663045 | Best Val Loss: 2.447140 (epoch 51)
2025-12-01 11:47:58,603 - INFO - Epoch 100/200 | Train Loss: 0.000017 | Val Loss: 2.720177 | Best Val Loss: 2.447140 (epoch 51)
2025-12-01 11:47:58,625 - INFO - Early stopping triggered at epoch 101! Best validation loss: 2.447140 at epoch 51
2025-12-01 11:47:58,641 - INFO - Loaded best model from epoch 51
2025-12-01 11:47:58,644 - INFO - Optimal Youden threshold: 1.0000
2025-12-01 11:47:58,659 - INFO - Fold 4 Results - Acc: 0.7273, F1: 0.6667, AUC: 0.7333, AP: 0.8302
2025-12-01 11:47:58,659 - INFO - 
--- Fold 5/5 ---
2025-12-01 11:47:58,659 - INFO - Train size: 44, Test size: 11
2025-12-01 11:47:58,659 - INFO - Train class balance - 0: 20, 1: 24
2025-12-01 11:47:58,659 - INFO - Test class balance  - 0: 4, 1: 7
2025-12-01 11:47:58,683 - INFO - Training fold 5 with early stopping (patience=50)...
2025-12-01 11:47:58,707 - INFO - Epoch 1/200 | Train Loss: 0.709898 | Val Loss: 0.591269 | Best Val Loss: inf (epoch 1)
2025-12-01 11:47:58,907 - INFO - Epoch 10/200 | Train Loss: 0.142364 | Val Loss: 1.169100 | Best Val Loss: inf (epoch 1)
2025-12-01 11:47:59,131 - INFO - Epoch 20/200 | Train Loss: 0.000219 | Val Loss: 2.551044 | Best Val Loss: inf (epoch 1)
2025-12-01 11:47:59,355 - INFO - Epoch 30/200 | Train Loss: 0.000040 | Val Loss: 2.000956 | Best Val Loss: inf (epoch 1)
2025-12-01 11:47:59,580 - INFO - Epoch 40/200 | Train Loss: 0.004740 | Val Loss: 3.500561 | Best Val Loss: inf (epoch 1)
2025-12-01 11:47:59,806 - INFO - Epoch 50/200 | Train Loss: 0.000435 | Val Loss: 3.047657 | Best Val Loss: inf (epoch 1)
2025-12-01 11:48:00,053 - INFO - Epoch 60/200 | Train Loss: 0.000090 | Val Loss: 3.666548 | Best Val Loss: 3.177537 (epoch 51)
2025-12-01 11:48:00,320 - INFO - Epoch 70/200 | Train Loss: 0.000206 | Val Loss: 3.290008 | Best Val Loss: 2.083422 (epoch 64)
2025-12-01 11:48:00,551 - INFO - Epoch 80/200 | Train Loss: 0.000053 | Val Loss: 3.470222 | Best Val Loss: 2.083422 (epoch 64)
2025-12-01 11:48:00,777 - INFO - Epoch 90/200 | Train Loss: 0.000050 | Val Loss: 3.579084 | Best Val Loss: 2.083422 (epoch 64)
2025-12-01 11:48:01,005 - INFO - Epoch 100/200 | Train Loss: 0.000021 | Val Loss: 3.671354 | Best Val Loss: 2.083422 (epoch 64)
2025-12-01 11:48:01,230 - INFO - Epoch 110/200 | Train Loss: 0.000090 | Val Loss: 3.783979 | Best Val Loss: 2.083422 (epoch 64)
2025-12-01 11:48:01,319 - INFO - Early stopping triggered at epoch 114! Best validation loss: 2.083422 at epoch 64
2025-12-01 11:48:01,334 - INFO - Loaded best model from epoch 64
2025-12-01 11:48:01,337 - INFO - Optimal Youden threshold: 0.9881
2025-12-01 11:48:01,349 - INFO - Fold 5 Results - Acc: 0.7273, F1: 0.7273, AUC: 0.7143, AP: 0.8766
2025-12-01 11:48:01,349 - INFO - 
============================================================
2025-12-01 11:48:01,349 - INFO - FINAL CROSS-VALIDATION RESULTS FOR: Treatment_Response_ALL_Thresh0.25
2025-12-01 11:48:01,349 - INFO - ACC       : 0.8182 ± 0.0996
2025-12-01 11:48:01,349 - INFO - F1        : 0.8102 ± 0.1147
2025-12-01 11:48:01,349 - INFO - PRECISION : 0.9500 ± 0.1000
2025-12-01 11:48:01,350 - INFO - RECALL    : 0.7476 ± 0.2127
2025-12-01 11:48:01,350 - INFO - AUC       : 0.7562 ± 0.1316
2025-12-01 11:48:01,350 - INFO - AP        : 0.8320 ± 0.1324
2025-12-01 11:48:01,350 - INFO - ============================================================

2025-12-01 11:48:01,354 - INFO - Results saved to final_results_Treatment_Response_ALL_Thresh0.25.json
2025-12-01 11:48:01,354 - INFO - Total execution time: 18.01 seconds
2025-12-01 11:48:08,511 - INFO - Using device: cuda
2025-12-01 11:48:08,511 - INFO - Hyperparameters: {
  "batch_size": 8,
  "learning_rate": 0.0005,
  "num_epochs": 200,
  "hidden_dim": 512,
  "num_blocks": 6,
  "dropout": 0.3,
  "feature_type": "ALL",
  "improvement_threshold": 0.25
}
2025-12-01 11:48:08,511 - INFO - Starting treatment response prediction pipeline
2025-12-01 11:48:08,512 - INFO - Building diff file index (mean_anomaly & mean_distortion)...
2025-12-01 11:48:08,513 - WARNING - Duplicate patient ID found: stn02, skipping additional entry
2025-12-01 11:48:08,513 - WARNING - Duplicate patient ID found: gpi11, skipping additional entry
2025-12-01 11:48:08,513 - WARNING - Duplicate patient ID found: gpi02, skipping additional entry
2025-12-01 11:48:08,513 - WARNING - Duplicate patient ID found: gpi19, skipping additional entry
2025-12-01 11:48:08,513 - WARNING - Duplicate patient ID found: stn23, skipping additional entry
2025-12-01 11:48:08,514 - WARNING - Duplicate patient ID found: stn03, skipping additional entry
2025-12-01 11:48:08,514 - WARNING - Duplicate patient ID found: gpi20, skipping additional entry
2025-12-01 11:48:08,514 - WARNING - Duplicate patient ID found: stn04, skipping additional entry
2025-12-01 11:48:08,514 - WARNING - Duplicate patient ID found: stn24, skipping additional entry
2025-12-01 11:48:08,514 - WARNING - Duplicate patient ID found: gpi04, skipping additional entry
2025-12-01 11:48:08,514 - WARNING - Duplicate patient ID found: gpi15, skipping additional entry
2025-12-01 11:48:08,514 - WARNING - Duplicate patient ID found: stn19, skipping additional entry
2025-12-01 11:48:08,515 - WARNING - Duplicate patient ID found: stn08, skipping additional entry
2025-12-01 11:48:08,515 - WARNING - Duplicate patient ID found: stn11, skipping additional entry
2025-12-01 11:48:08,515 - WARNING - Duplicate patient ID found: gpi07, skipping additional entry
2025-12-01 11:48:08,515 - WARNING - Duplicate patient ID found: gpi26, skipping additional entry
2025-12-01 11:48:08,515 - WARNING - Duplicate patient ID found: stn13, skipping additional entry
2025-12-01 11:48:08,515 - WARNING - Duplicate patient ID found: gpi06, skipping additional entry
2025-12-01 11:48:08,515 - WARNING - Duplicate patient ID found: stn30, skipping additional entry
2025-12-01 11:48:08,515 - WARNING - Duplicate patient ID found: stn18, skipping additional entry
2025-12-01 11:48:08,515 - WARNING - Duplicate patient ID found: gpi24, skipping additional entry
2025-12-01 11:48:08,515 - WARNING - Duplicate patient ID found: gpi13, skipping additional entry
2025-12-01 11:48:08,515 - WARNING - Duplicate patient ID found: stn07, skipping additional entry
2025-12-01 11:48:08,516 - WARNING - Duplicate patient ID found: stn20, skipping additional entry
2025-12-01 11:48:08,516 - WARNING - Duplicate patient ID found: gpi12, skipping additional entry
2025-12-01 11:48:08,516 - WARNING - Duplicate patient ID found: stn01, skipping additional entry
2025-12-01 11:48:08,516 - WARNING - Duplicate patient ID found: gpi22, skipping additional entry
2025-12-01 11:48:08,516 - WARNING - Duplicate patient ID found: gpi18, skipping additional entry
2025-12-01 11:48:08,516 - WARNING - Duplicate patient ID found: gpi09, skipping additional entry
2025-12-01 11:48:08,516 - WARNING - Duplicate patient ID found: gpi25, skipping additional entry
2025-12-01 11:48:08,516 - WARNING - Duplicate patient ID found: stn29, skipping additional entry
2025-12-01 11:48:08,516 - WARNING - Duplicate patient ID found: gpi31, skipping additional entry
2025-12-01 11:48:08,517 - WARNING - Duplicate patient ID found: stn10, skipping additional entry
2025-12-01 11:48:08,517 - WARNING - Duplicate patient ID found: gpi28, skipping additional entry
2025-12-01 11:48:08,517 - WARNING - Duplicate patient ID found: stn31, skipping additional entry
2025-12-01 11:48:08,517 - WARNING - Duplicate patient ID found: gpi03, skipping additional entry
2025-12-01 11:48:08,517 - WARNING - Duplicate patient ID found: gpi05, skipping additional entry
2025-12-01 11:48:08,517 - WARNING - Duplicate patient ID found: stn25, skipping additional entry
2025-12-01 11:48:08,517 - WARNING - Duplicate patient ID found: gpi08, skipping additional entry
2025-12-01 11:48:08,517 - WARNING - Duplicate patient ID found: gpi27, skipping additional entry
2025-12-01 11:48:08,517 - WARNING - Duplicate patient ID found: stn16, skipping additional entry
2025-12-01 11:48:08,517 - WARNING - Duplicate patient ID found: gpi23, skipping additional entry
2025-12-01 11:48:08,517 - WARNING - Duplicate patient ID found: stn09, skipping additional entry
2025-12-01 11:48:08,517 - WARNING - Duplicate patient ID found: stn28, skipping additional entry
2025-12-01 11:48:08,518 - WARNING - Duplicate patient ID found: stn06, skipping additional entry
2025-12-01 11:48:08,518 - WARNING - Duplicate patient ID found: stn12, skipping additional entry
2025-12-01 11:48:08,518 - WARNING - Duplicate patient ID found: gpi16, skipping additional entry
2025-12-01 11:48:08,518 - WARNING - Duplicate patient ID found: gpi30, skipping additional entry
2025-12-01 11:48:08,518 - WARNING - Duplicate patient ID found: stn21, skipping additional entry
2025-12-01 11:48:08,518 - WARNING - Duplicate patient ID found: stn22, skipping additional entry
2025-12-01 11:48:08,518 - WARNING - Duplicate patient ID found: stn14, skipping additional entry
2025-12-01 11:48:08,518 - WARNING - Duplicate patient ID found: gpi17, skipping additional entry
2025-12-01 11:48:08,518 - WARNING - Duplicate patient ID found: gpi21, skipping additional entry
2025-12-01 11:48:08,518 - WARNING - Duplicate patient ID found: gpi32, skipping additional entry
2025-12-01 11:48:08,518 - WARNING - Duplicate patient ID found: stn15, skipping additional entry
2025-12-01 11:48:08,518 - INFO - Built diff index with 71 patients
2025-12-01 11:48:08,518 - INFO - Parsing UPDRS data with diff features...
2025-12-01 11:48:08,532 - INFO - Found 55 valid samples
2025-12-01 11:48:08,532 - INFO - Preparing feature matrices with diff features...
2025-12-01 11:48:08,565 - INFO - Feature matrix shape: (55, 365), Class distribution: [24 31]
2025-12-01 11:48:08,565 - INFO - 
============================================================
2025-12-01 11:48:08,565 - INFO - Starting Cross-Validation Experiment: Treatment_Response_ALL_Thresh0.25
2025-12-01 11:48:08,565 - INFO - Total samples: 55 | Class distribution: [24 31]
2025-12-01 11:48:08,566 - INFO - 
--- Fold 1/5 ---
2025-12-01 11:48:08,566 - INFO - Train size: 44, Test size: 11
2025-12-01 11:48:08,566 - INFO - Train class balance - 0: 19, 1: 25
2025-12-01 11:48:08,567 - INFO - Test class balance  - 0: 5, 1: 6
2025-12-01 11:48:09,359 - INFO - Training fold 1 with early stopping (patience=50)...
2025-12-01 11:48:09,516 - INFO - Epoch 1/200 | Train Loss: 0.824915 | Val Loss: 0.795240 | Best Val Loss: inf (epoch 1)
2025-12-01 11:48:09,721 - INFO - Epoch 10/200 | Train Loss: 0.231565 | Val Loss: 1.184976 | Best Val Loss: inf (epoch 1)
2025-12-01 11:48:09,945 - INFO - Epoch 20/200 | Train Loss: 0.000115 | Val Loss: 3.146233 | Best Val Loss: inf (epoch 1)
2025-12-01 11:48:10,168 - INFO - Epoch 30/200 | Train Loss: 0.000044 | Val Loss: 3.203333 | Best Val Loss: inf (epoch 1)
2025-12-01 11:48:10,388 - INFO - Epoch 40/200 | Train Loss: 0.000043 | Val Loss: 3.247553 | Best Val Loss: inf (epoch 1)
2025-12-01 11:48:10,609 - INFO - Epoch 50/200 | Train Loss: 0.000064 | Val Loss: 3.291680 | Best Val Loss: inf (epoch 1)
2025-12-01 11:48:10,849 - INFO - Epoch 60/200 | Train Loss: 0.000022 | Val Loss: 3.342345 | Best Val Loss: 3.298351 (epoch 51)
2025-12-01 11:48:11,070 - INFO - Epoch 70/200 | Train Loss: 0.000019 | Val Loss: 3.386614 | Best Val Loss: 3.298351 (epoch 51)
2025-12-01 11:48:11,292 - INFO - Epoch 80/200 | Train Loss: 0.000031 | Val Loss: 3.423658 | Best Val Loss: 3.298351 (epoch 51)
2025-12-01 11:48:11,515 - INFO - Epoch 90/200 | Train Loss: 0.000021 | Val Loss: 3.463208 | Best Val Loss: 3.298351 (epoch 51)
2025-12-01 11:48:11,735 - INFO - Epoch 100/200 | Train Loss: 0.000019 | Val Loss: 3.492740 | Best Val Loss: 3.298351 (epoch 51)
2025-12-01 11:48:11,757 - INFO - Early stopping triggered at epoch 101! Best validation loss: 3.298351 at epoch 51
2025-12-01 11:48:11,773 - INFO - Loaded best model from epoch 51
2025-12-01 11:48:11,776 - INFO - Optimal Youden threshold: 0.9997
2025-12-01 11:48:11,792 - INFO - Fold 1 Results - Acc: 0.7273, F1: 0.7273, AUC: 0.5333, AP: 0.6270
2025-12-01 11:48:11,792 - INFO - 
--- Fold 2/5 ---
2025-12-01 11:48:11,792 - INFO - Train size: 44, Test size: 11
2025-12-01 11:48:11,793 - INFO - Train class balance - 0: 19, 1: 25
2025-12-01 11:48:11,793 - INFO - Test class balance  - 0: 5, 1: 6
2025-12-01 11:48:11,817 - INFO - Training fold 2 with early stopping (patience=50)...
2025-12-01 11:48:11,841 - INFO - Epoch 1/200 | Train Loss: 0.768672 | Val Loss: 0.761515 | Best Val Loss: inf (epoch 1)
2025-12-01 11:48:12,039 - INFO - Epoch 10/200 | Train Loss: 0.220378 | Val Loss: 0.878072 | Best Val Loss: inf (epoch 1)
2025-12-01 11:48:12,261 - INFO - Epoch 20/200 | Train Loss: 0.072219 | Val Loss: 1.067341 | Best Val Loss: inf (epoch 1)
2025-12-01 11:48:12,482 - INFO - Epoch 30/200 | Train Loss: 0.000358 | Val Loss: 1.080659 | Best Val Loss: inf (epoch 1)
2025-12-01 11:48:12,704 - INFO - Epoch 40/200 | Train Loss: 0.000099 | Val Loss: 1.451741 | Best Val Loss: inf (epoch 1)
2025-12-01 11:48:12,925 - INFO - Epoch 50/200 | Train Loss: 0.000024 | Val Loss: 1.445440 | Best Val Loss: inf (epoch 1)
2025-12-01 11:48:13,187 - INFO - Epoch 60/200 | Train Loss: 0.001932 | Val Loss: 1.221175 | Best Val Loss: 0.321653 (epoch 56)
2025-12-01 11:48:13,410 - INFO - Epoch 70/200 | Train Loss: 0.000072 | Val Loss: 1.677281 | Best Val Loss: 0.321653 (epoch 56)
2025-12-01 11:48:13,632 - INFO - Epoch 80/200 | Train Loss: 0.000047 | Val Loss: 1.799301 | Best Val Loss: 0.321653 (epoch 56)
2025-12-01 11:48:13,853 - INFO - Epoch 90/200 | Train Loss: 0.000038 | Val Loss: 1.880631 | Best Val Loss: 0.321653 (epoch 56)
2025-12-01 11:48:14,073 - INFO - Epoch 100/200 | Train Loss: 0.000019 | Val Loss: 1.940248 | Best Val Loss: 0.321653 (epoch 56)
2025-12-01 11:48:14,206 - INFO - Early stopping triggered at epoch 106! Best validation loss: 0.321653 at epoch 56
2025-12-01 11:48:14,221 - INFO - Loaded best model from epoch 56
2025-12-01 11:48:14,225 - INFO - Optimal Youden threshold: 0.9514
2025-12-01 11:48:14,237 - INFO - Fold 2 Results - Acc: 0.9091, F1: 0.9091, AUC: 0.9667, AP: 0.9762
2025-12-01 11:48:14,237 - INFO - 
--- Fold 3/5 ---
2025-12-01 11:48:14,237 - INFO - Train size: 44, Test size: 11
2025-12-01 11:48:14,237 - INFO - Train class balance - 0: 19, 1: 25
2025-12-01 11:48:14,237 - INFO - Test class balance  - 0: 5, 1: 6
2025-12-01 11:48:14,261 - INFO - Training fold 3 with early stopping (patience=50)...
2025-12-01 11:48:14,285 - INFO - Epoch 1/200 | Train Loss: 0.812363 | Val Loss: 0.863501 | Best Val Loss: inf (epoch 1)
2025-12-01 11:48:14,485 - INFO - Epoch 10/200 | Train Loss: 0.111693 | Val Loss: 3.918153 | Best Val Loss: inf (epoch 1)
2025-12-01 11:48:14,706 - INFO - Epoch 20/200 | Train Loss: 0.051834 | Val Loss: 2.448985 | Best Val Loss: inf (epoch 1)
2025-12-01 11:48:14,928 - INFO - Epoch 30/200 | Train Loss: 0.000129 | Val Loss: 4.239795 | Best Val Loss: inf (epoch 1)
2025-12-01 11:48:15,150 - INFO - Epoch 40/200 | Train Loss: 0.000062 | Val Loss: 4.514538 | Best Val Loss: inf (epoch 1)
2025-12-01 11:48:15,372 - INFO - Epoch 50/200 | Train Loss: 0.000058 | Val Loss: 4.659187 | Best Val Loss: inf (epoch 1)
2025-12-01 11:48:15,609 - INFO - Epoch 60/200 | Train Loss: 0.000089 | Val Loss: 4.783883 | Best Val Loss: 4.672652 (epoch 51)
2025-12-01 11:48:15,832 - INFO - Epoch 70/200 | Train Loss: 0.000041 | Val Loss: 4.912010 | Best Val Loss: 4.672652 (epoch 51)
2025-12-01 11:48:16,055 - INFO - Epoch 80/200 | Train Loss: 0.000014 | Val Loss: 5.023438 | Best Val Loss: 4.672652 (epoch 51)
2025-12-01 11:48:16,277 - INFO - Epoch 90/200 | Train Loss: 0.000020 | Val Loss: 5.103801 | Best Val Loss: 4.672652 (epoch 51)
2025-12-01 11:48:16,500 - INFO - Epoch 100/200 | Train Loss: 0.000021 | Val Loss: 5.191435 | Best Val Loss: 4.672652 (epoch 51)
2025-12-01 11:48:16,523 - INFO - Early stopping triggered at epoch 101! Best validation loss: 4.672652 at epoch 51
2025-12-01 11:48:16,538 - INFO - Loaded best model from epoch 51
2025-12-01 11:48:16,541 - INFO - Optimal Youden threshold: 1.0000
2025-12-01 11:48:16,554 - INFO - Fold 3 Results - Acc: 0.6364, F1: 0.5000, AUC: 0.6000, AP: 0.7327
2025-12-01 11:48:16,554 - INFO - 
--- Fold 4/5 ---
2025-12-01 11:48:16,554 - INFO - Train size: 44, Test size: 11
2025-12-01 11:48:16,554 - INFO - Train class balance - 0: 19, 1: 25
2025-12-01 11:48:16,554 - INFO - Test class balance  - 0: 5, 1: 6
2025-12-01 11:48:16,579 - INFO - Training fold 4 with early stopping (patience=50)...
2025-12-01 11:48:16,602 - INFO - Epoch 1/200 | Train Loss: 0.928581 | Val Loss: 0.790406 | Best Val Loss: inf (epoch 1)
2025-12-01 11:48:16,801 - INFO - Epoch 10/200 | Train Loss: 0.039133 | Val Loss: 0.675643 | Best Val Loss: inf (epoch 1)
2025-12-01 11:48:17,022 - INFO - Epoch 20/200 | Train Loss: 0.011084 | Val Loss: 1.008910 | Best Val Loss: inf (epoch 1)
2025-12-01 11:48:17,242 - INFO - Epoch 30/200 | Train Loss: 0.006418 | Val Loss: 2.347190 | Best Val Loss: inf (epoch 1)
2025-12-01 11:48:17,462 - INFO - Epoch 40/200 | Train Loss: 0.000142 | Val Loss: 1.731612 | Best Val Loss: inf (epoch 1)
2025-12-01 11:48:17,683 - INFO - Epoch 50/200 | Train Loss: 0.000086 | Val Loss: 2.105471 | Best Val Loss: inf (epoch 1)
2025-12-01 11:48:17,980 - INFO - Epoch 60/200 | Train Loss: 0.000062 | Val Loss: 1.654656 | Best Val Loss: 1.576284 (epoch 55)
2025-12-01 11:48:18,201 - INFO - Epoch 70/200 | Train Loss: 0.000039 | Val Loss: 1.822951 | Best Val Loss: 1.576284 (epoch 55)
2025-12-01 11:48:18,422 - INFO - Epoch 80/200 | Train Loss: 0.000031 | Val Loss: 1.909201 | Best Val Loss: 1.576284 (epoch 55)
2025-12-01 11:48:18,643 - INFO - Epoch 90/200 | Train Loss: 0.000020 | Val Loss: 2.096106 | Best Val Loss: 1.576284 (epoch 55)
2025-12-01 11:48:18,863 - INFO - Epoch 100/200 | Train Loss: 0.000021 | Val Loss: 2.144264 | Best Val Loss: 1.576284 (epoch 55)
2025-12-01 11:48:18,974 - INFO - Early stopping triggered at epoch 105! Best validation loss: 1.576284 at epoch 55
2025-12-01 11:48:18,990 - INFO - Loaded best model from epoch 55
2025-12-01 11:48:18,994 - INFO - Optimal Youden threshold: 0.7663
2025-12-01 11:48:19,014 - INFO - Fold 4 Results - Acc: 0.8182, F1: 0.8000, AUC: 0.8333, AP: 0.9056
2025-12-01 11:48:19,014 - INFO - 
--- Fold 5/5 ---
2025-12-01 11:48:19,014 - INFO - Train size: 44, Test size: 11
2025-12-01 11:48:19,014 - INFO - Train class balance - 0: 20, 1: 24
2025-12-01 11:48:19,014 - INFO - Test class balance  - 0: 4, 1: 7
2025-12-01 11:48:19,038 - INFO - Training fold 5 with early stopping (patience=50)...
2025-12-01 11:48:19,062 - INFO - Epoch 1/200 | Train Loss: 0.759146 | Val Loss: 0.761011 | Best Val Loss: inf (epoch 1)
2025-12-01 11:48:19,262 - INFO - Epoch 10/200 | Train Loss: 0.002351 | Val Loss: 2.027930 | Best Val Loss: inf (epoch 1)
2025-12-01 11:48:19,485 - INFO - Epoch 20/200 | Train Loss: 0.000237 | Val Loss: 3.910417 | Best Val Loss: inf (epoch 1)
2025-12-01 11:48:19,707 - INFO - Epoch 30/200 | Train Loss: 0.000035 | Val Loss: 3.952804 | Best Val Loss: inf (epoch 1)
2025-12-01 11:48:19,929 - INFO - Epoch 40/200 | Train Loss: 0.000058 | Val Loss: 4.029475 | Best Val Loss: inf (epoch 1)
2025-12-01 11:48:20,151 - INFO - Epoch 50/200 | Train Loss: 0.000049 | Val Loss: 4.168407 | Best Val Loss: inf (epoch 1)
2025-12-01 11:48:20,475 - INFO - Epoch 60/200 | Train Loss: 0.000019 | Val Loss: 4.310996 | Best Val Loss: 4.069926 (epoch 55)
2025-12-01 11:48:20,697 - INFO - Epoch 70/200 | Train Loss: 0.000019 | Val Loss: 4.379261 | Best Val Loss: 4.069926 (epoch 55)
2025-12-01 11:48:20,920 - INFO - Epoch 80/200 | Train Loss: 0.000010 | Val Loss: 4.407561 | Best Val Loss: 4.069926 (epoch 55)
2025-12-01 11:48:21,143 - INFO - Epoch 90/200 | Train Loss: 0.000012 | Val Loss: 4.411212 | Best Val Loss: 4.069926 (epoch 55)
2025-12-01 11:48:21,365 - INFO - Epoch 100/200 | Train Loss: 0.000013 | Val Loss: 4.490840 | Best Val Loss: 4.069926 (epoch 55)
2025-12-01 11:48:21,476 - INFO - Early stopping triggered at epoch 105! Best validation loss: 4.069926 at epoch 55
2025-12-01 11:48:21,492 - INFO - Loaded best model from epoch 55
2025-12-01 11:48:21,495 - INFO - Optimal Youden threshold: 1.0000
2025-12-01 11:48:21,507 - INFO - Fold 5 Results - Acc: 0.6364, F1: 0.6000, AUC: 0.5714, AP: 0.8025
2025-12-01 11:48:21,508 - INFO - 
============================================================
2025-12-01 11:48:21,508 - INFO - FINAL CROSS-VALIDATION RESULTS FOR: Treatment_Response_ALL_Thresh0.25
2025-12-01 11:48:21,508 - INFO - ACC       : 0.7455 ± 0.1060
2025-12-01 11:48:21,508 - INFO - F1        : 0.7073 ± 0.1444
2025-12-01 11:48:21,508 - INFO - PRECISION : 0.9600 ± 0.0800
2025-12-01 11:48:21,508 - INFO - RECALL    : 0.5857 ± 0.1805
2025-12-01 11:48:21,508 - INFO - AUC       : 0.7010 ± 0.1692
2025-12-01 11:48:21,508 - INFO - AP        : 0.8088 ± 0.1235
2025-12-01 11:48:21,508 - INFO - ============================================================

2025-12-01 11:48:21,514 - INFO - Results saved to final_results_Treatment_Response_ALL_Thresh0.25.json
2025-12-01 11:48:21,514 - INFO - Total execution time: 13.00 seconds
2025-12-01 11:48:29,479 - INFO - Using device: cuda
2025-12-01 11:48:29,479 - INFO - Hyperparameters: {
  "batch_size": 8,
  "learning_rate": 0.0005,
  "num_epochs": 200,
  "hidden_dim": 512,
  "num_blocks": 6,
  "dropout": 0.3,
  "feature_type": "ALL",
  "improvement_threshold": 0.25
}
2025-12-01 11:48:29,479 - INFO - Starting treatment response prediction pipeline
2025-12-01 11:48:29,479 - INFO - Building diff file index (mean_anomaly & mean_distortion)...
2025-12-01 11:48:29,481 - WARNING - Duplicate patient ID found: stn02, skipping additional entry
2025-12-01 11:48:29,481 - WARNING - Duplicate patient ID found: gpi11, skipping additional entry
2025-12-01 11:48:29,481 - WARNING - Duplicate patient ID found: gpi02, skipping additional entry
2025-12-01 11:48:29,481 - WARNING - Duplicate patient ID found: gpi19, skipping additional entry
2025-12-01 11:48:29,481 - WARNING - Duplicate patient ID found: stn23, skipping additional entry
2025-12-01 11:48:29,482 - WARNING - Duplicate patient ID found: stn03, skipping additional entry
2025-12-01 11:48:29,482 - WARNING - Duplicate patient ID found: gpi20, skipping additional entry
2025-12-01 11:48:29,482 - WARNING - Duplicate patient ID found: stn04, skipping additional entry
2025-12-01 11:48:29,482 - WARNING - Duplicate patient ID found: stn24, skipping additional entry
2025-12-01 11:48:29,482 - WARNING - Duplicate patient ID found: gpi04, skipping additional entry
2025-12-01 11:48:29,482 - WARNING - Duplicate patient ID found: gpi15, skipping additional entry
2025-12-01 11:48:29,482 - WARNING - Duplicate patient ID found: stn19, skipping additional entry
2025-12-01 11:48:29,482 - WARNING - Duplicate patient ID found: stn08, skipping additional entry
2025-12-01 11:48:29,483 - WARNING - Duplicate patient ID found: stn11, skipping additional entry
2025-12-01 11:48:29,483 - WARNING - Duplicate patient ID found: gpi07, skipping additional entry
2025-12-01 11:48:29,483 - WARNING - Duplicate patient ID found: gpi26, skipping additional entry
2025-12-01 11:48:29,483 - WARNING - Duplicate patient ID found: stn13, skipping additional entry
2025-12-01 11:48:29,483 - WARNING - Duplicate patient ID found: gpi06, skipping additional entry
2025-12-01 11:48:29,483 - WARNING - Duplicate patient ID found: stn30, skipping additional entry
2025-12-01 11:48:29,483 - WARNING - Duplicate patient ID found: stn18, skipping additional entry
2025-12-01 11:48:29,483 - WARNING - Duplicate patient ID found: gpi24, skipping additional entry
2025-12-01 11:48:29,483 - WARNING - Duplicate patient ID found: gpi13, skipping additional entry
2025-12-01 11:48:29,483 - WARNING - Duplicate patient ID found: stn07, skipping additional entry
2025-12-01 11:48:29,484 - WARNING - Duplicate patient ID found: stn20, skipping additional entry
2025-12-01 11:48:29,484 - WARNING - Duplicate patient ID found: gpi12, skipping additional entry
2025-12-01 11:48:29,484 - WARNING - Duplicate patient ID found: stn01, skipping additional entry
2025-12-01 11:48:29,484 - WARNING - Duplicate patient ID found: gpi22, skipping additional entry
2025-12-01 11:48:29,484 - WARNING - Duplicate patient ID found: gpi18, skipping additional entry
2025-12-01 11:48:29,484 - WARNING - Duplicate patient ID found: gpi09, skipping additional entry
2025-12-01 11:48:29,484 - WARNING - Duplicate patient ID found: gpi25, skipping additional entry
2025-12-01 11:48:29,484 - WARNING - Duplicate patient ID found: stn29, skipping additional entry
2025-12-01 11:48:29,484 - WARNING - Duplicate patient ID found: gpi31, skipping additional entry
2025-12-01 11:48:29,485 - WARNING - Duplicate patient ID found: stn10, skipping additional entry
2025-12-01 11:48:29,485 - WARNING - Duplicate patient ID found: gpi28, skipping additional entry
2025-12-01 11:48:29,485 - WARNING - Duplicate patient ID found: stn31, skipping additional entry
2025-12-01 11:48:29,485 - WARNING - Duplicate patient ID found: gpi03, skipping additional entry
2025-12-01 11:48:29,485 - WARNING - Duplicate patient ID found: gpi05, skipping additional entry
2025-12-01 11:48:29,485 - WARNING - Duplicate patient ID found: stn25, skipping additional entry
2025-12-01 11:48:29,485 - WARNING - Duplicate patient ID found: gpi08, skipping additional entry
2025-12-01 11:48:29,485 - WARNING - Duplicate patient ID found: gpi27, skipping additional entry
2025-12-01 11:48:29,485 - WARNING - Duplicate patient ID found: stn16, skipping additional entry
2025-12-01 11:48:29,485 - WARNING - Duplicate patient ID found: gpi23, skipping additional entry
2025-12-01 11:48:29,485 - WARNING - Duplicate patient ID found: stn09, skipping additional entry
2025-12-01 11:48:29,485 - WARNING - Duplicate patient ID found: stn28, skipping additional entry
2025-12-01 11:48:29,485 - WARNING - Duplicate patient ID found: stn06, skipping additional entry
2025-12-01 11:48:29,486 - WARNING - Duplicate patient ID found: stn12, skipping additional entry
2025-12-01 11:48:29,486 - WARNING - Duplicate patient ID found: gpi16, skipping additional entry
2025-12-01 11:48:29,486 - WARNING - Duplicate patient ID found: gpi30, skipping additional entry
2025-12-01 11:48:29,486 - WARNING - Duplicate patient ID found: stn21, skipping additional entry
2025-12-01 11:48:29,486 - WARNING - Duplicate patient ID found: stn22, skipping additional entry
2025-12-01 11:48:29,486 - WARNING - Duplicate patient ID found: stn14, skipping additional entry
2025-12-01 11:48:29,486 - WARNING - Duplicate patient ID found: gpi17, skipping additional entry
2025-12-01 11:48:29,486 - WARNING - Duplicate patient ID found: gpi21, skipping additional entry
2025-12-01 11:48:29,486 - WARNING - Duplicate patient ID found: gpi32, skipping additional entry
2025-12-01 11:48:29,486 - WARNING - Duplicate patient ID found: stn15, skipping additional entry
2025-12-01 11:48:29,486 - INFO - Built diff index with 71 patients
2025-12-01 11:48:29,486 - INFO - Parsing UPDRS data with diff features...
2025-12-01 11:48:29,500 - INFO - Found 55 valid samples
2025-12-01 11:48:29,501 - INFO - Preparing feature matrices with diff features...
2025-12-01 11:48:29,536 - INFO - Feature matrix shape: (55, 365), Class distribution: [24 31]
2025-12-01 11:48:29,536 - INFO - 
============================================================
2025-12-01 11:48:29,536 - INFO - Starting Cross-Validation Experiment: Treatment_Response_ALL_Thresh0.25
2025-12-01 11:48:29,536 - INFO - Total samples: 55 | Class distribution: [24 31]
2025-12-01 11:48:29,537 - INFO - 
--- Fold 1/5 ---
2025-12-01 11:48:29,537 - INFO - Train size: 44, Test size: 11
2025-12-01 11:48:29,537 - INFO - Train class balance - 0: 19, 1: 25
2025-12-01 11:48:29,537 - INFO - Test class balance  - 0: 5, 1: 6
2025-12-01 11:48:30,321 - INFO - Training fold 1 with early stopping (patience=50)...
2025-12-01 11:48:30,477 - INFO - Epoch 1/200 | Train Loss: 0.781216 | Val Loss: 0.660566 | Best Val Loss: inf (epoch 1)
2025-12-01 11:48:30,679 - INFO - Epoch 10/200 | Train Loss: 0.090864 | Val Loss: 2.118394 | Best Val Loss: inf (epoch 1)
2025-12-01 11:48:30,902 - INFO - Epoch 20/200 | Train Loss: 0.001327 | Val Loss: 3.306660 | Best Val Loss: inf (epoch 1)
2025-12-01 11:48:31,124 - INFO - Epoch 30/200 | Train Loss: 0.000072 | Val Loss: 3.376779 | Best Val Loss: inf (epoch 1)
2025-12-01 11:48:31,348 - INFO - Epoch 40/200 | Train Loss: 0.000081 | Val Loss: 3.525365 | Best Val Loss: inf (epoch 1)
2025-12-01 11:48:31,571 - INFO - Epoch 50/200 | Train Loss: 0.000048 | Val Loss: 3.653994 | Best Val Loss: inf (epoch 1)
2025-12-01 11:48:31,813 - INFO - Epoch 60/200 | Train Loss: 0.000057 | Val Loss: 3.777274 | Best Val Loss: 3.665799 (epoch 51)
2025-12-01 11:48:32,036 - INFO - Epoch 70/200 | Train Loss: 0.000023 | Val Loss: 3.865085 | Best Val Loss: 3.665799 (epoch 51)
2025-12-01 11:48:32,259 - INFO - Epoch 80/200 | Train Loss: 0.000028 | Val Loss: 3.906605 | Best Val Loss: 3.665799 (epoch 51)
2025-12-01 11:48:32,485 - INFO - Epoch 90/200 | Train Loss: 0.000026 | Val Loss: 3.970173 | Best Val Loss: 3.665799 (epoch 51)
2025-12-01 11:48:32,708 - INFO - Epoch 100/200 | Train Loss: 0.000014 | Val Loss: 4.029481 | Best Val Loss: 3.665799 (epoch 51)
2025-12-01 11:48:32,731 - INFO - Early stopping triggered at epoch 101! Best validation loss: 3.665799 at epoch 51
2025-12-01 11:48:32,748 - INFO - Loaded best model from epoch 51
2025-12-01 11:48:32,751 - INFO - Optimal Youden threshold: 1.0000
2025-12-01 11:48:32,768 - INFO - Fold 1 Results - Acc: 0.6364, F1: 0.5000, AUC: 0.6000, AP: 0.7529
2025-12-01 11:48:32,768 - INFO - 
--- Fold 2/5 ---
2025-12-01 11:48:32,768 - INFO - Train size: 44, Test size: 11
2025-12-01 11:48:32,769 - INFO - Train class balance - 0: 19, 1: 25
2025-12-01 11:48:32,769 - INFO - Test class balance  - 0: 5, 1: 6
2025-12-01 11:48:32,792 - INFO - Training fold 2 with early stopping (patience=50)...
2025-12-01 11:48:32,817 - INFO - Epoch 1/200 | Train Loss: 0.743299 | Val Loss: 0.759370 | Best Val Loss: inf (epoch 1)
2025-12-01 11:48:33,019 - INFO - Epoch 10/200 | Train Loss: 0.003863 | Val Loss: 1.062259 | Best Val Loss: inf (epoch 1)
2025-12-01 11:48:33,240 - INFO - Epoch 20/200 | Train Loss: 0.026400 | Val Loss: 2.102156 | Best Val Loss: inf (epoch 1)
2025-12-01 11:48:33,463 - INFO - Epoch 30/200 | Train Loss: 0.002396 | Val Loss: 1.576560 | Best Val Loss: inf (epoch 1)
2025-12-01 11:48:33,690 - INFO - Epoch 40/200 | Train Loss: 0.000086 | Val Loss: 1.857486 | Best Val Loss: inf (epoch 1)
2025-12-01 11:48:33,918 - INFO - Epoch 50/200 | Train Loss: 0.000059 | Val Loss: 1.880387 | Best Val Loss: inf (epoch 1)
2025-12-01 11:48:34,160 - INFO - Epoch 60/200 | Train Loss: 0.000073 | Val Loss: 2.502470 | Best Val Loss: 1.888725 (epoch 51)
2025-12-01 11:48:34,385 - INFO - Epoch 70/200 | Train Loss: 0.000030 | Val Loss: 2.559020 | Best Val Loss: 1.888725 (epoch 51)
2025-12-01 11:48:34,609 - INFO - Epoch 80/200 | Train Loss: 0.000020 | Val Loss: 3.683001 | Best Val Loss: 1.888725 (epoch 51)
2025-12-01 11:48:34,854 - INFO - Epoch 90/200 | Train Loss: 0.004328 | Val Loss: 5.124662 | Best Val Loss: 1.839843 (epoch 86)
2025-12-01 11:48:35,096 - INFO - Epoch 100/200 | Train Loss: 0.102089 | Val Loss: 4.466465 | Best Val Loss: 0.985155 (epoch 91)
2025-12-01 11:48:35,317 - INFO - Epoch 110/200 | Train Loss: 0.000679 | Val Loss: 3.501319 | Best Val Loss: 0.985155 (epoch 91)
2025-12-01 11:48:35,540 - INFO - Epoch 120/200 | Train Loss: 0.000320 | Val Loss: 2.167876 | Best Val Loss: 0.985155 (epoch 91)
2025-12-01 11:48:35,762 - INFO - Epoch 130/200 | Train Loss: 0.000132 | Val Loss: 2.459701 | Best Val Loss: 0.985155 (epoch 91)
2025-12-01 11:48:35,984 - INFO - Epoch 140/200 | Train Loss: 0.000058 | Val Loss: 2.616227 | Best Val Loss: 0.985155 (epoch 91)
2025-12-01 11:48:36,008 - INFO - Early stopping triggered at epoch 141! Best validation loss: 0.985155 at epoch 91
2025-12-01 11:48:36,023 - INFO - Loaded best model from epoch 91
2025-12-01 11:48:36,026 - INFO - Optimal Youden threshold: 0.6392
2025-12-01 11:48:36,039 - INFO - Fold 2 Results - Acc: 0.8182, F1: 0.8333, AUC: 0.7333, AP: 0.7750
2025-12-01 11:48:36,039 - INFO - 
--- Fold 3/5 ---
2025-12-01 11:48:36,039 - INFO - Train size: 44, Test size: 11
2025-12-01 11:48:36,039 - INFO - Train class balance - 0: 19, 1: 25
2025-12-01 11:48:36,039 - INFO - Test class balance  - 0: 5, 1: 6
2025-12-01 11:48:36,063 - INFO - Training fold 3 with early stopping (patience=50)...
2025-12-01 11:48:36,087 - INFO - Epoch 1/200 | Train Loss: 0.777974 | Val Loss: 0.771754 | Best Val Loss: inf (epoch 1)
2025-12-01 11:48:36,288 - INFO - Epoch 10/200 | Train Loss: 0.036107 | Val Loss: 1.598051 | Best Val Loss: inf (epoch 1)
2025-12-01 11:48:36,510 - INFO - Epoch 20/200 | Train Loss: 0.000078 | Val Loss: 2.999492 | Best Val Loss: inf (epoch 1)
2025-12-01 11:48:36,732 - INFO - Epoch 30/200 | Train Loss: 0.000084 | Val Loss: 3.143046 | Best Val Loss: inf (epoch 1)
2025-12-01 11:48:36,955 - INFO - Epoch 40/200 | Train Loss: 0.000055 | Val Loss: 3.282559 | Best Val Loss: inf (epoch 1)
2025-12-01 11:48:37,179 - INFO - Epoch 50/200 | Train Loss: 0.000047 | Val Loss: 3.384085 | Best Val Loss: inf (epoch 1)
2025-12-01 11:48:37,418 - INFO - Epoch 60/200 | Train Loss: 0.000041 | Val Loss: 3.485890 | Best Val Loss: 3.392291 (epoch 51)
2025-12-01 11:48:37,639 - INFO - Epoch 70/200 | Train Loss: 0.000037 | Val Loss: 3.579627 | Best Val Loss: 3.392291 (epoch 51)
2025-12-01 11:48:37,861 - INFO - Epoch 80/200 | Train Loss: 0.000045 | Val Loss: 3.680846 | Best Val Loss: 3.392291 (epoch 51)
2025-12-01 11:48:38,085 - INFO - Epoch 90/200 | Train Loss: 0.000039 | Val Loss: 3.749086 | Best Val Loss: 3.392291 (epoch 51)
2025-12-01 11:48:38,308 - INFO - Epoch 100/200 | Train Loss: 0.000013 | Val Loss: 3.820890 | Best Val Loss: 3.392291 (epoch 51)
2025-12-01 11:48:38,331 - INFO - Early stopping triggered at epoch 101! Best validation loss: 3.392291 at epoch 51
2025-12-01 11:48:38,347 - INFO - Loaded best model from epoch 51
2025-12-01 11:48:38,350 - INFO - Optimal Youden threshold: 0.9330
2025-12-01 11:48:38,362 - INFO - Fold 3 Results - Acc: 0.6364, F1: 0.6000, AUC: 0.6000, AP: 0.7022
2025-12-01 11:48:38,362 - INFO - 
--- Fold 4/5 ---
2025-12-01 11:48:38,363 - INFO - Train size: 44, Test size: 11
2025-12-01 11:48:38,363 - INFO - Train class balance - 0: 19, 1: 25
2025-12-01 11:48:38,363 - INFO - Test class balance  - 0: 5, 1: 6
2025-12-01 11:48:38,386 - INFO - Training fold 4 with early stopping (patience=50)...
2025-12-01 11:48:38,410 - INFO - Epoch 1/200 | Train Loss: 0.721410 | Val Loss: 0.680264 | Best Val Loss: inf (epoch 1)
2025-12-01 11:48:38,612 - INFO - Epoch 10/200 | Train Loss: 0.016913 | Val Loss: 1.577221 | Best Val Loss: inf (epoch 1)
2025-12-01 11:48:38,839 - INFO - Epoch 20/200 | Train Loss: 0.003136 | Val Loss: 1.111857 | Best Val Loss: inf (epoch 1)
2025-12-01 11:48:39,062 - INFO - Epoch 30/200 | Train Loss: 0.289363 | Val Loss: 0.694607 | Best Val Loss: inf (epoch 1)
2025-12-01 11:48:39,286 - INFO - Epoch 40/200 | Train Loss: 0.000500 | Val Loss: 1.633459 | Best Val Loss: inf (epoch 1)
2025-12-01 11:48:39,507 - INFO - Epoch 50/200 | Train Loss: 0.000022 | Val Loss: 1.756354 | Best Val Loss: inf (epoch 1)
2025-12-01 11:48:39,743 - INFO - Epoch 60/200 | Train Loss: 0.000013 | Val Loss: 1.767869 | Best Val Loss: 1.757183 (epoch 51)
2025-12-01 11:48:39,963 - INFO - Epoch 70/200 | Train Loss: 0.000009 | Val Loss: 1.779193 | Best Val Loss: 1.757183 (epoch 51)
2025-12-01 11:48:40,184 - INFO - Epoch 80/200 | Train Loss: 0.000009 | Val Loss: 1.795607 | Best Val Loss: 1.757183 (epoch 51)
2025-12-01 11:48:40,404 - INFO - Epoch 90/200 | Train Loss: 0.000022 | Val Loss: 1.807209 | Best Val Loss: 1.757183 (epoch 51)
2025-12-01 11:48:40,623 - INFO - Epoch 100/200 | Train Loss: 0.000008 | Val Loss: 1.820551 | Best Val Loss: 1.757183 (epoch 51)
2025-12-01 11:48:40,646 - INFO - Early stopping triggered at epoch 101! Best validation loss: 1.757183 at epoch 51
2025-12-01 11:48:40,660 - INFO - Loaded best model from epoch 51
2025-12-01 11:48:40,663 - INFO - Optimal Youden threshold: 0.0010
2025-12-01 11:48:40,676 - INFO - Fold 4 Results - Acc: 0.9091, F1: 0.9231, AUC: 0.8000, AP: 0.7345
2025-12-01 11:48:40,676 - INFO - 
--- Fold 5/5 ---
2025-12-01 11:48:40,676 - INFO - Train size: 44, Test size: 11
2025-12-01 11:48:40,676 - INFO - Train class balance - 0: 20, 1: 24
2025-12-01 11:48:40,676 - INFO - Test class balance  - 0: 4, 1: 7
2025-12-01 11:48:40,698 - INFO - Training fold 5 with early stopping (patience=50)...
2025-12-01 11:48:40,722 - INFO - Epoch 1/200 | Train Loss: 0.750963 | Val Loss: 0.499438 | Best Val Loss: inf (epoch 1)
2025-12-01 11:48:40,922 - INFO - Epoch 10/200 | Train Loss: 0.052618 | Val Loss: 1.567374 | Best Val Loss: inf (epoch 1)
2025-12-01 11:48:41,143 - INFO - Epoch 20/200 | Train Loss: 0.002563 | Val Loss: 1.363853 | Best Val Loss: inf (epoch 1)
2025-12-01 11:48:41,367 - INFO - Epoch 30/200 | Train Loss: 0.019053 | Val Loss: 1.154923 | Best Val Loss: inf (epoch 1)
2025-12-01 11:48:41,587 - INFO - Epoch 40/200 | Train Loss: 0.000430 | Val Loss: 2.313150 | Best Val Loss: inf (epoch 1)
2025-12-01 11:48:41,809 - INFO - Epoch 50/200 | Train Loss: 0.000090 | Val Loss: 2.412210 | Best Val Loss: inf (epoch 1)
2025-12-01 11:48:42,048 - INFO - Epoch 60/200 | Train Loss: 0.000062 | Val Loss: 2.498830 | Best Val Loss: 2.419840 (epoch 51)
2025-12-01 11:48:42,269 - INFO - Epoch 70/200 | Train Loss: 0.000034 | Val Loss: 2.568967 | Best Val Loss: 2.419840 (epoch 51)
2025-12-01 11:48:42,491 - INFO - Epoch 80/200 | Train Loss: 0.000041 | Val Loss: 2.619830 | Best Val Loss: 2.419840 (epoch 51)
2025-12-01 11:48:42,714 - INFO - Epoch 90/200 | Train Loss: 0.000024 | Val Loss: 2.669519 | Best Val Loss: 2.419840 (epoch 51)
2025-12-01 11:48:42,934 - INFO - Epoch 100/200 | Train Loss: 0.000029 | Val Loss: 2.709846 | Best Val Loss: 2.419840 (epoch 51)
2025-12-01 11:48:42,957 - INFO - Early stopping triggered at epoch 101! Best validation loss: 2.419840 at epoch 51
2025-12-01 11:48:42,971 - INFO - Loaded best model from epoch 51
2025-12-01 11:48:42,974 - INFO - Optimal Youden threshold: 0.9999
2025-12-01 11:48:42,986 - INFO - Fold 5 Results - Acc: 0.7273, F1: 0.7273, AUC: 0.7143, AP: 0.8715
2025-12-01 11:48:42,987 - INFO - 
============================================================
2025-12-01 11:48:42,987 - INFO - FINAL CROSS-VALIDATION RESULTS FOR: Treatment_Response_ALL_Thresh0.25
2025-12-01 11:48:42,987 - INFO - ACC       : 0.7455 ± 0.1060
2025-12-01 11:48:42,987 - INFO - F1        : 0.7167 ± 0.1529
2025-12-01 11:48:42,987 - INFO - PRECISION : 0.8881 ± 0.0981
2025-12-01 11:48:42,987 - INFO - RECALL    : 0.6476 ± 0.2388
2025-12-01 11:48:42,987 - INFO - AUC       : 0.6895 ± 0.0784
2025-12-01 11:48:42,987 - INFO - AP        : 0.7672 ± 0.0573
2025-12-01 11:48:42,987 - INFO - ============================================================

2025-12-01 11:48:42,991 - INFO - Results saved to final_results_Treatment_Response_ALL_Thresh0.25.json
2025-12-01 11:48:42,991 - INFO - Total execution time: 13.51 seconds
2025-12-01 11:48:47,253 - INFO - Using device: cuda
2025-12-01 11:48:47,253 - INFO - Hyperparameters: {
  "batch_size": 8,
  "learning_rate": 0.0005,
  "num_epochs": 200,
  "hidden_dim": 512,
  "num_blocks": 6,
  "dropout": 0.3,
  "feature_type": "ALL",
  "improvement_threshold": 0.25
}
2025-12-01 11:48:47,253 - INFO - Starting treatment response prediction pipeline
2025-12-01 11:48:47,253 - INFO - Building diff file index (mean_anomaly & mean_distortion)...
2025-12-01 11:48:47,254 - WARNING - Duplicate patient ID found: stn02, skipping additional entry
2025-12-01 11:48:47,255 - WARNING - Duplicate patient ID found: gpi11, skipping additional entry
2025-12-01 11:48:47,255 - WARNING - Duplicate patient ID found: gpi02, skipping additional entry
2025-12-01 11:48:47,255 - WARNING - Duplicate patient ID found: gpi19, skipping additional entry
2025-12-01 11:48:47,255 - WARNING - Duplicate patient ID found: stn23, skipping additional entry
2025-12-01 11:48:47,256 - WARNING - Duplicate patient ID found: stn03, skipping additional entry
2025-12-01 11:48:47,256 - WARNING - Duplicate patient ID found: gpi20, skipping additional entry
2025-12-01 11:48:47,256 - WARNING - Duplicate patient ID found: stn04, skipping additional entry
2025-12-01 11:48:47,256 - WARNING - Duplicate patient ID found: stn24, skipping additional entry
2025-12-01 11:48:47,256 - WARNING - Duplicate patient ID found: gpi04, skipping additional entry
2025-12-01 11:48:47,256 - WARNING - Duplicate patient ID found: gpi15, skipping additional entry
2025-12-01 11:48:47,256 - WARNING - Duplicate patient ID found: stn19, skipping additional entry
2025-12-01 11:48:47,256 - WARNING - Duplicate patient ID found: stn08, skipping additional entry
2025-12-01 11:48:47,256 - WARNING - Duplicate patient ID found: stn11, skipping additional entry
2025-12-01 11:48:47,257 - WARNING - Duplicate patient ID found: gpi07, skipping additional entry
2025-12-01 11:48:47,257 - WARNING - Duplicate patient ID found: gpi26, skipping additional entry
2025-12-01 11:48:47,257 - WARNING - Duplicate patient ID found: stn13, skipping additional entry
2025-12-01 11:48:47,257 - WARNING - Duplicate patient ID found: gpi06, skipping additional entry
2025-12-01 11:48:47,257 - WARNING - Duplicate patient ID found: stn30, skipping additional entry
2025-12-01 11:48:47,257 - WARNING - Duplicate patient ID found: stn18, skipping additional entry
2025-12-01 11:48:47,257 - WARNING - Duplicate patient ID found: gpi24, skipping additional entry
2025-12-01 11:48:47,257 - WARNING - Duplicate patient ID found: gpi13, skipping additional entry
2025-12-01 11:48:47,257 - WARNING - Duplicate patient ID found: stn07, skipping additional entry
2025-12-01 11:48:47,257 - WARNING - Duplicate patient ID found: stn20, skipping additional entry
2025-12-01 11:48:47,258 - WARNING - Duplicate patient ID found: gpi12, skipping additional entry
2025-12-01 11:48:47,258 - WARNING - Duplicate patient ID found: stn01, skipping additional entry
2025-12-01 11:48:47,258 - WARNING - Duplicate patient ID found: gpi22, skipping additional entry
2025-12-01 11:48:47,258 - WARNING - Duplicate patient ID found: gpi18, skipping additional entry
2025-12-01 11:48:47,258 - WARNING - Duplicate patient ID found: gpi09, skipping additional entry
2025-12-01 11:48:47,258 - WARNING - Duplicate patient ID found: gpi25, skipping additional entry
2025-12-01 11:48:47,258 - WARNING - Duplicate patient ID found: stn29, skipping additional entry
2025-12-01 11:48:47,258 - WARNING - Duplicate patient ID found: gpi31, skipping additional entry
2025-12-01 11:48:47,258 - WARNING - Duplicate patient ID found: stn10, skipping additional entry
2025-12-01 11:48:47,259 - WARNING - Duplicate patient ID found: gpi28, skipping additional entry
2025-12-01 11:48:47,259 - WARNING - Duplicate patient ID found: stn31, skipping additional entry
2025-12-01 11:48:47,259 - WARNING - Duplicate patient ID found: gpi03, skipping additional entry
2025-12-01 11:48:47,259 - WARNING - Duplicate patient ID found: gpi05, skipping additional entry
2025-12-01 11:48:47,259 - WARNING - Duplicate patient ID found: stn25, skipping additional entry
2025-12-01 11:48:47,259 - WARNING - Duplicate patient ID found: gpi08, skipping additional entry
2025-12-01 11:48:47,259 - WARNING - Duplicate patient ID found: gpi27, skipping additional entry
2025-12-01 11:48:47,259 - WARNING - Duplicate patient ID found: stn16, skipping additional entry
2025-12-01 11:48:47,259 - WARNING - Duplicate patient ID found: gpi23, skipping additional entry
2025-12-01 11:48:47,259 - WARNING - Duplicate patient ID found: stn09, skipping additional entry
2025-12-01 11:48:47,259 - WARNING - Duplicate patient ID found: stn28, skipping additional entry
2025-12-01 11:48:47,259 - WARNING - Duplicate patient ID found: stn06, skipping additional entry
2025-12-01 11:48:47,259 - WARNING - Duplicate patient ID found: stn12, skipping additional entry
2025-12-01 11:48:47,260 - WARNING - Duplicate patient ID found: gpi16, skipping additional entry
2025-12-01 11:48:47,260 - WARNING - Duplicate patient ID found: gpi30, skipping additional entry
2025-12-01 11:48:47,260 - WARNING - Duplicate patient ID found: stn21, skipping additional entry
2025-12-01 11:48:47,260 - WARNING - Duplicate patient ID found: stn22, skipping additional entry
2025-12-01 11:48:47,260 - WARNING - Duplicate patient ID found: stn14, skipping additional entry
2025-12-01 11:48:47,260 - WARNING - Duplicate patient ID found: gpi17, skipping additional entry
2025-12-01 11:48:47,260 - WARNING - Duplicate patient ID found: gpi21, skipping additional entry
2025-12-01 11:48:47,260 - WARNING - Duplicate patient ID found: gpi32, skipping additional entry
2025-12-01 11:48:47,260 - WARNING - Duplicate patient ID found: stn15, skipping additional entry
2025-12-01 11:48:47,260 - INFO - Built diff index with 71 patients
2025-12-01 11:48:47,260 - INFO - Parsing UPDRS data with diff features...
2025-12-01 11:48:47,274 - INFO - Found 55 valid samples
2025-12-01 11:48:47,275 - INFO - Preparing feature matrices with diff features...
2025-12-01 11:48:47,309 - INFO - Feature matrix shape: (55, 365), Class distribution: [24 31]
2025-12-01 11:48:47,309 - INFO - 
============================================================
2025-12-01 11:48:47,309 - INFO - Starting Cross-Validation Experiment: Treatment_Response_ALL_Thresh0.25
2025-12-01 11:48:47,309 - INFO - Total samples: 55 | Class distribution: [24 31]
2025-12-01 11:48:47,310 - INFO - 
--- Fold 1/5 ---
2025-12-01 11:48:47,310 - INFO - Train size: 44, Test size: 11
2025-12-01 11:48:47,310 - INFO - Train class balance - 0: 19, 1: 25
2025-12-01 11:48:47,310 - INFO - Test class balance  - 0: 5, 1: 6
2025-12-01 11:48:48,109 - INFO - Training fold 1 with early stopping (patience=50)...
2025-12-01 11:48:48,267 - INFO - Epoch 1/200 | Train Loss: 0.824728 | Val Loss: 0.903451 | Best Val Loss: inf (epoch 1)
2025-12-01 11:48:48,470 - INFO - Epoch 10/200 | Train Loss: 0.013493 | Val Loss: 0.976927 | Best Val Loss: inf (epoch 1)
2025-12-01 11:48:48,694 - INFO - Epoch 20/200 | Train Loss: 0.000640 | Val Loss: 1.563978 | Best Val Loss: inf (epoch 1)
2025-12-01 11:48:48,919 - INFO - Epoch 30/200 | Train Loss: 0.000134 | Val Loss: 1.674651 | Best Val Loss: inf (epoch 1)
2025-12-01 11:48:49,144 - INFO - Epoch 40/200 | Train Loss: 0.000083 | Val Loss: 1.743826 | Best Val Loss: inf (epoch 1)
2025-12-01 11:48:49,368 - INFO - Epoch 50/200 | Train Loss: 0.000027 | Val Loss: 1.804404 | Best Val Loss: inf (epoch 1)
2025-12-01 11:48:49,611 - INFO - Epoch 60/200 | Train Loss: 0.000031 | Val Loss: 1.859012 | Best Val Loss: 1.807927 (epoch 51)
2025-12-01 11:48:49,834 - INFO - Epoch 70/200 | Train Loss: 0.000011 | Val Loss: 1.935269 | Best Val Loss: 1.807927 (epoch 51)
2025-12-01 11:48:50,058 - INFO - Epoch 80/200 | Train Loss: 0.000028 | Val Loss: 1.968277 | Best Val Loss: 1.807927 (epoch 51)
2025-12-01 11:48:50,284 - INFO - Epoch 90/200 | Train Loss: 0.000024 | Val Loss: 2.005443 | Best Val Loss: 1.807927 (epoch 51)
2025-12-01 11:48:50,507 - INFO - Epoch 100/200 | Train Loss: 0.000015 | Val Loss: 2.033671 | Best Val Loss: 1.807927 (epoch 51)
2025-12-01 11:48:50,529 - INFO - Early stopping triggered at epoch 101! Best validation loss: 1.807927 at epoch 51
2025-12-01 11:48:50,546 - INFO - Loaded best model from epoch 51
2025-12-01 11:48:50,549 - INFO - Optimal Youden threshold: 0.0001
2025-12-01 11:48:50,566 - INFO - Fold 1 Results - Acc: 0.9091, F1: 0.9231, AUC: 0.9333, AP: 0.9484
2025-12-01 11:48:50,566 - INFO - 
--- Fold 2/5 ---
2025-12-01 11:48:50,566 - INFO - Train size: 44, Test size: 11
2025-12-01 11:48:50,566 - INFO - Train class balance - 0: 19, 1: 25
2025-12-01 11:48:50,566 - INFO - Test class balance  - 0: 5, 1: 6
2025-12-01 11:48:50,590 - INFO - Training fold 2 with early stopping (patience=50)...
2025-12-01 11:48:50,614 - INFO - Epoch 1/200 | Train Loss: 0.704296 | Val Loss: 0.656548 | Best Val Loss: inf (epoch 1)
2025-12-01 11:48:50,813 - INFO - Epoch 10/200 | Train Loss: 0.489068 | Val Loss: 2.987412 | Best Val Loss: inf (epoch 1)
2025-12-01 11:48:51,034 - INFO - Epoch 20/200 | Train Loss: 0.000336 | Val Loss: 1.111810 | Best Val Loss: inf (epoch 1)
2025-12-01 11:48:51,259 - INFO - Epoch 30/200 | Train Loss: 0.000079 | Val Loss: 1.219988 | Best Val Loss: inf (epoch 1)
2025-12-01 11:48:51,485 - INFO - Epoch 40/200 | Train Loss: 0.000044 | Val Loss: 1.299659 | Best Val Loss: inf (epoch 1)
2025-12-01 11:48:51,712 - INFO - Epoch 50/200 | Train Loss: 0.000025 | Val Loss: 1.068427 | Best Val Loss: inf (epoch 1)
2025-12-01 11:48:51,996 - INFO - Epoch 60/200 | Train Loss: 0.000271 | Val Loss: 0.696253 | Best Val Loss: 0.696253 (epoch 60)
2025-12-01 11:48:52,240 - INFO - Epoch 70/200 | Train Loss: 0.046229 | Val Loss: 0.269771 | Best Val Loss: 0.265950 (epoch 69)
2025-12-01 11:48:52,483 - INFO - Epoch 80/200 | Train Loss: 0.005043 | Val Loss: 0.420685 | Best Val Loss: 0.228618 (epoch 79)
2025-12-01 11:48:52,707 - INFO - Epoch 90/200 | Train Loss: 0.000025 | Val Loss: 0.960947 | Best Val Loss: 0.228618 (epoch 79)
2025-12-01 11:48:52,950 - INFO - Epoch 100/200 | Train Loss: 0.000038 | Val Loss: 2.573377 | Best Val Loss: 0.177768 (epoch 97)
2025-12-01 11:48:53,173 - INFO - Epoch 110/200 | Train Loss: 0.010848 | Val Loss: 9.769721 | Best Val Loss: 0.177768 (epoch 97)
2025-12-01 11:48:53,395 - INFO - Epoch 120/200 | Train Loss: 0.000023 | Val Loss: 9.090988 | Best Val Loss: 0.177768 (epoch 97)
2025-12-01 11:48:53,618 - INFO - Epoch 130/200 | Train Loss: 0.000018 | Val Loss: 9.090983 | Best Val Loss: 0.177768 (epoch 97)
2025-12-01 11:48:53,840 - INFO - Epoch 140/200 | Train Loss: 0.000067 | Val Loss: 9.090977 | Best Val Loss: 0.177768 (epoch 97)
2025-12-01 11:48:53,999 - INFO - Early stopping triggered at epoch 147! Best validation loss: 0.177768 at epoch 97
2025-12-01 11:48:54,014 - INFO - Loaded best model from epoch 97
2025-12-01 11:48:54,017 - INFO - Optimal Youden threshold: 0.9831
2025-12-01 11:48:54,030 - INFO - Fold 2 Results - Acc: 0.9091, F1: 0.9091, AUC: 0.9667, AP: 0.9762
2025-12-01 11:48:54,030 - INFO - 
--- Fold 3/5 ---
2025-12-01 11:48:54,030 - INFO - Train size: 44, Test size: 11
2025-12-01 11:48:54,030 - INFO - Train class balance - 0: 19, 1: 25
2025-12-01 11:48:54,030 - INFO - Test class balance  - 0: 5, 1: 6
2025-12-01 11:48:54,054 - INFO - Training fold 3 with early stopping (patience=50)...
2025-12-01 11:48:54,078 - INFO - Epoch 1/200 | Train Loss: 0.700421 | Val Loss: 1.254348 | Best Val Loss: inf (epoch 1)
2025-12-01 11:48:54,279 - INFO - Epoch 10/200 | Train Loss: 0.029978 | Val Loss: 1.951209 | Best Val Loss: inf (epoch 1)
2025-12-01 11:48:54,502 - INFO - Epoch 20/200 | Train Loss: 0.000231 | Val Loss: 2.207709 | Best Val Loss: inf (epoch 1)
2025-12-01 11:48:54,726 - INFO - Epoch 30/200 | Train Loss: 0.000209 | Val Loss: 2.027826 | Best Val Loss: inf (epoch 1)
2025-12-01 11:48:54,952 - INFO - Epoch 40/200 | Train Loss: 0.000055 | Val Loss: 2.026952 | Best Val Loss: inf (epoch 1)
2025-12-01 11:48:55,178 - INFO - Epoch 50/200 | Train Loss: 0.000050 | Val Loss: 2.085702 | Best Val Loss: inf (epoch 1)
2025-12-01 11:48:55,419 - INFO - Epoch 60/200 | Train Loss: 0.000045 | Val Loss: 2.148645 | Best Val Loss: 2.091443 (epoch 51)
2025-12-01 11:48:55,642 - INFO - Epoch 70/200 | Train Loss: 0.000043 | Val Loss: 2.201056 | Best Val Loss: 2.091443 (epoch 51)
2025-12-01 11:48:55,866 - INFO - Epoch 80/200 | Train Loss: 0.000033 | Val Loss: 2.251134 | Best Val Loss: 2.091443 (epoch 51)
2025-12-01 11:48:56,090 - INFO - Epoch 90/200 | Train Loss: 0.000012 | Val Loss: 2.283469 | Best Val Loss: 2.091443 (epoch 51)
2025-12-01 11:48:56,314 - INFO - Epoch 100/200 | Train Loss: 0.000032 | Val Loss: 2.317312 | Best Val Loss: 2.091443 (epoch 51)
2025-12-01 11:48:56,336 - INFO - Early stopping triggered at epoch 101! Best validation loss: 2.091443 at epoch 51
2025-12-01 11:48:56,351 - INFO - Loaded best model from epoch 51
2025-12-01 11:48:56,354 - INFO - Optimal Youden threshold: 1.0000
2025-12-01 11:48:56,367 - INFO - Fold 3 Results - Acc: 0.8182, F1: 0.8000, AUC: 0.8000, AP: 0.8857
2025-12-01 11:48:56,368 - INFO - 
--- Fold 4/5 ---
2025-12-01 11:48:56,368 - INFO - Train size: 44, Test size: 11
2025-12-01 11:48:56,368 - INFO - Train class balance - 0: 19, 1: 25
2025-12-01 11:48:56,368 - INFO - Test class balance  - 0: 5, 1: 6
2025-12-01 11:48:56,391 - INFO - Training fold 4 with early stopping (patience=50)...
2025-12-01 11:48:56,416 - INFO - Epoch 1/200 | Train Loss: 0.728777 | Val Loss: 1.126845 | Best Val Loss: inf (epoch 1)
2025-12-01 11:48:56,616 - INFO - Epoch 10/200 | Train Loss: 0.353948 | Val Loss: 2.785979 | Best Val Loss: inf (epoch 1)
2025-12-01 11:48:56,840 - INFO - Epoch 20/200 | Train Loss: 0.000252 | Val Loss: 2.966407 | Best Val Loss: inf (epoch 1)
2025-12-01 11:48:57,062 - INFO - Epoch 30/200 | Train Loss: 0.000072 | Val Loss: 2.879758 | Best Val Loss: inf (epoch 1)
2025-12-01 11:48:57,283 - INFO - Epoch 40/200 | Train Loss: 0.000085 | Val Loss: 2.911639 | Best Val Loss: inf (epoch 1)
2025-12-01 11:48:57,506 - INFO - Epoch 50/200 | Train Loss: 0.000036 | Val Loss: 2.944732 | Best Val Loss: inf (epoch 1)
2025-12-01 11:48:57,745 - INFO - Epoch 60/200 | Train Loss: 0.000033 | Val Loss: 2.976590 | Best Val Loss: 2.946839 (epoch 51)
2025-12-01 11:48:57,967 - INFO - Epoch 70/200 | Train Loss: 0.000021 | Val Loss: 2.997310 | Best Val Loss: 2.946839 (epoch 51)
2025-12-01 11:48:58,190 - INFO - Epoch 80/200 | Train Loss: 0.000026 | Val Loss: 3.004310 | Best Val Loss: 2.946839 (epoch 51)
2025-12-01 11:48:58,415 - INFO - Epoch 90/200 | Train Loss: 0.000010 | Val Loss: 3.029984 | Best Val Loss: 2.946839 (epoch 51)
2025-12-01 11:48:58,638 - INFO - Epoch 100/200 | Train Loss: 0.000018 | Val Loss: 3.061666 | Best Val Loss: 2.946839 (epoch 51)
2025-12-01 11:48:58,661 - INFO - Early stopping triggered at epoch 101! Best validation loss: 2.946839 at epoch 51
2025-12-01 11:48:58,676 - INFO - Loaded best model from epoch 51
2025-12-01 11:48:58,680 - INFO - Optimal Youden threshold: 1.0000
2025-12-01 11:48:58,693 - INFO - Fold 4 Results - Acc: 0.8182, F1: 0.8333, AUC: 0.7333, AP: 0.7028
2025-12-01 11:48:58,693 - INFO - 
--- Fold 5/5 ---
2025-12-01 11:48:58,694 - INFO - Train size: 44, Test size: 11
2025-12-01 11:48:58,694 - INFO - Train class balance - 0: 20, 1: 24
2025-12-01 11:48:58,694 - INFO - Test class balance  - 0: 4, 1: 7
2025-12-01 11:48:58,718 - INFO - Training fold 5 with early stopping (patience=50)...
2025-12-01 11:48:58,742 - INFO - Epoch 1/200 | Train Loss: 0.815503 | Val Loss: 1.162322 | Best Val Loss: inf (epoch 1)
2025-12-01 11:48:58,945 - INFO - Epoch 10/200 | Train Loss: 0.121376 | Val Loss: 1.463749 | Best Val Loss: inf (epoch 1)
2025-12-01 11:48:59,172 - INFO - Epoch 20/200 | Train Loss: 0.000147 | Val Loss: 3.801804 | Best Val Loss: inf (epoch 1)
2025-12-01 11:48:59,396 - INFO - Epoch 30/200 | Train Loss: 0.000096 | Val Loss: 4.268974 | Best Val Loss: inf (epoch 1)
2025-12-01 11:48:59,621 - INFO - Epoch 40/200 | Train Loss: 0.000071 | Val Loss: 4.414819 | Best Val Loss: inf (epoch 1)
2025-12-01 11:48:59,846 - INFO - Epoch 50/200 | Train Loss: 0.000156 | Val Loss: 4.602608 | Best Val Loss: inf (epoch 1)
2025-12-01 11:49:00,127 - INFO - Epoch 60/200 | Train Loss: 0.000073 | Val Loss: 4.261644 | Best Val Loss: 4.163277 (epoch 54)
2025-12-01 11:49:00,354 - INFO - Epoch 70/200 | Train Loss: 0.000030 | Val Loss: 4.595545 | Best Val Loss: 4.163277 (epoch 54)
2025-12-01 11:49:00,581 - INFO - Epoch 80/200 | Train Loss: 0.000013 | Val Loss: 4.813024 | Best Val Loss: 4.163277 (epoch 54)
2025-12-01 11:49:00,806 - INFO - Epoch 90/200 | Train Loss: 0.000016 | Val Loss: 5.040499 | Best Val Loss: 4.163277 (epoch 54)
2025-12-01 11:49:01,031 - INFO - Epoch 100/200 | Train Loss: 0.000014 | Val Loss: 5.117254 | Best Val Loss: 4.163277 (epoch 54)
2025-12-01 11:49:01,120 - INFO - Early stopping triggered at epoch 104! Best validation loss: 4.163277 at epoch 54
2025-12-01 11:49:01,136 - INFO - Loaded best model from epoch 54
2025-12-01 11:49:01,140 - INFO - Optimal Youden threshold: 0.0000
2025-12-01 11:49:01,158 - INFO - Fold 5 Results - Acc: 0.7273, F1: 0.8235, AUC: 0.5714, AP: 0.7378
2025-12-01 11:49:01,158 - INFO - 
============================================================
2025-12-01 11:49:01,158 - INFO - FINAL CROSS-VALIDATION RESULTS FOR: Treatment_Response_ALL_Thresh0.25
2025-12-01 11:49:01,158 - INFO - ACC       : 0.8364 ± 0.0680
2025-12-01 11:49:01,158 - INFO - F1        : 0.8578 ± 0.0490
2025-12-01 11:49:01,159 - INFO - PRECISION : 0.8781 ± 0.1130
2025-12-01 11:49:01,159 - INFO - RECALL    : 0.8667 ± 0.1247
2025-12-01 11:49:01,159 - INFO - AUC       : 0.8010 ± 0.1430
2025-12-01 11:49:01,159 - INFO - AP        : 0.8502 ± 0.1106
2025-12-01 11:49:01,159 - INFO - ============================================================

2025-12-01 11:49:01,163 - INFO - Results saved to final_results_Treatment_Response_ALL_Thresh0.25.json
2025-12-01 11:49:01,163 - INFO - Total execution time: 13.91 seconds
2025-12-01 11:49:10,341 - INFO - Using device: cuda
2025-12-01 11:49:10,341 - INFO - Hyperparameters: {
  "batch_size": 8,
  "learning_rate": 0.0005,
  "num_epochs": 200,
  "hidden_dim": 512,
  "num_blocks": 6,
  "dropout": 0.3,
  "feature_type": "ALL",
  "improvement_threshold": 0.25
}
2025-12-01 11:49:10,341 - INFO - Starting treatment response prediction pipeline
2025-12-01 11:49:10,341 - INFO - Building diff file index (mean_anomaly & mean_distortion)...
2025-12-01 11:49:10,342 - WARNING - Duplicate patient ID found: stn02, skipping additional entry
2025-12-01 11:49:10,343 - WARNING - Duplicate patient ID found: gpi11, skipping additional entry
2025-12-01 11:49:10,343 - WARNING - Duplicate patient ID found: gpi02, skipping additional entry
2025-12-01 11:49:10,343 - WARNING - Duplicate patient ID found: gpi19, skipping additional entry
2025-12-01 11:49:10,343 - WARNING - Duplicate patient ID found: stn23, skipping additional entry
2025-12-01 11:49:10,343 - WARNING - Duplicate patient ID found: stn03, skipping additional entry
2025-12-01 11:49:10,344 - WARNING - Duplicate patient ID found: gpi20, skipping additional entry
2025-12-01 11:49:10,344 - WARNING - Duplicate patient ID found: stn04, skipping additional entry
2025-12-01 11:49:10,344 - WARNING - Duplicate patient ID found: stn24, skipping additional entry
2025-12-01 11:49:10,344 - WARNING - Duplicate patient ID found: gpi04, skipping additional entry
2025-12-01 11:49:10,344 - WARNING - Duplicate patient ID found: gpi15, skipping additional entry
2025-12-01 11:49:10,344 - WARNING - Duplicate patient ID found: stn19, skipping additional entry
2025-12-01 11:49:10,344 - WARNING - Duplicate patient ID found: stn08, skipping additional entry
2025-12-01 11:49:10,344 - WARNING - Duplicate patient ID found: stn11, skipping additional entry
2025-12-01 11:49:10,344 - WARNING - Duplicate patient ID found: gpi07, skipping additional entry
2025-12-01 11:49:10,345 - WARNING - Duplicate patient ID found: gpi26, skipping additional entry
2025-12-01 11:49:10,345 - WARNING - Duplicate patient ID found: stn13, skipping additional entry
2025-12-01 11:49:10,345 - WARNING - Duplicate patient ID found: gpi06, skipping additional entry
2025-12-01 11:49:10,345 - WARNING - Duplicate patient ID found: stn30, skipping additional entry
2025-12-01 11:49:10,345 - WARNING - Duplicate patient ID found: stn18, skipping additional entry
2025-12-01 11:49:10,345 - WARNING - Duplicate patient ID found: gpi24, skipping additional entry
2025-12-01 11:49:10,345 - WARNING - Duplicate patient ID found: gpi13, skipping additional entry
2025-12-01 11:49:10,345 - WARNING - Duplicate patient ID found: stn07, skipping additional entry
2025-12-01 11:49:10,345 - WARNING - Duplicate patient ID found: stn20, skipping additional entry
2025-12-01 11:49:10,346 - WARNING - Duplicate patient ID found: gpi12, skipping additional entry
2025-12-01 11:49:10,346 - WARNING - Duplicate patient ID found: stn01, skipping additional entry
2025-12-01 11:49:10,346 - WARNING - Duplicate patient ID found: gpi22, skipping additional entry
2025-12-01 11:49:10,346 - WARNING - Duplicate patient ID found: gpi18, skipping additional entry
2025-12-01 11:49:10,346 - WARNING - Duplicate patient ID found: gpi09, skipping additional entry
2025-12-01 11:49:10,346 - WARNING - Duplicate patient ID found: gpi25, skipping additional entry
2025-12-01 11:49:10,346 - WARNING - Duplicate patient ID found: stn29, skipping additional entry
2025-12-01 11:49:10,346 - WARNING - Duplicate patient ID found: gpi31, skipping additional entry
2025-12-01 11:49:10,346 - WARNING - Duplicate patient ID found: stn10, skipping additional entry
2025-12-01 11:49:10,346 - WARNING - Duplicate patient ID found: gpi28, skipping additional entry
2025-12-01 11:49:10,347 - WARNING - Duplicate patient ID found: stn31, skipping additional entry
2025-12-01 11:49:10,347 - WARNING - Duplicate patient ID found: gpi03, skipping additional entry
2025-12-01 11:49:10,347 - WARNING - Duplicate patient ID found: gpi05, skipping additional entry
2025-12-01 11:49:10,347 - WARNING - Duplicate patient ID found: stn25, skipping additional entry
2025-12-01 11:49:10,347 - WARNING - Duplicate patient ID found: gpi08, skipping additional entry
2025-12-01 11:49:10,347 - WARNING - Duplicate patient ID found: gpi27, skipping additional entry
2025-12-01 11:49:10,347 - WARNING - Duplicate patient ID found: stn16, skipping additional entry
2025-12-01 11:49:10,347 - WARNING - Duplicate patient ID found: gpi23, skipping additional entry
2025-12-01 11:49:10,347 - WARNING - Duplicate patient ID found: stn09, skipping additional entry
2025-12-01 11:49:10,347 - WARNING - Duplicate patient ID found: stn28, skipping additional entry
2025-12-01 11:49:10,347 - WARNING - Duplicate patient ID found: stn06, skipping additional entry
2025-12-01 11:49:10,347 - WARNING - Duplicate patient ID found: stn12, skipping additional entry
2025-12-01 11:49:10,347 - WARNING - Duplicate patient ID found: gpi16, skipping additional entry
2025-12-01 11:49:10,348 - WARNING - Duplicate patient ID found: gpi30, skipping additional entry
2025-12-01 11:49:10,348 - WARNING - Duplicate patient ID found: stn21, skipping additional entry
2025-12-01 11:49:10,348 - WARNING - Duplicate patient ID found: stn22, skipping additional entry
2025-12-01 11:49:10,348 - WARNING - Duplicate patient ID found: stn14, skipping additional entry
2025-12-01 11:49:10,348 - WARNING - Duplicate patient ID found: gpi17, skipping additional entry
2025-12-01 11:49:10,348 - WARNING - Duplicate patient ID found: gpi21, skipping additional entry
2025-12-01 11:49:10,348 - WARNING - Duplicate patient ID found: gpi32, skipping additional entry
2025-12-01 11:49:10,348 - WARNING - Duplicate patient ID found: stn15, skipping additional entry
2025-12-01 11:49:10,348 - INFO - Built diff index with 71 patients
2025-12-01 11:49:10,348 - INFO - Parsing UPDRS data with diff features...
2025-12-01 11:49:10,362 - INFO - Found 55 valid samples
2025-12-01 11:49:10,362 - INFO - Preparing feature matrices with diff features...
2025-12-01 11:49:10,395 - INFO - Feature matrix shape: (55, 365), Class distribution: [24 31]
2025-12-01 11:49:10,396 - INFO - 
============================================================
2025-12-01 11:49:10,396 - INFO - Starting Cross-Validation Experiment: Treatment_Response_ALL_Thresh0.25
2025-12-01 11:49:10,396 - INFO - Total samples: 55 | Class distribution: [24 31]
2025-12-01 11:49:10,397 - INFO - 
--- Fold 1/5 ---
2025-12-01 11:49:10,397 - INFO - Train size: 44, Test size: 11
2025-12-01 11:49:10,397 - INFO - Train class balance - 0: 19, 1: 25
2025-12-01 11:49:10,397 - INFO - Test class balance  - 0: 5, 1: 6
2025-12-01 11:49:11,189 - INFO - Training fold 1 with early stopping (patience=50)...
2025-12-01 11:49:11,345 - INFO - Epoch 1/200 | Train Loss: 0.890737 | Val Loss: 0.693011 | Best Val Loss: inf (epoch 1)
2025-12-01 11:49:11,546 - INFO - Epoch 10/200 | Train Loss: 0.010926 | Val Loss: 2.772557 | Best Val Loss: inf (epoch 1)
2025-12-01 11:49:11,766 - INFO - Epoch 20/200 | Train Loss: 0.228095 | Val Loss: 4.722354 | Best Val Loss: inf (epoch 1)
2025-12-01 11:49:11,986 - INFO - Epoch 30/200 | Train Loss: 0.098529 | Val Loss: 2.780571 | Best Val Loss: inf (epoch 1)
2025-12-01 11:49:12,205 - INFO - Epoch 40/200 | Train Loss: 0.000429 | Val Loss: 1.711262 | Best Val Loss: inf (epoch 1)
2025-12-01 11:49:12,424 - INFO - Epoch 50/200 | Train Loss: 0.000042 | Val Loss: 2.062607 | Best Val Loss: inf (epoch 1)
2025-12-01 11:49:12,660 - INFO - Epoch 60/200 | Train Loss: 0.000029 | Val Loss: 2.190056 | Best Val Loss: 2.077289 (epoch 51)
2025-12-01 11:49:12,879 - INFO - Epoch 70/200 | Train Loss: 0.000035 | Val Loss: 2.308476 | Best Val Loss: 2.077289 (epoch 51)
2025-12-01 11:49:13,097 - INFO - Epoch 80/200 | Train Loss: 0.000062 | Val Loss: 2.919217 | Best Val Loss: 2.077289 (epoch 51)
2025-12-01 11:49:13,315 - INFO - Epoch 90/200 | Train Loss: 0.000044 | Val Loss: 3.092731 | Best Val Loss: 2.077289 (epoch 51)
2025-12-01 11:49:13,536 - INFO - Epoch 100/200 | Train Loss: 0.000762 | Val Loss: 3.324933 | Best Val Loss: 2.077289 (epoch 51)
2025-12-01 11:49:13,558 - INFO - Early stopping triggered at epoch 101! Best validation loss: 2.077289 at epoch 51
2025-12-01 11:49:13,574 - INFO - Loaded best model from epoch 51
2025-12-01 11:49:13,577 - INFO - Optimal Youden threshold: 0.0137
2025-12-01 11:49:13,594 - INFO - Fold 1 Results - Acc: 0.8182, F1: 0.8571, AUC: 0.8000, AP: 0.8357
2025-12-01 11:49:13,594 - INFO - 
--- Fold 2/5 ---
2025-12-01 11:49:13,594 - INFO - Train size: 44, Test size: 11
2025-12-01 11:49:13,594 - INFO - Train class balance - 0: 19, 1: 25
2025-12-01 11:49:13,594 - INFO - Test class balance  - 0: 5, 1: 6
2025-12-01 11:49:13,617 - INFO - Training fold 2 with early stopping (patience=50)...
2025-12-01 11:49:13,641 - INFO - Epoch 1/200 | Train Loss: 0.726490 | Val Loss: 0.729918 | Best Val Loss: inf (epoch 1)
2025-12-01 11:49:13,838 - INFO - Epoch 10/200 | Train Loss: 0.020940 | Val Loss: 1.532928 | Best Val Loss: inf (epoch 1)
2025-12-01 11:49:14,055 - INFO - Epoch 20/200 | Train Loss: 0.005258 | Val Loss: 3.421641 | Best Val Loss: inf (epoch 1)
2025-12-01 11:49:14,274 - INFO - Epoch 30/200 | Train Loss: 0.000336 | Val Loss: 4.677184 | Best Val Loss: inf (epoch 1)
2025-12-01 11:49:14,494 - INFO - Epoch 40/200 | Train Loss: 0.000111 | Val Loss: 4.652292 | Best Val Loss: inf (epoch 1)
2025-12-01 11:49:14,713 - INFO - Epoch 50/200 | Train Loss: 0.000096 | Val Loss: 4.704735 | Best Val Loss: inf (epoch 1)
2025-12-01 11:49:14,951 - INFO - Epoch 60/200 | Train Loss: 0.000100 | Val Loss: 4.750504 | Best Val Loss: 4.710693 (epoch 51)
2025-12-01 11:49:15,171 - INFO - Epoch 70/200 | Train Loss: 0.000030 | Val Loss: 4.792878 | Best Val Loss: 4.710693 (epoch 51)
2025-12-01 11:49:15,392 - INFO - Epoch 80/200 | Train Loss: 0.000017 | Val Loss: 4.835159 | Best Val Loss: 4.710693 (epoch 51)
2025-12-01 11:49:15,612 - INFO - Epoch 90/200 | Train Loss: 0.000019 | Val Loss: 4.875169 | Best Val Loss: 4.710693 (epoch 51)
2025-12-01 11:49:15,833 - INFO - Epoch 100/200 | Train Loss: 0.000015 | Val Loss: 4.907064 | Best Val Loss: 4.710693 (epoch 51)
2025-12-01 11:49:15,855 - INFO - Early stopping triggered at epoch 101! Best validation loss: 4.710693 at epoch 51
2025-12-01 11:49:15,871 - INFO - Loaded best model from epoch 51
2025-12-01 11:49:15,874 - INFO - Optimal Youden threshold: 0.8232
2025-12-01 11:49:15,890 - INFO - Fold 2 Results - Acc: 0.6364, F1: 0.6667, AUC: 0.5667, AP: 0.6653
2025-12-01 11:49:15,890 - INFO - 
--- Fold 3/5 ---
2025-12-01 11:49:15,891 - INFO - Train size: 44, Test size: 11
2025-12-01 11:49:15,891 - INFO - Train class balance - 0: 19, 1: 25
2025-12-01 11:49:15,891 - INFO - Test class balance  - 0: 5, 1: 6
2025-12-01 11:49:15,913 - INFO - Training fold 3 with early stopping (patience=50)...
2025-12-01 11:49:15,937 - INFO - Epoch 1/200 | Train Loss: 0.787595 | Val Loss: 0.928044 | Best Val Loss: inf (epoch 1)
2025-12-01 11:49:16,134 - INFO - Epoch 10/200 | Train Loss: 0.181708 | Val Loss: 3.896810 | Best Val Loss: inf (epoch 1)
2025-12-01 11:49:16,353 - INFO - Epoch 20/200 | Train Loss: 0.000808 | Val Loss: 2.749536 | Best Val Loss: inf (epoch 1)
2025-12-01 11:49:16,570 - INFO - Epoch 30/200 | Train Loss: 0.000071 | Val Loss: 3.115446 | Best Val Loss: inf (epoch 1)
2025-12-01 11:49:16,787 - INFO - Epoch 40/200 | Train Loss: 0.000073 | Val Loss: 3.186249 | Best Val Loss: inf (epoch 1)
2025-12-01 11:49:17,005 - INFO - Epoch 50/200 | Train Loss: 0.000042 | Val Loss: 3.377299 | Best Val Loss: inf (epoch 1)
2025-12-01 11:49:17,240 - INFO - Epoch 60/200 | Train Loss: 0.000039 | Val Loss: 3.625674 | Best Val Loss: 3.408858 (epoch 51)
2025-12-01 11:49:17,459 - INFO - Epoch 70/200 | Train Loss: 0.000071 | Val Loss: 3.826757 | Best Val Loss: 3.408858 (epoch 51)
2025-12-01 11:49:17,678 - INFO - Epoch 80/200 | Train Loss: 0.000038 | Val Loss: 3.962394 | Best Val Loss: 3.408858 (epoch 51)
2025-12-01 11:49:17,897 - INFO - Epoch 90/200 | Train Loss: 0.000017 | Val Loss: 4.175963 | Best Val Loss: 3.408858 (epoch 51)
2025-12-01 11:49:18,119 - INFO - Epoch 100/200 | Train Loss: 0.000020 | Val Loss: 4.240159 | Best Val Loss: 3.408858 (epoch 51)
2025-12-01 11:49:18,141 - INFO - Early stopping triggered at epoch 101! Best validation loss: 3.408858 at epoch 51
2025-12-01 11:49:18,156 - INFO - Loaded best model from epoch 51
2025-12-01 11:49:18,159 - INFO - Optimal Youden threshold: 1.0000
2025-12-01 11:49:18,172 - INFO - Fold 3 Results - Acc: 0.7273, F1: 0.6667, AUC: 0.6667, AP: 0.8168
2025-12-01 11:49:18,172 - INFO - 
--- Fold 4/5 ---
2025-12-01 11:49:18,173 - INFO - Train size: 44, Test size: 11
2025-12-01 11:49:18,173 - INFO - Train class balance - 0: 19, 1: 25
2025-12-01 11:49:18,173 - INFO - Test class balance  - 0: 5, 1: 6
2025-12-01 11:49:18,195 - INFO - Training fold 4 with early stopping (patience=50)...
2025-12-01 11:49:18,219 - INFO - Epoch 1/200 | Train Loss: 0.732402 | Val Loss: 0.607858 | Best Val Loss: inf (epoch 1)
2025-12-01 11:49:18,417 - INFO - Epoch 10/200 | Train Loss: 0.239351 | Val Loss: 0.586259 | Best Val Loss: inf (epoch 1)
2025-12-01 11:49:18,636 - INFO - Epoch 20/200 | Train Loss: 0.205275 | Val Loss: 2.684986 | Best Val Loss: inf (epoch 1)
2025-12-01 11:49:18,853 - INFO - Epoch 30/200 | Train Loss: 0.173879 | Val Loss: 1.529100 | Best Val Loss: inf (epoch 1)
2025-12-01 11:49:19,073 - INFO - Epoch 40/200 | Train Loss: 0.000080 | Val Loss: 2.379376 | Best Val Loss: inf (epoch 1)
2025-12-01 11:49:19,293 - INFO - Epoch 50/200 | Train Loss: 0.004391 | Val Loss: 2.030628 | Best Val Loss: inf (epoch 1)
2025-12-01 11:49:19,571 - INFO - Epoch 60/200 | Train Loss: 0.000198 | Val Loss: 1.012781 | Best Val Loss: 0.499639 (epoch 54)
2025-12-01 11:49:19,796 - INFO - Epoch 70/200 | Train Loss: 0.000103 | Val Loss: 0.939674 | Best Val Loss: 0.499639 (epoch 54)
2025-12-01 11:49:20,017 - INFO - Epoch 80/200 | Train Loss: 0.000026 | Val Loss: 0.889840 | Best Val Loss: 0.499639 (epoch 54)
2025-12-01 11:49:20,237 - INFO - Epoch 90/200 | Train Loss: 0.000041 | Val Loss: 1.784989 | Best Val Loss: 0.499639 (epoch 54)
2025-12-01 11:49:20,459 - INFO - Epoch 100/200 | Train Loss: 0.000028 | Val Loss: 1.941856 | Best Val Loss: 0.499639 (epoch 54)
2025-12-01 11:49:20,547 - INFO - Early stopping triggered at epoch 104! Best validation loss: 0.499639 at epoch 54
2025-12-01 11:49:20,563 - INFO - Loaded best model from epoch 54
2025-12-01 11:49:20,567 - INFO - Optimal Youden threshold: 0.9866
2025-12-01 11:49:20,580 - INFO - Fold 4 Results - Acc: 0.9091, F1: 0.9231, AUC: 0.9000, AP: 0.9151
2025-12-01 11:49:20,580 - INFO - 
--- Fold 5/5 ---
2025-12-01 11:49:20,580 - INFO - Train size: 44, Test size: 11
2025-12-01 11:49:20,581 - INFO - Train class balance - 0: 20, 1: 24
2025-12-01 11:49:20,581 - INFO - Test class balance  - 0: 4, 1: 7
2025-12-01 11:49:20,603 - INFO - Training fold 5 with early stopping (patience=50)...
2025-12-01 11:49:20,627 - INFO - Epoch 1/200 | Train Loss: 0.939705 | Val Loss: 1.235776 | Best Val Loss: inf (epoch 1)
2025-12-01 11:49:20,826 - INFO - Epoch 10/200 | Train Loss: 0.162551 | Val Loss: 1.738908 | Best Val Loss: inf (epoch 1)
2025-12-01 11:49:21,045 - INFO - Epoch 20/200 | Train Loss: 0.000467 | Val Loss: 2.346175 | Best Val Loss: inf (epoch 1)
2025-12-01 11:49:21,264 - INFO - Epoch 30/200 | Train Loss: 0.000490 | Val Loss: 2.452010 | Best Val Loss: inf (epoch 1)
2025-12-01 11:49:21,482 - INFO - Epoch 40/200 | Train Loss: 0.000038 | Val Loss: 3.009176 | Best Val Loss: inf (epoch 1)
2025-12-01 11:49:21,700 - INFO - Epoch 50/200 | Train Loss: 0.000059 | Val Loss: 3.060644 | Best Val Loss: inf (epoch 1)
2025-12-01 11:49:21,935 - INFO - Epoch 60/200 | Train Loss: 0.000016 | Val Loss: 3.164499 | Best Val Loss: 3.096249 (epoch 51)
2025-12-01 11:49:22,154 - INFO - Epoch 70/200 | Train Loss: 0.000040 | Val Loss: 3.224304 | Best Val Loss: 3.096249 (epoch 51)
2025-12-01 11:49:22,376 - INFO - Epoch 80/200 | Train Loss: 0.000021 | Val Loss: 3.265677 | Best Val Loss: 3.096249 (epoch 51)
2025-12-01 11:49:22,597 - INFO - Epoch 90/200 | Train Loss: 0.000018 | Val Loss: 3.311930 | Best Val Loss: 3.096249 (epoch 51)
2025-12-01 11:49:22,817 - INFO - Epoch 100/200 | Train Loss: 0.000011 | Val Loss: 3.347107 | Best Val Loss: 3.096249 (epoch 51)
2025-12-01 11:49:22,840 - INFO - Early stopping triggered at epoch 101! Best validation loss: 3.096249 at epoch 51
2025-12-01 11:49:22,855 - INFO - Loaded best model from epoch 51
2025-12-01 11:49:22,858 - INFO - Optimal Youden threshold: 1.0000
2025-12-01 11:49:22,872 - INFO - Fold 5 Results - Acc: 0.7273, F1: 0.7273, AUC: 0.6786, AP: 0.8671
2025-12-01 11:49:22,873 - INFO - 
============================================================
2025-12-01 11:49:22,873 - INFO - FINAL CROSS-VALIDATION RESULTS FOR: Treatment_Response_ALL_Thresh0.25
2025-12-01 11:49:22,873 - INFO - ACC       : 0.7636 ± 0.0927
2025-12-01 11:49:22,873 - INFO - F1        : 0.7682 ± 0.1041
2025-12-01 11:49:22,873 - INFO - PRECISION : 0.8548 ± 0.1331
2025-12-01 11:49:22,873 - INFO - RECALL    : 0.7476 ± 0.2127
2025-12-01 11:49:22,873 - INFO - AUC       : 0.7224 ± 0.1156
2025-12-01 11:49:22,873 - INFO - AP        : 0.8200 ± 0.0842
2025-12-01 11:49:22,873 - INFO - ============================================================

2025-12-01 11:49:22,877 - INFO - Results saved to final_results_Treatment_Response_ALL_Thresh0.25.json
2025-12-01 11:49:22,877 - INFO - Total execution time: 12.54 seconds
2025-12-01 11:49:34,935 - INFO - Using device: cuda
2025-12-01 11:49:34,936 - INFO - Hyperparameters: {
  "batch_size": 8,
  "learning_rate": 0.0005,
  "num_epochs": 200,
  "hidden_dim": 512,
  "num_blocks": 6,
  "dropout": 0.3,
  "feature_type": "ALL",
  "improvement_threshold": 0.25
}
2025-12-01 11:49:34,936 - INFO - Starting treatment response prediction pipeline
2025-12-01 11:49:34,936 - INFO - Building diff file index (mean_anomaly & mean_distortion)...
2025-12-01 11:49:34,937 - WARNING - Duplicate patient ID found: stn02, skipping additional entry
2025-12-01 11:49:34,937 - WARNING - Duplicate patient ID found: gpi11, skipping additional entry
2025-12-01 11:49:34,938 - WARNING - Duplicate patient ID found: gpi02, skipping additional entry
2025-12-01 11:49:34,938 - WARNING - Duplicate patient ID found: gpi19, skipping additional entry
2025-12-01 11:49:34,938 - WARNING - Duplicate patient ID found: stn23, skipping additional entry
2025-12-01 11:49:34,938 - WARNING - Duplicate patient ID found: stn03, skipping additional entry
2025-12-01 11:49:34,938 - WARNING - Duplicate patient ID found: gpi20, skipping additional entry
2025-12-01 11:49:34,938 - WARNING - Duplicate patient ID found: stn04, skipping additional entry
2025-12-01 11:49:34,939 - WARNING - Duplicate patient ID found: stn24, skipping additional entry
2025-12-01 11:49:34,939 - WARNING - Duplicate patient ID found: gpi04, skipping additional entry
2025-12-01 11:49:34,939 - WARNING - Duplicate patient ID found: gpi15, skipping additional entry
2025-12-01 11:49:34,939 - WARNING - Duplicate patient ID found: stn19, skipping additional entry
2025-12-01 11:49:34,939 - WARNING - Duplicate patient ID found: stn08, skipping additional entry
2025-12-01 11:49:34,939 - WARNING - Duplicate patient ID found: stn11, skipping additional entry
2025-12-01 11:49:34,939 - WARNING - Duplicate patient ID found: gpi07, skipping additional entry
2025-12-01 11:49:34,939 - WARNING - Duplicate patient ID found: gpi26, skipping additional entry
2025-12-01 11:49:34,939 - WARNING - Duplicate patient ID found: stn13, skipping additional entry
2025-12-01 11:49:34,939 - WARNING - Duplicate patient ID found: gpi06, skipping additional entry
2025-12-01 11:49:34,940 - WARNING - Duplicate patient ID found: stn30, skipping additional entry
2025-12-01 11:49:34,940 - WARNING - Duplicate patient ID found: stn18, skipping additional entry
2025-12-01 11:49:34,940 - WARNING - Duplicate patient ID found: gpi24, skipping additional entry
2025-12-01 11:49:34,940 - WARNING - Duplicate patient ID found: gpi13, skipping additional entry
2025-12-01 11:49:34,940 - WARNING - Duplicate patient ID found: stn07, skipping additional entry
2025-12-01 11:49:34,940 - WARNING - Duplicate patient ID found: stn20, skipping additional entry
2025-12-01 11:49:34,940 - WARNING - Duplicate patient ID found: gpi12, skipping additional entry
2025-12-01 11:49:34,940 - WARNING - Duplicate patient ID found: stn01, skipping additional entry
2025-12-01 11:49:34,941 - WARNING - Duplicate patient ID found: gpi22, skipping additional entry
2025-12-01 11:49:34,941 - WARNING - Duplicate patient ID found: gpi18, skipping additional entry
2025-12-01 11:49:34,941 - WARNING - Duplicate patient ID found: gpi09, skipping additional entry
2025-12-01 11:49:34,941 - WARNING - Duplicate patient ID found: gpi25, skipping additional entry
2025-12-01 11:49:34,941 - WARNING - Duplicate patient ID found: stn29, skipping additional entry
2025-12-01 11:49:34,941 - WARNING - Duplicate patient ID found: gpi31, skipping additional entry
2025-12-01 11:49:34,941 - WARNING - Duplicate patient ID found: stn10, skipping additional entry
2025-12-01 11:49:34,941 - WARNING - Duplicate patient ID found: gpi28, skipping additional entry
2025-12-01 11:49:34,941 - WARNING - Duplicate patient ID found: stn31, skipping additional entry
2025-12-01 11:49:34,941 - WARNING - Duplicate patient ID found: gpi03, skipping additional entry
2025-12-01 11:49:34,941 - WARNING - Duplicate patient ID found: gpi05, skipping additional entry
2025-12-01 11:49:34,941 - WARNING - Duplicate patient ID found: stn25, skipping additional entry
2025-12-01 11:49:34,941 - WARNING - Duplicate patient ID found: gpi08, skipping additional entry
2025-12-01 11:49:34,941 - WARNING - Duplicate patient ID found: gpi27, skipping additional entry
2025-12-01 11:49:34,942 - WARNING - Duplicate patient ID found: stn16, skipping additional entry
2025-12-01 11:49:34,942 - WARNING - Duplicate patient ID found: gpi23, skipping additional entry
2025-12-01 11:49:34,942 - WARNING - Duplicate patient ID found: stn09, skipping additional entry
2025-12-01 11:49:34,942 - WARNING - Duplicate patient ID found: stn28, skipping additional entry
2025-12-01 11:49:34,942 - WARNING - Duplicate patient ID found: stn06, skipping additional entry
2025-12-01 11:49:34,942 - WARNING - Duplicate patient ID found: stn12, skipping additional entry
2025-12-01 11:49:34,942 - WARNING - Duplicate patient ID found: gpi16, skipping additional entry
2025-12-01 11:49:34,942 - WARNING - Duplicate patient ID found: gpi30, skipping additional entry
2025-12-01 11:49:34,942 - WARNING - Duplicate patient ID found: stn21, skipping additional entry
2025-12-01 11:49:34,942 - WARNING - Duplicate patient ID found: stn22, skipping additional entry
2025-12-01 11:49:34,942 - WARNING - Duplicate patient ID found: stn14, skipping additional entry
2025-12-01 11:49:34,942 - WARNING - Duplicate patient ID found: gpi17, skipping additional entry
2025-12-01 11:49:34,942 - WARNING - Duplicate patient ID found: gpi21, skipping additional entry
2025-12-01 11:49:34,943 - WARNING - Duplicate patient ID found: gpi32, skipping additional entry
2025-12-01 11:49:34,943 - WARNING - Duplicate patient ID found: stn15, skipping additional entry
2025-12-01 11:49:34,943 - INFO - Built diff index with 71 patients
2025-12-01 11:49:34,943 - INFO - Parsing UPDRS data with diff features...
2025-12-01 11:49:34,957 - INFO - Found 55 valid samples
2025-12-01 11:49:34,957 - INFO - Preparing feature matrices with diff features...
2025-12-01 11:49:34,989 - INFO - Feature matrix shape: (55, 365), Class distribution: [24 31]
2025-12-01 11:49:34,989 - INFO - 
============================================================
2025-12-01 11:49:34,989 - INFO - Starting Cross-Validation Experiment: Treatment_Response_ALL_Thresh0.25
2025-12-01 11:49:34,990 - INFO - Total samples: 55 | Class distribution: [24 31]
2025-12-01 11:49:34,990 - INFO - 
--- Fold 1/5 ---
2025-12-01 11:49:34,991 - INFO - Train size: 44, Test size: 11
2025-12-01 11:49:34,991 - INFO - Train class balance - 0: 19, 1: 25
2025-12-01 11:49:34,991 - INFO - Test class balance  - 0: 5, 1: 6
2025-12-01 11:49:35,772 - INFO - Training fold 1 with early stopping (patience=50)...
2025-12-01 11:49:35,929 - INFO - Epoch 1/200 | Train Loss: 0.696975 | Val Loss: 1.581420 | Best Val Loss: inf (epoch 1)
2025-12-01 11:49:36,129 - INFO - Epoch 10/200 | Train Loss: 0.038747 | Val Loss: 1.820423 | Best Val Loss: inf (epoch 1)
2025-12-01 11:49:36,351 - INFO - Epoch 20/200 | Train Loss: 0.000270 | Val Loss: 4.424623 | Best Val Loss: inf (epoch 1)
2025-12-01 11:49:36,575 - INFO - Epoch 30/200 | Train Loss: 0.000031 | Val Loss: 4.692425 | Best Val Loss: inf (epoch 1)
2025-12-01 11:49:36,799 - INFO - Epoch 40/200 | Train Loss: 0.000180 | Val Loss: 3.905997 | Best Val Loss: inf (epoch 1)
2025-12-01 11:49:37,022 - INFO - Epoch 50/200 | Train Loss: 0.000128 | Val Loss: 4.319694 | Best Val Loss: inf (epoch 1)
2025-12-01 11:49:37,350 - INFO - Epoch 60/200 | Train Loss: 0.054645 | Val Loss: 2.339204 | Best Val Loss: 1.241190 (epoch 56)
2025-12-01 11:49:37,595 - INFO - Epoch 70/200 | Train Loss: 0.000030 | Val Loss: 3.608461 | Best Val Loss: 0.727436 (epoch 66)
2025-12-01 11:49:37,823 - INFO - Epoch 80/200 | Train Loss: 0.000012 | Val Loss: 4.038179 | Best Val Loss: 0.727436 (epoch 66)
2025-12-01 11:49:38,045 - INFO - Epoch 90/200 | Train Loss: 0.000014 | Val Loss: 4.036319 | Best Val Loss: 0.727436 (epoch 66)
2025-12-01 11:49:38,266 - INFO - Epoch 100/200 | Train Loss: 0.000008 | Val Loss: 4.043609 | Best Val Loss: 0.727436 (epoch 66)
2025-12-01 11:49:38,489 - INFO - Epoch 110/200 | Train Loss: 0.000066 | Val Loss: 4.049531 | Best Val Loss: 0.727436 (epoch 66)
2025-12-01 11:49:38,623 - INFO - Early stopping triggered at epoch 116! Best validation loss: 0.727436 at epoch 66
2025-12-01 11:49:38,639 - INFO - Loaded best model from epoch 66
2025-12-01 11:49:38,642 - INFO - Optimal Youden threshold: 0.9033
2025-12-01 11:49:38,657 - INFO - Fold 1 Results - Acc: 0.7273, F1: 0.6667, AUC: 0.6667, AP: 0.8168
2025-12-01 11:49:38,657 - INFO - 
--- Fold 2/5 ---
2025-12-01 11:49:38,657 - INFO - Train size: 44, Test size: 11
2025-12-01 11:49:38,657 - INFO - Train class balance - 0: 19, 1: 25
2025-12-01 11:49:38,657 - INFO - Test class balance  - 0: 5, 1: 6
2025-12-01 11:49:38,680 - INFO - Training fold 2 with early stopping (patience=50)...
2025-12-01 11:49:38,704 - INFO - Epoch 1/200 | Train Loss: 0.935639 | Val Loss: 0.947054 | Best Val Loss: inf (epoch 1)
2025-12-01 11:49:38,904 - INFO - Epoch 10/200 | Train Loss: 0.136908 | Val Loss: 3.677495 | Best Val Loss: inf (epoch 1)
2025-12-01 11:49:39,131 - INFO - Epoch 20/200 | Train Loss: 0.000754 | Val Loss: 2.057080 | Best Val Loss: inf (epoch 1)
2025-12-01 11:49:39,355 - INFO - Epoch 30/200 | Train Loss: 0.000463 | Val Loss: 3.096958 | Best Val Loss: inf (epoch 1)
2025-12-01 11:49:39,578 - INFO - Epoch 40/200 | Train Loss: 0.000023 | Val Loss: 4.671814 | Best Val Loss: inf (epoch 1)
2025-12-01 11:49:39,801 - INFO - Epoch 50/200 | Train Loss: 0.000028 | Val Loss: 4.722889 | Best Val Loss: inf (epoch 1)
2025-12-01 11:49:40,042 - INFO - Epoch 60/200 | Train Loss: 0.000018 | Val Loss: 4.781049 | Best Val Loss: 4.729358 (epoch 51)
2025-12-01 11:49:40,264 - INFO - Epoch 70/200 | Train Loss: 0.000008 | Val Loss: 4.839901 | Best Val Loss: 4.729358 (epoch 51)
2025-12-01 11:49:40,486 - INFO - Epoch 80/200 | Train Loss: 0.000010 | Val Loss: 4.881032 | Best Val Loss: 4.729358 (epoch 51)
2025-12-01 11:49:40,706 - INFO - Epoch 90/200 | Train Loss: 0.000012 | Val Loss: 4.928450 | Best Val Loss: 4.729358 (epoch 51)
2025-12-01 11:49:40,927 - INFO - Epoch 100/200 | Train Loss: 0.000010 | Val Loss: 4.977176 | Best Val Loss: 4.729358 (epoch 51)
2025-12-01 11:49:40,950 - INFO - Early stopping triggered at epoch 101! Best validation loss: 4.729358 at epoch 51
2025-12-01 11:49:40,965 - INFO - Loaded best model from epoch 51
2025-12-01 11:49:40,969 - INFO - Optimal Youden threshold: 0.0000
2025-12-01 11:49:40,982 - INFO - Fold 2 Results - Acc: 0.7273, F1: 0.7692, AUC: 0.7000, AP: 0.7746
2025-12-01 11:49:40,982 - INFO - 
--- Fold 3/5 ---
2025-12-01 11:49:40,982 - INFO - Train size: 44, Test size: 11
2025-12-01 11:49:40,983 - INFO - Train class balance - 0: 19, 1: 25
2025-12-01 11:49:40,983 - INFO - Test class balance  - 0: 5, 1: 6
2025-12-01 11:49:41,007 - INFO - Training fold 3 with early stopping (patience=50)...
2025-12-01 11:49:41,032 - INFO - Epoch 1/200 | Train Loss: 0.691563 | Val Loss: 1.274397 | Best Val Loss: inf (epoch 1)
2025-12-01 11:49:41,233 - INFO - Epoch 10/200 | Train Loss: 0.125451 | Val Loss: 0.644474 | Best Val Loss: inf (epoch 1)
2025-12-01 11:49:41,456 - INFO - Epoch 20/200 | Train Loss: 0.171832 | Val Loss: 1.491015 | Best Val Loss: inf (epoch 1)
2025-12-01 11:49:41,680 - INFO - Epoch 30/200 | Train Loss: 0.000197 | Val Loss: 2.715188 | Best Val Loss: inf (epoch 1)
2025-12-01 11:49:41,903 - INFO - Epoch 40/200 | Train Loss: 0.000039 | Val Loss: 2.606274 | Best Val Loss: inf (epoch 1)
2025-12-01 11:49:42,125 - INFO - Epoch 50/200 | Train Loss: 0.000149 | Val Loss: 2.610379 | Best Val Loss: inf (epoch 1)
2025-12-01 11:49:42,421 - INFO - Epoch 60/200 | Train Loss: 0.000033 | Val Loss: 2.603193 | Best Val Loss: 2.592028 (epoch 55)
2025-12-01 11:49:42,646 - INFO - Epoch 70/200 | Train Loss: 0.000122 | Val Loss: 4.361013 | Best Val Loss: 2.592028 (epoch 55)
2025-12-01 11:49:42,909 - INFO - Epoch 80/200 | Train Loss: 0.003320 | Val Loss: 3.006343 | Best Val Loss: 0.473435 (epoch 76)
2025-12-01 11:49:43,133 - INFO - Epoch 90/200 | Train Loss: 0.000021 | Val Loss: 1.940511 | Best Val Loss: 0.473435 (epoch 76)
2025-12-01 11:49:43,355 - INFO - Epoch 100/200 | Train Loss: 0.000016 | Val Loss: 1.969370 | Best Val Loss: 0.473435 (epoch 76)
2025-12-01 11:49:43,579 - INFO - Epoch 110/200 | Train Loss: 0.000007 | Val Loss: 1.990222 | Best Val Loss: 0.473435 (epoch 76)
2025-12-01 11:49:43,802 - INFO - Epoch 120/200 | Train Loss: 0.000014 | Val Loss: 2.007423 | Best Val Loss: 0.473435 (epoch 76)
2025-12-01 11:49:43,935 - INFO - Early stopping triggered at epoch 126! Best validation loss: 0.473435 at epoch 76
2025-12-01 11:49:43,954 - INFO - Loaded best model from epoch 76
2025-12-01 11:49:43,957 - INFO - Optimal Youden threshold: 0.9844
2025-12-01 11:49:43,979 - INFO - Fold 3 Results - Acc: 0.9091, F1: 0.9091, AUC: 0.8667, AP: 0.9333
2025-12-01 11:49:43,979 - INFO - 
--- Fold 4/5 ---
2025-12-01 11:49:43,979 - INFO - Train size: 44, Test size: 11
2025-12-01 11:49:43,979 - INFO - Train class balance - 0: 19, 1: 25
2025-12-01 11:49:43,979 - INFO - Test class balance  - 0: 5, 1: 6
2025-12-01 11:49:44,003 - INFO - Training fold 4 with early stopping (patience=50)...
2025-12-01 11:49:44,027 - INFO - Epoch 1/200 | Train Loss: 0.703091 | Val Loss: 0.798588 | Best Val Loss: inf (epoch 1)
2025-12-01 11:49:44,226 - INFO - Epoch 10/200 | Train Loss: 0.381797 | Val Loss: 0.415493 | Best Val Loss: inf (epoch 1)
2025-12-01 11:49:44,448 - INFO - Epoch 20/200 | Train Loss: 0.001113 | Val Loss: 2.412356 | Best Val Loss: inf (epoch 1)
2025-12-01 11:49:44,667 - INFO - Epoch 30/200 | Train Loss: 0.000118 | Val Loss: 2.987109 | Best Val Loss: inf (epoch 1)
2025-12-01 11:49:44,887 - INFO - Epoch 40/200 | Train Loss: 0.000073 | Val Loss: 3.225709 | Best Val Loss: inf (epoch 1)
2025-12-01 11:49:45,107 - INFO - Epoch 50/200 | Train Loss: 0.000050 | Val Loss: 3.900799 | Best Val Loss: inf (epoch 1)
2025-12-01 11:49:45,365 - INFO - Epoch 60/200 | Train Loss: 0.002234 | Val Loss: 0.639613 | Best Val Loss: 0.293856 (epoch 53)
2025-12-01 11:49:45,586 - INFO - Epoch 70/200 | Train Loss: 0.000033 | Val Loss: 2.268146 | Best Val Loss: 0.293856 (epoch 53)
2025-12-01 11:49:45,806 - INFO - Epoch 80/200 | Train Loss: 0.000016 | Val Loss: 2.224171 | Best Val Loss: 0.293856 (epoch 53)
2025-12-01 11:49:46,027 - INFO - Epoch 90/200 | Train Loss: 0.000012 | Val Loss: 2.226525 | Best Val Loss: 0.293856 (epoch 53)
2025-12-01 11:49:46,246 - INFO - Epoch 100/200 | Train Loss: 0.000028 | Val Loss: 2.265743 | Best Val Loss: 0.293856 (epoch 53)
2025-12-01 11:49:46,312 - INFO - Early stopping triggered at epoch 103! Best validation loss: 0.293856 at epoch 53
2025-12-01 11:49:46,327 - INFO - Loaded best model from epoch 53
2025-12-01 11:49:46,330 - INFO - Optimal Youden threshold: 0.9624
2025-12-01 11:49:46,343 - INFO - Fold 4 Results - Acc: 0.9091, F1: 0.9091, AUC: 0.9667, AP: 0.9762
2025-12-01 11:49:46,343 - INFO - 
--- Fold 5/5 ---
2025-12-01 11:49:46,343 - INFO - Train size: 44, Test size: 11
2025-12-01 11:49:46,343 - INFO - Train class balance - 0: 20, 1: 24
2025-12-01 11:49:46,343 - INFO - Test class balance  - 0: 4, 1: 7
2025-12-01 11:49:46,367 - INFO - Training fold 5 with early stopping (patience=50)...
2025-12-01 11:49:46,391 - INFO - Epoch 1/200 | Train Loss: 0.781481 | Val Loss: 0.579932 | Best Val Loss: inf (epoch 1)
2025-12-01 11:49:46,590 - INFO - Epoch 10/200 | Train Loss: 0.218043 | Val Loss: 0.843681 | Best Val Loss: inf (epoch 1)
2025-12-01 11:49:46,811 - INFO - Epoch 20/200 | Train Loss: 0.000591 | Val Loss: 1.424178 | Best Val Loss: inf (epoch 1)
2025-12-01 11:49:47,031 - INFO - Epoch 30/200 | Train Loss: 0.000438 | Val Loss: 1.842764 | Best Val Loss: inf (epoch 1)
2025-12-01 11:49:47,250 - INFO - Epoch 40/200 | Train Loss: 0.000115 | Val Loss: 2.085728 | Best Val Loss: inf (epoch 1)
2025-12-01 11:49:47,471 - INFO - Epoch 50/200 | Train Loss: 0.000132 | Val Loss: 2.112281 | Best Val Loss: inf (epoch 1)
2025-12-01 11:49:47,713 - INFO - Epoch 60/200 | Train Loss: 0.000041 | Val Loss: 2.134715 | Best Val Loss: 2.115200 (epoch 51)
2025-12-01 11:49:47,938 - INFO - Epoch 70/200 | Train Loss: 0.000048 | Val Loss: 2.161606 | Best Val Loss: 2.115200 (epoch 51)
2025-12-01 11:49:48,164 - INFO - Epoch 80/200 | Train Loss: 0.000025 | Val Loss: 2.196153 | Best Val Loss: 2.115200 (epoch 51)
2025-12-01 11:49:48,391 - INFO - Epoch 90/200 | Train Loss: 0.000033 | Val Loss: 2.219506 | Best Val Loss: 2.115200 (epoch 51)
2025-12-01 11:49:48,616 - INFO - Epoch 100/200 | Train Loss: 0.000027 | Val Loss: 2.691050 | Best Val Loss: 2.115200 (epoch 51)
2025-12-01 11:49:48,638 - INFO - Early stopping triggered at epoch 101! Best validation loss: 2.115200 at epoch 51
2025-12-01 11:49:48,655 - INFO - Loaded best model from epoch 51
2025-12-01 11:49:48,658 - INFO - Optimal Youden threshold: 0.9994
2025-12-01 11:49:48,672 - INFO - Fold 5 Results - Acc: 0.8182, F1: 0.8750, AUC: 0.7143, AP: 0.7968
2025-12-01 11:49:48,673 - INFO - 
============================================================
2025-12-01 11:49:48,673 - INFO - FINAL CROSS-VALIDATION RESULTS FOR: Treatment_Response_ALL_Thresh0.25
2025-12-01 11:49:48,673 - INFO - ACC       : 0.8182 ± 0.0813
2025-12-01 11:49:48,673 - INFO - F1        : 0.8258 ± 0.0947
2025-12-01 11:49:48,673 - INFO - PRECISION : 0.8984 ± 0.1260
2025-12-01 11:49:48,673 - INFO - RECALL    : 0.8000 ± 0.1633
2025-12-01 11:49:48,673 - INFO - AUC       : 0.7829 ± 0.1148
2025-12-01 11:49:48,673 - INFO - AP        : 0.8596 ± 0.0800
2025-12-01 11:49:48,673 - INFO - ============================================================

2025-12-01 11:49:48,678 - INFO - Results saved to final_results_Treatment_Response_ALL_Thresh0.25.json
2025-12-01 11:49:48,678 - INFO - Total execution time: 13.74 seconds
2025-12-01 11:49:52,783 - INFO - Using device: cuda
2025-12-01 11:49:52,783 - INFO - Hyperparameters: {
  "batch_size": 8,
  "learning_rate": 0.0005,
  "num_epochs": 200,
  "hidden_dim": 512,
  "num_blocks": 6,
  "dropout": 0.3,
  "feature_type": "ALL",
  "improvement_threshold": 0.25
}
2025-12-01 11:49:52,783 - INFO - Starting treatment response prediction pipeline
2025-12-01 11:49:52,783 - INFO - Building diff file index (mean_anomaly & mean_distortion)...
2025-12-01 11:49:52,784 - WARNING - Duplicate patient ID found: stn02, skipping additional entry
2025-12-01 11:49:52,785 - WARNING - Duplicate patient ID found: gpi11, skipping additional entry
2025-12-01 11:49:52,785 - WARNING - Duplicate patient ID found: gpi02, skipping additional entry
2025-12-01 11:49:52,785 - WARNING - Duplicate patient ID found: gpi19, skipping additional entry
2025-12-01 11:49:52,785 - WARNING - Duplicate patient ID found: stn23, skipping additional entry
2025-12-01 11:49:52,785 - WARNING - Duplicate patient ID found: stn03, skipping additional entry
2025-12-01 11:49:52,786 - WARNING - Duplicate patient ID found: gpi20, skipping additional entry
2025-12-01 11:49:52,786 - WARNING - Duplicate patient ID found: stn04, skipping additional entry
2025-12-01 11:49:52,786 - WARNING - Duplicate patient ID found: stn24, skipping additional entry
2025-12-01 11:49:52,786 - WARNING - Duplicate patient ID found: gpi04, skipping additional entry
2025-12-01 11:49:52,786 - WARNING - Duplicate patient ID found: gpi15, skipping additional entry
2025-12-01 11:49:52,786 - WARNING - Duplicate patient ID found: stn19, skipping additional entry
2025-12-01 11:49:52,786 - WARNING - Duplicate patient ID found: stn08, skipping additional entry
2025-12-01 11:49:52,786 - WARNING - Duplicate patient ID found: stn11, skipping additional entry
2025-12-01 11:49:52,786 - WARNING - Duplicate patient ID found: gpi07, skipping additional entry
2025-12-01 11:49:52,787 - WARNING - Duplicate patient ID found: gpi26, skipping additional entry
2025-12-01 11:49:52,787 - WARNING - Duplicate patient ID found: stn13, skipping additional entry
2025-12-01 11:49:52,787 - WARNING - Duplicate patient ID found: gpi06, skipping additional entry
2025-12-01 11:49:52,787 - WARNING - Duplicate patient ID found: stn30, skipping additional entry
2025-12-01 11:49:52,787 - WARNING - Duplicate patient ID found: stn18, skipping additional entry
2025-12-01 11:49:52,787 - WARNING - Duplicate patient ID found: gpi24, skipping additional entry
2025-12-01 11:49:52,787 - WARNING - Duplicate patient ID found: gpi13, skipping additional entry
2025-12-01 11:49:52,787 - WARNING - Duplicate patient ID found: stn07, skipping additional entry
2025-12-01 11:49:52,787 - WARNING - Duplicate patient ID found: stn20, skipping additional entry
2025-12-01 11:49:52,788 - WARNING - Duplicate patient ID found: gpi12, skipping additional entry
2025-12-01 11:49:52,788 - WARNING - Duplicate patient ID found: stn01, skipping additional entry
2025-12-01 11:49:52,788 - WARNING - Duplicate patient ID found: gpi22, skipping additional entry
2025-12-01 11:49:52,788 - WARNING - Duplicate patient ID found: gpi18, skipping additional entry
2025-12-01 11:49:52,788 - WARNING - Duplicate patient ID found: gpi09, skipping additional entry
2025-12-01 11:49:52,788 - WARNING - Duplicate patient ID found: gpi25, skipping additional entry
2025-12-01 11:49:52,788 - WARNING - Duplicate patient ID found: stn29, skipping additional entry
2025-12-01 11:49:52,788 - WARNING - Duplicate patient ID found: gpi31, skipping additional entry
2025-12-01 11:49:52,788 - WARNING - Duplicate patient ID found: stn10, skipping additional entry
2025-12-01 11:49:52,788 - WARNING - Duplicate patient ID found: gpi28, skipping additional entry
2025-12-01 11:49:52,789 - WARNING - Duplicate patient ID found: stn31, skipping additional entry
2025-12-01 11:49:52,789 - WARNING - Duplicate patient ID found: gpi03, skipping additional entry
2025-12-01 11:49:52,789 - WARNING - Duplicate patient ID found: gpi05, skipping additional entry
2025-12-01 11:49:52,789 - WARNING - Duplicate patient ID found: stn25, skipping additional entry
2025-12-01 11:49:52,789 - WARNING - Duplicate patient ID found: gpi08, skipping additional entry
2025-12-01 11:49:52,789 - WARNING - Duplicate patient ID found: gpi27, skipping additional entry
2025-12-01 11:49:52,789 - WARNING - Duplicate patient ID found: stn16, skipping additional entry
2025-12-01 11:49:52,789 - WARNING - Duplicate patient ID found: gpi23, skipping additional entry
2025-12-01 11:49:52,789 - WARNING - Duplicate patient ID found: stn09, skipping additional entry
2025-12-01 11:49:52,789 - WARNING - Duplicate patient ID found: stn28, skipping additional entry
2025-12-01 11:49:52,789 - WARNING - Duplicate patient ID found: stn06, skipping additional entry
2025-12-01 11:49:52,789 - WARNING - Duplicate patient ID found: stn12, skipping additional entry
2025-12-01 11:49:52,790 - WARNING - Duplicate patient ID found: gpi16, skipping additional entry
2025-12-01 11:49:52,790 - WARNING - Duplicate patient ID found: gpi30, skipping additional entry
2025-12-01 11:49:52,790 - WARNING - Duplicate patient ID found: stn21, skipping additional entry
2025-12-01 11:49:52,790 - WARNING - Duplicate patient ID found: stn22, skipping additional entry
2025-12-01 11:49:52,790 - WARNING - Duplicate patient ID found: stn14, skipping additional entry
2025-12-01 11:49:52,790 - WARNING - Duplicate patient ID found: gpi17, skipping additional entry
2025-12-01 11:49:52,790 - WARNING - Duplicate patient ID found: gpi21, skipping additional entry
2025-12-01 11:49:52,790 - WARNING - Duplicate patient ID found: gpi32, skipping additional entry
2025-12-01 11:49:52,790 - WARNING - Duplicate patient ID found: stn15, skipping additional entry
2025-12-01 11:49:52,790 - INFO - Built diff index with 71 patients
2025-12-01 11:49:52,790 - INFO - Parsing UPDRS data with diff features...
2025-12-01 11:49:52,804 - INFO - Found 55 valid samples
2025-12-01 11:49:52,804 - INFO - Preparing feature matrices with diff features...
2025-12-01 11:49:52,837 - INFO - Feature matrix shape: (55, 365), Class distribution: [24 31]
2025-12-01 11:49:52,837 - INFO - 
============================================================
2025-12-01 11:49:52,837 - INFO - Starting Cross-Validation Experiment: Treatment_Response_ALL_Thresh0.25
2025-12-01 11:49:52,838 - INFO - Total samples: 55 | Class distribution: [24 31]
2025-12-01 11:49:52,838 - INFO - 
--- Fold 1/5 ---
2025-12-01 11:49:52,839 - INFO - Train size: 44, Test size: 11
2025-12-01 11:49:52,839 - INFO - Train class balance - 0: 19, 1: 25
2025-12-01 11:49:52,839 - INFO - Test class balance  - 0: 5, 1: 6
2025-12-01 11:49:53,632 - INFO - Training fold 1 with early stopping (patience=50)...
2025-12-01 11:49:53,789 - INFO - Epoch 1/200 | Train Loss: 0.822037 | Val Loss: 0.613401 | Best Val Loss: inf (epoch 1)
2025-12-01 11:49:53,987 - INFO - Epoch 10/200 | Train Loss: 0.047705 | Val Loss: 1.767498 | Best Val Loss: inf (epoch 1)
2025-12-01 11:49:54,206 - INFO - Epoch 20/200 | Train Loss: 0.107640 | Val Loss: 3.404243 | Best Val Loss: inf (epoch 1)
2025-12-01 11:49:54,425 - INFO - Epoch 30/200 | Train Loss: 0.000076 | Val Loss: 4.204572 | Best Val Loss: inf (epoch 1)
2025-12-01 11:49:54,644 - INFO - Epoch 40/200 | Train Loss: 0.000041 | Val Loss: 4.333866 | Best Val Loss: inf (epoch 1)
2025-12-01 11:49:54,862 - INFO - Epoch 50/200 | Train Loss: 0.000023 | Val Loss: 4.399068 | Best Val Loss: inf (epoch 1)
2025-12-01 11:49:55,101 - INFO - Epoch 60/200 | Train Loss: 0.000027 | Val Loss: 4.424722 | Best Val Loss: 4.401707 (epoch 51)
2025-12-01 11:49:55,321 - INFO - Epoch 70/200 | Train Loss: 0.000013 | Val Loss: 4.473435 | Best Val Loss: 4.401707 (epoch 51)
2025-12-01 11:49:55,540 - INFO - Epoch 80/200 | Train Loss: 0.000011 | Val Loss: 4.495687 | Best Val Loss: 4.401707 (epoch 51)
2025-12-01 11:49:55,762 - INFO - Epoch 90/200 | Train Loss: 0.000013 | Val Loss: 4.521687 | Best Val Loss: 4.401707 (epoch 51)
2025-12-01 11:49:55,982 - INFO - Epoch 100/200 | Train Loss: 0.000007 | Val Loss: 4.579937 | Best Val Loss: 4.401707 (epoch 51)
2025-12-01 11:49:56,004 - INFO - Early stopping triggered at epoch 101! Best validation loss: 4.401707 at epoch 51
2025-12-01 11:49:56,020 - INFO - Loaded best model from epoch 51
2025-12-01 11:49:56,023 - INFO - Optimal Youden threshold: 1.0000
2025-12-01 11:49:56,039 - INFO - Fold 1 Results - Acc: 0.8182, F1: 0.8000, AUC: 0.8333, AP: 0.9056
2025-12-01 11:49:56,039 - INFO - 
--- Fold 2/5 ---
2025-12-01 11:49:56,039 - INFO - Train size: 44, Test size: 11
2025-12-01 11:49:56,039 - INFO - Train class balance - 0: 19, 1: 25
2025-12-01 11:49:56,039 - INFO - Test class balance  - 0: 5, 1: 6
2025-12-01 11:49:56,063 - INFO - Training fold 2 with early stopping (patience=50)...
2025-12-01 11:49:56,087 - INFO - Epoch 1/200 | Train Loss: 0.898272 | Val Loss: 0.613505 | Best Val Loss: inf (epoch 1)
2025-12-01 11:49:56,286 - INFO - Epoch 10/200 | Train Loss: 0.002149 | Val Loss: 2.466772 | Best Val Loss: inf (epoch 1)
2025-12-01 11:49:56,507 - INFO - Epoch 20/200 | Train Loss: 0.032214 | Val Loss: 1.737679 | Best Val Loss: inf (epoch 1)
2025-12-01 11:49:56,729 - INFO - Epoch 30/200 | Train Loss: 0.000068 | Val Loss: 3.067024 | Best Val Loss: inf (epoch 1)
2025-12-01 11:49:56,951 - INFO - Epoch 40/200 | Train Loss: 0.000068 | Val Loss: 3.069150 | Best Val Loss: inf (epoch 1)
2025-12-01 11:49:57,172 - INFO - Epoch 50/200 | Train Loss: 0.000042 | Val Loss: 2.966320 | Best Val Loss: inf (epoch 1)
2025-12-01 11:49:57,450 - INFO - Epoch 60/200 | Train Loss: 0.000026 | Val Loss: 2.963776 | Best Val Loss: 2.959684 (epoch 56)
2025-12-01 11:49:57,672 - INFO - Epoch 70/200 | Train Loss: 0.000012 | Val Loss: 2.981559 | Best Val Loss: 2.959684 (epoch 56)
2025-12-01 11:49:57,891 - INFO - Epoch 80/200 | Train Loss: 0.000013 | Val Loss: 3.009298 | Best Val Loss: 2.959684 (epoch 56)
2025-12-01 11:49:58,109 - INFO - Epoch 90/200 | Train Loss: 0.000018 | Val Loss: 3.042194 | Best Val Loss: 2.959684 (epoch 56)
2025-12-01 11:49:58,329 - INFO - Epoch 100/200 | Train Loss: 0.000012 | Val Loss: 3.079803 | Best Val Loss: 2.959684 (epoch 56)
2025-12-01 11:49:58,460 - INFO - Early stopping triggered at epoch 106! Best validation loss: 2.959684 at epoch 56
2025-12-01 11:49:58,475 - INFO - Loaded best model from epoch 56
2025-12-01 11:49:58,478 - INFO - Optimal Youden threshold: 1.0000
2025-12-01 11:49:58,491 - INFO - Fold 2 Results - Acc: 0.8182, F1: 0.8000, AUC: 0.8333, AP: 0.8968
2025-12-01 11:49:58,491 - INFO - 
--- Fold 3/5 ---
2025-12-01 11:49:58,491 - INFO - Train size: 44, Test size: 11
2025-12-01 11:49:58,491 - INFO - Train class balance - 0: 19, 1: 25
2025-12-01 11:49:58,491 - INFO - Test class balance  - 0: 5, 1: 6
2025-12-01 11:49:58,514 - INFO - Training fold 3 with early stopping (patience=50)...
2025-12-01 11:49:58,538 - INFO - Epoch 1/200 | Train Loss: 0.886558 | Val Loss: 0.581779 | Best Val Loss: inf (epoch 1)
2025-12-01 11:49:58,736 - INFO - Epoch 10/200 | Train Loss: 0.002403 | Val Loss: 0.551861 | Best Val Loss: inf (epoch 1)
2025-12-01 11:49:58,956 - INFO - Epoch 20/200 | Train Loss: 0.000141 | Val Loss: 0.852608 | Best Val Loss: inf (epoch 1)
2025-12-01 11:49:59,176 - INFO - Epoch 30/200 | Train Loss: 0.013072 | Val Loss: 1.072266 | Best Val Loss: inf (epoch 1)
2025-12-01 11:49:59,398 - INFO - Epoch 40/200 | Train Loss: 0.000563 | Val Loss: 1.007924 | Best Val Loss: inf (epoch 1)
2025-12-01 11:49:59,617 - INFO - Epoch 50/200 | Train Loss: 0.000093 | Val Loss: 1.311224 | Best Val Loss: inf (epoch 1)
2025-12-01 11:49:59,853 - INFO - Epoch 60/200 | Train Loss: 0.000024 | Val Loss: 1.435114 | Best Val Loss: 1.329665 (epoch 51)
2025-12-01 11:50:00,072 - INFO - Epoch 70/200 | Train Loss: 0.000021 | Val Loss: 1.511751 | Best Val Loss: 1.329665 (epoch 51)
2025-12-01 11:50:00,292 - INFO - Epoch 80/200 | Train Loss: 0.000023 | Val Loss: 1.573094 | Best Val Loss: 1.329665 (epoch 51)
2025-12-01 11:50:00,513 - INFO - Epoch 90/200 | Train Loss: 0.000034 | Val Loss: 3.272290 | Best Val Loss: 1.329665 (epoch 51)
2025-12-01 11:50:00,771 - INFO - Epoch 100/200 | Train Loss: 0.000028 | Val Loss: 1.286462 | Best Val Loss: 0.430218 (epoch 93)
2025-12-01 11:50:00,989 - INFO - Epoch 110/200 | Train Loss: 0.000183 | Val Loss: 0.970918 | Best Val Loss: 0.430218 (epoch 93)
2025-12-01 11:50:01,207 - INFO - Epoch 120/200 | Train Loss: 0.000022 | Val Loss: 1.137144 | Best Val Loss: 0.430218 (epoch 93)
2025-12-01 11:50:01,426 - INFO - Epoch 130/200 | Train Loss: 0.001655 | Val Loss: 1.240003 | Best Val Loss: 0.430218 (epoch 93)
2025-12-01 11:50:01,663 - INFO - Epoch 140/200 | Train Loss: 0.000775 | Val Loss: 19.044600 | Best Val Loss: 0.408992 (epoch 135)
2025-12-01 11:50:01,882 - INFO - Epoch 150/200 | Train Loss: 0.002006 | Val Loss: 1.799482 | Best Val Loss: 0.408992 (epoch 135)
2025-12-01 11:50:02,104 - INFO - Epoch 160/200 | Train Loss: 0.230755 | Val Loss: 0.625995 | Best Val Loss: 0.408992 (epoch 135)
2025-12-01 11:50:02,322 - INFO - Epoch 170/200 | Train Loss: 0.000039 | Val Loss: 1.770692 | Best Val Loss: 0.408992 (epoch 135)
2025-12-01 11:50:02,541 - INFO - Epoch 180/200 | Train Loss: 0.000172 | Val Loss: 1.813302 | Best Val Loss: 0.408992 (epoch 135)
2025-12-01 11:50:02,650 - INFO - Early stopping triggered at epoch 185! Best validation loss: 0.408992 at epoch 135
2025-12-01 11:50:02,665 - INFO - Loaded best model from epoch 135
2025-12-01 11:50:02,668 - INFO - Optimal Youden threshold: 0.7878
2025-12-01 11:50:02,681 - INFO - Fold 3 Results - Acc: 0.9091, F1: 0.9231, AUC: 0.9000, AP: 0.9151
2025-12-01 11:50:02,682 - INFO - 
--- Fold 4/5 ---
2025-12-01 11:50:02,682 - INFO - Train size: 44, Test size: 11
2025-12-01 11:50:02,682 - INFO - Train class balance - 0: 19, 1: 25
2025-12-01 11:50:02,682 - INFO - Test class balance  - 0: 5, 1: 6
2025-12-01 11:50:02,705 - INFO - Training fold 4 with early stopping (patience=50)...
2025-12-01 11:50:02,729 - INFO - Epoch 1/200 | Train Loss: 0.836707 | Val Loss: 0.714857 | Best Val Loss: inf (epoch 1)
2025-12-01 11:50:02,927 - INFO - Epoch 10/200 | Train Loss: 0.011613 | Val Loss: 1.469240 | Best Val Loss: inf (epoch 1)
2025-12-01 11:50:03,146 - INFO - Epoch 20/200 | Train Loss: 0.041587 | Val Loss: 1.963088 | Best Val Loss: inf (epoch 1)
2025-12-01 11:50:03,364 - INFO - Epoch 30/200 | Train Loss: 0.133569 | Val Loss: 1.410364 | Best Val Loss: inf (epoch 1)
2025-12-01 11:50:03,583 - INFO - Epoch 40/200 | Train Loss: 0.000514 | Val Loss: 2.004909 | Best Val Loss: inf (epoch 1)
2025-12-01 11:50:03,801 - INFO - Epoch 50/200 | Train Loss: 0.000092 | Val Loss: 2.290881 | Best Val Loss: inf (epoch 1)
2025-12-01 11:50:04,036 - INFO - Epoch 60/200 | Train Loss: 0.000087 | Val Loss: 2.455479 | Best Val Loss: 2.307515 (epoch 51)
2025-12-01 11:50:04,255 - INFO - Epoch 70/200 | Train Loss: 0.000049 | Val Loss: 2.576095 | Best Val Loss: 2.307515 (epoch 51)
2025-12-01 11:50:04,474 - INFO - Epoch 80/200 | Train Loss: 0.000038 | Val Loss: 2.665782 | Best Val Loss: 2.307515 (epoch 51)
2025-12-01 11:50:04,694 - INFO - Epoch 90/200 | Train Loss: 0.000019 | Val Loss: 2.727092 | Best Val Loss: 2.307515 (epoch 51)
2025-12-01 11:50:04,913 - INFO - Epoch 100/200 | Train Loss: 0.000041 | Val Loss: 2.800615 | Best Val Loss: 2.307515 (epoch 51)
2025-12-01 11:50:04,936 - INFO - Early stopping triggered at epoch 101! Best validation loss: 2.307515 at epoch 51
2025-12-01 11:50:04,951 - INFO - Loaded best model from epoch 51
2025-12-01 11:50:04,953 - INFO - Optimal Youden threshold: 1.0000
2025-12-01 11:50:04,967 - INFO - Fold 4 Results - Acc: 0.8182, F1: 0.8000, AUC: 0.7333, AP: 0.8593
2025-12-01 11:50:04,967 - INFO - 
--- Fold 5/5 ---
2025-12-01 11:50:04,968 - INFO - Train size: 44, Test size: 11
2025-12-01 11:50:04,968 - INFO - Train class balance - 0: 20, 1: 24
2025-12-01 11:50:04,968 - INFO - Test class balance  - 0: 4, 1: 7
2025-12-01 11:50:04,991 - INFO - Training fold 5 with early stopping (patience=50)...
2025-12-01 11:50:05,014 - INFO - Epoch 1/200 | Train Loss: 0.622887 | Val Loss: 2.359414 | Best Val Loss: inf (epoch 1)
2025-12-01 11:50:05,209 - INFO - Epoch 10/200 | Train Loss: 0.182252 | Val Loss: 2.768898 | Best Val Loss: inf (epoch 1)
2025-12-01 11:50:05,427 - INFO - Epoch 20/200 | Train Loss: 0.000595 | Val Loss: 4.535383 | Best Val Loss: inf (epoch 1)
2025-12-01 11:50:05,644 - INFO - Epoch 30/200 | Train Loss: 0.000040 | Val Loss: 4.274054 | Best Val Loss: inf (epoch 1)
2025-12-01 11:50:05,863 - INFO - Epoch 40/200 | Train Loss: 0.000049 | Val Loss: 4.380465 | Best Val Loss: inf (epoch 1)
2025-12-01 11:50:06,080 - INFO - Epoch 50/200 | Train Loss: 0.000026 | Val Loss: 4.467264 | Best Val Loss: inf (epoch 1)
2025-12-01 11:50:06,314 - INFO - Epoch 60/200 | Train Loss: 0.000058 | Val Loss: 4.575294 | Best Val Loss: 4.475078 (epoch 51)
2025-12-01 11:50:06,532 - INFO - Epoch 70/200 | Train Loss: 0.000023 | Val Loss: 4.645643 | Best Val Loss: 4.475078 (epoch 51)
2025-12-01 11:50:06,750 - INFO - Epoch 80/200 | Train Loss: 0.000014 | Val Loss: 4.712383 | Best Val Loss: 4.475078 (epoch 51)
2025-12-01 11:50:06,967 - INFO - Epoch 90/200 | Train Loss: 0.000016 | Val Loss: 4.764863 | Best Val Loss: 4.475078 (epoch 51)
2025-12-01 11:50:07,213 - INFO - Epoch 100/200 | Train Loss: 0.210918 | Val Loss: 1.156587 | Best Val Loss: 1.084885 (epoch 99)
2025-12-01 11:50:07,455 - INFO - Epoch 110/200 | Train Loss: 0.622941 | Val Loss: 0.908886 | Best Val Loss: 0.908886 (epoch 110)
2025-12-01 11:50:07,681 - INFO - Epoch 120/200 | Train Loss: 0.000047 | Val Loss: 3.561187 | Best Val Loss: 0.908886 (epoch 110)
2025-12-01 11:50:07,903 - INFO - Epoch 130/200 | Train Loss: 0.000016 | Val Loss: 3.917215 | Best Val Loss: 0.908886 (epoch 110)
2025-12-01 11:50:08,126 - INFO - Epoch 140/200 | Train Loss: 0.000013 | Val Loss: 3.993310 | Best Val Loss: 0.908886 (epoch 110)
2025-12-01 11:50:08,351 - INFO - Epoch 150/200 | Train Loss: 0.000013 | Val Loss: 4.048126 | Best Val Loss: 0.908886 (epoch 110)
2025-12-01 11:50:08,574 - INFO - Early stopping triggered at epoch 160! Best validation loss: 0.908886 at epoch 110
2025-12-01 11:50:08,590 - INFO - Loaded best model from epoch 110
2025-12-01 11:50:08,593 - INFO - Optimal Youden threshold: 0.9359
2025-12-01 11:50:08,607 - INFO - Fold 5 Results - Acc: 0.7273, F1: 0.7273, AUC: 0.7143, AP: 0.8715
2025-12-01 11:50:08,607 - INFO - 
============================================================
2025-12-01 11:50:08,607 - INFO - FINAL CROSS-VALIDATION RESULTS FOR: Treatment_Response_ALL_Thresh0.25
2025-12-01 11:50:08,607 - INFO - ACC       : 0.8182 ± 0.0575
2025-12-01 11:50:08,607 - INFO - F1        : 0.8101 ± 0.0631
2025-12-01 11:50:08,607 - INFO - PRECISION : 0.9714 ± 0.0571
2025-12-01 11:50:08,607 - INFO - RECALL    : 0.7143 ± 0.1475
2025-12-01 11:50:08,607 - INFO - AUC       : 0.8029 ± 0.0692
2025-12-01 11:50:08,608 - INFO - AP        : 0.8896 ± 0.0210
2025-12-01 11:50:08,608 - INFO - ============================================================

2025-12-01 11:50:08,614 - INFO - Results saved to final_results_Treatment_Response_ALL_Thresh0.25.json
2025-12-01 11:50:08,614 - INFO - Total execution time: 15.83 seconds
2025-12-01 11:50:20,675 - INFO - Using device: cuda
2025-12-01 11:50:20,675 - INFO - Hyperparameters: {
  "batch_size": 8,
  "learning_rate": 0.0005,
  "num_epochs": 200,
  "hidden_dim": 512,
  "num_blocks": 6,
  "dropout": 0.3,
  "feature_type": "ALL",
  "improvement_threshold": 0.25
}
2025-12-01 11:50:20,675 - INFO - Starting treatment response prediction pipeline
2025-12-01 11:50:20,675 - INFO - Building diff file index (mean_anomaly & mean_distortion)...
2025-12-01 11:50:20,676 - WARNING - Duplicate patient ID found: stn02, skipping additional entry
2025-12-01 11:50:20,677 - WARNING - Duplicate patient ID found: gpi11, skipping additional entry
2025-12-01 11:50:20,677 - WARNING - Duplicate patient ID found: gpi02, skipping additional entry
2025-12-01 11:50:20,677 - WARNING - Duplicate patient ID found: gpi19, skipping additional entry
2025-12-01 11:50:20,677 - WARNING - Duplicate patient ID found: stn23, skipping additional entry
2025-12-01 11:50:20,678 - WARNING - Duplicate patient ID found: stn03, skipping additional entry
2025-12-01 11:50:20,678 - WARNING - Duplicate patient ID found: gpi20, skipping additional entry
2025-12-01 11:50:20,678 - WARNING - Duplicate patient ID found: stn04, skipping additional entry
2025-12-01 11:50:20,678 - WARNING - Duplicate patient ID found: stn24, skipping additional entry
2025-12-01 11:50:20,678 - WARNING - Duplicate patient ID found: gpi04, skipping additional entry
2025-12-01 11:50:20,678 - WARNING - Duplicate patient ID found: gpi15, skipping additional entry
2025-12-01 11:50:20,678 - WARNING - Duplicate patient ID found: stn19, skipping additional entry
2025-12-01 11:50:20,678 - WARNING - Duplicate patient ID found: stn08, skipping additional entry
2025-12-01 11:50:20,678 - WARNING - Duplicate patient ID found: stn11, skipping additional entry
2025-12-01 11:50:20,679 - WARNING - Duplicate patient ID found: gpi07, skipping additional entry
2025-12-01 11:50:20,679 - WARNING - Duplicate patient ID found: gpi26, skipping additional entry
2025-12-01 11:50:20,679 - WARNING - Duplicate patient ID found: stn13, skipping additional entry
2025-12-01 11:50:20,679 - WARNING - Duplicate patient ID found: gpi06, skipping additional entry
2025-12-01 11:50:20,679 - WARNING - Duplicate patient ID found: stn30, skipping additional entry
2025-12-01 11:50:20,679 - WARNING - Duplicate patient ID found: stn18, skipping additional entry
2025-12-01 11:50:20,679 - WARNING - Duplicate patient ID found: gpi24, skipping additional entry
2025-12-01 11:50:20,679 - WARNING - Duplicate patient ID found: gpi13, skipping additional entry
2025-12-01 11:50:20,679 - WARNING - Duplicate patient ID found: stn07, skipping additional entry
2025-12-01 11:50:20,679 - WARNING - Duplicate patient ID found: stn20, skipping additional entry
2025-12-01 11:50:20,680 - WARNING - Duplicate patient ID found: gpi12, skipping additional entry
2025-12-01 11:50:20,680 - WARNING - Duplicate patient ID found: stn01, skipping additional entry
2025-12-01 11:50:20,680 - WARNING - Duplicate patient ID found: gpi22, skipping additional entry
2025-12-01 11:50:20,680 - WARNING - Duplicate patient ID found: gpi18, skipping additional entry
2025-12-01 11:50:20,680 - WARNING - Duplicate patient ID found: gpi09, skipping additional entry
2025-12-01 11:50:20,680 - WARNING - Duplicate patient ID found: gpi25, skipping additional entry
2025-12-01 11:50:20,680 - WARNING - Duplicate patient ID found: stn29, skipping additional entry
2025-12-01 11:50:20,680 - WARNING - Duplicate patient ID found: gpi31, skipping additional entry
2025-12-01 11:50:20,681 - WARNING - Duplicate patient ID found: stn10, skipping additional entry
2025-12-01 11:50:20,681 - WARNING - Duplicate patient ID found: gpi28, skipping additional entry
2025-12-01 11:50:20,681 - WARNING - Duplicate patient ID found: stn31, skipping additional entry
2025-12-01 11:50:20,681 - WARNING - Duplicate patient ID found: gpi03, skipping additional entry
2025-12-01 11:50:20,681 - WARNING - Duplicate patient ID found: gpi05, skipping additional entry
2025-12-01 11:50:20,681 - WARNING - Duplicate patient ID found: stn25, skipping additional entry
2025-12-01 11:50:20,681 - WARNING - Duplicate patient ID found: gpi08, skipping additional entry
2025-12-01 11:50:20,681 - WARNING - Duplicate patient ID found: gpi27, skipping additional entry
2025-12-01 11:50:20,681 - WARNING - Duplicate patient ID found: stn16, skipping additional entry
2025-12-01 11:50:20,681 - WARNING - Duplicate patient ID found: gpi23, skipping additional entry
2025-12-01 11:50:20,681 - WARNING - Duplicate patient ID found: stn09, skipping additional entry
2025-12-01 11:50:20,681 - WARNING - Duplicate patient ID found: stn28, skipping additional entry
2025-12-01 11:50:20,682 - WARNING - Duplicate patient ID found: stn06, skipping additional entry
2025-12-01 11:50:20,682 - WARNING - Duplicate patient ID found: stn12, skipping additional entry
2025-12-01 11:50:20,682 - WARNING - Duplicate patient ID found: gpi16, skipping additional entry
2025-12-01 11:50:20,682 - WARNING - Duplicate patient ID found: gpi30, skipping additional entry
2025-12-01 11:50:20,682 - WARNING - Duplicate patient ID found: stn21, skipping additional entry
2025-12-01 11:50:20,682 - WARNING - Duplicate patient ID found: stn22, skipping additional entry
2025-12-01 11:50:20,682 - WARNING - Duplicate patient ID found: stn14, skipping additional entry
2025-12-01 11:50:20,682 - WARNING - Duplicate patient ID found: gpi17, skipping additional entry
2025-12-01 11:50:20,682 - WARNING - Duplicate patient ID found: gpi21, skipping additional entry
2025-12-01 11:50:20,682 - WARNING - Duplicate patient ID found: gpi32, skipping additional entry
2025-12-01 11:50:20,682 - WARNING - Duplicate patient ID found: stn15, skipping additional entry
2025-12-01 11:50:20,682 - INFO - Built diff index with 71 patients
2025-12-01 11:50:20,682 - INFO - Parsing UPDRS data with diff features...
2025-12-01 11:50:20,696 - INFO - Found 55 valid samples
2025-12-01 11:50:20,697 - INFO - Preparing feature matrices with diff features...
2025-12-01 11:50:20,731 - INFO - Feature matrix shape: (55, 365), Class distribution: [24 31]
2025-12-01 11:50:20,731 - INFO - 
============================================================
2025-12-01 11:50:20,731 - INFO - Starting Cross-Validation Experiment: Treatment_Response_ALL_Thresh0.25
2025-12-01 11:50:20,731 - INFO - Total samples: 55 | Class distribution: [24 31]
2025-12-01 11:50:20,732 - INFO - 
--- Fold 1/5 ---
2025-12-01 11:50:20,732 - INFO - Train size: 44, Test size: 11
2025-12-01 11:50:20,732 - INFO - Train class balance - 0: 19, 1: 25
2025-12-01 11:50:20,732 - INFO - Test class balance  - 0: 5, 1: 6
2025-12-01 11:50:21,528 - INFO - Training fold 1 with early stopping (patience=50)...
2025-12-01 11:50:21,685 - INFO - Epoch 1/200 | Train Loss: 0.756161 | Val Loss: 0.724389 | Best Val Loss: inf (epoch 1)
2025-12-01 11:50:21,885 - INFO - Epoch 10/200 | Train Loss: 0.000393 | Val Loss: 2.821323 | Best Val Loss: inf (epoch 1)
2025-12-01 11:50:22,106 - INFO - Epoch 20/200 | Train Loss: 0.002403 | Val Loss: 2.098344 | Best Val Loss: inf (epoch 1)
2025-12-01 11:50:22,329 - INFO - Epoch 30/200 | Train Loss: 0.000252 | Val Loss: 4.580683 | Best Val Loss: inf (epoch 1)
2025-12-01 11:50:22,553 - INFO - Epoch 40/200 | Train Loss: 0.000038 | Val Loss: 3.546809 | Best Val Loss: inf (epoch 1)
2025-12-01 11:50:22,775 - INFO - Epoch 50/200 | Train Loss: 0.000094 | Val Loss: 3.803631 | Best Val Loss: inf (epoch 1)
2025-12-01 11:50:23,036 - INFO - Epoch 60/200 | Train Loss: 0.000016 | Val Loss: 4.093711 | Best Val Loss: 3.344815 (epoch 54)
2025-12-01 11:50:23,257 - INFO - Epoch 70/200 | Train Loss: 0.000009 | Val Loss: 4.025782 | Best Val Loss: 3.344815 (epoch 54)
2025-12-01 11:50:23,480 - INFO - Epoch 80/200 | Train Loss: 0.000008 | Val Loss: 4.034944 | Best Val Loss: 3.344815 (epoch 54)
2025-12-01 11:50:23,700 - INFO - Epoch 90/200 | Train Loss: 0.000009 | Val Loss: 4.066818 | Best Val Loss: 3.344815 (epoch 54)
2025-12-01 11:50:23,920 - INFO - Epoch 100/200 | Train Loss: 0.000010 | Val Loss: 4.039558 | Best Val Loss: 3.344815 (epoch 54)
2025-12-01 11:50:24,009 - INFO - Early stopping triggered at epoch 104! Best validation loss: 3.344815 at epoch 54
2025-12-01 11:50:24,024 - INFO - Loaded best model from epoch 54
2025-12-01 11:50:24,027 - INFO - Optimal Youden threshold: 0.9990
2025-12-01 11:50:24,042 - INFO - Fold 1 Results - Acc: 0.7273, F1: 0.7273, AUC: 0.7000, AP: 0.7958
2025-12-01 11:50:24,042 - INFO - 
--- Fold 2/5 ---
2025-12-01 11:50:24,042 - INFO - Train size: 44, Test size: 11
2025-12-01 11:50:24,042 - INFO - Train class balance - 0: 19, 1: 25
2025-12-01 11:50:24,042 - INFO - Test class balance  - 0: 5, 1: 6
2025-12-01 11:50:24,066 - INFO - Training fold 2 with early stopping (patience=50)...
2025-12-01 11:50:24,090 - INFO - Epoch 1/200 | Train Loss: 0.703636 | Val Loss: 0.826014 | Best Val Loss: inf (epoch 1)
2025-12-01 11:50:24,290 - INFO - Epoch 10/200 | Train Loss: 0.010816 | Val Loss: 2.693221 | Best Val Loss: inf (epoch 1)
2025-12-01 11:50:24,511 - INFO - Epoch 20/200 | Train Loss: 0.015594 | Val Loss: 5.198120 | Best Val Loss: inf (epoch 1)
2025-12-01 11:50:24,733 - INFO - Epoch 30/200 | Train Loss: 0.000437 | Val Loss: 3.434975 | Best Val Loss: inf (epoch 1)
2025-12-01 11:50:24,957 - INFO - Epoch 40/200 | Train Loss: 0.000109 | Val Loss: 4.332961 | Best Val Loss: inf (epoch 1)
2025-12-01 11:50:25,179 - INFO - Epoch 50/200 | Train Loss: 0.000048 | Val Loss: 4.519265 | Best Val Loss: inf (epoch 1)
2025-12-01 11:50:25,415 - INFO - Epoch 60/200 | Train Loss: 0.000050 | Val Loss: 4.712528 | Best Val Loss: 4.534919 (epoch 51)
2025-12-01 11:50:25,634 - INFO - Epoch 70/200 | Train Loss: 0.000049 | Val Loss: 4.851295 | Best Val Loss: 4.534919 (epoch 51)
2025-12-01 11:50:25,853 - INFO - Epoch 80/200 | Train Loss: 0.000033 | Val Loss: 4.986121 | Best Val Loss: 4.534919 (epoch 51)
2025-12-01 11:50:26,075 - INFO - Epoch 90/200 | Train Loss: 0.000026 | Val Loss: 5.101204 | Best Val Loss: 4.534919 (epoch 51)
2025-12-01 11:50:26,296 - INFO - Epoch 100/200 | Train Loss: 0.000014 | Val Loss: 4.967742 | Best Val Loss: 4.534919 (epoch 51)
2025-12-01 11:50:26,318 - INFO - Early stopping triggered at epoch 101! Best validation loss: 4.534919 at epoch 51
2025-12-01 11:50:26,333 - INFO - Loaded best model from epoch 51
2025-12-01 11:50:26,336 - INFO - Optimal Youden threshold: 1.0000
2025-12-01 11:50:26,349 - INFO - Fold 2 Results - Acc: 0.7273, F1: 0.6667, AUC: 0.5667, AP: 0.7695
2025-12-01 11:50:26,349 - INFO - 
--- Fold 3/5 ---
2025-12-01 11:50:26,349 - INFO - Train size: 44, Test size: 11
2025-12-01 11:50:26,350 - INFO - Train class balance - 0: 19, 1: 25
2025-12-01 11:50:26,350 - INFO - Test class balance  - 0: 5, 1: 6
2025-12-01 11:50:26,373 - INFO - Training fold 3 with early stopping (patience=50)...
2025-12-01 11:50:26,397 - INFO - Epoch 1/200 | Train Loss: 0.692412 | Val Loss: 0.690732 | Best Val Loss: inf (epoch 1)
2025-12-01 11:50:26,595 - INFO - Epoch 10/200 | Train Loss: 0.038001 | Val Loss: 2.125531 | Best Val Loss: inf (epoch 1)
2025-12-01 11:50:26,817 - INFO - Epoch 20/200 | Train Loss: 0.077856 | Val Loss: 1.571182 | Best Val Loss: inf (epoch 1)
2025-12-01 11:50:27,039 - INFO - Epoch 30/200 | Train Loss: 0.000048 | Val Loss: 2.766946 | Best Val Loss: inf (epoch 1)
2025-12-01 11:50:27,260 - INFO - Epoch 40/200 | Train Loss: 0.000023 | Val Loss: 2.803830 | Best Val Loss: inf (epoch 1)
2025-12-01 11:50:27,480 - INFO - Epoch 50/200 | Train Loss: 0.000024 | Val Loss: 2.834678 | Best Val Loss: inf (epoch 1)
2025-12-01 11:50:27,720 - INFO - Epoch 60/200 | Train Loss: 0.000033 | Val Loss: 2.862252 | Best Val Loss: 2.837658 (epoch 51)
2025-12-01 11:50:27,940 - INFO - Epoch 70/200 | Train Loss: 0.000027 | Val Loss: 2.891172 | Best Val Loss: 2.837658 (epoch 51)
2025-12-01 11:50:28,164 - INFO - Epoch 80/200 | Train Loss: 0.000016 | Val Loss: 2.919804 | Best Val Loss: 2.837658 (epoch 51)
2025-12-01 11:50:28,386 - INFO - Epoch 90/200 | Train Loss: 0.000008 | Val Loss: 2.951195 | Best Val Loss: 2.837658 (epoch 51)
2025-12-01 11:50:28,609 - INFO - Epoch 100/200 | Train Loss: 0.000015 | Val Loss: 2.980802 | Best Val Loss: 2.837658 (epoch 51)
2025-12-01 11:50:28,632 - INFO - Early stopping triggered at epoch 101! Best validation loss: 2.837658 at epoch 51
2025-12-01 11:50:28,648 - INFO - Loaded best model from epoch 51
2025-12-01 11:50:28,651 - INFO - Optimal Youden threshold: 1.0000
2025-12-01 11:50:28,665 - INFO - Fold 3 Results - Acc: 0.8182, F1: 0.8000, AUC: 0.8667, AP: 0.9107
2025-12-01 11:50:28,665 - INFO - 
--- Fold 4/5 ---
2025-12-01 11:50:28,665 - INFO - Train size: 44, Test size: 11
2025-12-01 11:50:28,665 - INFO - Train class balance - 0: 19, 1: 25
2025-12-01 11:50:28,665 - INFO - Test class balance  - 0: 5, 1: 6
2025-12-01 11:50:28,687 - INFO - Training fold 4 with early stopping (patience=50)...
2025-12-01 11:50:28,712 - INFO - Epoch 1/200 | Train Loss: 0.881808 | Val Loss: 0.715538 | Best Val Loss: inf (epoch 1)
2025-12-01 11:50:28,914 - INFO - Epoch 10/200 | Train Loss: 0.043891 | Val Loss: 1.266058 | Best Val Loss: inf (epoch 1)
2025-12-01 11:50:29,136 - INFO - Epoch 20/200 | Train Loss: 0.009285 | Val Loss: 2.728440 | Best Val Loss: inf (epoch 1)
2025-12-01 11:50:29,358 - INFO - Epoch 30/200 | Train Loss: 0.000022 | Val Loss: 2.060115 | Best Val Loss: inf (epoch 1)
2025-12-01 11:50:29,580 - INFO - Epoch 40/200 | Train Loss: 0.000015 | Val Loss: 2.090086 | Best Val Loss: inf (epoch 1)
2025-12-01 11:50:29,801 - INFO - Epoch 50/200 | Train Loss: 0.000022 | Val Loss: 2.102287 | Best Val Loss: inf (epoch 1)
2025-12-01 11:50:30,043 - INFO - Epoch 60/200 | Train Loss: 0.000011 | Val Loss: 2.116565 | Best Val Loss: 2.103808 (epoch 51)
2025-12-01 11:50:30,265 - INFO - Epoch 70/200 | Train Loss: 0.000008 | Val Loss: 2.128071 | Best Val Loss: 2.103808 (epoch 51)
2025-12-01 11:50:30,486 - INFO - Epoch 80/200 | Train Loss: 0.000011 | Val Loss: 2.142052 | Best Val Loss: 2.103808 (epoch 51)
2025-12-01 11:50:30,707 - INFO - Epoch 90/200 | Train Loss: 0.000014 | Val Loss: 2.157108 | Best Val Loss: 2.103808 (epoch 51)
2025-12-01 11:50:30,929 - INFO - Epoch 100/200 | Train Loss: 0.000008 | Val Loss: 2.170041 | Best Val Loss: 2.103808 (epoch 51)
2025-12-01 11:50:30,952 - INFO - Early stopping triggered at epoch 101! Best validation loss: 2.103808 at epoch 51
2025-12-01 11:50:30,968 - INFO - Loaded best model from epoch 51
2025-12-01 11:50:30,971 - INFO - Optimal Youden threshold: 0.9998
2025-12-01 11:50:30,984 - INFO - Fold 4 Results - Acc: 0.8182, F1: 0.8333, AUC: 0.8333, AP: 0.8556
2025-12-01 11:50:30,984 - INFO - 
--- Fold 5/5 ---
2025-12-01 11:50:30,985 - INFO - Train size: 44, Test size: 11
2025-12-01 11:50:30,985 - INFO - Train class balance - 0: 20, 1: 24
2025-12-01 11:50:30,985 - INFO - Test class balance  - 0: 4, 1: 7
2025-12-01 11:50:31,008 - INFO - Training fold 5 with early stopping (patience=50)...
2025-12-01 11:50:31,032 - INFO - Epoch 1/200 | Train Loss: 0.734949 | Val Loss: 0.650709 | Best Val Loss: inf (epoch 1)
2025-12-01 11:50:31,232 - INFO - Epoch 10/200 | Train Loss: 0.013078 | Val Loss: 1.060252 | Best Val Loss: inf (epoch 1)
2025-12-01 11:50:31,456 - INFO - Epoch 20/200 | Train Loss: 0.015336 | Val Loss: 3.137070 | Best Val Loss: inf (epoch 1)
2025-12-01 11:50:31,681 - INFO - Epoch 30/200 | Train Loss: 0.000296 | Val Loss: 2.732172 | Best Val Loss: inf (epoch 1)
2025-12-01 11:50:31,905 - INFO - Epoch 40/200 | Train Loss: 0.000088 | Val Loss: 3.288135 | Best Val Loss: inf (epoch 1)
2025-12-01 11:50:32,132 - INFO - Epoch 50/200 | Train Loss: 0.000037 | Val Loss: 3.441108 | Best Val Loss: inf (epoch 1)
2025-12-01 11:50:32,450 - INFO - Epoch 60/200 | Train Loss: 0.031387 | Val Loss: 1.669210 | Best Val Loss: 1.157597 (epoch 59)
2025-12-01 11:50:32,673 - INFO - Epoch 70/200 | Train Loss: 0.000012 | Val Loss: 4.254340 | Best Val Loss: 1.157597 (epoch 59)
2025-12-01 11:50:32,897 - INFO - Epoch 80/200 | Train Loss: 0.000013 | Val Loss: 4.297399 | Best Val Loss: 1.157597 (epoch 59)
2025-12-01 11:50:33,119 - INFO - Epoch 90/200 | Train Loss: 0.000007 | Val Loss: 4.344066 | Best Val Loss: 1.157597 (epoch 59)
2025-12-01 11:50:33,342 - INFO - Epoch 100/200 | Train Loss: 0.000033 | Val Loss: 4.411556 | Best Val Loss: 1.157597 (epoch 59)
2025-12-01 11:50:33,542 - INFO - Early stopping triggered at epoch 109! Best validation loss: 1.157597 at epoch 59
2025-12-01 11:50:33,557 - INFO - Loaded best model from epoch 59
2025-12-01 11:50:33,560 - INFO - Optimal Youden threshold: 0.6777
2025-12-01 11:50:33,572 - INFO - Fold 5 Results - Acc: 0.7273, F1: 0.7273, AUC: 0.6786, AP: 0.8560
2025-12-01 11:50:33,572 - INFO - 
============================================================
2025-12-01 11:50:33,572 - INFO - FINAL CROSS-VALIDATION RESULTS FOR: Treatment_Response_ALL_Thresh0.25
2025-12-01 11:50:33,572 - INFO - ACC       : 0.7636 ± 0.0445
2025-12-01 11:50:33,572 - INFO - F1        : 0.7509 ± 0.0590
2025-12-01 11:50:33,572 - INFO - PRECISION : 0.9267 ± 0.0904
2025-12-01 11:50:33,572 - INFO - RECALL    : 0.6476 ± 0.1121
2025-12-01 11:50:33,572 - INFO - AUC       : 0.7290 ± 0.1092
2025-12-01 11:50:33,572 - INFO - AP        : 0.8375 ± 0.0498
2025-12-01 11:50:33,572 - INFO - ============================================================

2025-12-01 11:50:33,576 - INFO - Results saved to final_results_Treatment_Response_ALL_Thresh0.25.json
2025-12-01 11:50:33,576 - INFO - Total execution time: 12.90 seconds
2025-12-01 11:50:42,836 - INFO - Using device: cuda
2025-12-01 11:50:42,836 - INFO - Hyperparameters: {
  "batch_size": 8,
  "learning_rate": 0.0005,
  "num_epochs": 200,
  "hidden_dim": 512,
  "num_blocks": 6,
  "dropout": 0.3,
  "feature_type": "ALL",
  "improvement_threshold": 0.25
}
2025-12-01 11:50:42,837 - INFO - Starting treatment response prediction pipeline
2025-12-01 11:50:42,837 - INFO - Building diff file index (mean_anomaly & mean_distortion)...
2025-12-01 11:50:42,838 - WARNING - Duplicate patient ID found: stn02, skipping additional entry
2025-12-01 11:50:42,838 - WARNING - Duplicate patient ID found: gpi11, skipping additional entry
2025-12-01 11:50:42,838 - WARNING - Duplicate patient ID found: gpi02, skipping additional entry
2025-12-01 11:50:42,838 - WARNING - Duplicate patient ID found: gpi19, skipping additional entry
2025-12-01 11:50:42,839 - WARNING - Duplicate patient ID found: stn23, skipping additional entry
2025-12-01 11:50:42,839 - WARNING - Duplicate patient ID found: stn03, skipping additional entry
2025-12-01 11:50:42,839 - WARNING - Duplicate patient ID found: gpi20, skipping additional entry
2025-12-01 11:50:42,839 - WARNING - Duplicate patient ID found: stn04, skipping additional entry
2025-12-01 11:50:42,839 - WARNING - Duplicate patient ID found: stn24, skipping additional entry
2025-12-01 11:50:42,839 - WARNING - Duplicate patient ID found: gpi04, skipping additional entry
2025-12-01 11:50:42,839 - WARNING - Duplicate patient ID found: gpi15, skipping additional entry
2025-12-01 11:50:42,840 - WARNING - Duplicate patient ID found: stn19, skipping additional entry
2025-12-01 11:50:42,840 - WARNING - Duplicate patient ID found: stn08, skipping additional entry
2025-12-01 11:50:42,840 - WARNING - Duplicate patient ID found: stn11, skipping additional entry
2025-12-01 11:50:42,840 - WARNING - Duplicate patient ID found: gpi07, skipping additional entry
2025-12-01 11:50:42,840 - WARNING - Duplicate patient ID found: gpi26, skipping additional entry
2025-12-01 11:50:42,840 - WARNING - Duplicate patient ID found: stn13, skipping additional entry
2025-12-01 11:50:42,840 - WARNING - Duplicate patient ID found: gpi06, skipping additional entry
2025-12-01 11:50:42,840 - WARNING - Duplicate patient ID found: stn30, skipping additional entry
2025-12-01 11:50:42,840 - WARNING - Duplicate patient ID found: stn18, skipping additional entry
2025-12-01 11:50:42,840 - WARNING - Duplicate patient ID found: gpi24, skipping additional entry
2025-12-01 11:50:42,840 - WARNING - Duplicate patient ID found: gpi13, skipping additional entry
2025-12-01 11:50:42,841 - WARNING - Duplicate patient ID found: stn07, skipping additional entry
2025-12-01 11:50:42,841 - WARNING - Duplicate patient ID found: stn20, skipping additional entry
2025-12-01 11:50:42,841 - WARNING - Duplicate patient ID found: gpi12, skipping additional entry
2025-12-01 11:50:42,841 - WARNING - Duplicate patient ID found: stn01, skipping additional entry
2025-12-01 11:50:42,841 - WARNING - Duplicate patient ID found: gpi22, skipping additional entry
2025-12-01 11:50:42,841 - WARNING - Duplicate patient ID found: gpi18, skipping additional entry
2025-12-01 11:50:42,841 - WARNING - Duplicate patient ID found: gpi09, skipping additional entry
2025-12-01 11:50:42,841 - WARNING - Duplicate patient ID found: gpi25, skipping additional entry
2025-12-01 11:50:42,841 - WARNING - Duplicate patient ID found: stn29, skipping additional entry
2025-12-01 11:50:42,842 - WARNING - Duplicate patient ID found: gpi31, skipping additional entry
2025-12-01 11:50:42,842 - WARNING - Duplicate patient ID found: stn10, skipping additional entry
2025-12-01 11:50:42,842 - WARNING - Duplicate patient ID found: gpi28, skipping additional entry
2025-12-01 11:50:42,842 - WARNING - Duplicate patient ID found: stn31, skipping additional entry
2025-12-01 11:50:42,842 - WARNING - Duplicate patient ID found: gpi03, skipping additional entry
2025-12-01 11:50:42,842 - WARNING - Duplicate patient ID found: gpi05, skipping additional entry
2025-12-01 11:50:42,842 - WARNING - Duplicate patient ID found: stn25, skipping additional entry
2025-12-01 11:50:42,842 - WARNING - Duplicate patient ID found: gpi08, skipping additional entry
2025-12-01 11:50:42,842 - WARNING - Duplicate patient ID found: gpi27, skipping additional entry
2025-12-01 11:50:42,842 - WARNING - Duplicate patient ID found: stn16, skipping additional entry
2025-12-01 11:50:42,842 - WARNING - Duplicate patient ID found: gpi23, skipping additional entry
2025-12-01 11:50:42,842 - WARNING - Duplicate patient ID found: stn09, skipping additional entry
2025-12-01 11:50:42,843 - WARNING - Duplicate patient ID found: stn28, skipping additional entry
2025-12-01 11:50:42,843 - WARNING - Duplicate patient ID found: stn06, skipping additional entry
2025-12-01 11:50:42,843 - WARNING - Duplicate patient ID found: stn12, skipping additional entry
2025-12-01 11:50:42,843 - WARNING - Duplicate patient ID found: gpi16, skipping additional entry
2025-12-01 11:50:42,843 - WARNING - Duplicate patient ID found: gpi30, skipping additional entry
2025-12-01 11:50:42,843 - WARNING - Duplicate patient ID found: stn21, skipping additional entry
2025-12-01 11:50:42,843 - WARNING - Duplicate patient ID found: stn22, skipping additional entry
2025-12-01 11:50:42,843 - WARNING - Duplicate patient ID found: stn14, skipping additional entry
2025-12-01 11:50:42,843 - WARNING - Duplicate patient ID found: gpi17, skipping additional entry
2025-12-01 11:50:42,843 - WARNING - Duplicate patient ID found: gpi21, skipping additional entry
2025-12-01 11:50:42,843 - WARNING - Duplicate patient ID found: gpi32, skipping additional entry
2025-12-01 11:50:42,843 - WARNING - Duplicate patient ID found: stn15, skipping additional entry
2025-12-01 11:50:42,843 - INFO - Built diff index with 71 patients
2025-12-01 11:50:42,843 - INFO - Parsing UPDRS data with diff features...
2025-12-01 11:50:42,857 - INFO - Found 55 valid samples
2025-12-01 11:50:42,858 - INFO - Preparing feature matrices with diff features...
2025-12-01 11:50:42,890 - INFO - Feature matrix shape: (55, 365), Class distribution: [24 31]
2025-12-01 11:50:42,890 - INFO - 
============================================================
2025-12-01 11:50:42,890 - INFO - Starting Cross-Validation Experiment: Treatment_Response_ALL_Thresh0.25
2025-12-01 11:50:42,891 - INFO - Total samples: 55 | Class distribution: [24 31]
2025-12-01 11:50:42,891 - INFO - 
--- Fold 1/5 ---
2025-12-01 11:50:42,892 - INFO - Train size: 44, Test size: 11
2025-12-01 11:50:42,892 - INFO - Train class balance - 0: 19, 1: 25
2025-12-01 11:50:42,892 - INFO - Test class balance  - 0: 5, 1: 6
2025-12-01 11:50:43,669 - INFO - Training fold 1 with early stopping (patience=50)...
2025-12-01 11:50:43,831 - INFO - Epoch 1/200 | Train Loss: 0.715108 | Val Loss: 0.650810 | Best Val Loss: inf (epoch 1)
2025-12-01 11:50:44,030 - INFO - Epoch 10/200 | Train Loss: 0.000453 | Val Loss: 2.487495 | Best Val Loss: inf (epoch 1)
2025-12-01 11:50:44,250 - INFO - Epoch 20/200 | Train Loss: 0.000075 | Val Loss: 2.877313 | Best Val Loss: inf (epoch 1)
2025-12-01 11:50:44,472 - INFO - Epoch 30/200 | Train Loss: 0.000022 | Val Loss: 2.889210 | Best Val Loss: inf (epoch 1)
2025-12-01 11:50:44,695 - INFO - Epoch 40/200 | Train Loss: 0.030721 | Val Loss: 4.269438 | Best Val Loss: inf (epoch 1)
2025-12-01 11:50:44,920 - INFO - Epoch 50/200 | Train Loss: 0.011733 | Val Loss: 1.177715 | Best Val Loss: inf (epoch 1)
2025-12-01 11:50:45,220 - INFO - Epoch 60/200 | Train Loss: 0.000551 | Val Loss: 2.642171 | Best Val Loss: 1.672509 (epoch 51)
2025-12-01 11:50:45,445 - INFO - Epoch 70/200 | Train Loss: 0.000216 | Val Loss: 3.002745 | Best Val Loss: 1.672509 (epoch 51)
2025-12-01 11:50:45,668 - INFO - Epoch 80/200 | Train Loss: 0.000218 | Val Loss: 3.185682 | Best Val Loss: 1.672509 (epoch 51)
2025-12-01 11:50:45,893 - INFO - Epoch 90/200 | Train Loss: 0.000043 | Val Loss: 3.322700 | Best Val Loss: 1.672509 (epoch 51)
2025-12-01 11:50:46,113 - INFO - Epoch 100/200 | Train Loss: 0.000061 | Val Loss: 3.423910 | Best Val Loss: 1.672509 (epoch 51)
2025-12-01 11:50:46,135 - INFO - Early stopping triggered at epoch 101! Best validation loss: 1.672509 at epoch 51
2025-12-01 11:50:46,150 - INFO - Loaded best model from epoch 51
2025-12-01 11:50:46,154 - INFO - Optimal Youden threshold: 0.9886
2025-12-01 11:50:46,170 - INFO - Fold 1 Results - Acc: 0.8182, F1: 0.8333, AUC: 0.7667, AP: 0.8631
2025-12-01 11:50:46,171 - INFO - 
--- Fold 2/5 ---
2025-12-01 11:50:46,171 - INFO - Train size: 44, Test size: 11
2025-12-01 11:50:46,171 - INFO - Train class balance - 0: 19, 1: 25
2025-12-01 11:50:46,171 - INFO - Test class balance  - 0: 5, 1: 6
2025-12-01 11:50:46,195 - INFO - Training fold 2 with early stopping (patience=50)...
2025-12-01 11:50:46,220 - INFO - Epoch 1/200 | Train Loss: 0.824264 | Val Loss: 0.806863 | Best Val Loss: inf (epoch 1)
2025-12-01 11:50:46,419 - INFO - Epoch 10/200 | Train Loss: 0.143806 | Val Loss: 1.126935 | Best Val Loss: inf (epoch 1)
2025-12-01 11:50:46,642 - INFO - Epoch 20/200 | Train Loss: 0.000166 | Val Loss: 3.381617 | Best Val Loss: inf (epoch 1)
2025-12-01 11:50:46,866 - INFO - Epoch 30/200 | Train Loss: 0.000056 | Val Loss: 2.972885 | Best Val Loss: inf (epoch 1)
2025-12-01 11:50:47,091 - INFO - Epoch 40/200 | Train Loss: 0.000038 | Val Loss: 3.066712 | Best Val Loss: inf (epoch 1)
2025-12-01 11:50:47,316 - INFO - Epoch 50/200 | Train Loss: 0.000018 | Val Loss: 3.205277 | Best Val Loss: inf (epoch 1)
2025-12-01 11:50:47,579 - INFO - Epoch 60/200 | Train Loss: 0.000029 | Val Loss: 3.254475 | Best Val Loss: 3.197846 (epoch 56)
2025-12-01 11:50:47,865 - INFO - Epoch 70/200 | Train Loss: 0.195901 | Val Loss: 2.060363 | Best Val Loss: 2.060363 (epoch 70)
2025-12-01 11:50:48,110 - INFO - Epoch 80/200 | Train Loss: 0.000514 | Val Loss: 4.911280 | Best Val Loss: 1.279417 (epoch 72)
2025-12-01 11:50:48,332 - INFO - Epoch 90/200 | Train Loss: 0.000741 | Val Loss: 3.333669 | Best Val Loss: 1.279417 (epoch 72)
2025-12-01 11:50:48,555 - INFO - Epoch 100/200 | Train Loss: 0.000473 | Val Loss: 2.645335 | Best Val Loss: 1.279417 (epoch 72)
2025-12-01 11:50:48,777 - INFO - Epoch 110/200 | Train Loss: 0.000084 | Val Loss: 2.911792 | Best Val Loss: 1.279417 (epoch 72)
2025-12-01 11:50:49,000 - INFO - Epoch 120/200 | Train Loss: 0.000047 | Val Loss: 3.026477 | Best Val Loss: 1.279417 (epoch 72)
2025-12-01 11:50:49,045 - INFO - Early stopping triggered at epoch 122! Best validation loss: 1.279417 at epoch 72
2025-12-01 11:50:49,061 - INFO - Loaded best model from epoch 72
2025-12-01 11:50:49,064 - INFO - Optimal Youden threshold: 0.9937
2025-12-01 11:50:49,076 - INFO - Fold 2 Results - Acc: 0.7273, F1: 0.6667, AUC: 0.7667, AP: 0.8524
2025-12-01 11:50:49,077 - INFO - 
--- Fold 3/5 ---
2025-12-01 11:50:49,077 - INFO - Train size: 44, Test size: 11
2025-12-01 11:50:49,077 - INFO - Train class balance - 0: 19, 1: 25
2025-12-01 11:50:49,077 - INFO - Test class balance  - 0: 5, 1: 6
2025-12-01 11:50:49,100 - INFO - Training fold 3 with early stopping (patience=50)...
2025-12-01 11:50:49,124 - INFO - Epoch 1/200 | Train Loss: 0.731533 | Val Loss: 1.049451 | Best Val Loss: inf (epoch 1)
2025-12-01 11:50:49,324 - INFO - Epoch 10/200 | Train Loss: 0.009084 | Val Loss: 2.060804 | Best Val Loss: inf (epoch 1)
2025-12-01 11:50:49,548 - INFO - Epoch 20/200 | Train Loss: 0.000675 | Val Loss: 1.259322 | Best Val Loss: inf (epoch 1)
2025-12-01 11:50:49,770 - INFO - Epoch 30/200 | Train Loss: 0.000147 | Val Loss: 1.579880 | Best Val Loss: inf (epoch 1)
2025-12-01 11:50:49,992 - INFO - Epoch 40/200 | Train Loss: 0.000108 | Val Loss: 1.508964 | Best Val Loss: inf (epoch 1)
2025-12-01 11:50:50,215 - INFO - Epoch 50/200 | Train Loss: 0.000058 | Val Loss: 1.574107 | Best Val Loss: inf (epoch 1)
2025-12-01 11:50:50,456 - INFO - Epoch 60/200 | Train Loss: 0.000049 | Val Loss: 1.628225 | Best Val Loss: 1.578648 (epoch 51)
2025-12-01 11:50:50,679 - INFO - Epoch 70/200 | Train Loss: 0.000035 | Val Loss: 1.884866 | Best Val Loss: 1.578648 (epoch 51)
2025-12-01 11:50:50,902 - INFO - Epoch 80/200 | Train Loss: 0.000022 | Val Loss: 1.883287 | Best Val Loss: 1.578648 (epoch 51)
2025-12-01 11:50:51,126 - INFO - Epoch 90/200 | Train Loss: 0.000019 | Val Loss: 1.915936 | Best Val Loss: 1.578648 (epoch 51)
2025-12-01 11:50:51,349 - INFO - Epoch 100/200 | Train Loss: 0.000029 | Val Loss: 1.929470 | Best Val Loss: 1.578648 (epoch 51)
2025-12-01 11:50:51,372 - INFO - Early stopping triggered at epoch 101! Best validation loss: 1.578648 at epoch 51
2025-12-01 11:50:51,387 - INFO - Loaded best model from epoch 51
2025-12-01 11:50:51,390 - INFO - Optimal Youden threshold: 0.9570
2025-12-01 11:50:51,405 - INFO - Fold 3 Results - Acc: 0.8182, F1: 0.8333, AUC: 0.8667, AP: 0.8972
2025-12-01 11:50:51,405 - INFO - 
--- Fold 4/5 ---
2025-12-01 11:50:51,405 - INFO - Train size: 44, Test size: 11
2025-12-01 11:50:51,405 - INFO - Train class balance - 0: 19, 1: 25
2025-12-01 11:50:51,405 - INFO - Test class balance  - 0: 5, 1: 6
2025-12-01 11:50:51,429 - INFO - Training fold 4 with early stopping (patience=50)...
2025-12-01 11:50:51,453 - INFO - Epoch 1/200 | Train Loss: 0.958905 | Val Loss: 0.751936 | Best Val Loss: inf (epoch 1)
2025-12-01 11:50:51,656 - INFO - Epoch 10/200 | Train Loss: 0.031890 | Val Loss: 1.733459 | Best Val Loss: inf (epoch 1)
2025-12-01 11:50:51,879 - INFO - Epoch 20/200 | Train Loss: 0.025577 | Val Loss: 1.492393 | Best Val Loss: inf (epoch 1)
2025-12-01 11:50:52,101 - INFO - Epoch 30/200 | Train Loss: 0.000099 | Val Loss: 2.062213 | Best Val Loss: inf (epoch 1)
2025-12-01 11:50:52,325 - INFO - Epoch 40/200 | Train Loss: 0.000077 | Val Loss: 2.522474 | Best Val Loss: inf (epoch 1)
2025-12-01 11:50:52,547 - INFO - Epoch 50/200 | Train Loss: 0.000030 | Val Loss: 2.966748 | Best Val Loss: inf (epoch 1)
2025-12-01 11:50:52,786 - INFO - Epoch 60/200 | Train Loss: 0.000030 | Val Loss: 3.222464 | Best Val Loss: 2.969951 (epoch 51)
2025-12-01 11:50:53,015 - INFO - Epoch 70/200 | Train Loss: 0.000037 | Val Loss: 3.263529 | Best Val Loss: 2.969951 (epoch 51)
2025-12-01 11:50:53,241 - INFO - Epoch 80/200 | Train Loss: 0.000021 | Val Loss: 3.307464 | Best Val Loss: 2.969951 (epoch 51)
2025-12-01 11:50:53,465 - INFO - Epoch 90/200 | Train Loss: 0.000018 | Val Loss: 3.374265 | Best Val Loss: 2.969951 (epoch 51)
2025-12-01 11:50:53,689 - INFO - Epoch 100/200 | Train Loss: 0.000037 | Val Loss: 3.441643 | Best Val Loss: 2.969951 (epoch 51)
2025-12-01 11:50:53,712 - INFO - Early stopping triggered at epoch 101! Best validation loss: 2.969951 at epoch 51
2025-12-01 11:50:53,727 - INFO - Loaded best model from epoch 51
2025-12-01 11:50:53,730 - INFO - Optimal Youden threshold: 0.0001
2025-12-01 11:50:53,744 - INFO - Fold 4 Results - Acc: 0.8182, F1: 0.8333, AUC: 0.8333, AP: 0.8833
2025-12-01 11:50:53,744 - INFO - 
--- Fold 5/5 ---
2025-12-01 11:50:53,744 - INFO - Train size: 44, Test size: 11
2025-12-01 11:50:53,744 - INFO - Train class balance - 0: 20, 1: 24
2025-12-01 11:50:53,744 - INFO - Test class balance  - 0: 4, 1: 7
2025-12-01 11:50:53,770 - INFO - Training fold 5 with early stopping (patience=50)...
2025-12-01 11:50:53,794 - INFO - Epoch 1/200 | Train Loss: 0.743223 | Val Loss: 0.747386 | Best Val Loss: inf (epoch 1)
2025-12-01 11:50:53,995 - INFO - Epoch 10/200 | Train Loss: 0.080203 | Val Loss: 0.353377 | Best Val Loss: inf (epoch 1)
2025-12-01 11:50:54,217 - INFO - Epoch 20/200 | Train Loss: 0.003026 | Val Loss: 0.800648 | Best Val Loss: inf (epoch 1)
2025-12-01 11:50:54,439 - INFO - Epoch 30/200 | Train Loss: 0.000133 | Val Loss: 1.488361 | Best Val Loss: inf (epoch 1)
2025-12-01 11:50:54,660 - INFO - Epoch 40/200 | Train Loss: 0.195535 | Val Loss: 1.095899 | Best Val Loss: inf (epoch 1)
2025-12-01 11:50:54,882 - INFO - Epoch 50/200 | Train Loss: 0.001423 | Val Loss: 1.656053 | Best Val Loss: inf (epoch 1)
2025-12-01 11:50:55,124 - INFO - Epoch 60/200 | Train Loss: 0.000044 | Val Loss: 2.194963 | Best Val Loss: 2.016566 (epoch 51)
2025-12-01 11:50:55,350 - INFO - Epoch 70/200 | Train Loss: 0.000054 | Val Loss: 2.307191 | Best Val Loss: 2.016566 (epoch 51)
2025-12-01 11:50:55,578 - INFO - Epoch 80/200 | Train Loss: 0.000031 | Val Loss: 2.379952 | Best Val Loss: 2.016566 (epoch 51)
2025-12-01 11:50:55,804 - INFO - Epoch 90/200 | Train Loss: 0.000043 | Val Loss: 2.448238 | Best Val Loss: 2.016566 (epoch 51)
2025-12-01 11:50:56,028 - INFO - Epoch 100/200 | Train Loss: 0.000028 | Val Loss: 2.512623 | Best Val Loss: 2.016566 (epoch 51)
2025-12-01 11:50:56,051 - INFO - Early stopping triggered at epoch 101! Best validation loss: 2.016566 at epoch 51
2025-12-01 11:50:56,067 - INFO - Loaded best model from epoch 51
2025-12-01 11:50:56,070 - INFO - Optimal Youden threshold: 0.0004
2025-12-01 11:50:56,088 - INFO - Fold 5 Results - Acc: 0.9091, F1: 0.9333, AUC: 0.9286, AP: 0.9617
2025-12-01 11:50:56,088 - INFO - 
============================================================
2025-12-01 11:50:56,088 - INFO - FINAL CROSS-VALIDATION RESULTS FOR: Treatment_Response_ALL_Thresh0.25
2025-12-01 11:50:56,088 - INFO - ACC       : 0.8182 ± 0.0575
2025-12-01 11:50:56,088 - INFO - F1        : 0.8200 ± 0.0859
2025-12-01 11:50:56,088 - INFO - PRECISION : 0.8750 ± 0.0645
2025-12-01 11:50:56,088 - INFO - RECALL    : 0.8000 ± 0.1633
2025-12-01 11:50:56,088 - INFO - AUC       : 0.8324 ± 0.0618
2025-12-01 11:50:56,089 - INFO - AP        : 0.8916 ± 0.0384
2025-12-01 11:50:56,089 - INFO - ============================================================

2025-12-01 11:50:56,093 - INFO - Results saved to final_results_Treatment_Response_ALL_Thresh0.25.json
2025-12-01 11:50:56,093 - INFO - Total execution time: 13.26 seconds
2026-01-16 15:40:39,759 - INFO - Using device: cuda
2026-01-16 15:40:39,761 - INFO - Hyperparameters: {
  "batch_size": 8,
  "learning_rate": 0.0005,
  "num_epochs": 200,
  "hidden_dim": 512,
  "num_blocks": 6,
  "dropout": 0.3,
  "feature_type": "ALL",
  "improvement_threshold": 0.25
}
2026-01-16 15:40:39,761 - INFO - Starting treatment response prediction pipeline
2026-01-16 15:40:39,761 - INFO - Building diff file index (mean_anomaly & mean_distortion)...
2026-01-16 15:40:40,554 - WARNING - Duplicate patient ID found: stn02, skipping additional entry
2026-01-16 15:40:40,869 - WARNING - Duplicate patient ID found: gpi11, skipping additional entry
2026-01-16 15:40:41,028 - WARNING - Duplicate patient ID found: gpi02, skipping additional entry
2026-01-16 15:40:41,060 - WARNING - Duplicate patient ID found: gpi19, skipping additional entry
2026-01-16 15:40:41,155 - WARNING - Duplicate patient ID found: stn23, skipping additional entry
2026-01-16 15:40:41,256 - WARNING - Duplicate patient ID found: stn03, skipping additional entry
2026-01-16 15:40:41,364 - WARNING - Duplicate patient ID found: gpi20, skipping additional entry
2026-01-16 15:40:41,427 - WARNING - Duplicate patient ID found: stn04, skipping additional entry
2026-01-16 15:40:41,619 - WARNING - Duplicate patient ID found: stn24, skipping additional entry
2026-01-16 15:40:41,667 - WARNING - Duplicate patient ID found: gpi04, skipping additional entry
2026-01-16 15:40:41,686 - WARNING - Duplicate patient ID found: gpi15, skipping additional entry
2026-01-16 15:40:41,728 - WARNING - Duplicate patient ID found: stn19, skipping additional entry
2026-01-16 15:40:41,752 - WARNING - Duplicate patient ID found: stn08, skipping additional entry
2026-01-16 15:40:41,776 - WARNING - Duplicate patient ID found: stn11, skipping additional entry
2026-01-16 15:40:41,818 - WARNING - Duplicate patient ID found: gpi07, skipping additional entry
2026-01-16 15:40:41,848 - WARNING - Duplicate patient ID found: gpi26, skipping additional entry
2026-01-16 15:40:41,879 - WARNING - Duplicate patient ID found: stn13, skipping additional entry
2026-01-16 15:40:41,959 - WARNING - Duplicate patient ID found: gpi06, skipping additional entry
2026-01-16 15:40:42,036 - WARNING - Duplicate patient ID found: stn30, skipping additional entry
2026-01-16 15:40:42,057 - WARNING - Duplicate patient ID found: stn18, skipping additional entry
2026-01-16 15:40:42,087 - WARNING - Duplicate patient ID found: gpi24, skipping additional entry
2026-01-16 15:40:42,100 - WARNING - Duplicate patient ID found: gpi13, skipping additional entry
2026-01-16 15:40:42,171 - WARNING - Duplicate patient ID found: stn07, skipping additional entry
2026-01-16 15:40:42,252 - WARNING - Duplicate patient ID found: stn20, skipping additional entry
2026-01-16 15:40:42,361 - WARNING - Duplicate patient ID found: gpi12, skipping additional entry
2026-01-16 15:40:42,457 - WARNING - Duplicate patient ID found: stn01, skipping additional entry
2026-01-16 15:40:42,505 - WARNING - Duplicate patient ID found: gpi22, skipping additional entry
2026-01-16 15:40:42,509 - WARNING - Duplicate patient ID found: gpi18, skipping additional entry
2026-01-16 15:40:42,550 - WARNING - Duplicate patient ID found: gpi09, skipping additional entry
2026-01-16 15:40:42,600 - WARNING - Duplicate patient ID found: gpi25, skipping additional entry
2026-01-16 15:40:42,621 - WARNING - Duplicate patient ID found: stn29, skipping additional entry
2026-01-16 15:40:42,665 - WARNING - Duplicate patient ID found: gpi31, skipping additional entry
2026-01-16 15:40:42,719 - WARNING - Duplicate patient ID found: stn10, skipping additional entry
2026-01-16 15:40:42,725 - WARNING - Duplicate patient ID found: gpi28, skipping additional entry
2026-01-16 15:40:42,763 - WARNING - Duplicate patient ID found: stn31, skipping additional entry
2026-01-16 15:40:42,799 - WARNING - Duplicate patient ID found: gpi03, skipping additional entry
2026-01-16 15:40:42,838 - WARNING - Duplicate patient ID found: gpi05, skipping additional entry
2026-01-16 15:40:42,882 - WARNING - Duplicate patient ID found: stn25, skipping additional entry
2026-01-16 15:40:42,893 - WARNING - Duplicate patient ID found: gpi08, skipping additional entry
2026-01-16 15:40:42,907 - WARNING - Duplicate patient ID found: gpi27, skipping additional entry
2026-01-16 15:40:42,930 - WARNING - Duplicate patient ID found: stn16, skipping additional entry
2026-01-16 15:40:42,935 - WARNING - Duplicate patient ID found: gpi23, skipping additional entry
2026-01-16 15:40:42,998 - WARNING - Duplicate patient ID found: stn09, skipping additional entry
2026-01-16 15:40:43,010 - WARNING - Duplicate patient ID found: stn28, skipping additional entry
2026-01-16 15:40:43,013 - WARNING - Duplicate patient ID found: stn06, skipping additional entry
2026-01-16 15:40:43,016 - WARNING - Duplicate patient ID found: stn12, skipping additional entry
2026-01-16 15:40:43,034 - WARNING - Duplicate patient ID found: gpi16, skipping additional entry
2026-01-16 15:40:43,062 - WARNING - Duplicate patient ID found: gpi30, skipping additional entry
2026-01-16 15:40:43,075 - WARNING - Duplicate patient ID found: stn21, skipping additional entry
2026-01-16 15:40:43,098 - WARNING - Duplicate patient ID found: stn22, skipping additional entry
2026-01-16 15:40:43,101 - WARNING - Duplicate patient ID found: stn14, skipping additional entry
2026-01-16 15:40:43,119 - WARNING - Duplicate patient ID found: gpi17, skipping additional entry
2026-01-16 15:40:43,141 - WARNING - Duplicate patient ID found: gpi21, skipping additional entry
2026-01-16 15:40:43,185 - WARNING - Duplicate patient ID found: gpi32, skipping additional entry
2026-01-16 15:40:43,234 - WARNING - Duplicate patient ID found: stn15, skipping additional entry
2026-01-16 15:40:43,234 - INFO - Built diff index with 71 patients
2026-01-16 15:40:43,234 - INFO - Parsing UPDRS data with diff features...
2026-01-16 15:40:43,281 - INFO - Found 55 valid samples
2026-01-16 15:40:43,281 - INFO - Preparing feature matrices with diff features...
2026-01-16 15:40:44,939 - INFO - Feature matrix shape: (55, 365), Class distribution: [24 31]
2026-01-16 15:40:44,939 - INFO - 
============================================================
2026-01-16 15:40:44,939 - INFO - Starting Cross-Validation Experiment: Treatment_Response_ALL_Thresh0.25
2026-01-16 15:40:44,940 - INFO - Total samples: 55 | Class distribution: [24 31]
2026-01-16 15:40:44,940 - INFO - 
--- Fold 1/5 ---
2026-01-16 15:40:44,940 - INFO - Train size: 44, Test size: 11
2026-01-16 15:40:44,940 - INFO - Train class balance - 0: 19, 1: 25
2026-01-16 15:40:44,941 - INFO - Test class balance  - 0: 5, 1: 6
2026-01-16 15:40:45,724 - INFO - Training fold 1 with early stopping (patience=50)...
2026-01-16 15:40:45,865 - INFO - Epoch 1/200 | Train Loss: 0.708068 | Val Loss: 0.681058 | Best Val Loss: inf (epoch 1)
2026-01-16 15:40:46,062 - INFO - Epoch 10/200 | Train Loss: 0.012398 | Val Loss: 2.571854 | Best Val Loss: inf (epoch 1)
2026-01-16 15:40:46,280 - INFO - Epoch 20/200 | Train Loss: 0.006579 | Val Loss: 2.877500 | Best Val Loss: inf (epoch 1)
2026-01-16 15:40:46,497 - INFO - Epoch 30/200 | Train Loss: 0.114158 | Val Loss: 2.403328 | Best Val Loss: inf (epoch 1)
2026-01-16 15:40:46,715 - INFO - Epoch 40/200 | Train Loss: 0.000201 | Val Loss: 3.977335 | Best Val Loss: inf (epoch 1)
2026-01-16 15:40:46,932 - INFO - Epoch 50/200 | Train Loss: 0.000148 | Val Loss: 4.163572 | Best Val Loss: inf (epoch 1)
2026-01-16 15:40:47,263 - INFO - Epoch 60/200 | Train Loss: 0.000050 | Val Loss: 3.674211 | Best Val Loss: 3.674211 (epoch 60)
2026-01-16 15:40:47,544 - INFO - Epoch 70/200 | Train Loss: 0.325069 | Val Loss: 3.096922 | Best Val Loss: 3.096922 (epoch 70)
2026-01-16 15:40:47,795 - INFO - Epoch 80/200 | Train Loss: 0.000601 | Val Loss: 4.635460 | Best Val Loss: 1.051779 (epoch 73)
2026-01-16 15:40:48,012 - INFO - Epoch 90/200 | Train Loss: 0.050109 | Val Loss: 5.689267 | Best Val Loss: 1.051779 (epoch 73)
2026-01-16 15:40:48,247 - INFO - Epoch 100/200 | Train Loss: 0.000026 | Val Loss: 10.186810 | Best Val Loss: 0.813546 (epoch 91)
2026-01-16 15:40:48,465 - INFO - Epoch 110/200 | Train Loss: 0.000019 | Val Loss: 10.197803 | Best Val Loss: 0.813546 (epoch 91)
2026-01-16 15:40:48,682 - INFO - Epoch 120/200 | Train Loss: 0.002156 | Val Loss: 1.767278 | Best Val Loss: 0.813546 (epoch 91)
2026-01-16 15:40:48,900 - INFO - Epoch 130/200 | Train Loss: 0.000305 | Val Loss: 2.538663 | Best Val Loss: 0.813546 (epoch 91)
2026-01-16 15:40:49,118 - INFO - Epoch 140/200 | Train Loss: 0.000071 | Val Loss: 2.810380 | Best Val Loss: 0.813546 (epoch 91)
2026-01-16 15:40:49,140 - INFO - Early stopping triggered at epoch 141! Best validation loss: 0.813546 at epoch 91
2026-01-16 15:40:49,154 - INFO - Loaded best model from epoch 91
2026-01-16 15:40:49,157 - INFO - Optimal Youden threshold: 0.7200
2026-01-16 15:40:49,174 - INFO - Fold 1 Results - Acc: 0.8182, F1: 0.8333, AUC: 0.7667, AP: 0.8631
2026-01-16 15:40:49,174 - INFO - 
--- Fold 2/5 ---
2026-01-16 15:40:49,174 - INFO - Train size: 44, Test size: 11
2026-01-16 15:40:49,174 - INFO - Train class balance - 0: 19, 1: 25
2026-01-16 15:40:49,174 - INFO - Test class balance  - 0: 5, 1: 6
2026-01-16 15:40:49,196 - INFO - Training fold 2 with early stopping (patience=50)...
2026-01-16 15:40:49,220 - INFO - Epoch 1/200 | Train Loss: 0.765099 | Val Loss: 0.610212 | Best Val Loss: inf (epoch 1)
2026-01-16 15:40:49,418 - INFO - Epoch 10/200 | Train Loss: 0.004541 | Val Loss: 1.057469 | Best Val Loss: inf (epoch 1)
2026-01-16 15:40:49,636 - INFO - Epoch 20/200 | Train Loss: 0.029960 | Val Loss: 1.625101 | Best Val Loss: inf (epoch 1)
2026-01-16 15:40:49,854 - INFO - Epoch 30/200 | Train Loss: 0.000356 | Val Loss: 1.505627 | Best Val Loss: inf (epoch 1)
2026-01-16 15:40:50,071 - INFO - Epoch 40/200 | Train Loss: 0.000145 | Val Loss: 1.601599 | Best Val Loss: inf (epoch 1)
2026-01-16 15:40:50,289 - INFO - Epoch 50/200 | Train Loss: 0.000127 | Val Loss: 2.019882 | Best Val Loss: inf (epoch 1)
2026-01-16 15:40:50,630 - INFO - Epoch 60/200 | Train Loss: 0.000071 | Val Loss: 1.951075 | Best Val Loss: 1.944477 (epoch 58)
2026-01-16 15:40:50,847 - INFO - Epoch 70/200 | Train Loss: 0.000015 | Val Loss: 1.958295 | Best Val Loss: 1.944477 (epoch 58)
2026-01-16 15:40:51,065 - INFO - Epoch 80/200 | Train Loss: 0.000031 | Val Loss: 1.977939 | Best Val Loss: 1.944477 (epoch 58)
2026-01-16 15:40:51,281 - INFO - Epoch 90/200 | Train Loss: 0.000030 | Val Loss: 1.992859 | Best Val Loss: 1.944477 (epoch 58)
2026-01-16 15:40:51,497 - INFO - Epoch 100/200 | Train Loss: 0.000025 | Val Loss: 2.012201 | Best Val Loss: 1.944477 (epoch 58)
2026-01-16 15:40:51,670 - INFO - Early stopping triggered at epoch 108! Best validation loss: 1.944477 at epoch 58
2026-01-16 15:40:51,682 - INFO - Loaded best model from epoch 58
2026-01-16 15:40:51,685 - INFO - Optimal Youden threshold: 0.9999
2026-01-16 15:40:51,697 - INFO - Fold 2 Results - Acc: 0.8182, F1: 0.8000, AUC: 0.9000, AP: 0.9306
2026-01-16 15:40:51,697 - INFO - 
--- Fold 3/5 ---
2026-01-16 15:40:51,697 - INFO - Train size: 44, Test size: 11
2026-01-16 15:40:51,697 - INFO - Train class balance - 0: 19, 1: 25
2026-01-16 15:40:51,697 - INFO - Test class balance  - 0: 5, 1: 6
2026-01-16 15:40:51,719 - INFO - Training fold 3 with early stopping (patience=50)...
2026-01-16 15:40:51,742 - INFO - Epoch 1/200 | Train Loss: 0.692038 | Val Loss: 0.995475 | Best Val Loss: inf (epoch 1)
2026-01-16 15:40:51,936 - INFO - Epoch 10/200 | Train Loss: 0.181575 | Val Loss: 0.593712 | Best Val Loss: inf (epoch 1)
2026-01-16 15:40:52,154 - INFO - Epoch 20/200 | Train Loss: 0.015252 | Val Loss: 1.521988 | Best Val Loss: inf (epoch 1)
2026-01-16 15:40:52,368 - INFO - Epoch 30/200 | Train Loss: 0.000622 | Val Loss: 0.518036 | Best Val Loss: inf (epoch 1)
2026-01-16 15:40:52,584 - INFO - Epoch 40/200 | Train Loss: 0.000342 | Val Loss: 0.608970 | Best Val Loss: inf (epoch 1)
2026-01-16 15:40:52,800 - INFO - Epoch 50/200 | Train Loss: 0.000109 | Val Loss: 0.667352 | Best Val Loss: inf (epoch 1)
2026-01-16 15:40:53,031 - INFO - Epoch 60/200 | Train Loss: 0.000074 | Val Loss: 0.708484 | Best Val Loss: 0.678102 (epoch 51)
2026-01-16 15:40:53,247 - INFO - Epoch 70/200 | Train Loss: 0.000083 | Val Loss: 0.733794 | Best Val Loss: 0.678102 (epoch 51)
2026-01-16 15:40:53,462 - INFO - Epoch 80/200 | Train Loss: 0.000109 | Val Loss: 0.808366 | Best Val Loss: 0.678102 (epoch 51)
2026-01-16 15:40:53,678 - INFO - Epoch 90/200 | Train Loss: 0.000026 | Val Loss: 0.839988 | Best Val Loss: 0.678102 (epoch 51)
2026-01-16 15:40:53,893 - INFO - Epoch 100/200 | Train Loss: 0.000039 | Val Loss: 0.855263 | Best Val Loss: 0.678102 (epoch 51)
2026-01-16 15:40:53,914 - INFO - Early stopping triggered at epoch 101! Best validation loss: 0.678102 at epoch 51
2026-01-16 15:40:53,927 - INFO - Loaded best model from epoch 51
2026-01-16 15:40:53,930 - INFO - Optimal Youden threshold: 0.9998
2026-01-16 15:40:53,944 - INFO - Fold 3 Results - Acc: 0.9091, F1: 0.9091, AUC: 0.9667, AP: 0.9762
2026-01-16 15:40:53,944 - INFO - 
--- Fold 4/5 ---
2026-01-16 15:40:53,944 - INFO - Train size: 44, Test size: 11
2026-01-16 15:40:53,944 - INFO - Train class balance - 0: 19, 1: 25
2026-01-16 15:40:53,944 - INFO - Test class balance  - 0: 5, 1: 6
2026-01-16 15:40:53,968 - INFO - Training fold 4 with early stopping (patience=50)...
2026-01-16 15:40:53,991 - INFO - Epoch 1/200 | Train Loss: 0.702862 | Val Loss: 0.836452 | Best Val Loss: inf (epoch 1)
2026-01-16 15:40:54,187 - INFO - Epoch 10/200 | Train Loss: 0.070591 | Val Loss: 2.755716 | Best Val Loss: inf (epoch 1)
2026-01-16 15:40:54,403 - INFO - Epoch 20/200 | Train Loss: 0.001159 | Val Loss: 3.361978 | Best Val Loss: inf (epoch 1)
2026-01-16 15:40:54,618 - INFO - Epoch 30/200 | Train Loss: 0.000192 | Val Loss: 3.799318 | Best Val Loss: inf (epoch 1)
2026-01-16 15:40:54,833 - INFO - Epoch 40/200 | Train Loss: 0.000182 | Val Loss: 4.028832 | Best Val Loss: inf (epoch 1)
2026-01-16 15:40:55,049 - INFO - Epoch 50/200 | Train Loss: 0.005086 | Val Loss: 1.201233 | Best Val Loss: inf (epoch 1)
2026-01-16 15:40:55,278 - INFO - Epoch 60/200 | Train Loss: 0.000803 | Val Loss: 3.256252 | Best Val Loss: 1.308508 (epoch 51)
2026-01-16 15:40:55,493 - INFO - Epoch 70/200 | Train Loss: 0.000100 | Val Loss: 3.540319 | Best Val Loss: 1.308508 (epoch 51)
2026-01-16 15:40:55,710 - INFO - Epoch 80/200 | Train Loss: 0.000050 | Val Loss: 3.963818 | Best Val Loss: 1.308508 (epoch 51)
2026-01-16 15:40:55,927 - INFO - Epoch 90/200 | Train Loss: 0.000170 | Val Loss: 4.305307 | Best Val Loss: 1.308508 (epoch 51)
2026-01-16 15:40:56,143 - INFO - Epoch 100/200 | Train Loss: 0.000027 | Val Loss: 4.565503 | Best Val Loss: 1.308508 (epoch 51)
2026-01-16 15:40:56,165 - INFO - Early stopping triggered at epoch 101! Best validation loss: 1.308508 at epoch 51
2026-01-16 15:40:56,177 - INFO - Loaded best model from epoch 51
2026-01-16 15:40:56,180 - INFO - Optimal Youden threshold: 0.0098
2026-01-16 15:40:56,192 - INFO - Fold 4 Results - Acc: 0.8182, F1: 0.8571, AUC: 0.8000, AP: 0.8552
2026-01-16 15:40:56,192 - INFO - 
--- Fold 5/5 ---
2026-01-16 15:40:56,192 - INFO - Train size: 44, Test size: 11
2026-01-16 15:40:56,193 - INFO - Train class balance - 0: 20, 1: 24
2026-01-16 15:40:56,193 - INFO - Test class balance  - 0: 4, 1: 7
2026-01-16 15:40:56,216 - INFO - Training fold 5 with early stopping (patience=50)...
2026-01-16 15:40:56,239 - INFO - Epoch 1/200 | Train Loss: 0.718159 | Val Loss: 1.689267 | Best Val Loss: inf (epoch 1)
2026-01-16 15:40:56,436 - INFO - Epoch 10/200 | Train Loss: 0.210098 | Val Loss: 0.388962 | Best Val Loss: inf (epoch 1)
2026-01-16 15:40:56,654 - INFO - Epoch 20/200 | Train Loss: 0.000359 | Val Loss: 0.542976 | Best Val Loss: inf (epoch 1)
2026-01-16 15:40:56,872 - INFO - Epoch 30/200 | Train Loss: 0.053243 | Val Loss: 1.269263 | Best Val Loss: inf (epoch 1)
2026-01-16 15:40:57,090 - INFO - Epoch 40/200 | Train Loss: 0.009877 | Val Loss: 0.285213 | Best Val Loss: inf (epoch 1)
2026-01-16 15:40:57,309 - INFO - Epoch 50/200 | Train Loss: 0.001303 | Val Loss: 1.593662 | Best Val Loss: inf (epoch 1)
2026-01-16 15:40:57,577 - INFO - Epoch 60/200 | Train Loss: 0.046392 | Val Loss: 1.117714 | Best Val Loss: 0.447666 (epoch 59)
2026-01-16 15:40:57,795 - INFO - Epoch 70/200 | Train Loss: 0.000153 | Val Loss: 1.281829 | Best Val Loss: 0.447666 (epoch 59)
2026-01-16 15:40:58,014 - INFO - Epoch 80/200 | Train Loss: 0.000048 | Val Loss: 1.443927 | Best Val Loss: 0.447666 (epoch 59)
2026-01-16 15:40:58,233 - INFO - Epoch 90/200 | Train Loss: 0.000028 | Val Loss: 1.490155 | Best Val Loss: 0.447666 (epoch 59)
2026-01-16 15:40:58,451 - INFO - Epoch 100/200 | Train Loss: 0.000015 | Val Loss: 1.508805 | Best Val Loss: 0.447666 (epoch 59)
2026-01-16 15:40:58,649 - INFO - Early stopping triggered at epoch 109! Best validation loss: 0.447666 at epoch 59
2026-01-16 15:40:58,661 - INFO - Loaded best model from epoch 59
2026-01-16 15:40:58,664 - INFO - Optimal Youden threshold: 0.6597
2026-01-16 15:40:58,677 - INFO - Fold 5 Results - Acc: 0.8182, F1: 0.8333, AUC: 0.8929, AP: 0.9478
2026-01-16 15:40:58,677 - INFO - 
============================================================
2026-01-16 15:40:58,677 - INFO - FINAL CROSS-VALIDATION RESULTS FOR: Treatment_Response_ALL_Thresh0.25
2026-01-16 15:40:58,677 - INFO - ACC       : 0.8364 ± 0.0364
2026-01-16 15:40:58,677 - INFO - F1        : 0.8466 ± 0.0362
2026-01-16 15:40:58,677 - INFO - PRECISION : 0.9167 ± 0.1054
2026-01-16 15:40:58,677 - INFO - RECALL    : 0.8095 ± 0.1157
2026-01-16 15:40:58,677 - INFO - AUC       : 0.8652 ± 0.0724
2026-01-16 15:40:58,677 - INFO - AP        : 0.9146 ± 0.0476
2026-01-16 15:40:58,677 - INFO - ============================================================

2026-01-16 15:40:58,680 - INFO - Results saved to final_results_Treatment_Response_ALL_Thresh0.25.json
2026-01-16 15:40:58,681 - INFO - Total execution time: 18.92 seconds
2026-03-04 18:16:59,916 - INFO - Using device: cuda
2026-03-04 18:16:59,917 - INFO - Hyperparameters: {
  "batch_size": 8,
  "learning_rate": 0.0005,
  "num_epochs": 200,
  "hidden_dim": 512,
  "num_blocks": 6,
  "dropout": 0.3,
  "feature_type": "ALL",
  "improvement_threshold": 0.25
}
2026-03-04 18:16:59,917 - INFO - Starting treatment response prediction pipeline
2026-03-04 18:16:59,918 - INFO - Building diff file index (mean_anomaly & mean_distortion)...
2026-03-04 18:16:59,919 - WARNING - Duplicate patient ID found: stn02, skipping additional entry
2026-03-04 18:16:59,919 - WARNING - Duplicate patient ID found: gpi11, skipping additional entry
2026-03-04 18:16:59,919 - WARNING - Duplicate patient ID found: gpi02, skipping additional entry
2026-03-04 18:16:59,919 - WARNING - Duplicate patient ID found: gpi19, skipping additional entry
2026-03-04 18:16:59,919 - WARNING - Duplicate patient ID found: stn23, skipping additional entry
2026-03-04 18:16:59,920 - WARNING - Duplicate patient ID found: stn03, skipping additional entry
2026-03-04 18:16:59,920 - WARNING - Duplicate patient ID found: gpi20, skipping additional entry
2026-03-04 18:16:59,920 - WARNING - Duplicate patient ID found: stn04, skipping additional entry
2026-03-04 18:16:59,920 - WARNING - Duplicate patient ID found: stn24, skipping additional entry
2026-03-04 18:16:59,920 - WARNING - Duplicate patient ID found: gpi04, skipping additional entry
2026-03-04 18:16:59,920 - WARNING - Duplicate patient ID found: gpi15, skipping additional entry
2026-03-04 18:16:59,920 - WARNING - Duplicate patient ID found: stn19, skipping additional entry
2026-03-04 18:16:59,920 - WARNING - Duplicate patient ID found: stn08, skipping additional entry
2026-03-04 18:16:59,920 - WARNING - Duplicate patient ID found: stn11, skipping additional entry
2026-03-04 18:16:59,921 - WARNING - Duplicate patient ID found: gpi07, skipping additional entry
2026-03-04 18:16:59,921 - WARNING - Duplicate patient ID found: gpi26, skipping additional entry
2026-03-04 18:16:59,921 - WARNING - Duplicate patient ID found: stn13, skipping additional entry
2026-03-04 18:16:59,921 - WARNING - Duplicate patient ID found: gpi06, skipping additional entry
2026-03-04 18:16:59,921 - WARNING - Duplicate patient ID found: stn30, skipping additional entry
2026-03-04 18:16:59,921 - WARNING - Duplicate patient ID found: stn18, skipping additional entry
2026-03-04 18:16:59,921 - WARNING - Duplicate patient ID found: gpi24, skipping additional entry
2026-03-04 18:16:59,921 - WARNING - Duplicate patient ID found: gpi13, skipping additional entry
2026-03-04 18:16:59,921 - WARNING - Duplicate patient ID found: stn07, skipping additional entry
2026-03-04 18:16:59,921 - WARNING - Duplicate patient ID found: stn20, skipping additional entry
2026-03-04 18:16:59,922 - WARNING - Duplicate patient ID found: gpi12, skipping additional entry
2026-03-04 18:16:59,922 - WARNING - Duplicate patient ID found: stn01, skipping additional entry
2026-03-04 18:16:59,922 - WARNING - Duplicate patient ID found: gpi22, skipping additional entry
2026-03-04 18:16:59,922 - WARNING - Duplicate patient ID found: gpi18, skipping additional entry
2026-03-04 18:16:59,922 - WARNING - Duplicate patient ID found: gpi09, skipping additional entry
2026-03-04 18:16:59,922 - WARNING - Duplicate patient ID found: gpi25, skipping additional entry
2026-03-04 18:16:59,922 - WARNING - Duplicate patient ID found: stn29, skipping additional entry
2026-03-04 18:16:59,922 - WARNING - Duplicate patient ID found: gpi31, skipping additional entry
2026-03-04 18:16:59,922 - WARNING - Duplicate patient ID found: stn10, skipping additional entry
2026-03-04 18:16:59,922 - WARNING - Duplicate patient ID found: gpi28, skipping additional entry
2026-03-04 18:16:59,923 - WARNING - Duplicate patient ID found: stn31, skipping additional entry
2026-03-04 18:16:59,923 - WARNING - Duplicate patient ID found: gpi03, skipping additional entry
2026-03-04 18:16:59,923 - WARNING - Duplicate patient ID found: gpi05, skipping additional entry
2026-03-04 18:16:59,923 - WARNING - Duplicate patient ID found: stn25, skipping additional entry
2026-03-04 18:16:59,923 - WARNING - Duplicate patient ID found: gpi08, skipping additional entry
2026-03-04 18:16:59,923 - WARNING - Duplicate patient ID found: gpi27, skipping additional entry
2026-03-04 18:16:59,923 - WARNING - Duplicate patient ID found: stn16, skipping additional entry
2026-03-04 18:16:59,923 - WARNING - Duplicate patient ID found: gpi23, skipping additional entry
2026-03-04 18:16:59,923 - WARNING - Duplicate patient ID found: stn09, skipping additional entry
2026-03-04 18:16:59,923 - WARNING - Duplicate patient ID found: stn28, skipping additional entry
2026-03-04 18:16:59,923 - WARNING - Duplicate patient ID found: stn06, skipping additional entry
2026-03-04 18:16:59,923 - WARNING - Duplicate patient ID found: stn12, skipping additional entry
2026-03-04 18:16:59,924 - WARNING - Duplicate patient ID found: gpi16, skipping additional entry
2026-03-04 18:16:59,924 - WARNING - Duplicate patient ID found: gpi30, skipping additional entry
2026-03-04 18:16:59,924 - WARNING - Duplicate patient ID found: stn21, skipping additional entry
2026-03-04 18:16:59,924 - WARNING - Duplicate patient ID found: stn22, skipping additional entry
2026-03-04 18:16:59,924 - WARNING - Duplicate patient ID found: stn14, skipping additional entry
2026-03-04 18:16:59,924 - WARNING - Duplicate patient ID found: gpi17, skipping additional entry
2026-03-04 18:16:59,924 - WARNING - Duplicate patient ID found: gpi21, skipping additional entry
2026-03-04 18:16:59,924 - WARNING - Duplicate patient ID found: gpi32, skipping additional entry
2026-03-04 18:16:59,924 - WARNING - Duplicate patient ID found: stn15, skipping additional entry
2026-03-04 18:16:59,924 - INFO - Built diff index with 71 patients
2026-03-04 18:16:59,924 - INFO - Parsing UPDRS data with diff features...
2026-03-04 18:16:59,937 - INFO - Found 55 valid samples
2026-03-04 18:16:59,937 - INFO - Preparing feature matrices with diff features...
2026-03-04 18:16:59,970 - INFO - Feature matrix shape: (55, 365), Class distribution: [24 31]
2026-03-04 18:16:59,970 - INFO - 
============================================================
2026-03-04 18:16:59,970 - INFO - Starting Cross-Validation Experiment: Treatment_Response_ALL_Thresh0.25
2026-03-04 18:16:59,970 - INFO - Total samples: 55 | Class distribution: [24 31]
2026-03-04 18:16:59,971 - INFO - 
--- Fold 1/5 ---
2026-03-04 18:16:59,971 - INFO - Train size: 44, Test size: 11
2026-03-04 18:16:59,971 - INFO - Train class balance - 0: 19, 1: 25
2026-03-04 18:16:59,971 - INFO - Test class balance  - 0: 5, 1: 6
2026-03-04 18:17:00,691 - INFO - Training fold 1 with early stopping (patience=50)...
2026-03-04 18:17:00,833 - INFO - Epoch 1/200 | Train Loss: 0.708068 | Val Loss: 0.681058 | Best Val Loss: inf (epoch 1)
2026-03-04 18:17:01,027 - INFO - Epoch 10/200 | Train Loss: 0.012398 | Val Loss: 2.571854 | Best Val Loss: inf (epoch 1)
2026-03-04 18:17:01,240 - INFO - Epoch 20/200 | Train Loss: 0.006579 | Val Loss: 2.877500 | Best Val Loss: inf (epoch 1)
2026-03-04 18:17:01,454 - INFO - Epoch 30/200 | Train Loss: 0.114158 | Val Loss: 2.403328 | Best Val Loss: inf (epoch 1)
2026-03-04 18:17:01,668 - INFO - Epoch 40/200 | Train Loss: 0.000201 | Val Loss: 3.977335 | Best Val Loss: inf (epoch 1)
2026-03-04 18:17:01,881 - INFO - Epoch 50/200 | Train Loss: 0.000148 | Val Loss: 4.163572 | Best Val Loss: inf (epoch 1)
2026-03-04 18:17:02,211 - INFO - Epoch 60/200 | Train Loss: 0.000050 | Val Loss: 3.674211 | Best Val Loss: 3.674211 (epoch 60)
2026-03-04 18:17:02,472 - INFO - Epoch 70/200 | Train Loss: 0.325069 | Val Loss: 3.096922 | Best Val Loss: 3.096922 (epoch 70)
2026-03-04 18:17:02,717 - INFO - Epoch 80/200 | Train Loss: 0.000601 | Val Loss: 4.635460 | Best Val Loss: 1.051779 (epoch 73)
2026-03-04 18:17:02,932 - INFO - Epoch 90/200 | Train Loss: 0.050109 | Val Loss: 5.689267 | Best Val Loss: 1.051779 (epoch 73)
2026-03-04 18:17:03,163 - INFO - Epoch 100/200 | Train Loss: 0.000026 | Val Loss: 10.186810 | Best Val Loss: 0.813546 (epoch 91)
2026-03-04 18:17:03,376 - INFO - Epoch 110/200 | Train Loss: 0.000019 | Val Loss: 10.197803 | Best Val Loss: 0.813546 (epoch 91)
2026-03-04 18:17:03,589 - INFO - Epoch 120/200 | Train Loss: 0.002156 | Val Loss: 1.767278 | Best Val Loss: 0.813546 (epoch 91)
2026-03-04 18:17:03,802 - INFO - Epoch 130/200 | Train Loss: 0.000305 | Val Loss: 2.538663 | Best Val Loss: 0.813546 (epoch 91)
2026-03-04 18:17:04,015 - INFO - Epoch 140/200 | Train Loss: 0.000071 | Val Loss: 2.810380 | Best Val Loss: 0.813546 (epoch 91)
2026-03-04 18:17:04,039 - INFO - Early stopping triggered at epoch 141! Best validation loss: 0.813546 at epoch 91
2026-03-04 18:17:04,051 - INFO - Loaded best model from epoch 91
2026-03-04 18:17:04,055 - INFO - Optimal Youden threshold: 0.7200
2026-03-04 18:17:04,070 - INFO - Fold 1 Results - Acc: 0.8182, F1: 0.8333, AUC: 0.7667, AP: 0.8631
2026-03-04 18:17:04,070 - INFO - 
--- Fold 2/5 ---
2026-03-04 18:17:04,070 - INFO - Train size: 44, Test size: 11
2026-03-04 18:17:04,070 - INFO - Train class balance - 0: 19, 1: 25
2026-03-04 18:17:04,070 - INFO - Test class balance  - 0: 5, 1: 6
2026-03-04 18:17:04,092 - INFO - Training fold 2 with early stopping (patience=50)...
2026-03-04 18:17:04,115 - INFO - Epoch 1/200 | Train Loss: 0.765099 | Val Loss: 0.610212 | Best Val Loss: inf (epoch 1)
2026-03-04 18:17:04,308 - INFO - Epoch 10/200 | Train Loss: 0.004541 | Val Loss: 1.057469 | Best Val Loss: inf (epoch 1)
2026-03-04 18:17:04,522 - INFO - Epoch 20/200 | Train Loss: 0.029960 | Val Loss: 1.625101 | Best Val Loss: inf (epoch 1)
2026-03-04 18:17:04,736 - INFO - Epoch 30/200 | Train Loss: 0.000356 | Val Loss: 1.505627 | Best Val Loss: inf (epoch 1)
2026-03-04 18:17:04,949 - INFO - Epoch 40/200 | Train Loss: 0.000145 | Val Loss: 1.601599 | Best Val Loss: inf (epoch 1)
2026-03-04 18:17:05,163 - INFO - Epoch 50/200 | Train Loss: 0.000127 | Val Loss: 2.019882 | Best Val Loss: inf (epoch 1)
2026-03-04 18:17:05,502 - INFO - Epoch 60/200 | Train Loss: 0.000071 | Val Loss: 1.951075 | Best Val Loss: 1.944477 (epoch 58)
2026-03-04 18:17:05,716 - INFO - Epoch 70/200 | Train Loss: 0.000015 | Val Loss: 1.958295 | Best Val Loss: 1.944477 (epoch 58)
2026-03-04 18:17:05,930 - INFO - Epoch 80/200 | Train Loss: 0.000031 | Val Loss: 1.977939 | Best Val Loss: 1.944477 (epoch 58)
2026-03-04 18:17:06,143 - INFO - Epoch 90/200 | Train Loss: 0.000030 | Val Loss: 1.992859 | Best Val Loss: 1.944477 (epoch 58)
2026-03-04 18:17:06,358 - INFO - Epoch 100/200 | Train Loss: 0.000025 | Val Loss: 2.012201 | Best Val Loss: 1.944477 (epoch 58)
2026-03-04 18:17:06,530 - INFO - Early stopping triggered at epoch 108! Best validation loss: 1.944477 at epoch 58
2026-03-04 18:17:06,541 - INFO - Loaded best model from epoch 58
2026-03-04 18:17:06,544 - INFO - Optimal Youden threshold: 0.9999
2026-03-04 18:17:06,556 - INFO - Fold 2 Results - Acc: 0.8182, F1: 0.8000, AUC: 0.9000, AP: 0.9306
2026-03-04 18:17:06,556 - INFO - 
--- Fold 3/5 ---
2026-03-04 18:17:06,556 - INFO - Train size: 44, Test size: 11
2026-03-04 18:17:06,556 - INFO - Train class balance - 0: 19, 1: 25
2026-03-04 18:17:06,556 - INFO - Test class balance  - 0: 5, 1: 6
2026-03-04 18:17:06,578 - INFO - Training fold 3 with early stopping (patience=50)...
2026-03-04 18:17:06,600 - INFO - Epoch 1/200 | Train Loss: 0.692038 | Val Loss: 0.995475 | Best Val Loss: inf (epoch 1)
2026-03-04 18:17:06,793 - INFO - Epoch 10/200 | Train Loss: 0.181575 | Val Loss: 0.593712 | Best Val Loss: inf (epoch 1)
2026-03-04 18:17:07,006 - INFO - Epoch 20/200 | Train Loss: 0.015252 | Val Loss: 1.521988 | Best Val Loss: inf (epoch 1)
2026-03-04 18:17:07,219 - INFO - Epoch 30/200 | Train Loss: 0.000622 | Val Loss: 0.518036 | Best Val Loss: inf (epoch 1)
2026-03-04 18:17:07,432 - INFO - Epoch 40/200 | Train Loss: 0.000342 | Val Loss: 0.608970 | Best Val Loss: inf (epoch 1)
2026-03-04 18:17:07,645 - INFO - Epoch 50/200 | Train Loss: 0.000109 | Val Loss: 0.667352 | Best Val Loss: inf (epoch 1)
2026-03-04 18:17:07,872 - INFO - Epoch 60/200 | Train Loss: 0.000074 | Val Loss: 0.708484 | Best Val Loss: 0.678102 (epoch 51)
2026-03-04 18:17:08,085 - INFO - Epoch 70/200 | Train Loss: 0.000083 | Val Loss: 0.733794 | Best Val Loss: 0.678102 (epoch 51)
2026-03-04 18:17:08,298 - INFO - Epoch 80/200 | Train Loss: 0.000109 | Val Loss: 0.808366 | Best Val Loss: 0.678102 (epoch 51)
2026-03-04 18:17:08,514 - INFO - Epoch 90/200 | Train Loss: 0.000026 | Val Loss: 0.839988 | Best Val Loss: 0.678102 (epoch 51)
2026-03-04 18:17:08,728 - INFO - Epoch 100/200 | Train Loss: 0.000039 | Val Loss: 0.855263 | Best Val Loss: 0.678102 (epoch 51)
2026-03-04 18:17:08,749 - INFO - Early stopping triggered at epoch 101! Best validation loss: 0.678102 at epoch 51
2026-03-04 18:17:08,761 - INFO - Loaded best model from epoch 51
2026-03-04 18:17:08,764 - INFO - Optimal Youden threshold: 0.9998
2026-03-04 18:17:08,779 - INFO - Fold 3 Results - Acc: 0.9091, F1: 0.9091, AUC: 0.9667, AP: 0.9762
2026-03-04 18:17:08,779 - INFO - 
--- Fold 4/5 ---
2026-03-04 18:17:08,779 - INFO - Train size: 44, Test size: 11
2026-03-04 18:17:08,779 - INFO - Train class balance - 0: 19, 1: 25
2026-03-04 18:17:08,779 - INFO - Test class balance  - 0: 5, 1: 6
2026-03-04 18:17:08,802 - INFO - Training fold 4 with early stopping (patience=50)...
2026-03-04 18:17:08,824 - INFO - Epoch 1/200 | Train Loss: 0.702862 | Val Loss: 0.836452 | Best Val Loss: inf (epoch 1)
2026-03-04 18:17:09,017 - INFO - Epoch 10/200 | Train Loss: 0.070591 | Val Loss: 2.755716 | Best Val Loss: inf (epoch 1)
2026-03-04 18:17:09,230 - INFO - Epoch 20/200 | Train Loss: 0.001159 | Val Loss: 3.361978 | Best Val Loss: inf (epoch 1)
2026-03-04 18:17:09,444 - INFO - Epoch 30/200 | Train Loss: 0.000192 | Val Loss: 3.799318 | Best Val Loss: inf (epoch 1)
2026-03-04 18:17:09,658 - INFO - Epoch 40/200 | Train Loss: 0.000182 | Val Loss: 4.028832 | Best Val Loss: inf (epoch 1)
2026-03-04 18:17:09,872 - INFO - Epoch 50/200 | Train Loss: 0.005086 | Val Loss: 1.201233 | Best Val Loss: inf (epoch 1)
2026-03-04 18:17:10,099 - INFO - Epoch 60/200 | Train Loss: 0.000803 | Val Loss: 3.256252 | Best Val Loss: 1.308508 (epoch 51)
2026-03-04 18:17:10,313 - INFO - Epoch 70/200 | Train Loss: 0.000100 | Val Loss: 3.540319 | Best Val Loss: 1.308508 (epoch 51)
2026-03-04 18:17:10,527 - INFO - Epoch 80/200 | Train Loss: 0.000050 | Val Loss: 3.963818 | Best Val Loss: 1.308508 (epoch 51)
2026-03-04 18:17:10,740 - INFO - Epoch 90/200 | Train Loss: 0.000170 | Val Loss: 4.305307 | Best Val Loss: 1.308508 (epoch 51)
2026-03-04 18:17:10,953 - INFO - Epoch 100/200 | Train Loss: 0.000027 | Val Loss: 4.565503 | Best Val Loss: 1.308508 (epoch 51)
2026-03-04 18:17:10,974 - INFO - Early stopping triggered at epoch 101! Best validation loss: 1.308508 at epoch 51
2026-03-04 18:17:10,987 - INFO - Loaded best model from epoch 51
2026-03-04 18:17:10,989 - INFO - Optimal Youden threshold: 0.0098
2026-03-04 18:17:11,002 - INFO - Fold 4 Results - Acc: 0.8182, F1: 0.8571, AUC: 0.8000, AP: 0.8552
2026-03-04 18:17:11,002 - INFO - 
--- Fold 5/5 ---
2026-03-04 18:17:11,002 - INFO - Train size: 44, Test size: 11
2026-03-04 18:17:11,002 - INFO - Train class balance - 0: 20, 1: 24
2026-03-04 18:17:11,002 - INFO - Test class balance  - 0: 4, 1: 7
2026-03-04 18:17:11,025 - INFO - Training fold 5 with early stopping (patience=50)...
2026-03-04 18:17:11,047 - INFO - Epoch 1/200 | Train Loss: 0.718159 | Val Loss: 1.689267 | Best Val Loss: inf (epoch 1)
2026-03-04 18:17:11,239 - INFO - Epoch 10/200 | Train Loss: 0.210098 | Val Loss: 0.388962 | Best Val Loss: inf (epoch 1)
2026-03-04 18:17:11,452 - INFO - Epoch 20/200 | Train Loss: 0.000359 | Val Loss: 0.542976 | Best Val Loss: inf (epoch 1)
2026-03-04 18:17:11,665 - INFO - Epoch 30/200 | Train Loss: 0.053243 | Val Loss: 1.269263 | Best Val Loss: inf (epoch 1)
2026-03-04 18:17:11,878 - INFO - Epoch 40/200 | Train Loss: 0.009877 | Val Loss: 0.285213 | Best Val Loss: inf (epoch 1)
2026-03-04 18:17:12,093 - INFO - Epoch 50/200 | Train Loss: 0.001303 | Val Loss: 1.593662 | Best Val Loss: inf (epoch 1)
2026-03-04 18:17:12,355 - INFO - Epoch 60/200 | Train Loss: 0.046392 | Val Loss: 1.117714 | Best Val Loss: 0.447666 (epoch 59)
2026-03-04 18:17:12,569 - INFO - Epoch 70/200 | Train Loss: 0.000153 | Val Loss: 1.281829 | Best Val Loss: 0.447666 (epoch 59)
2026-03-04 18:17:12,782 - INFO - Epoch 80/200 | Train Loss: 0.000048 | Val Loss: 1.443927 | Best Val Loss: 0.447666 (epoch 59)
2026-03-04 18:17:12,996 - INFO - Epoch 90/200 | Train Loss: 0.000028 | Val Loss: 1.490155 | Best Val Loss: 0.447666 (epoch 59)
2026-03-04 18:17:13,210 - INFO - Epoch 100/200 | Train Loss: 0.000015 | Val Loss: 1.508805 | Best Val Loss: 0.447666 (epoch 59)
2026-03-04 18:17:13,402 - INFO - Early stopping triggered at epoch 109! Best validation loss: 0.447666 at epoch 59
2026-03-04 18:17:13,413 - INFO - Loaded best model from epoch 59
2026-03-04 18:17:13,415 - INFO - Optimal Youden threshold: 0.6597
2026-03-04 18:17:13,428 - INFO - Fold 5 Results - Acc: 0.8182, F1: 0.8333, AUC: 0.8929, AP: 0.9478
2026-03-04 18:17:13,429 - INFO - 
============================================================
2026-03-04 18:17:13,429 - INFO - FINAL CROSS-VALIDATION RESULTS FOR: Treatment_Response_ALL_Thresh0.25
2026-03-04 18:17:13,429 - INFO - ACC       : 0.8364 ± 0.0364
2026-03-04 18:17:13,429 - INFO - F1        : 0.8466 ± 0.0362
2026-03-04 18:17:13,429 - INFO - PRECISION : 0.9167 ± 0.1054
2026-03-04 18:17:13,429 - INFO - RECALL    : 0.8095 ± 0.1157
2026-03-04 18:17:13,429 - INFO - AUC       : 0.8652 ± 0.0724
2026-03-04 18:17:13,429 - INFO - AP        : 0.9146 ± 0.0476
2026-03-04 18:17:13,429 - INFO - ============================================================

2026-03-04 18:17:13,441 - INFO - Results saved to final_results_Treatment_Response_ALL_Thresh0.25.json
2026-03-04 18:17:13,441 - INFO - Total execution time: 13.52 seconds
2026-03-04 18:22:48,741 - INFO - Using device: cuda
2026-03-04 18:22:48,741 - INFO - Hyperparameters: {
  "batch_size": 8,
  "learning_rate": 0.0005,
  "num_epochs": 200,
  "hidden_dim": 512,
  "num_blocks": 6,
  "dropout": 0.3,
  "feature_type": "ALL",
  "improvement_threshold": 0.25
}
2026-03-04 18:22:48,741 - INFO - Starting treatment response prediction pipeline
2026-03-04 18:22:48,741 - INFO - Building diff file index (mean_anomaly & mean_distortion)...
2026-03-04 18:22:48,742 - WARNING - Duplicate patient ID found: stn02, skipping additional entry
2026-03-04 18:22:48,743 - WARNING - Duplicate patient ID found: gpi11, skipping additional entry
2026-03-04 18:22:48,743 - WARNING - Duplicate patient ID found: gpi02, skipping additional entry
2026-03-04 18:22:48,743 - WARNING - Duplicate patient ID found: gpi19, skipping additional entry
2026-03-04 18:22:48,743 - WARNING - Duplicate patient ID found: stn23, skipping additional entry
2026-03-04 18:22:48,743 - WARNING - Duplicate patient ID found: stn03, skipping additional entry
2026-03-04 18:22:48,744 - WARNING - Duplicate patient ID found: gpi20, skipping additional entry
2026-03-04 18:22:48,744 - WARNING - Duplicate patient ID found: stn04, skipping additional entry
2026-03-04 18:22:48,744 - WARNING - Duplicate patient ID found: stn24, skipping additional entry
2026-03-04 18:22:48,744 - WARNING - Duplicate patient ID found: gpi04, skipping additional entry
2026-03-04 18:22:48,744 - WARNING - Duplicate patient ID found: gpi15, skipping additional entry
2026-03-04 18:22:48,744 - WARNING - Duplicate patient ID found: stn19, skipping additional entry
2026-03-04 18:22:48,744 - WARNING - Duplicate patient ID found: stn08, skipping additional entry
2026-03-04 18:22:48,744 - WARNING - Duplicate patient ID found: stn11, skipping additional entry
2026-03-04 18:22:48,745 - WARNING - Duplicate patient ID found: gpi07, skipping additional entry
2026-03-04 18:22:48,745 - WARNING - Duplicate patient ID found: gpi26, skipping additional entry
2026-03-04 18:22:48,745 - WARNING - Duplicate patient ID found: stn13, skipping additional entry
2026-03-04 18:22:48,745 - WARNING - Duplicate patient ID found: gpi06, skipping additional entry
2026-03-04 18:22:48,745 - WARNING - Duplicate patient ID found: stn30, skipping additional entry
2026-03-04 18:22:48,745 - WARNING - Duplicate patient ID found: stn18, skipping additional entry
2026-03-04 18:22:48,745 - WARNING - Duplicate patient ID found: gpi24, skipping additional entry
2026-03-04 18:22:48,745 - WARNING - Duplicate patient ID found: gpi13, skipping additional entry
2026-03-04 18:22:48,745 - WARNING - Duplicate patient ID found: stn07, skipping additional entry
2026-03-04 18:22:48,746 - WARNING - Duplicate patient ID found: stn20, skipping additional entry
2026-03-04 18:22:48,746 - WARNING - Duplicate patient ID found: gpi12, skipping additional entry
2026-03-04 18:22:48,746 - WARNING - Duplicate patient ID found: stn01, skipping additional entry
2026-03-04 18:22:48,746 - WARNING - Duplicate patient ID found: gpi22, skipping additional entry
2026-03-04 18:22:48,746 - WARNING - Duplicate patient ID found: gpi18, skipping additional entry
2026-03-04 18:22:48,746 - WARNING - Duplicate patient ID found: gpi09, skipping additional entry
2026-03-04 18:22:48,746 - WARNING - Duplicate patient ID found: gpi25, skipping additional entry
2026-03-04 18:22:48,746 - WARNING - Duplicate patient ID found: stn29, skipping additional entry
2026-03-04 18:22:48,747 - WARNING - Duplicate patient ID found: gpi31, skipping additional entry
2026-03-04 18:22:48,747 - WARNING - Duplicate patient ID found: stn10, skipping additional entry
2026-03-04 18:22:48,747 - WARNING - Duplicate patient ID found: gpi28, skipping additional entry
2026-03-04 18:22:48,747 - WARNING - Duplicate patient ID found: stn31, skipping additional entry
2026-03-04 18:22:48,747 - WARNING - Duplicate patient ID found: gpi03, skipping additional entry
2026-03-04 18:22:48,747 - WARNING - Duplicate patient ID found: gpi05, skipping additional entry
2026-03-04 18:22:48,747 - WARNING - Duplicate patient ID found: stn25, skipping additional entry
2026-03-04 18:22:48,747 - WARNING - Duplicate patient ID found: gpi08, skipping additional entry
2026-03-04 18:22:48,747 - WARNING - Duplicate patient ID found: gpi27, skipping additional entry
2026-03-04 18:22:48,747 - WARNING - Duplicate patient ID found: stn16, skipping additional entry
2026-03-04 18:22:48,747 - WARNING - Duplicate patient ID found: gpi23, skipping additional entry
2026-03-04 18:22:48,748 - WARNING - Duplicate patient ID found: stn09, skipping additional entry
2026-03-04 18:22:48,748 - WARNING - Duplicate patient ID found: stn28, skipping additional entry
2026-03-04 18:22:48,748 - WARNING - Duplicate patient ID found: stn06, skipping additional entry
2026-03-04 18:22:48,748 - WARNING - Duplicate patient ID found: stn12, skipping additional entry
2026-03-04 18:22:48,748 - WARNING - Duplicate patient ID found: gpi16, skipping additional entry
2026-03-04 18:22:48,748 - WARNING - Duplicate patient ID found: gpi30, skipping additional entry
2026-03-04 18:22:48,748 - WARNING - Duplicate patient ID found: stn21, skipping additional entry
2026-03-04 18:22:48,748 - WARNING - Duplicate patient ID found: stn22, skipping additional entry
2026-03-04 18:22:48,748 - WARNING - Duplicate patient ID found: stn14, skipping additional entry
2026-03-04 18:22:48,748 - WARNING - Duplicate patient ID found: gpi17, skipping additional entry
2026-03-04 18:22:48,748 - WARNING - Duplicate patient ID found: gpi21, skipping additional entry
2026-03-04 18:22:48,748 - WARNING - Duplicate patient ID found: gpi32, skipping additional entry
2026-03-04 18:22:48,749 - WARNING - Duplicate patient ID found: stn15, skipping additional entry
2026-03-04 18:22:48,749 - INFO - Built diff index with 71 patients
2026-03-04 18:22:48,749 - INFO - Parsing UPDRS data with diff features...
2026-03-04 18:22:48,762 - INFO - Found 55 valid samples
2026-03-04 18:22:48,762 - INFO - Preparing feature matrices with diff features...
2026-03-04 18:22:48,794 - INFO - Feature matrix shape: (55, 365), Class distribution: [24 31]
2026-03-04 18:22:48,794 - INFO - 
============================================================
2026-03-04 18:22:48,794 - INFO - Starting Cross-Validation Experiment: Treatment_Response_ALL_Thresh0.25
2026-03-04 18:22:48,794 - INFO - Total samples: 55 | Class distribution: [24 31]
2026-03-04 18:22:48,795 - INFO - 
--- Fold 1/5 ---
2026-03-04 18:22:48,795 - INFO - Train size: 44, Test size: 11
2026-03-04 18:22:48,795 - INFO - Train class balance - 0: 19, 1: 25
2026-03-04 18:22:48,795 - INFO - Test class balance  - 0: 5, 1: 6
2026-03-04 18:22:49,495 - INFO - Training fold 1 with early stopping (patience=50)...
2026-03-04 18:22:49,639 - INFO - Epoch 1/200 | Train Loss: 0.708068 | Val Loss: 0.681058 | Best Val Loss: inf (epoch 1)
2026-03-04 18:22:49,830 - INFO - Epoch 10/200 | Train Loss: 0.012398 | Val Loss: 2.571854 | Best Val Loss: inf (epoch 1)
2026-03-04 18:22:50,040 - INFO - Epoch 20/200 | Train Loss: 0.006579 | Val Loss: 2.877500 | Best Val Loss: inf (epoch 1)
2026-03-04 18:22:50,251 - INFO - Epoch 30/200 | Train Loss: 0.114158 | Val Loss: 2.403328 | Best Val Loss: inf (epoch 1)
2026-03-04 18:22:50,462 - INFO - Epoch 40/200 | Train Loss: 0.000201 | Val Loss: 3.977335 | Best Val Loss: inf (epoch 1)
2026-03-04 18:22:50,673 - INFO - Epoch 50/200 | Train Loss: 0.000148 | Val Loss: 4.163572 | Best Val Loss: inf (epoch 1)
2026-03-04 18:22:51,001 - INFO - Epoch 60/200 | Train Loss: 0.000050 | Val Loss: 3.674211 | Best Val Loss: 3.674211 (epoch 60)
2026-03-04 18:22:51,258 - INFO - Epoch 70/200 | Train Loss: 0.325069 | Val Loss: 3.096922 | Best Val Loss: 3.096922 (epoch 70)
2026-03-04 18:22:51,500 - INFO - Epoch 80/200 | Train Loss: 0.000601 | Val Loss: 4.635460 | Best Val Loss: 1.051779 (epoch 73)
2026-03-04 18:22:51,711 - INFO - Epoch 90/200 | Train Loss: 0.050109 | Val Loss: 5.689267 | Best Val Loss: 1.051779 (epoch 73)
2026-03-04 18:22:51,938 - INFO - Epoch 100/200 | Train Loss: 0.000026 | Val Loss: 10.186810 | Best Val Loss: 0.813546 (epoch 91)
2026-03-04 18:22:52,151 - INFO - Epoch 110/200 | Train Loss: 0.000019 | Val Loss: 10.197803 | Best Val Loss: 0.813546 (epoch 91)
2026-03-04 18:22:52,361 - INFO - Epoch 120/200 | Train Loss: 0.002156 | Val Loss: 1.767278 | Best Val Loss: 0.813546 (epoch 91)
2026-03-04 18:22:52,606 - INFO - Epoch 130/200 | Train Loss: 0.000305 | Val Loss: 2.538663 | Best Val Loss: 0.813546 (epoch 91)
2026-03-04 18:22:52,820 - INFO - Epoch 140/200 | Train Loss: 0.000071 | Val Loss: 2.810380 | Best Val Loss: 0.813546 (epoch 91)
2026-03-04 18:22:52,841 - INFO - Early stopping triggered at epoch 141! Best validation loss: 0.813546 at epoch 91
2026-03-04 18:22:52,854 - INFO - Loaded best model from epoch 91
2026-03-04 18:22:52,857 - INFO - Optimal Youden threshold: 0.7200
2026-03-04 18:22:52,873 - INFO - Fold 1 Results - Acc: 0.8182, F1: 0.8333, AUC: 0.7667, AP: 0.8631
2026-03-04 18:22:52,873 - INFO - 
--- Fold 2/5 ---
2026-03-04 18:22:52,874 - INFO - Train size: 44, Test size: 11
2026-03-04 18:22:52,874 - INFO - Train class balance - 0: 19, 1: 25
2026-03-04 18:22:52,874 - INFO - Test class balance  - 0: 5, 1: 6
2026-03-04 18:22:52,896 - INFO - Training fold 2 with early stopping (patience=50)...
2026-03-04 18:22:52,921 - INFO - Epoch 1/200 | Train Loss: 0.765099 | Val Loss: 0.610212 | Best Val Loss: inf (epoch 1)
2026-03-04 18:22:53,114 - INFO - Epoch 10/200 | Train Loss: 0.004541 | Val Loss: 1.057469 | Best Val Loss: inf (epoch 1)
2026-03-04 18:22:53,328 - INFO - Epoch 20/200 | Train Loss: 0.029960 | Val Loss: 1.625101 | Best Val Loss: inf (epoch 1)
2026-03-04 18:22:53,540 - INFO - Epoch 30/200 | Train Loss: 0.000356 | Val Loss: 1.505627 | Best Val Loss: inf (epoch 1)
2026-03-04 18:22:53,752 - INFO - Epoch 40/200 | Train Loss: 0.000145 | Val Loss: 1.601599 | Best Val Loss: inf (epoch 1)
2026-03-04 18:22:53,964 - INFO - Epoch 50/200 | Train Loss: 0.000127 | Val Loss: 2.019882 | Best Val Loss: inf (epoch 1)
2026-03-04 18:22:54,296 - INFO - Epoch 60/200 | Train Loss: 0.000071 | Val Loss: 1.951075 | Best Val Loss: 1.944477 (epoch 58)
2026-03-04 18:22:54,508 - INFO - Epoch 70/200 | Train Loss: 0.000015 | Val Loss: 1.958295 | Best Val Loss: 1.944477 (epoch 58)
2026-03-04 18:22:54,720 - INFO - Epoch 80/200 | Train Loss: 0.000031 | Val Loss: 1.977939 | Best Val Loss: 1.944477 (epoch 58)
2026-03-04 18:22:54,932 - INFO - Epoch 90/200 | Train Loss: 0.000030 | Val Loss: 1.992859 | Best Val Loss: 1.944477 (epoch 58)
2026-03-04 18:22:55,144 - INFO - Epoch 100/200 | Train Loss: 0.000025 | Val Loss: 2.012201 | Best Val Loss: 1.944477 (epoch 58)
