2026-02-10 19:58:43,147 - INFO - ================================================================================
2026-02-10 19:58:43,147 - INFO - Starting Integrated DBS Analysis (FC + AI Model)
2026-02-10 19:58:43,147 - INFO - ================================================================================
2026-02-10 19:58:43,147 - INFO - 
[Step 1] Parsing DBS_UPDRS CSV data...
2026-02-10 19:58:43,158 - INFO - Parsing patient data from CSV...
2026-02-10 19:58:43,190 - INFO - 
Improvement rate statistics:
2026-02-10 19:58:43,190 - INFO -   N samples: 55
2026-02-10 19:58:43,190 - INFO -   Min: 0.0000
2026-02-10 19:58:43,190 - INFO -   Max: 0.6970
2026-02-10 19:58:43,190 - INFO -   Mean: 0.3115
2026-02-10 19:58:43,190 - INFO -   Std: 0.1750
2026-02-10 19:58:43,190 - INFO -   Median: 0.3000
2026-02-10 19:58:43,190 - INFO - 
Found 55 valid patient samples with complete data
2026-02-10 19:58:43,190 - INFO - 
[Step 2] Computing FC and analyzing correlations...
2026-02-10 19:58:43,191 - INFO - 
================================================================================
2026-02-10 19:58:43,191 - INFO - FC-UPDRS III Improvement Rate Correlation Analysis
2026-02-10 19:58:43,191 - INFO - ================================================================================
2026-02-10 19:58:43,191 - INFO - 
Computing FC features for all patients...
2026-02-10 19:58:43,882 - INFO - 
Saved raw data to dbs_fc_improvement_data.csv (N=55)
2026-02-10 19:58:43,882 - INFO - 
--------------------------------------------------------------------------------
2026-02-10 19:58:43,882 - INFO - Correlation Analysis Results:
2026-02-10 19:58:43,883 - INFO - --------------------------------------------------------------------------------
2026-02-10 19:58:43,885 - INFO - 
PAIR1: (215, 223)
2026-02-10 19:58:43,885 - INFO -   ROI1: [215]
2026-02-10 19:58:43,885 - INFO -   ROI2: [223]
2026-02-10 19:58:43,885 - INFO -   FC range: [-0.9928, 1.0000]
2026-02-10 19:58:43,885 - INFO -   FC mean ± std: 0.0288 ± 0.7452
2026-02-10 19:58:43,885 - INFO -   Pearson  r =  0.0770, p = 5.7653e-01 ns
2026-02-10 19:58:43,885 - INFO -   Spearman r =  0.1128, p = 4.1204e-01 ns
2026-02-10 19:58:43,887 - INFO - 
PAIR2: (215, 225)
2026-02-10 19:58:43,887 - INFO -   ROI1: [215]
2026-02-10 19:58:43,887 - INFO -   ROI2: [225]
2026-02-10 19:58:43,887 - INFO -   FC range: [-0.9840, 1.0000]
2026-02-10 19:58:43,887 - INFO -   FC mean ± std: 0.2348 ± 0.7457
2026-02-10 19:58:43,887 - INFO -   Pearson  r = -0.0834, p = 5.4478e-01 ns
2026-02-10 19:58:43,887 - INFO -   Spearman r =  0.0111, p = 9.3562e-01 ns
2026-02-10 19:58:43,889 - INFO - 
PAIR3: ({215,216}, {55,56,63,64})
2026-02-10 19:58:43,889 - INFO -   ROI1: [215, 216]
2026-02-10 19:58:43,889 - INFO -   ROI2: [55, 56, 63, 64]
2026-02-10 19:58:43,889 - INFO -   FC range: [-0.9959, 0.9999]
2026-02-10 19:58:43,889 - INFO -   FC mean ± std: -0.0887 ± 0.7885
2026-02-10 19:58:43,890 - INFO -   Pearson  r =  0.3150, p = 1.9157e-02 *
2026-02-10 19:58:43,890 - INFO -   Spearman r =  0.2745, p = 4.2568e-02 *
2026-02-10 19:58:43,891 - INFO - 
PAIR4: ({215,216}, {53,54,57-62,67,68})
2026-02-10 19:58:43,892 - INFO -   ROI1: [215, 216]
2026-02-10 19:58:43,892 - INFO -   ROI2: [53, 54, 57, 58, 59, 60, 61, 62, 67, 68]
2026-02-10 19:58:43,892 - INFO -   FC range: [-0.9963, 1.0000]
2026-02-10 19:58:43,892 - INFO -   FC mean ± std: -0.0635 ± 0.7966
2026-02-10 19:58:43,892 - INFO -   Pearson  r =  0.3762, p = 4.6406e-03 **
2026-02-10 19:58:43,892 - INFO -   Spearman r =  0.3124, p = 2.0219e-02 *
2026-02-10 19:58:43,892 - INFO - 
================================================================================
2026-02-10 19:58:43,893 - INFO - 
Saved correlation results to dbs_fc_correlation_results.json
2026-02-10 19:58:43,893 - INFO - 
[Step 3] Analyzing AI model predictions...
2026-02-10 19:58:43,893 - INFO - 
================================================================================
2026-02-10 19:58:43,893 - INFO - AI Model Prediction Analysis (5-Fold CV)
2026-02-10 19:58:43,893 - INFO - ================================================================================
2026-02-10 19:58:43,893 - INFO - 
Processing individual folds...
2026-02-10 19:58:43,896 - INFO - Fold 1: Spearman R = 0.636, P = 0.0353
2026-02-10 19:58:43,898 - INFO - Fold 2: Spearman R = 0.591, P = 0.0556
2026-02-10 19:58:43,900 - INFO - Fold 3: Spearman R = 0.791, P = 0.0037
2026-02-10 19:58:43,903 - INFO - Fold 4: Spearman R = 0.518, P = 0.1025
2026-02-10 19:58:43,905 - INFO - Fold 5: Spearman R = 0.609, P = 0.0467
2026-02-10 19:58:43,905 - INFO - 
--------------------------------------------------------------------------------
2026-02-10 19:58:43,905 - INFO - 5-fold CV Summary:
2026-02-10 19:58:43,906 - INFO -   Mean Spearman R = 0.629 ± 0.090
2026-02-10 19:58:43,906 - INFO -   Mean P-value = 0.0488
2026-02-10 19:58:43,906 - INFO - --------------------------------------------------------------------------------
2026-02-10 19:58:43,908 - INFO - 
Saved fold results to ai_model_fold_results.csv
2026-02-10 19:58:43,909 - INFO - 
Loaded pooled data: 55 samples
2026-02-10 19:58:43,909 - INFO - 
[Step 4] Creating integrated visualizations...
2026-02-10 19:58:43,909 - INFO - 
Generating integrated visualizations...
2026-02-10 20:01:06,294 - INFO - ================================================================================
2026-02-10 20:01:06,298 - INFO - Starting Integrated DBS Analysis (FC + AI Model)
2026-02-10 20:01:06,298 - INFO - ================================================================================
2026-02-10 20:01:06,298 - INFO - 
[Step 1] Parsing DBS_UPDRS CSV data...
2026-02-10 20:01:06,302 - INFO - Parsing patient data from CSV...
2026-02-10 20:01:06,334 - INFO - 
Improvement rate statistics:
2026-02-10 20:01:06,334 - INFO -   N samples: 55
2026-02-10 20:01:06,334 - INFO -   Min: 0.0000
2026-02-10 20:01:06,334 - INFO -   Max: 0.6970
2026-02-10 20:01:06,334 - INFO -   Mean: 0.3115
2026-02-10 20:01:06,334 - INFO -   Std: 0.1750
2026-02-10 20:01:06,334 - INFO -   Median: 0.3000
2026-02-10 20:01:06,334 - INFO - 
Found 55 valid patient samples with complete data
2026-02-10 20:01:06,334 - INFO - 
[Step 2] Computing FC and analyzing correlations...
2026-02-10 20:01:06,334 - INFO - 
================================================================================
2026-02-10 20:01:06,334 - INFO - FC-UPDRS III Improvement Rate Correlation Analysis
2026-02-10 20:01:06,334 - INFO - ================================================================================
2026-02-10 20:01:06,334 - INFO - 
Computing FC features for all patients...
2026-02-10 20:01:07,020 - INFO - 
Saved raw data to dbs_fc_improvement_data.csv (N=55)
2026-02-10 20:01:07,020 - INFO - 
--------------------------------------------------------------------------------
2026-02-10 20:01:07,020 - INFO - Correlation Analysis Results:
2026-02-10 20:01:07,020 - INFO - --------------------------------------------------------------------------------
2026-02-10 20:01:07,022 - INFO - 
PAIR1: (215, 223)
2026-02-10 20:01:07,023 - INFO -   ROI1: [215]
2026-02-10 20:01:07,023 - INFO -   ROI2: [223]
2026-02-10 20:01:07,023 - INFO -   FC range: [-0.9928, 1.0000]
2026-02-10 20:01:07,023 - INFO -   FC mean ± std: 0.0288 ± 0.7452
2026-02-10 20:01:07,023 - INFO -   Pearson  r =  0.0770, p = 5.7653e-01 ns
2026-02-10 20:01:07,023 - INFO -   Spearman r =  0.1128, p = 4.1204e-01 ns
2026-02-10 20:01:07,025 - INFO - 
PAIR2: (215, 225)
2026-02-10 20:01:07,025 - INFO -   ROI1: [215]
2026-02-10 20:01:07,025 - INFO -   ROI2: [225]
2026-02-10 20:01:07,025 - INFO -   FC range: [-0.9840, 1.0000]
2026-02-10 20:01:07,025 - INFO -   FC mean ± std: 0.2348 ± 0.7457
2026-02-10 20:01:07,025 - INFO -   Pearson  r = -0.0834, p = 5.4478e-01 ns
2026-02-10 20:01:07,025 - INFO -   Spearman r =  0.0111, p = 9.3562e-01 ns
2026-02-10 20:01:07,027 - INFO - 
PAIR3: ({215,216}, {55,56,63,64})
2026-02-10 20:01:07,027 - INFO -   ROI1: [215, 216]
2026-02-10 20:01:07,027 - INFO -   ROI2: [55, 56, 63, 64]
2026-02-10 20:01:07,027 - INFO -   FC range: [-0.9959, 0.9999]
2026-02-10 20:01:07,027 - INFO -   FC mean ± std: -0.0887 ± 0.7885
2026-02-10 20:01:07,027 - INFO -   Pearson  r =  0.3150, p = 1.9157e-02 *
2026-02-10 20:01:07,027 - INFO -   Spearman r =  0.2745, p = 4.2568e-02 *
2026-02-10 20:01:07,029 - INFO - 
PAIR4: ({215,216}, {53,54,57-62,67,68})
2026-02-10 20:01:07,029 - INFO -   ROI1: [215, 216]
2026-02-10 20:01:07,029 - INFO -   ROI2: [53, 54, 57, 58, 59, 60, 61, 62, 67, 68]
2026-02-10 20:01:07,029 - INFO -   FC range: [-0.9963, 1.0000]
2026-02-10 20:01:07,029 - INFO -   FC mean ± std: -0.0635 ± 0.7966
2026-02-10 20:01:07,029 - INFO -   Pearson  r =  0.3762, p = 4.6406e-03 **
2026-02-10 20:01:07,029 - INFO -   Spearman r =  0.3124, p = 2.0219e-02 *
2026-02-10 20:01:07,029 - INFO - 
================================================================================
2026-02-10 20:01:07,031 - INFO - 
Saved correlation results to dbs_fc_correlation_results.json
2026-02-10 20:01:07,032 - INFO - 
[Step 3] Analyzing AI model predictions...
2026-02-10 20:01:07,032 - INFO - 
================================================================================
2026-02-10 20:01:07,032 - INFO - AI Model Prediction Analysis (5-Fold CV)
2026-02-10 20:01:07,032 - INFO - ================================================================================
2026-02-10 20:01:07,032 - INFO - 
Processing individual folds...
2026-02-10 20:01:07,034 - INFO - Fold 1: Spearman R = 0.636, P = 0.0353
2026-02-10 20:01:07,036 - INFO - Fold 2: Spearman R = 0.591, P = 0.0556
2026-02-10 20:01:07,039 - INFO - Fold 3: Spearman R = 0.791, P = 0.0037
2026-02-10 20:01:07,041 - INFO - Fold 4: Spearman R = 0.518, P = 0.1025
2026-02-10 20:01:07,044 - INFO - Fold 5: Spearman R = 0.609, P = 0.0467
2026-02-10 20:01:07,044 - INFO - 
--------------------------------------------------------------------------------
2026-02-10 20:01:07,044 - INFO - 5-fold CV Summary:
2026-02-10 20:01:07,044 - INFO -   Mean Spearman R = 0.629 ± 0.090
2026-02-10 20:01:07,044 - INFO -   Mean P-value = 0.0488
2026-02-10 20:01:07,044 - INFO - --------------------------------------------------------------------------------
2026-02-10 20:01:07,046 - INFO - 
Saved fold results to ai_model_fold_results.csv
2026-02-10 20:01:07,047 - INFO - 
Loaded pooled data: 55 samples
2026-02-10 20:01:07,047 - INFO - 
[Step 4] Creating integrated visualizations...
2026-02-10 20:01:07,047 - INFO - 
Generating integrated visualizations...
2026-02-10 20:01:33,988 - INFO - ================================================================================
2026-02-10 20:01:33,988 - INFO - Starting Integrated DBS Analysis (FC + AI Model)
2026-02-10 20:01:33,988 - INFO - ================================================================================
2026-02-10 20:01:33,989 - INFO - 
[Step 1] Parsing DBS_UPDRS CSV data...
2026-02-10 20:01:33,992 - INFO - Parsing patient data from CSV...
2026-02-10 20:01:34,024 - INFO - 
Improvement rate statistics:
2026-02-10 20:01:34,024 - INFO -   N samples: 55
2026-02-10 20:01:34,024 - INFO -   Min: 0.0000
2026-02-10 20:01:34,024 - INFO -   Max: 0.6970
2026-02-10 20:01:34,024 - INFO -   Mean: 0.3115
2026-02-10 20:01:34,024 - INFO -   Std: 0.1750
2026-02-10 20:01:34,025 - INFO -   Median: 0.3000
2026-02-10 20:01:34,025 - INFO - 
Found 55 valid patient samples with complete data
2026-02-10 20:01:34,025 - INFO - 
[Step 2] Computing FC and analyzing correlations...
2026-02-10 20:01:34,025 - INFO - 
================================================================================
2026-02-10 20:01:34,025 - INFO - FC-UPDRS III Improvement Rate Correlation Analysis
2026-02-10 20:01:34,025 - INFO - ================================================================================
2026-02-10 20:01:34,025 - INFO - 
Computing FC features for all patients...
2026-02-10 20:01:34,713 - INFO - 
Saved raw data to dbs_fc_improvement_data.csv (N=55)
2026-02-10 20:01:34,714 - INFO - 
--------------------------------------------------------------------------------
2026-02-10 20:01:34,714 - INFO - Correlation Analysis Results:
2026-02-10 20:01:34,714 - INFO - --------------------------------------------------------------------------------
2026-02-10 20:01:34,716 - INFO - 
PAIR1: (215, 223)
2026-02-10 20:01:34,716 - INFO -   ROI1: [215]
2026-02-10 20:01:34,716 - INFO -   ROI2: [223]
2026-02-10 20:01:34,716 - INFO -   FC range: [-0.9928, 1.0000]
2026-02-10 20:01:34,716 - INFO -   FC mean ± std: 0.0288 ± 0.7452
2026-02-10 20:01:34,716 - INFO -   Pearson  r =  0.0770, p = 5.7653e-01 ns
2026-02-10 20:01:34,716 - INFO -   Spearman r =  0.1128, p = 4.1204e-01 ns
2026-02-10 20:01:34,718 - INFO - 
PAIR2: (215, 225)
2026-02-10 20:01:34,718 - INFO -   ROI1: [215]
2026-02-10 20:01:34,718 - INFO -   ROI2: [225]
2026-02-10 20:01:34,718 - INFO -   FC range: [-0.9840, 1.0000]
2026-02-10 20:01:34,718 - INFO -   FC mean ± std: 0.2348 ± 0.7457
2026-02-10 20:01:34,718 - INFO -   Pearson  r = -0.0834, p = 5.4478e-01 ns
2026-02-10 20:01:34,718 - INFO -   Spearman r =  0.0111, p = 9.3562e-01 ns
2026-02-10 20:01:34,720 - INFO - 
PAIR3: ({215,216}, {55,56,63,64})
2026-02-10 20:01:34,720 - INFO -   ROI1: [215, 216]
2026-02-10 20:01:34,720 - INFO -   ROI2: [55, 56, 63, 64]
2026-02-10 20:01:34,721 - INFO -   FC range: [-0.9959, 0.9999]
2026-02-10 20:01:34,721 - INFO -   FC mean ± std: -0.0887 ± 0.7885
2026-02-10 20:01:34,721 - INFO -   Pearson  r =  0.3150, p = 1.9157e-02 *
2026-02-10 20:01:34,721 - INFO -   Spearman r =  0.2745, p = 4.2568e-02 *
2026-02-10 20:01:34,723 - INFO - 
PAIR4: ({215,216}, {53,54,57-62,67,68})
2026-02-10 20:01:34,723 - INFO -   ROI1: [215, 216]
2026-02-10 20:01:34,723 - INFO -   ROI2: [53, 54, 57, 58, 59, 60, 61, 62, 67, 68]
2026-02-10 20:01:34,723 - INFO -   FC range: [-0.9963, 1.0000]
2026-02-10 20:01:34,723 - INFO -   FC mean ± std: -0.0635 ± 0.7966
2026-02-10 20:01:34,723 - INFO -   Pearson  r =  0.3762, p = 4.6406e-03 **
2026-02-10 20:01:34,723 - INFO -   Spearman r =  0.3124, p = 2.0219e-02 *
2026-02-10 20:01:34,723 - INFO - 
================================================================================
2026-02-10 20:01:34,725 - INFO - 
Saved correlation results to dbs_fc_correlation_results.json
2026-02-10 20:01:34,725 - INFO - 
[Step 3] Analyzing AI model predictions...
2026-02-10 20:01:34,725 - INFO - 
================================================================================
2026-02-10 20:01:34,725 - INFO - AI Model Prediction Analysis (5-Fold CV)
2026-02-10 20:01:34,725 - INFO - ================================================================================
2026-02-10 20:01:34,725 - INFO - 
Processing individual folds...
2026-02-10 20:01:34,728 - INFO - Fold 1: Spearman R = 0.636, P = 0.0353
2026-02-10 20:01:34,730 - INFO - Fold 2: Spearman R = 0.591, P = 0.0556
2026-02-10 20:01:34,732 - INFO - Fold 3: Spearman R = 0.791, P = 0.0037
2026-02-10 20:01:34,735 - INFO - Fold 4: Spearman R = 0.518, P = 0.1025
2026-02-10 20:01:34,737 - INFO - Fold 5: Spearman R = 0.609, P = 0.0467
2026-02-10 20:01:34,737 - INFO - 
--------------------------------------------------------------------------------
2026-02-10 20:01:34,737 - INFO - 5-fold CV Summary:
2026-02-10 20:01:34,737 - INFO -   Mean Spearman R = 0.629 ± 0.090
2026-02-10 20:01:34,738 - INFO -   Mean P-value = 0.0488
2026-02-10 20:01:34,738 - INFO - --------------------------------------------------------------------------------
2026-02-10 20:01:34,739 - INFO - 
Saved fold results to ai_model_fold_results.csv
2026-02-10 20:01:34,740 - INFO - 
Loaded pooled data: 55 samples
2026-02-10 20:01:34,740 - INFO - 
[Step 4] Creating integrated visualizations...
2026-02-10 20:01:34,740 - INFO - 
Generating integrated visualizations...
2026-02-10 20:01:37,717 - INFO - Saved integrated visualization to dbs_integrated_analysis.png and .pdf
2026-02-10 20:01:37,717 - INFO - 
[Step 5] Analyzing by target...
2026-02-10 20:01:37,717 - INFO - 
================================================================================
2026-02-10 20:01:37,717 - INFO - Target-Specific Correlation Analysis
2026-02-10 20:01:37,717 - INFO - ================================================================================
2026-02-10 20:01:37,718 - INFO - 
B-GPi (N=28):
2026-02-10 20:01:37,718 - INFO - ----------------------------------------
2026-02-10 20:01:37,720 - INFO -   pair1: Pearson r=0.241 (p=2.169e-01), Spearman r=0.355 (p=6.399e-02)
2026-02-10 20:01:37,722 - INFO -   pair2: Pearson r=0.034 (p=8.626e-01), Spearman r=0.229 (p=2.415e-01)
2026-02-10 20:01:37,724 - INFO -   pair3: Pearson r=0.256 (p=1.894e-01), Spearman r=0.201 (p=3.053e-01)
2026-02-10 20:01:37,726 - INFO -   pair4: Pearson r=0.295 (p=1.279e-01), Spearman r=0.223 (p=2.551e-01)
2026-02-10 20:01:37,726 - INFO - 
B-STN (N=27):
2026-02-10 20:01:37,727 - INFO - ----------------------------------------
2026-02-10 20:01:37,728 - INFO -   pair1: Pearson r=0.017 (p=9.330e-01), Spearman r=0.054 (p=7.901e-01)
2026-02-10 20:01:37,730 - INFO -   pair2: Pearson r=-0.036 (p=8.574e-01), Spearman r=0.044 (p=8.277e-01)
2026-02-10 20:01:37,732 - INFO -   pair3: Pearson r=0.204 (p=3.071e-01), Spearman r=0.136 (p=4.983e-01)
2026-02-10 20:01:37,735 - INFO -   pair4: Pearson r=0.260 (p=1.908e-01), Spearman r=0.112 (p=5.769e-01)
2026-02-10 20:01:37,735 - INFO - 
Saved target-specific results to dbs_fc_correlation_by_target.json
2026-02-10 20:01:37,735 - INFO - 
================================================================================
2026-02-10 20:01:37,735 - INFO - Analysis Complete!
2026-02-10 20:01:37,735 - INFO - ================================================================================
2026-02-10 20:01:37,735 - INFO - 
Generated files:
2026-02-10 20:01:37,735 - INFO -   - dbs_fc_improvement_data.csv          : Raw FC and improvement rate data
2026-02-10 20:01:37,735 - INFO -   - dbs_fc_correlation_results.json      : FC correlation statistics
2026-02-10 20:01:37,736 - INFO -   - dbs_fc_correlation_by_target.json    : Target-specific FC correlation
2026-02-10 20:01:37,736 - INFO -   - ai_model_fold_results.csv            : AI model 5-fold CV results
2026-02-10 20:01:37,736 - INFO -   - dbs_integrated_analysis.png/pdf      : Integrated visualization (FC + AI)
2026-02-10 20:01:37,736 - INFO -   - dbs_integrated_analysis.log          : Detailed log file
2026-02-10 20:01:37,736 - INFO - 
================================================================================
2026-02-11 11:02:19,015 - INFO - ================================================================================
2026-02-11 11:02:19,024 - INFO - Starting Integrated DBS Analysis (FC + AI Model)
2026-02-11 11:02:19,024 - INFO - ================================================================================
2026-02-11 11:02:19,024 - INFO - 
[Step 1] Parsing DBS_UPDRS CSV data...
2026-02-11 11:02:19,063 - INFO - Parsing patient data from CSV...
2026-02-11 11:02:20,381 - INFO - 
Improvement rate statistics:
2026-02-11 11:02:20,381 - INFO -   N samples: 55
2026-02-11 11:02:20,381 - INFO -   Min: 0.0000
2026-02-11 11:02:20,381 - INFO -   Max: 0.6970
2026-02-11 11:02:20,381 - INFO -   Mean: 0.3115
2026-02-11 11:02:20,381 - INFO -   Std: 0.1750
2026-02-11 11:02:20,381 - INFO -   Median: 0.3000
2026-02-11 11:02:20,381 - INFO - 
Found 55 valid patient samples with complete data
2026-02-11 11:02:20,381 - INFO - 
[Step 2] Computing FC and analyzing correlations...
2026-02-11 11:02:20,381 - INFO - 
================================================================================
2026-02-11 11:02:20,382 - INFO - FC-UPDRS III Improvement Rate Correlation Analysis
2026-02-11 11:02:20,382 - INFO - ================================================================================
2026-02-11 11:02:20,382 - INFO - 
Computing FC features for all patients...
2026-02-11 11:02:23,688 - INFO - 
Saved raw data to dbs_fc_improvement_data.csv (N=55)
2026-02-11 11:02:23,688 - INFO - 
--------------------------------------------------------------------------------
2026-02-11 11:02:23,688 - INFO - Correlation Analysis Results:
2026-02-11 11:02:23,688 - INFO - --------------------------------------------------------------------------------
2026-02-11 11:02:23,691 - INFO - 
PAIR1: STN-L GPi-L
2026-02-11 11:02:23,691 - INFO -   ROI1: [215]
2026-02-11 11:02:23,691 - INFO -   ROI2: [223]
2026-02-11 11:02:23,691 - INFO -   FC range: [-0.9928, 1.0000]
2026-02-11 11:02:23,691 - INFO -   FC mean ± std: 0.0288 ± 0.7452
2026-02-11 11:02:23,691 - INFO -   Pearson  r =  0.0770, p = 5.7653e-01 ns
2026-02-11 11:02:23,691 - INFO -   Spearman r =  0.1128, p = 4.1204e-01 ns
2026-02-11 11:02:23,693 - INFO - 
PAIR2: STN-L, Thalamus-L
2026-02-11 11:02:23,693 - INFO -   ROI1: [215]
2026-02-11 11:02:23,693 - INFO -   ROI2: [225]
2026-02-11 11:02:23,694 - INFO -   FC range: [-0.9840, 1.0000]
2026-02-11 11:02:23,694 - INFO -   FC mean ± std: 0.2348 ± 0.7457
2026-02-11 11:02:23,694 - INFO -   Pearson  r = -0.0834, p = 5.4478e-01 ns
2026-02-11 11:02:23,694 - INFO -   Spearman r =  0.0111, p = 9.3562e-01 ns
2026-02-11 11:02:23,696 - INFO - 
PAIR3: STN, M1
2026-02-11 11:02:23,696 - INFO -   ROI1: [215, 216]
2026-02-11 11:02:23,696 - INFO -   ROI2: [55, 56, 63, 64]
2026-02-11 11:02:23,696 - INFO -   FC range: [-0.9959, 0.9999]
2026-02-11 11:02:23,696 - INFO -   FC mean ± std: -0.0887 ± 0.7885
2026-02-11 11:02:23,696 - INFO -   Pearson  r =  0.3150, p = 1.9157e-02 *
2026-02-11 11:02:23,696 - INFO -   Spearman r =  0.2745, p = 4.2568e-02 *
2026-02-11 11:02:23,698 - INFO - 
PAIR4: STN, SMA
2026-02-11 11:02:23,698 - INFO -   ROI1: [215, 216]
2026-02-11 11:02:23,698 - INFO -   ROI2: [53, 54, 57, 58, 59, 60, 61, 62, 67, 68]
2026-02-11 11:02:23,698 - INFO -   FC range: [-0.9963, 1.0000]
2026-02-11 11:02:23,698 - INFO -   FC mean ± std: -0.0635 ± 0.7966
2026-02-11 11:02:23,698 - INFO -   Pearson  r =  0.3762, p = 4.6406e-03 **
2026-02-11 11:02:23,698 - INFO -   Spearman r =  0.3124, p = 2.0219e-02 *
2026-02-11 11:02:23,698 - INFO - 
================================================================================
2026-02-11 11:02:23,700 - INFO - 
Saved correlation results to dbs_fc_correlation_results.json
2026-02-11 11:02:23,701 - INFO - 
[Step 3] Analyzing AI model predictions...
2026-02-11 11:02:23,701 - INFO - 
================================================================================
2026-02-11 11:02:23,701 - INFO - AI Model Prediction Analysis (5-Fold CV)
2026-02-11 11:02:23,701 - INFO - ================================================================================
2026-02-11 11:02:23,701 - INFO - 
Processing individual folds...
2026-02-11 11:02:23,705 - INFO - Fold 1: Spearman R = 0.636, P = 0.0353
2026-02-11 11:02:23,709 - INFO - Fold 2: Spearman R = 0.591, P = 0.0556
2026-02-11 11:02:23,712 - INFO - Fold 3: Spearman R = 0.791, P = 0.0037
2026-02-11 11:02:23,716 - INFO - Fold 4: Spearman R = 0.518, P = 0.1025
2026-02-11 11:02:23,719 - INFO - Fold 5: Spearman R = 0.609, P = 0.0467
2026-02-11 11:02:23,721 - INFO - 
Saved fold results to ai_model_fold_results.csv
2026-02-11 11:02:23,724 - INFO - 
Loaded pooled data: 55 samples
2026-02-11 11:02:23,725 - INFO - 
--------------------------------------------------------------------------------
2026-02-11 11:02:23,725 - INFO - Pooled Data Summary:
2026-02-11 11:02:23,725 - INFO -   Spearman R = 0.557
2026-02-11 11:02:23,725 - INFO -   P-value = 0.0000
2026-02-11 11:02:23,725 - INFO -   N samples = 55
2026-02-11 11:02:23,725 - INFO - --------------------------------------------------------------------------------
2026-02-11 11:02:23,725 - INFO - 
[Step 4] Creating integrated visualizations...
2026-02-11 11:02:23,726 - INFO - 
Generating integrated visualizations...
2026-02-11 11:02:26,711 - INFO - Saved integrated visualization to dbs_integrated_analysis.png and .pdf
2026-02-11 11:02:26,711 - INFO - 
[Step 5] Analyzing by target...
2026-02-11 11:02:26,711 - INFO - 
================================================================================
2026-02-11 11:02:26,711 - INFO - Target-Specific Correlation Analysis
2026-02-11 11:02:26,711 - INFO - ================================================================================
2026-02-11 11:02:26,712 - INFO - 
B-GPi (N=28):
2026-02-11 11:02:26,713 - INFO - ----------------------------------------
2026-02-11 11:02:26,715 - INFO -   pair1: Pearson r=0.241 (p=2.169e-01), Spearman r=0.355 (p=6.399e-02)
2026-02-11 11:02:26,717 - INFO -   pair2: Pearson r=0.034 (p=8.626e-01), Spearman r=0.229 (p=2.415e-01)
2026-02-11 11:02:26,719 - INFO -   pair3: Pearson r=0.256 (p=1.894e-01), Spearman r=0.201 (p=3.053e-01)
2026-02-11 11:02:26,721 - INFO -   pair4: Pearson r=0.295 (p=1.279e-01), Spearman r=0.223 (p=2.551e-01)
2026-02-11 11:02:26,721 - INFO - 
B-STN (N=27):
2026-02-11 11:02:26,721 - INFO - ----------------------------------------
2026-02-11 11:02:26,723 - INFO -   pair1: Pearson r=0.017 (p=9.330e-01), Spearman r=0.054 (p=7.901e-01)
2026-02-11 11:02:26,725 - INFO -   pair2: Pearson r=-0.036 (p=8.574e-01), Spearman r=0.044 (p=8.277e-01)
2026-02-11 11:02:26,727 - INFO -   pair3: Pearson r=0.204 (p=3.071e-01), Spearman r=0.136 (p=4.983e-01)
2026-02-11 11:02:26,729 - INFO -   pair4: Pearson r=0.260 (p=1.908e-01), Spearman r=0.112 (p=5.769e-01)
2026-02-11 11:02:26,732 - INFO - 
Saved target-specific results to dbs_fc_correlation_by_target.json
2026-02-11 11:02:26,732 - INFO - 
================================================================================
2026-02-11 11:02:26,732 - INFO - Analysis Complete!
2026-02-11 11:02:26,732 - INFO - ================================================================================
2026-02-11 11:02:26,732 - INFO - 
Generated files:
2026-02-11 11:02:26,732 - INFO -   - dbs_fc_improvement_data.csv          : Raw FC and improvement rate data
2026-02-11 11:02:26,732 - INFO -   - dbs_fc_correlation_results.json      : FC correlation statistics
2026-02-11 11:02:26,732 - INFO -   - dbs_fc_correlation_by_target.json    : Target-specific FC correlation
2026-02-11 11:02:26,732 - INFO -   - ai_model_fold_results.csv            : AI model 5-fold CV results
2026-02-11 11:02:26,732 - INFO -   - dbs_integrated_analysis.png/pdf      : Integrated visualization (FC + AI)
2026-02-11 11:02:26,732 - INFO -   - dbs_integrated_analysis.log          : Detailed log file
2026-02-11 11:02:26,732 - INFO - 
================================================================================
2026-02-11 11:13:37,080 - INFO - ================================================================================
2026-02-11 11:13:37,083 - INFO - Starting Integrated DBS Analysis (FC + AI Model)
2026-02-11 11:13:37,083 - INFO - ================================================================================
2026-02-11 11:13:37,083 - INFO - 
[Step 1] Parsing DBS_UPDRS CSV data...
2026-02-11 11:13:37,087 - INFO - Parsing patient data from CSV...
2026-02-11 11:13:37,119 - INFO - 
Improvement rate statistics:
2026-02-11 11:13:37,119 - INFO -   N samples: 55
2026-02-11 11:13:37,119 - INFO -   Min: 0.0000
2026-02-11 11:13:37,119 - INFO -   Max: 0.6970
2026-02-11 11:13:37,119 - INFO -   Mean: 0.3115
2026-02-11 11:13:37,119 - INFO -   Std: 0.1750
2026-02-11 11:13:37,119 - INFO -   Median: 0.3000
2026-02-11 11:13:37,120 - INFO - 
Found 55 valid patient samples with complete data
2026-02-11 11:13:37,120 - INFO - 
[Step 2] Computing FC and analyzing correlations...
2026-02-11 11:13:37,120 - INFO - 
================================================================================
2026-02-11 11:13:37,120 - INFO - FC-UPDRS III Improvement Rate Correlation Analysis
2026-02-11 11:13:37,120 - INFO - ================================================================================
2026-02-11 11:13:37,120 - INFO - 
Computing FC features for all patients...
2026-02-11 11:13:37,791 - INFO - 
Saved raw data to dbs_fc_improvement_data.csv (N=55)
2026-02-11 11:13:37,791 - INFO - 
--------------------------------------------------------------------------------
2026-02-11 11:13:37,791 - INFO - Correlation Analysis Results:
2026-02-11 11:13:37,791 - INFO - --------------------------------------------------------------------------------
2026-02-11 11:13:37,793 - INFO - 
PAIR1: STN-L, GPi-L
2026-02-11 11:13:37,793 - INFO -   ROI1: [215]
2026-02-11 11:13:37,793 - INFO -   ROI2: [223]
2026-02-11 11:13:37,793 - INFO -   FC range: [-0.9928, 1.0000]
2026-02-11 11:13:37,793 - INFO -   FC mean ± std: 0.0288 ± 0.7452
2026-02-11 11:13:37,793 - INFO -   Pearson  r =  0.0770, p = 5.7653e-01 ns
2026-02-11 11:13:37,794 - INFO -   Spearman r =  0.1128, p = 4.1204e-01 ns
2026-02-11 11:13:37,795 - INFO - 
PAIR2: STN-L, Thalamus-L
2026-02-11 11:13:37,795 - INFO -   ROI1: [215]
2026-02-11 11:13:37,796 - INFO -   ROI2: [225]
2026-02-11 11:13:37,796 - INFO -   FC range: [-0.9840, 1.0000]
2026-02-11 11:13:37,796 - INFO -   FC mean ± std: 0.2348 ± 0.7457
2026-02-11 11:13:37,796 - INFO -   Pearson  r = -0.0834, p = 5.4478e-01 ns
2026-02-11 11:13:37,796 - INFO -   Spearman r =  0.0111, p = 9.3562e-01 ns
2026-02-11 11:13:37,798 - INFO - 
PAIR3: STN, M1
2026-02-11 11:13:37,798 - INFO -   ROI1: [215, 216]
2026-02-11 11:13:37,798 - INFO -   ROI2: [55, 56, 63, 64]
2026-02-11 11:13:37,798 - INFO -   FC range: [-0.9959, 0.9999]
2026-02-11 11:13:37,798 - INFO -   FC mean ± std: -0.0887 ± 0.7885
2026-02-11 11:13:37,798 - INFO -   Pearson  r =  0.3150, p = 1.9157e-02 *
2026-02-11 11:13:37,798 - INFO -   Spearman r =  0.2745, p = 4.2568e-02 *
2026-02-11 11:13:37,800 - INFO - 
PAIR4: STN, SMA
2026-02-11 11:13:37,800 - INFO -   ROI1: [215, 216]
2026-02-11 11:13:37,800 - INFO -   ROI2: [53, 54, 57, 58, 59, 60, 61, 62, 67, 68]
2026-02-11 11:13:37,800 - INFO -   FC range: [-0.9963, 1.0000]
2026-02-11 11:13:37,800 - INFO -   FC mean ± std: -0.0635 ± 0.7966
2026-02-11 11:13:37,800 - INFO -   Pearson  r =  0.3762, p = 4.6406e-03 **
2026-02-11 11:13:37,800 - INFO -   Spearman r =  0.3124, p = 2.0219e-02 *
2026-02-11 11:13:37,800 - INFO - 
================================================================================
2026-02-11 11:13:37,802 - INFO - 
Saved correlation results to dbs_fc_correlation_results.json
2026-02-11 11:13:37,802 - INFO - 
[Step 3] Analyzing AI model predictions...
2026-02-11 11:13:37,802 - INFO - 
================================================================================
2026-02-11 11:13:37,802 - INFO - AI Model Prediction Analysis (5-Fold CV)
2026-02-11 11:13:37,802 - INFO - ================================================================================
2026-02-11 11:13:37,802 - INFO - 
Processing individual folds...
2026-02-11 11:13:37,805 - INFO - Fold 1: Spearman R = 0.636, P = 0.0353
2026-02-11 11:13:37,807 - INFO - Fold 2: Spearman R = 0.591, P = 0.0556
2026-02-11 11:13:37,809 - INFO - Fold 3: Spearman R = 0.791, P = 0.0037
2026-02-11 11:13:37,812 - INFO - Fold 4: Spearman R = 0.518, P = 0.1025
2026-02-11 11:13:37,814 - INFO - Fold 5: Spearman R = 0.609, P = 0.0467
2026-02-11 11:13:37,816 - INFO - 
Saved fold results to ai_model_fold_results.csv
2026-02-11 11:13:37,817 - INFO - 
Loaded pooled data: 55 samples
2026-02-11 11:13:37,818 - INFO - 
--------------------------------------------------------------------------------
2026-02-11 11:13:37,818 - INFO - Pooled Data Summary:
2026-02-11 11:13:37,818 - INFO -   Spearman R = 0.557
2026-02-11 11:13:37,818 - INFO -   P-value = 0.0000
2026-02-11 11:13:37,818 - INFO -   N samples = 55
2026-02-11 11:13:37,818 - INFO - --------------------------------------------------------------------------------
2026-02-11 11:13:37,818 - INFO - 
[Step 4] Creating integrated visualizations...
2026-02-11 11:13:37,819 - INFO - 
Generating integrated visualizations...
2026-02-11 11:13:40,603 - INFO - Saved integrated visualization to dbs_integrated_analysis.png and .pdf
2026-02-11 11:13:40,603 - INFO - 
[Step 5] Analyzing by target...
2026-02-11 11:13:40,603 - INFO - 
================================================================================
2026-02-11 11:13:40,603 - INFO - Target-Specific Correlation Analysis
2026-02-11 11:13:40,603 - INFO - ================================================================================
2026-02-11 11:13:40,604 - INFO - 
B-GPi (N=28):
2026-02-11 11:13:40,604 - INFO - ----------------------------------------
2026-02-11 11:13:40,607 - INFO -   pair1: Pearson r=0.241 (p=2.169e-01), Spearman r=0.355 (p=6.399e-02)
2026-02-11 11:13:40,609 - INFO -   pair2: Pearson r=0.034 (p=8.626e-01), Spearman r=0.229 (p=2.415e-01)
2026-02-11 11:13:40,610 - INFO -   pair3: Pearson r=0.256 (p=1.894e-01), Spearman r=0.201 (p=3.053e-01)
2026-02-11 11:13:40,612 - INFO -   pair4: Pearson r=0.295 (p=1.279e-01), Spearman r=0.223 (p=2.551e-01)
2026-02-11 11:13:40,613 - INFO - 
B-STN (N=27):
2026-02-11 11:13:40,613 - INFO - ----------------------------------------
2026-02-11 11:13:40,615 - INFO -   pair1: Pearson r=0.017 (p=9.330e-01), Spearman r=0.054 (p=7.901e-01)
2026-02-11 11:13:40,616 - INFO -   pair2: Pearson r=-0.036 (p=8.574e-01), Spearman r=0.044 (p=8.277e-01)
2026-02-11 11:13:40,618 - INFO -   pair3: Pearson r=0.204 (p=3.071e-01), Spearman r=0.136 (p=4.983e-01)
2026-02-11 11:13:40,620 - INFO -   pair4: Pearson r=0.260 (p=1.908e-01), Spearman r=0.112 (p=5.769e-01)
2026-02-11 11:13:40,622 - INFO - 
Saved target-specific results to dbs_fc_correlation_by_target.json
2026-02-11 11:13:40,622 - INFO - 
================================================================================
2026-02-11 11:13:40,622 - INFO - Analysis Complete!
2026-02-11 11:13:40,622 - INFO - ================================================================================
2026-02-11 11:13:40,622 - INFO - 
Generated files:
2026-02-11 11:13:40,622 - INFO -   - dbs_fc_improvement_data.csv          : Raw FC and improvement rate data
2026-02-11 11:13:40,622 - INFO -   - dbs_fc_correlation_results.json      : FC correlation statistics
2026-02-11 11:13:40,622 - INFO -   - dbs_fc_correlation_by_target.json    : Target-specific FC correlation
2026-02-11 11:13:40,622 - INFO -   - ai_model_fold_results.csv            : AI model 5-fold CV results
2026-02-11 11:13:40,622 - INFO -   - dbs_integrated_analysis.png/pdf      : Integrated visualization (FC + AI)
2026-02-11 11:13:40,622 - INFO -   - dbs_integrated_analysis.log          : Detailed log file
2026-02-11 11:13:40,623 - INFO - 
================================================================================
2026-02-11 11:14:12,790 - INFO - ================================================================================
2026-02-11 11:14:12,790 - INFO - Starting Integrated DBS Analysis (FC + AI Model)
2026-02-11 11:14:12,790 - INFO - ================================================================================
2026-02-11 11:14:12,790 - INFO - 
[Step 1] Parsing DBS_UPDRS CSV data...
2026-02-11 11:14:12,794 - INFO - Parsing patient data from CSV...
2026-02-11 11:14:12,826 - INFO - 
Improvement rate statistics:
2026-02-11 11:14:12,826 - INFO -   N samples: 55
2026-02-11 11:14:12,826 - INFO -   Min: 0.0000
2026-02-11 11:14:12,826 - INFO -   Max: 0.6970
2026-02-11 11:14:12,826 - INFO -   Mean: 0.3115
2026-02-11 11:14:12,826 - INFO -   Std: 0.1750
2026-02-11 11:14:12,827 - INFO -   Median: 0.3000
2026-02-11 11:14:12,827 - INFO - 
Found 55 valid patient samples with complete data
2026-02-11 11:14:12,827 - INFO - 
[Step 2] Computing FC and analyzing correlations...
2026-02-11 11:14:12,827 - INFO - 
================================================================================
2026-02-11 11:14:12,827 - INFO - FC-UPDRS III Improvement Rate Correlation Analysis
2026-02-11 11:14:12,827 - INFO - ================================================================================
2026-02-11 11:14:12,827 - INFO - 
Computing FC features for all patients...
2026-02-11 11:14:13,523 - INFO - 
Saved raw data to dbs_fc_improvement_data.csv (N=55)
2026-02-11 11:14:13,524 - INFO - 
--------------------------------------------------------------------------------
2026-02-11 11:14:13,524 - INFO - Correlation Analysis Results:
2026-02-11 11:14:13,524 - INFO - --------------------------------------------------------------------------------
2026-02-11 11:14:13,526 - INFO - 
PAIR1: STN-L, GPi-L
2026-02-11 11:14:13,526 - INFO -   ROI1: [215]
2026-02-11 11:14:13,526 - INFO -   ROI2: [223]
2026-02-11 11:14:13,526 - INFO -   FC range: [-0.9928, 1.0000]
2026-02-11 11:14:13,526 - INFO -   FC mean ± std: 0.0288 ± 0.7452
2026-02-11 11:14:13,526 - INFO -   Pearson  r =  0.0770, p = 5.7653e-01 ns
2026-02-11 11:14:13,526 - INFO -   Spearman r =  0.1128, p = 4.1204e-01 ns
2026-02-11 11:14:13,528 - INFO - 
PAIR2: STN-L, Thalamus-L
2026-02-11 11:14:13,528 - INFO -   ROI1: [215]
2026-02-11 11:14:13,528 - INFO -   ROI2: [225]
2026-02-11 11:14:13,528 - INFO -   FC range: [-0.9840, 1.0000]
2026-02-11 11:14:13,528 - INFO -   FC mean ± std: 0.2348 ± 0.7457
2026-02-11 11:14:13,529 - INFO -   Pearson  r = -0.0834, p = 5.4478e-01 ns
2026-02-11 11:14:13,529 - INFO -   Spearman r =  0.0111, p = 9.3562e-01 ns
2026-02-11 11:14:13,530 - INFO - 
PAIR3: STN, M1
2026-02-11 11:14:13,531 - INFO -   ROI1: [215, 216]
2026-02-11 11:14:13,531 - INFO -   ROI2: [55, 56, 63, 64]
2026-02-11 11:14:13,531 - INFO -   FC range: [-0.9959, 0.9999]
2026-02-11 11:14:13,531 - INFO -   FC mean ± std: -0.0887 ± 0.7885
2026-02-11 11:14:13,531 - INFO -   Pearson  r =  0.3150, p = 1.9157e-02 *
2026-02-11 11:14:13,531 - INFO -   Spearman r =  0.2745, p = 4.2568e-02 *
2026-02-11 11:14:13,533 - INFO - 
PAIR4: STN, SMA
2026-02-11 11:14:13,533 - INFO -   ROI1: [215, 216]
2026-02-11 11:14:13,533 - INFO -   ROI2: [53, 54, 57, 58, 59, 60, 61, 62, 67, 68]
2026-02-11 11:14:13,533 - INFO -   FC range: [-0.9963, 1.0000]
2026-02-11 11:14:13,533 - INFO -   FC mean ± std: -0.0635 ± 0.7966
2026-02-11 11:14:13,533 - INFO -   Pearson  r =  0.3762, p = 4.6406e-03 **
2026-02-11 11:14:13,533 - INFO -   Spearman r =  0.3124, p = 2.0219e-02 *
2026-02-11 11:14:13,533 - INFO - 
================================================================================
2026-02-11 11:14:13,535 - INFO - 
Saved correlation results to dbs_fc_correlation_results.json
2026-02-11 11:14:13,535 - INFO - 
[Step 3] Analyzing AI model predictions...
2026-02-11 11:14:13,535 - INFO - 
================================================================================
2026-02-11 11:14:13,535 - INFO - AI Model Prediction Analysis (5-Fold CV)
2026-02-11 11:14:13,535 - INFO - ================================================================================
2026-02-11 11:14:13,535 - INFO - 
Processing individual folds...
2026-02-11 11:14:13,537 - INFO - Fold 1: Spearman R = 0.636, P = 0.0353
2026-02-11 11:14:13,540 - INFO - Fold 2: Spearman R = 0.591, P = 0.0556
2026-02-11 11:14:13,542 - INFO - Fold 3: Spearman R = 0.791, P = 0.0037
2026-02-11 11:14:13,545 - INFO - Fold 4: Spearman R = 0.518, P = 0.1025
2026-02-11 11:14:13,547 - INFO - Fold 5: Spearman R = 0.609, P = 0.0467
2026-02-11 11:14:13,549 - INFO - 
Saved fold results to ai_model_fold_results.csv
2026-02-11 11:14:13,550 - INFO - 
Loaded pooled data: 55 samples
2026-02-11 11:14:13,551 - INFO - 
--------------------------------------------------------------------------------
2026-02-11 11:14:13,551 - INFO - Pooled Data Summary:
2026-02-11 11:14:13,551 - INFO -   Spearman R = 0.557
2026-02-11 11:14:13,551 - INFO -   P-value = 0.0000
2026-02-11 11:14:13,551 - INFO -   N samples = 55
2026-02-11 11:14:13,551 - INFO - --------------------------------------------------------------------------------
2026-02-11 11:14:13,551 - INFO - 
[Step 4] Creating integrated visualizations...
2026-02-11 11:14:13,551 - INFO - 
Generating integrated visualizations...
2026-02-11 11:14:16,268 - INFO - Saved integrated visualization to dbs_integrated_analysis.png and .pdf
2026-02-11 11:14:16,268 - INFO - 
[Step 5] Analyzing by target...
2026-02-11 11:14:16,268 - INFO - 
================================================================================
2026-02-11 11:14:16,268 - INFO - Target-Specific Correlation Analysis
2026-02-11 11:14:16,268 - INFO - ================================================================================
2026-02-11 11:14:16,269 - INFO - 
B-GPi (N=28):
2026-02-11 11:14:16,269 - INFO - ----------------------------------------
2026-02-11 11:14:16,272 - INFO -   pair1: Pearson r=0.241 (p=2.169e-01), Spearman r=0.355 (p=6.399e-02)
2026-02-11 11:14:16,273 - INFO -   pair2: Pearson r=0.034 (p=8.626e-01), Spearman r=0.229 (p=2.415e-01)
2026-02-11 11:14:16,275 - INFO -   pair3: Pearson r=0.256 (p=1.894e-01), Spearman r=0.201 (p=3.053e-01)
2026-02-11 11:14:16,277 - INFO -   pair4: Pearson r=0.295 (p=1.279e-01), Spearman r=0.223 (p=2.551e-01)
2026-02-11 11:14:16,278 - INFO - 
B-STN (N=27):
2026-02-11 11:14:16,278 - INFO - ----------------------------------------
2026-02-11 11:14:16,280 - INFO -   pair1: Pearson r=0.017 (p=9.330e-01), Spearman r=0.054 (p=7.901e-01)
2026-02-11 11:14:16,281 - INFO -   pair2: Pearson r=-0.036 (p=8.574e-01), Spearman r=0.044 (p=8.277e-01)
2026-02-11 11:14:16,283 - INFO -   pair3: Pearson r=0.204 (p=3.071e-01), Spearman r=0.136 (p=4.983e-01)
2026-02-11 11:14:16,285 - INFO -   pair4: Pearson r=0.260 (p=1.908e-01), Spearman r=0.112 (p=5.769e-01)
2026-02-11 11:14:16,287 - INFO - 
Saved target-specific results to dbs_fc_correlation_by_target.json
2026-02-11 11:14:16,287 - INFO - 
================================================================================
2026-02-11 11:14:16,287 - INFO - Analysis Complete!
2026-02-11 11:14:16,287 - INFO - ================================================================================
2026-02-11 11:14:16,287 - INFO - 
Generated files:
2026-02-11 11:14:16,287 - INFO -   - dbs_fc_improvement_data.csv          : Raw FC and improvement rate data
2026-02-11 11:14:16,287 - INFO -   - dbs_fc_correlation_results.json      : FC correlation statistics
2026-02-11 11:14:16,287 - INFO -   - dbs_fc_correlation_by_target.json    : Target-specific FC correlation
2026-02-11 11:14:16,287 - INFO -   - ai_model_fold_results.csv            : AI model 5-fold CV results
2026-02-11 11:14:16,287 - INFO -   - dbs_integrated_analysis.png/pdf      : Integrated visualization (FC + AI)
2026-02-11 11:14:16,287 - INFO -   - dbs_integrated_analysis.log          : Detailed log file
2026-02-11 11:14:16,287 - INFO - 
================================================================================
2026-02-11 11:23:49,398 - INFO - ================================================================================
2026-02-11 11:23:49,411 - INFO - Starting Integrated DBS Analysis (FC + AI Model)
2026-02-11 11:23:49,411 - INFO - ================================================================================
2026-02-11 11:23:49,411 - INFO - 
[Step 1] Parsing DBS_UPDRS CSV data...
2026-02-11 11:23:49,415 - INFO - Parsing patient data from CSV...
2026-02-11 11:23:49,447 - INFO - 
Improvement rate statistics:
2026-02-11 11:23:49,447 - INFO -   N samples: 55
2026-02-11 11:23:49,447 - INFO -   Min: 0.0000
2026-02-11 11:23:49,447 - INFO -   Max: 0.6970
2026-02-11 11:23:49,447 - INFO -   Mean: 0.3115
2026-02-11 11:23:49,447 - INFO -   Std: 0.1750
2026-02-11 11:23:49,447 - INFO -   Median: 0.3000
2026-02-11 11:23:49,447 - INFO - 
Found 55 valid patient samples with complete data
2026-02-11 11:23:49,447 - INFO - 
[Step 2] Computing FC and analyzing correlations...
2026-02-11 11:23:49,447 - INFO - 
================================================================================
2026-02-11 11:23:49,448 - INFO - FC-UPDRS III Improvement Rate Correlation Analysis
2026-02-11 11:23:49,448 - INFO - ================================================================================
2026-02-11 11:23:49,448 - INFO - 
Computing FC features for all patients...
2026-02-11 11:23:50,135 - INFO - 
Saved raw data to dbs_fc_improvement_data.csv (N=55)
2026-02-11 11:23:50,135 - INFO - 
--------------------------------------------------------------------------------
2026-02-11 11:23:50,135 - INFO - Correlation Analysis Results:
2026-02-11 11:23:50,135 - INFO - --------------------------------------------------------------------------------
2026-02-11 11:23:50,137 - INFO - 
PAIR1: STN-L, GPi-L
2026-02-11 11:23:50,137 - INFO -   ROI1: [215]
2026-02-11 11:23:50,137 - INFO -   ROI2: [223]
2026-02-11 11:23:50,137 - INFO -   FC range: [-0.9928, 1.0000]
2026-02-11 11:23:50,138 - INFO -   FC mean ± std: 0.0288 ± 0.7452
2026-02-11 11:23:50,138 - INFO -   Pearson  r =  0.0770, p = 5.7653e-01 ns
2026-02-11 11:23:50,138 - INFO -   Spearman r =  0.1128, p = 4.1204e-01 ns
2026-02-11 11:23:50,139 - INFO - 
PAIR2: STN-L, Thalamus-L
2026-02-11 11:23:50,140 - INFO -   ROI1: [215]
2026-02-11 11:23:50,140 - INFO -   ROI2: [225]
2026-02-11 11:23:50,140 - INFO -   FC range: [-0.9840, 1.0000]
2026-02-11 11:23:50,140 - INFO -   FC mean ± std: 0.2348 ± 0.7457
2026-02-11 11:23:50,140 - INFO -   Pearson  r = -0.0834, p = 5.4478e-01 ns
2026-02-11 11:23:50,140 - INFO -   Spearman r =  0.0111, p = 9.3562e-01 ns
2026-02-11 11:23:50,142 - INFO - 
PAIR3: STN, M1
2026-02-11 11:23:50,142 - INFO -   ROI1: [215, 216]
2026-02-11 11:23:50,142 - INFO -   ROI2: [55, 56, 63, 64]
2026-02-11 11:23:50,142 - INFO -   FC range: [-0.9959, 0.9999]
2026-02-11 11:23:50,142 - INFO -   FC mean ± std: -0.0887 ± 0.7885
2026-02-11 11:23:50,142 - INFO -   Pearson  r =  0.3150, p = 1.9157e-02 *
2026-02-11 11:23:50,142 - INFO -   Spearman r =  0.2745, p = 4.2568e-02 *
2026-02-11 11:23:50,144 - INFO - 
PAIR4: STN, SMA
2026-02-11 11:23:50,144 - INFO -   ROI1: [215, 216]
2026-02-11 11:23:50,144 - INFO -   ROI2: [53, 54, 57, 58, 59, 60, 61, 62, 67, 68]
2026-02-11 11:23:50,144 - INFO -   FC range: [-0.9963, 1.0000]
2026-02-11 11:23:50,144 - INFO -   FC mean ± std: -0.0635 ± 0.7966
2026-02-11 11:23:50,144 - INFO -   Pearson  r =  0.3762, p = 4.6406e-03 **
2026-02-11 11:23:50,144 - INFO -   Spearman r =  0.3124, p = 2.0219e-02 *
2026-02-11 11:23:50,144 - INFO - 
================================================================================
2026-02-11 11:23:50,146 - INFO - 
Saved correlation results to dbs_fc_correlation_results.json
2026-02-11 11:23:50,146 - INFO - 
[Step 3] Analyzing AI model predictions...
2026-02-11 11:23:50,146 - INFO - 
================================================================================
2026-02-11 11:23:50,146 - INFO - AI Model Prediction Analysis (5-Fold CV)
2026-02-11 11:23:50,146 - INFO - ================================================================================
2026-02-11 11:23:50,146 - INFO - 
Processing individual folds...
2026-02-11 11:23:50,149 - INFO - Fold 1: Spearman R = 0.636, P = 0.0353
2026-02-11 11:23:50,151 - INFO - Fold 2: Spearman R = 0.591, P = 0.0556
2026-02-11 11:23:50,154 - INFO - Fold 3: Spearman R = 0.791, P = 0.0037
2026-02-11 11:23:50,156 - INFO - Fold 4: Spearman R = 0.518, P = 0.1025
2026-02-11 11:23:50,158 - INFO - Fold 5: Spearman R = 0.609, P = 0.0467
2026-02-11 11:23:50,160 - INFO - 
Saved fold results to ai_model_fold_results.csv
2026-02-11 11:23:50,161 - INFO - 
Loaded pooled data: 55 samples
2026-02-11 11:23:50,162 - INFO - 
--------------------------------------------------------------------------------
2026-02-11 11:23:50,163 - INFO - Pooled Data Summary:
2026-02-11 11:23:50,163 - INFO -   Spearman R = 0.557
2026-02-11 11:23:50,163 - INFO -   P-value = 0.0000
2026-02-11 11:23:50,163 - INFO -   N samples = 55
2026-02-11 11:23:50,163 - INFO - --------------------------------------------------------------------------------
2026-02-11 11:23:50,163 - INFO - 
[Step 4] Creating integrated visualizations...
2026-02-11 11:23:50,163 - INFO - 
Generating integrated visualizations...
2026-02-11 11:23:52,875 - INFO - Saved integrated visualization to dbs_integrated_analysis.png and .pdf
2026-02-11 11:23:52,876 - INFO - 
[Step 5] Analyzing by target...
2026-02-11 11:23:52,876 - INFO - 
================================================================================
2026-02-11 11:23:52,876 - INFO - Target-Specific Correlation Analysis
2026-02-11 11:23:52,876 - INFO - ================================================================================
2026-02-11 11:23:52,877 - INFO - 
B-GPi (N=28):
2026-02-11 11:23:52,877 - INFO - ----------------------------------------
2026-02-11 11:23:52,880 - INFO -   pair1: Pearson r=0.241 (p=2.169e-01), Spearman r=0.355 (p=6.399e-02)
2026-02-11 11:23:52,882 - INFO -   pair2: Pearson r=0.034 (p=8.626e-01), Spearman r=0.229 (p=2.415e-01)
2026-02-11 11:23:52,883 - INFO -   pair3: Pearson r=0.256 (p=1.894e-01), Spearman r=0.201 (p=3.053e-01)
2026-02-11 11:23:52,885 - INFO -   pair4: Pearson r=0.295 (p=1.279e-01), Spearman r=0.223 (p=2.551e-01)
2026-02-11 11:23:52,886 - INFO - 
B-STN (N=27):
2026-02-11 11:23:52,886 - INFO - ----------------------------------------
2026-02-11 11:23:52,888 - INFO -   pair1: Pearson r=0.017 (p=9.330e-01), Spearman r=0.054 (p=7.901e-01)
2026-02-11 11:23:52,890 - INFO -   pair2: Pearson r=-0.036 (p=8.574e-01), Spearman r=0.044 (p=8.277e-01)
2026-02-11 11:23:52,892 - INFO -   pair3: Pearson r=0.204 (p=3.071e-01), Spearman r=0.136 (p=4.983e-01)
2026-02-11 11:23:52,893 - INFO -   pair4: Pearson r=0.260 (p=1.908e-01), Spearman r=0.112 (p=5.769e-01)
2026-02-11 11:23:52,897 - INFO - 
Saved target-specific results to dbs_fc_correlation_by_target.json
2026-02-11 11:23:52,897 - INFO - 
================================================================================
2026-02-11 11:23:52,897 - INFO - Analysis Complete!
2026-02-11 11:23:52,897 - INFO - ================================================================================
2026-02-11 11:23:52,897 - INFO - 
Generated files:
2026-02-11 11:23:52,897 - INFO -   - dbs_fc_improvement_data.csv          : Raw FC and improvement rate data
2026-02-11 11:23:52,897 - INFO -   - dbs_fc_correlation_results.json      : FC correlation statistics
2026-02-11 11:23:52,897 - INFO -   - dbs_fc_correlation_by_target.json    : Target-specific FC correlation
2026-02-11 11:23:52,897 - INFO -   - ai_model_fold_results.csv            : AI model 5-fold CV results
2026-02-11 11:23:52,897 - INFO -   - dbs_integrated_analysis.png/pdf      : Integrated visualization (FC + AI)
2026-02-11 11:23:52,897 - INFO -   - dbs_integrated_analysis.log          : Detailed log file
2026-02-11 11:23:52,897 - INFO - 
================================================================================
2026-02-11 11:29:27,047 - INFO - ================================================================================
2026-02-11 11:29:27,050 - INFO - Starting Integrated DBS Analysis (FC + AI Model)
2026-02-11 11:29:27,050 - INFO - ================================================================================
2026-02-11 11:29:27,050 - INFO - 
[Step 1] Parsing DBS_UPDRS CSV data...
2026-02-11 11:29:27,054 - INFO - Parsing patient data from CSV...
2026-02-11 11:29:27,085 - INFO - 
Improvement rate statistics:
2026-02-11 11:29:27,085 - INFO -   N samples: 55
2026-02-11 11:29:27,086 - INFO -   Min: 0.0000
2026-02-11 11:29:27,086 - INFO -   Max: 0.6970
2026-02-11 11:29:27,086 - INFO -   Mean: 0.3115
2026-02-11 11:29:27,086 - INFO -   Std: 0.1750
2026-02-11 11:29:27,086 - INFO -   Median: 0.3000
2026-02-11 11:29:27,086 - INFO - 
Found 55 valid patient samples with complete data
2026-02-11 11:29:27,086 - INFO - 
[Step 2] Computing FC and analyzing correlations...
2026-02-11 11:29:27,086 - INFO - 
================================================================================
2026-02-11 11:29:27,086 - INFO - FC-UPDRS III Improvement Rate Correlation Analysis
2026-02-11 11:29:27,086 - INFO - ================================================================================
2026-02-11 11:29:27,086 - INFO - 
Computing FC features for all patients...
2026-02-11 11:29:27,769 - INFO - 
Saved raw data to dbs_fc_improvement_data.csv (N=55)
2026-02-11 11:29:27,769 - INFO - 
--------------------------------------------------------------------------------
2026-02-11 11:29:27,769 - INFO - Correlation Analysis Results:
2026-02-11 11:29:27,769 - INFO - --------------------------------------------------------------------------------
2026-02-11 11:29:27,771 - INFO - 
PAIR1: STN-L, GPi-L
2026-02-11 11:29:27,771 - INFO -   ROI1: [215]
2026-02-11 11:29:27,771 - INFO -   ROI2: [223]
2026-02-11 11:29:27,771 - INFO -   FC range: [-0.9928, 1.0000]
2026-02-11 11:29:27,772 - INFO -   FC mean ± std: 0.0288 ± 0.7452
2026-02-11 11:29:27,772 - INFO -   Pearson  r =  0.0770, p = 5.7653e-01 ns
2026-02-11 11:29:27,772 - INFO -   Spearman r =  0.1128, p = 4.1204e-01 ns
2026-02-11 11:29:27,773 - INFO - 
PAIR2: STN-L, Thalamus-L
2026-02-11 11:29:27,774 - INFO -   ROI1: [215]
2026-02-11 11:29:27,774 - INFO -   ROI2: [225]
2026-02-11 11:29:27,774 - INFO -   FC range: [-0.9840, 1.0000]
2026-02-11 11:29:27,774 - INFO -   FC mean ± std: 0.2348 ± 0.7457
2026-02-11 11:29:27,774 - INFO -   Pearson  r = -0.0834, p = 5.4478e-01 ns
2026-02-11 11:29:27,774 - INFO -   Spearman r =  0.0111, p = 9.3562e-01 ns
2026-02-11 11:29:27,776 - INFO - 
PAIR3: STN, M1
2026-02-11 11:29:27,776 - INFO -   ROI1: [215, 216]
2026-02-11 11:29:27,776 - INFO -   ROI2: [55, 56, 63, 64]
2026-02-11 11:29:27,776 - INFO -   FC range: [-0.9959, 0.9999]
2026-02-11 11:29:27,776 - INFO -   FC mean ± std: -0.0887 ± 0.7885
2026-02-11 11:29:27,776 - INFO -   Pearson  r =  0.3150, p = 1.9157e-02 *
2026-02-11 11:29:27,776 - INFO -   Spearman r =  0.2745, p = 4.2568e-02 *
2026-02-11 11:29:27,778 - INFO - 
PAIR4: STN, SMA
2026-02-11 11:29:27,778 - INFO -   ROI1: [215, 216]
2026-02-11 11:29:27,778 - INFO -   ROI2: [53, 54, 57, 58, 59, 60, 61, 62, 67, 68]
2026-02-11 11:29:27,778 - INFO -   FC range: [-0.9963, 1.0000]
2026-02-11 11:29:27,778 - INFO -   FC mean ± std: -0.0635 ± 0.7966
2026-02-11 11:29:27,778 - INFO -   Pearson  r =  0.3762, p = 4.6406e-03 **
2026-02-11 11:29:27,778 - INFO -   Spearman r =  0.3124, p = 2.0219e-02 *
2026-02-11 11:29:27,778 - INFO - 
================================================================================
2026-02-11 11:29:27,780 - INFO - 
Saved correlation results to dbs_fc_correlation_results.json
2026-02-11 11:29:27,780 - INFO - 
[Step 3] Analyzing AI model predictions...
2026-02-11 11:29:27,780 - INFO - 
================================================================================
2026-02-11 11:29:27,780 - INFO - AI Model Prediction Analysis (5-Fold CV)
2026-02-11 11:29:27,780 - INFO - ================================================================================
2026-02-11 11:29:27,780 - INFO - 
Processing individual folds...
2026-02-11 11:29:27,783 - INFO - Fold 1: Spearman R = 0.636, P = 0.0353
2026-02-11 11:29:27,785 - INFO - Fold 2: Spearman R = 0.591, P = 0.0556
2026-02-11 11:29:27,787 - INFO - Fold 3: Spearman R = 0.791, P = 0.0037
2026-02-11 11:29:27,790 - INFO - Fold 4: Spearman R = 0.518, P = 0.1025
2026-02-11 11:29:27,792 - INFO - Fold 5: Spearman R = 0.609, P = 0.0467
2026-02-11 11:29:27,794 - INFO - 
Saved fold results to ai_model_fold_results.csv
2026-02-11 11:29:27,795 - INFO - 
Loaded pooled data: 55 samples
2026-02-11 11:29:27,796 - INFO - 
--------------------------------------------------------------------------------
2026-02-11 11:29:27,797 - INFO - Pooled Data Summary:
2026-02-11 11:29:27,797 - INFO -   Spearman R = 0.557
2026-02-11 11:29:27,797 - INFO -   P-value = 0.0000
2026-02-11 11:29:27,797 - INFO -   N samples = 55
2026-02-11 11:29:27,797 - INFO - --------------------------------------------------------------------------------
2026-02-11 11:29:27,797 - INFO - 
[Step 4] Creating integrated visualizations...
2026-02-11 11:29:27,797 - INFO - 
Generating integrated visualizations...
2026-02-11 11:29:30,393 - INFO - Saved integrated visualization to dbs_integrated_analysis.png and .pdf
2026-02-11 11:29:30,393 - INFO - 
[Step 5] Analyzing by target...
2026-02-11 11:29:30,393 - INFO - 
================================================================================
2026-02-11 11:29:30,393 - INFO - Target-Specific Correlation Analysis
2026-02-11 11:29:30,393 - INFO - ================================================================================
2026-02-11 11:29:30,395 - INFO - 
B-GPi (N=28):
2026-02-11 11:29:30,395 - INFO - ----------------------------------------
2026-02-11 11:29:30,397 - INFO -   pair1: Pearson r=0.241 (p=2.169e-01), Spearman r=0.355 (p=6.399e-02)
2026-02-11 11:29:30,399 - INFO -   pair2: Pearson r=0.034 (p=8.626e-01), Spearman r=0.229 (p=2.415e-01)
2026-02-11 11:29:30,401 - INFO -   pair3: Pearson r=0.256 (p=1.894e-01), Spearman r=0.201 (p=3.053e-01)
2026-02-11 11:29:30,403 - INFO -   pair4: Pearson r=0.295 (p=1.279e-01), Spearman r=0.223 (p=2.551e-01)
2026-02-11 11:29:30,403 - INFO - 
B-STN (N=27):
2026-02-11 11:29:30,403 - INFO - ----------------------------------------
2026-02-11 11:29:30,405 - INFO -   pair1: Pearson r=0.017 (p=9.330e-01), Spearman r=0.054 (p=7.901e-01)
2026-02-11 11:29:30,407 - INFO -   pair2: Pearson r=-0.036 (p=8.574e-01), Spearman r=0.044 (p=8.277e-01)
2026-02-11 11:29:30,409 - INFO -   pair3: Pearson r=0.204 (p=3.071e-01), Spearman r=0.136 (p=4.983e-01)
2026-02-11 11:29:30,411 - INFO -   pair4: Pearson r=0.260 (p=1.908e-01), Spearman r=0.112 (p=5.769e-01)
2026-02-11 11:29:30,412 - INFO - 
Saved target-specific results to dbs_fc_correlation_by_target.json
2026-02-11 11:29:30,412 - INFO - 
================================================================================
2026-02-11 11:29:30,412 - INFO - Analysis Complete!
2026-02-11 11:29:30,412 - INFO - ================================================================================
2026-02-11 11:29:30,412 - INFO - 
Generated files:
2026-02-11 11:29:30,412 - INFO -   - dbs_fc_improvement_data.csv          : Raw FC and improvement rate data
2026-02-11 11:29:30,413 - INFO -   - dbs_fc_correlation_results.json      : FC correlation statistics
2026-02-11 11:29:30,413 - INFO -   - dbs_fc_correlation_by_target.json    : Target-specific FC correlation
2026-02-11 11:29:30,413 - INFO -   - ai_model_fold_results.csv            : AI model 5-fold CV results
2026-02-11 11:29:30,413 - INFO -   - dbs_integrated_analysis.png/pdf      : Integrated visualization (FC + AI)
2026-02-11 11:29:30,413 - INFO -   - dbs_integrated_analysis.log          : Detailed log file
2026-02-11 11:29:30,413 - INFO - 
================================================================================
2026-02-11 11:30:39,261 - INFO - ================================================================================
2026-02-11 11:30:39,268 - INFO - Starting Integrated DBS Analysis (FC + AI Model)
2026-02-11 11:30:39,268 - INFO - ================================================================================
2026-02-11 11:30:39,268 - INFO - 
[Step 1] Parsing DBS_UPDRS CSV data...
2026-02-11 11:30:39,272 - INFO - Parsing patient data from CSV...
2026-02-11 11:30:39,304 - INFO - 
Improvement rate statistics:
2026-02-11 11:30:39,304 - INFO -   N samples: 55
2026-02-11 11:30:39,304 - INFO -   Min: 0.0000
2026-02-11 11:30:39,304 - INFO -   Max: 0.6970
2026-02-11 11:30:39,304 - INFO -   Mean: 0.3115
2026-02-11 11:30:39,304 - INFO -   Std: 0.1750
2026-02-11 11:30:39,304 - INFO -   Median: 0.3000
2026-02-11 11:30:39,304 - INFO - 
Found 55 valid patient samples with complete data
2026-02-11 11:30:39,304 - INFO - 
[Step 2] Computing FC and analyzing correlations...
2026-02-11 11:30:39,304 - INFO - 
================================================================================
2026-02-11 11:30:39,304 - INFO - FC-UPDRS III Improvement Rate Correlation Analysis
2026-02-11 11:30:39,305 - INFO - ================================================================================
2026-02-11 11:30:39,305 - INFO - 
Computing FC features for all patients...
2026-02-11 11:30:40,000 - INFO - 
Saved raw data to dbs_fc_improvement_data.csv (N=55)
2026-02-11 11:30:40,001 - INFO - 
--------------------------------------------------------------------------------
2026-02-11 11:30:40,001 - INFO - Correlation Analysis Results:
2026-02-11 11:30:40,001 - INFO - --------------------------------------------------------------------------------
2026-02-11 11:30:40,003 - INFO - 
PAIR1: STN-L, GPi-L
2026-02-11 11:30:40,003 - INFO -   ROI1: [215]
2026-02-11 11:30:40,003 - INFO -   ROI2: [223]
2026-02-11 11:30:40,003 - INFO -   FC range: [-0.9928, 1.0000]
2026-02-11 11:30:40,003 - INFO -   FC mean ± std: 0.0288 ± 0.7452
2026-02-11 11:30:40,003 - INFO -   Pearson  r =  0.0770, p = 5.7653e-01 ns
2026-02-11 11:30:40,003 - INFO -   Spearman r =  0.1128, p = 4.1204e-01 ns
2026-02-11 11:30:40,005 - INFO - 
PAIR2: STN-L, Thalamus-L
2026-02-11 11:30:40,005 - INFO -   ROI1: [215]
2026-02-11 11:30:40,005 - INFO -   ROI2: [225]
2026-02-11 11:30:40,005 - INFO -   FC range: [-0.9840, 1.0000]
2026-02-11 11:30:40,005 - INFO -   FC mean ± std: 0.2348 ± 0.7457
2026-02-11 11:30:40,006 - INFO -   Pearson  r = -0.0834, p = 5.4478e-01 ns
2026-02-11 11:30:40,006 - INFO -   Spearman r =  0.0111, p = 9.3562e-01 ns
2026-02-11 11:30:40,007 - INFO - 
PAIR3: STN, M1
2026-02-11 11:30:40,008 - INFO -   ROI1: [215, 216]
2026-02-11 11:30:40,008 - INFO -   ROI2: [55, 56, 63, 64]
2026-02-11 11:30:40,008 - INFO -   FC range: [-0.9959, 0.9999]
2026-02-11 11:30:40,008 - INFO -   FC mean ± std: -0.0887 ± 0.7885
2026-02-11 11:30:40,008 - INFO -   Pearson  r =  0.3150, p = 1.9157e-02 *
2026-02-11 11:30:40,008 - INFO -   Spearman r =  0.2745, p = 4.2568e-02 *
2026-02-11 11:30:40,010 - INFO - 
PAIR4: STN, SMA
2026-02-11 11:30:40,010 - INFO -   ROI1: [215, 216]
2026-02-11 11:30:40,010 - INFO -   ROI2: [53, 54, 57, 58, 59, 60, 61, 62, 67, 68]
2026-02-11 11:30:40,010 - INFO -   FC range: [-0.9963, 1.0000]
2026-02-11 11:30:40,010 - INFO -   FC mean ± std: -0.0635 ± 0.7966
2026-02-11 11:30:40,010 - INFO -   Pearson  r =  0.3762, p = 4.6406e-03 **
2026-02-11 11:30:40,010 - INFO -   Spearman r =  0.3124, p = 2.0219e-02 *
2026-02-11 11:30:40,010 - INFO - 
================================================================================
2026-02-11 11:30:40,011 - INFO - 
Saved correlation results to dbs_fc_correlation_results.json
2026-02-11 11:30:40,012 - INFO - 
[Step 3] Analyzing AI model predictions...
2026-02-11 11:30:40,012 - INFO - 
================================================================================
2026-02-11 11:30:40,012 - INFO - AI Model Prediction Analysis (5-Fold CV)
2026-02-11 11:30:40,012 - INFO - ================================================================================
2026-02-11 11:30:40,012 - INFO - 
Processing individual folds...
2026-02-11 11:30:40,014 - INFO - Fold 1: Spearman R = 0.636, P = 0.0353
2026-02-11 11:30:40,017 - INFO - Fold 2: Spearman R = 0.591, P = 0.0556
2026-02-11 11:30:40,019 - INFO - Fold 3: Spearman R = 0.791, P = 0.0037
2026-02-11 11:30:40,022 - INFO - Fold 4: Spearman R = 0.518, P = 0.1025
2026-02-11 11:30:40,024 - INFO - Fold 5: Spearman R = 0.609, P = 0.0467
2026-02-11 11:30:40,026 - INFO - 
Saved fold results to ai_model_fold_results.csv
2026-02-11 11:30:40,027 - INFO - 
Loaded pooled data: 55 samples
2026-02-11 11:30:40,028 - INFO - 
--------------------------------------------------------------------------------
2026-02-11 11:30:40,029 - INFO - Pooled Data Summary:
2026-02-11 11:30:40,029 - INFO -   Spearman R = 0.557
2026-02-11 11:30:40,029 - INFO -   P-value = 0.0000
2026-02-11 11:30:40,029 - INFO -   N samples = 55
2026-02-11 11:30:40,029 - INFO - --------------------------------------------------------------------------------
2026-02-11 11:30:40,029 - INFO - 
[Step 4] Creating integrated visualizations...
2026-02-11 11:30:40,029 - INFO - 
Generating integrated visualizations...
2026-02-11 11:30:42,623 - INFO - Saved integrated visualization to dbs_integrated_analysis.png and .pdf
2026-02-11 11:30:42,623 - INFO - 
[Step 5] Analyzing by target...
2026-02-11 11:30:42,623 - INFO - 
================================================================================
2026-02-11 11:30:42,623 - INFO - Target-Specific Correlation Analysis
2026-02-11 11:30:42,623 - INFO - ================================================================================
2026-02-11 11:30:42,624 - INFO - 
B-GPi (N=28):
2026-02-11 11:30:42,625 - INFO - ----------------------------------------
2026-02-11 11:30:42,627 - INFO -   pair1: Pearson r=0.241 (p=2.169e-01), Spearman r=0.355 (p=6.399e-02)
2026-02-11 11:30:42,629 - INFO -   pair2: Pearson r=0.034 (p=8.626e-01), Spearman r=0.229 (p=2.415e-01)
2026-02-11 11:30:42,631 - INFO -   pair3: Pearson r=0.256 (p=1.894e-01), Spearman r=0.201 (p=3.053e-01)
2026-02-11 11:30:42,633 - INFO -   pair4: Pearson r=0.295 (p=1.279e-01), Spearman r=0.223 (p=2.551e-01)
2026-02-11 11:30:42,633 - INFO - 
B-STN (N=27):
2026-02-11 11:30:42,633 - INFO - ----------------------------------------
2026-02-11 11:30:42,635 - INFO -   pair1: Pearson r=0.017 (p=9.330e-01), Spearman r=0.054 (p=7.901e-01)
2026-02-11 11:30:42,637 - INFO -   pair2: Pearson r=-0.036 (p=8.574e-01), Spearman r=0.044 (p=8.277e-01)
2026-02-11 11:30:42,639 - INFO -   pair3: Pearson r=0.204 (p=3.071e-01), Spearman r=0.136 (p=4.983e-01)
2026-02-11 11:30:42,641 - INFO -   pair4: Pearson r=0.260 (p=1.908e-01), Spearman r=0.112 (p=5.769e-01)
2026-02-11 11:30:42,647 - INFO - 
Saved target-specific results to dbs_fc_correlation_by_target.json
2026-02-11 11:30:42,647 - INFO - 
================================================================================
2026-02-11 11:30:42,647 - INFO - Analysis Complete!
2026-02-11 11:30:42,647 - INFO - ================================================================================
2026-02-11 11:30:42,647 - INFO - 
Generated files:
2026-02-11 11:30:42,647 - INFO -   - dbs_fc_improvement_data.csv          : Raw FC and improvement rate data
2026-02-11 11:30:42,647 - INFO -   - dbs_fc_correlation_results.json      : FC correlation statistics
2026-02-11 11:30:42,647 - INFO -   - dbs_fc_correlation_by_target.json    : Target-specific FC correlation
2026-02-11 11:30:42,647 - INFO -   - ai_model_fold_results.csv            : AI model 5-fold CV results
2026-02-11 11:30:42,647 - INFO -   - dbs_integrated_analysis.png/pdf      : Integrated visualization (FC + AI)
2026-02-11 11:30:42,647 - INFO -   - dbs_integrated_analysis.log          : Detailed log file
2026-02-11 11:30:42,647 - INFO - 
================================================================================
2026-02-11 13:09:22,186 - INFO - ================================================================================
2026-02-11 13:09:22,199 - INFO - Starting Integrated DBS Analysis (FC + AI Model)
2026-02-11 13:09:22,199 - INFO - ================================================================================
2026-02-11 13:09:22,199 - INFO - 
[Step 1] Parsing DBS_UPDRS CSV data...
2026-02-11 13:09:22,282 - INFO - Parsing patient data from CSV...
2026-02-11 13:09:23,525 - INFO - 
Improvement rate statistics:
2026-02-11 13:09:23,525 - INFO -   N samples: 55
2026-02-11 13:09:23,525 - INFO -   Min: 0.0000
2026-02-11 13:09:23,525 - INFO -   Max: 0.6970
2026-02-11 13:09:23,526 - INFO -   Mean: 0.3115
2026-02-11 13:09:23,526 - INFO -   Std: 0.1750
2026-02-11 13:09:23,526 - INFO -   Median: 0.3000
2026-02-11 13:09:23,526 - INFO - 
Found 55 valid patient samples with complete data
2026-02-11 13:09:23,526 - INFO - 
[Step 2] Computing FC and analyzing correlations...
2026-02-11 13:09:23,526 - INFO - 
================================================================================
2026-02-11 13:09:23,526 - INFO - FC-UPDRS III Improvement Rate Correlation Analysis
2026-02-11 13:09:23,526 - INFO - ================================================================================
2026-02-11 13:09:23,526 - INFO - 
Computing FC features for all patients...
2026-02-11 13:09:26,857 - INFO - 
Saved raw data to dbs_fc_improvement_data.csv (N=55)
2026-02-11 13:09:26,857 - INFO - 
--------------------------------------------------------------------------------
2026-02-11 13:09:26,857 - INFO - Correlation Analysis Results:
2026-02-11 13:09:26,857 - INFO - --------------------------------------------------------------------------------
2026-02-11 13:09:26,859 - INFO - 
PAIR1: STN-L, GPi-L
2026-02-11 13:09:26,860 - INFO -   ROI1: [215]
2026-02-11 13:09:26,860 - INFO -   ROI2: [223]
2026-02-11 13:09:26,860 - INFO -   FC range: [-0.9928, 1.0000]
2026-02-11 13:09:26,860 - INFO -   FC mean ± std: 0.0288 ± 0.7452
2026-02-11 13:09:26,860 - INFO -   Pearson  r =  0.0770, p = 5.7653e-01 ns
2026-02-11 13:09:26,860 - INFO -   Spearman r =  0.1128, p = 4.1204e-01 ns
2026-02-11 13:09:26,862 - INFO - 
PAIR2: STN-L, Thalamus-L
2026-02-11 13:09:26,862 - INFO -   ROI1: [215]
2026-02-11 13:09:26,862 - INFO -   ROI2: [225]
2026-02-11 13:09:26,862 - INFO -   FC range: [-0.9840, 1.0000]
2026-02-11 13:09:26,862 - INFO -   FC mean ± std: 0.2348 ± 0.7457
2026-02-11 13:09:26,862 - INFO -   Pearson  r = -0.0834, p = 5.4478e-01 ns
2026-02-11 13:09:26,862 - INFO -   Spearman r =  0.0111, p = 9.3562e-01 ns
2026-02-11 13:09:26,864 - INFO - 
PAIR3: STN, M1
2026-02-11 13:09:26,864 - INFO -   ROI1: [215, 216]
2026-02-11 13:09:26,864 - INFO -   ROI2: [55, 56, 63, 64]
2026-02-11 13:09:26,864 - INFO -   FC range: [-0.9959, 0.9999]
2026-02-11 13:09:26,864 - INFO -   FC mean ± std: -0.0887 ± 0.7885
2026-02-11 13:09:26,864 - INFO -   Pearson  r =  0.3150, p = 1.9157e-02 *
2026-02-11 13:09:26,864 - INFO -   Spearman r =  0.2745, p = 4.2568e-02 *
2026-02-11 13:09:26,866 - INFO - 
PAIR4: STN, SMA
2026-02-11 13:09:26,866 - INFO -   ROI1: [215, 216]
2026-02-11 13:09:26,866 - INFO -   ROI2: [53, 54, 57, 58, 59, 60, 61, 62, 67, 68]
2026-02-11 13:09:26,866 - INFO -   FC range: [-0.9963, 1.0000]
2026-02-11 13:09:26,867 - INFO -   FC mean ± std: -0.0635 ± 0.7966
2026-02-11 13:09:26,867 - INFO -   Pearson  r =  0.3762, p = 4.6406e-03 **
2026-02-11 13:09:26,867 - INFO -   Spearman r =  0.3124, p = 2.0219e-02 *
2026-02-11 13:09:26,867 - INFO - 
================================================================================
2026-02-11 13:09:26,869 - INFO - 
Saved correlation results to dbs_fc_correlation_results.json
2026-02-11 13:09:26,869 - INFO - 
[Step 3] Analyzing AI model predictions...
2026-02-11 13:09:26,869 - INFO - 
================================================================================
2026-02-11 13:09:26,869 - INFO - AI Model Prediction Analysis (5-Fold CV)
2026-02-11 13:09:26,869 - INFO - ================================================================================
2026-02-11 13:09:26,869 - INFO - 
Processing individual folds...
2026-02-11 13:09:26,873 - INFO - Fold 1: Spearman R = 0.636, P = 0.0353
2026-02-11 13:09:26,877 - INFO - Fold 2: Spearman R = 0.591, P = 0.0556
2026-02-11 13:09:26,880 - INFO - Fold 3: Spearman R = 0.791, P = 0.0037
2026-02-11 13:09:26,883 - INFO - Fold 4: Spearman R = 0.518, P = 0.1025
2026-02-11 13:09:26,887 - INFO - Fold 5: Spearman R = 0.609, P = 0.0467
2026-02-11 13:09:26,889 - INFO - 
Saved fold results to ai_model_fold_results.csv
2026-02-11 13:09:26,893 - INFO - 
Loaded pooled data: 55 samples
2026-02-11 13:09:26,894 - INFO - 
--------------------------------------------------------------------------------
2026-02-11 13:09:26,895 - INFO - Pooled Data Summary:
2026-02-11 13:09:26,895 - INFO -   Spearman R = 0.557
2026-02-11 13:09:26,895 - INFO -   P-value = 0.0000
2026-02-11 13:09:26,895 - INFO -   N samples = 55
2026-02-11 13:09:26,895 - INFO - --------------------------------------------------------------------------------
2026-02-11 13:09:26,895 - INFO - 
[Step 4] Creating integrated visualizations...
2026-02-11 13:09:26,895 - INFO - 
Generating integrated visualizations...
2026-02-11 13:09:29,613 - INFO - Saved integrated visualization to dbs_integrated_analysis.png and .pdf
2026-02-11 13:09:29,613 - INFO - 
[Step 5] Analyzing by target...
2026-02-11 13:09:29,613 - INFO - 
================================================================================
2026-02-11 13:09:29,613 - INFO - Target-Specific Correlation Analysis
2026-02-11 13:09:29,613 - INFO - ================================================================================
2026-02-11 13:09:29,614 - INFO - 
B-GPi (N=28):
2026-02-11 13:09:29,615 - INFO - ----------------------------------------
2026-02-11 13:09:29,617 - INFO -   pair1: Pearson r=0.241 (p=2.169e-01), Spearman r=0.355 (p=6.399e-02)
2026-02-11 13:09:29,619 - INFO -   pair2: Pearson r=0.034 (p=8.626e-01), Spearman r=0.229 (p=2.415e-01)
2026-02-11 13:09:29,621 - INFO -   pair3: Pearson r=0.256 (p=1.894e-01), Spearman r=0.201 (p=3.053e-01)
2026-02-11 13:09:29,622 - INFO -   pair4: Pearson r=0.295 (p=1.279e-01), Spearman r=0.223 (p=2.551e-01)
2026-02-11 13:09:29,623 - INFO - 
B-STN (N=27):
2026-02-11 13:09:29,623 - INFO - ----------------------------------------
2026-02-11 13:09:29,625 - INFO -   pair1: Pearson r=0.017 (p=9.330e-01), Spearman r=0.054 (p=7.901e-01)
2026-02-11 13:09:29,627 - INFO -   pair2: Pearson r=-0.036 (p=8.574e-01), Spearman r=0.044 (p=8.277e-01)
2026-02-11 13:09:29,629 - INFO -   pair3: Pearson r=0.204 (p=3.071e-01), Spearman r=0.136 (p=4.983e-01)
2026-02-11 13:09:29,631 - INFO -   pair4: Pearson r=0.260 (p=1.908e-01), Spearman r=0.112 (p=5.769e-01)
2026-02-11 13:09:29,633 - INFO - 
Saved target-specific results to dbs_fc_correlation_by_target.json
2026-02-11 13:09:29,633 - INFO - 
================================================================================
2026-02-11 13:09:29,633 - INFO - Analysis Complete!
2026-02-11 13:09:29,633 - INFO - ================================================================================
2026-02-11 13:09:29,633 - INFO - 
Generated files:
2026-02-11 13:09:29,634 - INFO -   - dbs_fc_improvement_data.csv          : Raw FC and improvement rate data
2026-02-11 13:09:29,634 - INFO -   - dbs_fc_correlation_results.json      : FC correlation statistics
2026-02-11 13:09:29,634 - INFO -   - dbs_fc_correlation_by_target.json    : Target-specific FC correlation
2026-02-11 13:09:29,634 - INFO -   - ai_model_fold_results.csv            : AI model 5-fold CV results
2026-02-11 13:09:29,634 - INFO -   - dbs_integrated_analysis.png/pdf      : Integrated visualization (FC + AI)
2026-02-11 13:09:29,634 - INFO -   - dbs_integrated_analysis.log          : Detailed log file
2026-02-11 13:09:29,634 - INFO - 
================================================================================
2026-02-11 13:23:46,877 - INFO - ================================================================================
2026-02-11 13:23:46,892 - INFO - Starting Integrated DBS Analysis (FC + AI Model)
2026-02-11 13:23:46,892 - INFO - ================================================================================
2026-02-11 13:23:46,892 - INFO - 
[Step 1] Parsing DBS_UPDRS CSV data...
2026-02-11 13:23:46,896 - INFO - Parsing patient data from CSV...
2026-02-11 13:23:46,928 - INFO - 
Improvement rate statistics:
2026-02-11 13:23:46,928 - INFO -   N samples: 55
2026-02-11 13:23:46,928 - INFO -   Min: 0.0000
2026-02-11 13:23:46,929 - INFO -   Max: 0.6970
2026-02-11 13:23:46,929 - INFO -   Mean: 0.3115
2026-02-11 13:23:46,929 - INFO -   Std: 0.1750
2026-02-11 13:23:46,929 - INFO -   Median: 0.3000
2026-02-11 13:23:46,929 - INFO - 
Found 55 valid patient samples with complete data
2026-02-11 13:23:46,929 - INFO - 
[Step 2] Computing FC and analyzing correlations...
2026-02-11 13:23:46,929 - INFO - 
================================================================================
2026-02-11 13:23:46,929 - INFO - FC-UPDRS III Improvement Rate Correlation Analysis
2026-02-11 13:23:46,929 - INFO - ================================================================================
2026-02-11 13:23:46,929 - INFO - 
Computing FC features for all patients...
2026-02-11 13:23:47,657 - INFO - 
Saved raw data to dbs_fc_improvement_data.csv (N=55)
2026-02-11 13:23:47,657 - INFO - 
--------------------------------------------------------------------------------
2026-02-11 13:23:47,657 - INFO - Correlation Analysis Results:
2026-02-11 13:23:47,657 - INFO - --------------------------------------------------------------------------------
2026-02-11 13:23:47,659 - INFO - 
PAIR1: STN-L, GPi-L
2026-02-11 13:23:47,659 - INFO -   ROI1: [215]
2026-02-11 13:23:47,659 - INFO -   ROI2: [223]
2026-02-11 13:23:47,659 - INFO -   FC range: [-0.9928, 1.0000]
2026-02-11 13:23:47,659 - INFO -   FC mean ± std: 0.0288 ± 0.7452
2026-02-11 13:23:47,659 - INFO -   Pearson  r =  0.0770, p = 5.7653e-01 ns
2026-02-11 13:23:47,659 - INFO -   Spearman r =  0.1128, p = 4.1204e-01 ns
2026-02-11 13:23:47,661 - INFO - 
PAIR2: STN-L, Thalamus-L
2026-02-11 13:23:47,661 - INFO -   ROI1: [215]
2026-02-11 13:23:47,661 - INFO -   ROI2: [225]
2026-02-11 13:23:47,661 - INFO -   FC range: [-0.9840, 1.0000]
2026-02-11 13:23:47,662 - INFO -   FC mean ± std: 0.2348 ± 0.7457
2026-02-11 13:23:47,662 - INFO -   Pearson  r = -0.0834, p = 5.4478e-01 ns
2026-02-11 13:23:47,662 - INFO -   Spearman r =  0.0111, p = 9.3562e-01 ns
2026-02-11 13:23:47,663 - INFO - 
PAIR3: STN, M1
2026-02-11 13:23:47,664 - INFO -   ROI1: [215, 216]
2026-02-11 13:23:47,664 - INFO -   ROI2: [55, 56, 63, 64]
2026-02-11 13:23:47,664 - INFO -   FC range: [-0.9959, 0.9999]
2026-02-11 13:23:47,664 - INFO -   FC mean ± std: -0.0887 ± 0.7885
2026-02-11 13:23:47,664 - INFO -   Pearson  r =  0.3150, p = 1.9157e-02 *
2026-02-11 13:23:47,664 - INFO -   Spearman r =  0.2745, p = 4.2568e-02 *
2026-02-11 13:23:47,666 - INFO - 
PAIR4: STN, SMA
2026-02-11 13:23:47,666 - INFO -   ROI1: [215, 216]
2026-02-11 13:23:47,666 - INFO -   ROI2: [53, 54, 57, 58, 59, 60, 61, 62, 67, 68]
2026-02-11 13:23:47,666 - INFO -   FC range: [-0.9963, 1.0000]
2026-02-11 13:23:47,666 - INFO -   FC mean ± std: -0.0635 ± 0.7966
2026-02-11 13:23:47,666 - INFO -   Pearson  r =  0.3762, p = 4.6406e-03 **
2026-02-11 13:23:47,666 - INFO -   Spearman r =  0.3124, p = 2.0219e-02 *
2026-02-11 13:23:47,666 - INFO - 
================================================================================
2026-02-11 13:23:47,668 - INFO - 
Saved correlation results to dbs_fc_correlation_results.json
2026-02-11 13:23:47,668 - INFO - 
[Step 3] Analyzing AI model predictions...
2026-02-11 13:23:47,668 - INFO - 
================================================================================
2026-02-11 13:23:47,668 - INFO - AI Model Prediction Analysis (5-Fold CV)
2026-02-11 13:23:47,668 - INFO - ================================================================================
2026-02-11 13:23:47,668 - INFO - 
Processing individual folds...
2026-02-11 13:23:47,671 - INFO - Fold 1: Spearman R = 0.636, P = 0.0353
2026-02-11 13:23:47,673 - INFO - Fold 2: Spearman R = 0.591, P = 0.0556
2026-02-11 13:23:47,675 - INFO - Fold 3: Spearman R = 0.791, P = 0.0037
2026-02-11 13:23:47,678 - INFO - Fold 4: Spearman R = 0.518, P = 0.1025
2026-02-11 13:23:47,680 - INFO - Fold 5: Spearman R = 0.609, P = 0.0467
2026-02-11 13:23:47,682 - INFO - 
Saved fold results to ai_model_fold_results.csv
2026-02-11 13:23:47,683 - INFO - 
Loaded pooled data: 55 samples
2026-02-11 13:23:47,684 - INFO - 
--------------------------------------------------------------------------------
2026-02-11 13:23:47,684 - INFO - Pooled Data Summary:
2026-02-11 13:23:47,684 - INFO -   Spearman R = 0.557
2026-02-11 13:23:47,684 - INFO -   P-value = 0.0000
2026-02-11 13:23:47,685 - INFO -   N samples = 55
2026-02-11 13:23:47,685 - INFO - --------------------------------------------------------------------------------
2026-02-11 13:23:47,685 - INFO - 
[Step 4] Creating integrated visualizations...
2026-02-11 13:23:47,685 - INFO - 
Generating integrated visualizations...
2026-02-11 13:24:32,317 - INFO - ================================================================================
2026-02-11 13:24:32,317 - INFO - Starting Integrated DBS Analysis (FC + AI Model)
2026-02-11 13:24:32,317 - INFO - ================================================================================
2026-02-11 13:24:32,317 - INFO - 
[Step 1] Parsing DBS_UPDRS CSV data...
2026-02-11 13:24:32,321 - INFO - Parsing patient data from CSV...
2026-02-11 13:24:32,353 - INFO - 
Improvement rate statistics:
2026-02-11 13:24:32,353 - INFO -   N samples: 55
2026-02-11 13:24:32,353 - INFO -   Min: 0.0000
2026-02-11 13:24:32,353 - INFO -   Max: 0.6970
2026-02-11 13:24:32,353 - INFO -   Mean: 0.3115
2026-02-11 13:24:32,353 - INFO -   Std: 0.1750
2026-02-11 13:24:32,353 - INFO -   Median: 0.3000
2026-02-11 13:24:32,353 - INFO - 
Found 55 valid patient samples with complete data
2026-02-11 13:24:32,353 - INFO - 
[Step 2] Computing FC and analyzing correlations...
2026-02-11 13:24:32,353 - INFO - 
================================================================================
2026-02-11 13:24:32,353 - INFO - FC-UPDRS III Improvement Rate Correlation Analysis
2026-02-11 13:24:32,353 - INFO - ================================================================================
2026-02-11 13:24:32,353 - INFO - 
Computing FC features for all patients...
2026-02-11 13:24:33,018 - INFO - 
Saved raw data to dbs_fc_improvement_data.csv (N=55)
2026-02-11 13:24:33,018 - INFO - 
--------------------------------------------------------------------------------
2026-02-11 13:24:33,018 - INFO - Correlation Analysis Results:
2026-02-11 13:24:33,018 - INFO - --------------------------------------------------------------------------------
2026-02-11 13:24:33,021 - INFO - 
PAIR1: STN-L, GPi-L
2026-02-11 13:24:33,021 - INFO -   ROI1: [215]
2026-02-11 13:24:33,021 - INFO -   ROI2: [223]
2026-02-11 13:24:33,021 - INFO -   FC range: [-0.9928, 1.0000]
2026-02-11 13:24:33,021 - INFO -   FC mean ± std: 0.0288 ± 0.7452
2026-02-11 13:24:33,021 - INFO -   Pearson  r =  0.0770, p = 5.7653e-01 ns
2026-02-11 13:24:33,021 - INFO -   Spearman r =  0.1128, p = 4.1204e-01 ns
2026-02-11 13:24:33,023 - INFO - 
PAIR2: STN-L, Thalamus-L
2026-02-11 13:24:33,023 - INFO -   ROI1: [215]
2026-02-11 13:24:33,023 - INFO -   ROI2: [225]
2026-02-11 13:24:33,023 - INFO -   FC range: [-0.9840, 1.0000]
2026-02-11 13:24:33,023 - INFO -   FC mean ± std: 0.2348 ± 0.7457
2026-02-11 13:24:33,023 - INFO -   Pearson  r = -0.0834, p = 5.4478e-01 ns
2026-02-11 13:24:33,023 - INFO -   Spearman r =  0.0111, p = 9.3562e-01 ns
2026-02-11 13:24:33,025 - INFO - 
PAIR3: STN, M1
2026-02-11 13:24:33,025 - INFO -   ROI1: [215, 216]
2026-02-11 13:24:33,025 - INFO -   ROI2: [55, 56, 63, 64]
2026-02-11 13:24:33,025 - INFO -   FC range: [-0.9959, 0.9999]
2026-02-11 13:24:33,025 - INFO -   FC mean ± std: -0.0887 ± 0.7885
2026-02-11 13:24:33,025 - INFO -   Pearson  r =  0.3150, p = 1.9157e-02 *
2026-02-11 13:24:33,025 - INFO -   Spearman r =  0.2745, p = 4.2568e-02 *
2026-02-11 13:24:33,027 - INFO - 
PAIR4: STN, SMA
2026-02-11 13:24:33,027 - INFO -   ROI1: [215, 216]
2026-02-11 13:24:33,027 - INFO -   ROI2: [53, 54, 57, 58, 59, 60, 61, 62, 67, 68]
2026-02-11 13:24:33,027 - INFO -   FC range: [-0.9963, 1.0000]
2026-02-11 13:24:33,028 - INFO -   FC mean ± std: -0.0635 ± 0.7966
2026-02-11 13:24:33,028 - INFO -   Pearson  r =  0.3762, p = 4.6406e-03 **
2026-02-11 13:24:33,028 - INFO -   Spearman r =  0.3124, p = 2.0219e-02 *
2026-02-11 13:24:33,028 - INFO - 
================================================================================
2026-02-11 13:24:33,029 - INFO - 
Saved correlation results to dbs_fc_correlation_results.json
2026-02-11 13:24:33,030 - INFO - 
[Step 3] Analyzing AI model predictions...
2026-02-11 13:24:33,030 - INFO - 
================================================================================
2026-02-11 13:24:33,030 - INFO - AI Model Prediction Analysis (5-Fold CV)
2026-02-11 13:24:33,030 - INFO - ================================================================================
2026-02-11 13:24:33,030 - INFO - 
Processing individual folds...
2026-02-11 13:24:33,032 - INFO - Fold 1: Spearman R = 0.636, P = 0.0353
2026-02-11 13:24:33,035 - INFO - Fold 2: Spearman R = 0.591, P = 0.0556
2026-02-11 13:24:33,037 - INFO - Fold 3: Spearman R = 0.791, P = 0.0037
2026-02-11 13:24:33,039 - INFO - Fold 4: Spearman R = 0.518, P = 0.1025
2026-02-11 13:24:33,042 - INFO - Fold 5: Spearman R = 0.609, P = 0.0467
2026-02-11 13:24:33,045 - INFO - 
Saved fold results to ai_model_fold_results.csv
2026-02-11 13:24:33,046 - INFO - 
Loaded pooled data: 55 samples
2026-02-11 13:24:33,048 - INFO - 
--------------------------------------------------------------------------------
2026-02-11 13:24:33,048 - INFO - Pooled Data Summary:
2026-02-11 13:24:33,048 - INFO -   Spearman R = 0.557
2026-02-11 13:24:33,048 - INFO -   P-value = 0.0000
2026-02-11 13:24:33,048 - INFO -   N samples = 55
2026-02-11 13:24:33,048 - INFO - --------------------------------------------------------------------------------
2026-02-11 13:24:33,048 - INFO - 
[Step 4] Creating integrated visualizations...
2026-02-11 13:24:33,048 - INFO - 
Generating integrated visualizations...
2026-02-11 13:24:35,624 - INFO - Saved integrated visualization to dbs_integrated_analysis.png and .pdf
2026-02-11 13:24:35,624 - INFO - 
[Step 5] Analyzing by target...
2026-02-11 13:24:35,625 - INFO - 
================================================================================
2026-02-11 13:24:35,625 - INFO - Target-Specific Correlation Analysis
2026-02-11 13:24:35,625 - INFO - ================================================================================
2026-02-11 13:24:35,626 - INFO - 
B-GPi (N=28):
2026-02-11 13:24:35,626 - INFO - ----------------------------------------
2026-02-11 13:24:35,628 - INFO -   pair1: Pearson r=0.241 (p=2.169e-01), Spearman r=0.355 (p=6.399e-02)
2026-02-11 13:24:35,630 - INFO -   pair2: Pearson r=0.034 (p=8.626e-01), Spearman r=0.229 (p=2.415e-01)
2026-02-11 13:24:35,632 - INFO -   pair3: Pearson r=0.256 (p=1.894e-01), Spearman r=0.201 (p=3.053e-01)
2026-02-11 13:24:35,634 - INFO -   pair4: Pearson r=0.295 (p=1.279e-01), Spearman r=0.223 (p=2.551e-01)
2026-02-11 13:24:35,634 - INFO - 
B-STN (N=27):
2026-02-11 13:24:35,634 - INFO - ----------------------------------------
2026-02-11 13:24:35,636 - INFO -   pair1: Pearson r=0.017 (p=9.330e-01), Spearman r=0.054 (p=7.901e-01)
2026-02-11 13:24:35,638 - INFO -   pair2: Pearson r=-0.036 (p=8.574e-01), Spearman r=0.044 (p=8.277e-01)
2026-02-11 13:24:35,640 - INFO -   pair3: Pearson r=0.204 (p=3.071e-01), Spearman r=0.136 (p=4.983e-01)
2026-02-11 13:24:35,642 - INFO -   pair4: Pearson r=0.260 (p=1.908e-01), Spearman r=0.112 (p=5.769e-01)
2026-02-11 13:24:35,644 - INFO - 
Saved target-specific results to dbs_fc_correlation_by_target.json
2026-02-11 13:24:35,644 - INFO - 
================================================================================
2026-02-11 13:24:35,644 - INFO - Analysis Complete!
2026-02-11 13:24:35,644 - INFO - ================================================================================
2026-02-11 13:24:35,644 - INFO - 
Generated files:
2026-02-11 13:24:35,644 - INFO -   - dbs_fc_improvement_data.csv          : Raw FC and improvement rate data
2026-02-11 13:24:35,644 - INFO -   - dbs_fc_correlation_results.json      : FC correlation statistics
2026-02-11 13:24:35,644 - INFO -   - dbs_fc_correlation_by_target.json    : Target-specific FC correlation
2026-02-11 13:24:35,644 - INFO -   - ai_model_fold_results.csv            : AI model 5-fold CV results
2026-02-11 13:24:35,644 - INFO -   - dbs_integrated_analysis.png/pdf      : Integrated visualization (FC + AI)
2026-02-11 13:24:35,644 - INFO -   - dbs_integrated_analysis.log          : Detailed log file
2026-02-11 13:24:35,644 - INFO - 
================================================================================
2026-02-11 13:25:43,814 - INFO - ================================================================================
2026-02-11 13:25:43,829 - INFO - Starting Integrated DBS Analysis (FC + AI Model)
2026-02-11 13:25:43,829 - INFO - ================================================================================
2026-02-11 13:25:43,829 - INFO - 
[Step 1] Parsing DBS_UPDRS CSV data...
2026-02-11 13:25:43,833 - INFO - Parsing patient data from CSV...
2026-02-11 13:25:43,865 - INFO - 
Improvement rate statistics:
2026-02-11 13:25:43,865 - INFO -   N samples: 55
2026-02-11 13:25:43,865 - INFO -   Min: 0.0000
2026-02-11 13:25:43,865 - INFO -   Max: 0.6970
2026-02-11 13:25:43,865 - INFO -   Mean: 0.3115
2026-02-11 13:25:43,865 - INFO -   Std: 0.1750
2026-02-11 13:25:43,865 - INFO -   Median: 0.3000
2026-02-11 13:25:43,865 - INFO - 
Found 55 valid patient samples with complete data
2026-02-11 13:25:43,865 - INFO - 
[Step 2] Computing FC and analyzing correlations...
2026-02-11 13:25:43,865 - INFO - 
================================================================================
2026-02-11 13:25:43,865 - INFO - FC-UPDRS III Improvement Rate Correlation Analysis
2026-02-11 13:25:43,865 - INFO - ================================================================================
2026-02-11 13:25:43,865 - INFO - 
Computing FC features for all patients...
2026-02-11 13:25:44,556 - INFO - 
Saved raw data to dbs_fc_improvement_data.csv (N=55)
2026-02-11 13:25:44,557 - INFO - 
--------------------------------------------------------------------------------
2026-02-11 13:25:44,557 - INFO - Correlation Analysis Results:
2026-02-11 13:25:44,557 - INFO - --------------------------------------------------------------------------------
2026-02-11 13:25:44,559 - INFO - 
PAIR1: STN-L, GPi-L
2026-02-11 13:25:44,559 - INFO -   ROI1: [215]
2026-02-11 13:25:44,559 - INFO -   ROI2: [223]
2026-02-11 13:25:44,559 - INFO -   FC range: [-0.9928, 1.0000]
2026-02-11 13:25:44,559 - INFO -   FC mean ± std: 0.0288 ± 0.7452
2026-02-11 13:25:44,559 - INFO -   Pearson  r =  0.0770, p = 5.7653e-01 ns
2026-02-11 13:25:44,559 - INFO -   Spearman r =  0.1128, p = 4.1204e-01 ns
2026-02-11 13:25:44,561 - INFO - 
PAIR2: STN-L, Thalamus-L
2026-02-11 13:25:44,561 - INFO -   ROI1: [215]
2026-02-11 13:25:44,561 - INFO -   ROI2: [225]
2026-02-11 13:25:44,561 - INFO -   FC range: [-0.9840, 1.0000]
2026-02-11 13:25:44,561 - INFO -   FC mean ± std: 0.2348 ± 0.7457
2026-02-11 13:25:44,561 - INFO -   Pearson  r = -0.0834, p = 5.4478e-01 ns
2026-02-11 13:25:44,562 - INFO -   Spearman r =  0.0111, p = 9.3562e-01 ns
2026-02-11 13:25:44,563 - INFO - 
PAIR3: STN, M1
2026-02-11 13:25:44,563 - INFO -   ROI1: [215, 216]
2026-02-11 13:25:44,564 - INFO -   ROI2: [55, 56, 63, 64]
2026-02-11 13:25:44,564 - INFO -   FC range: [-0.9959, 0.9999]
2026-02-11 13:25:44,564 - INFO -   FC mean ± std: -0.0887 ± 0.7885
2026-02-11 13:25:44,564 - INFO -   Pearson  r =  0.3150, p = 1.9157e-02 *
2026-02-11 13:25:44,564 - INFO -   Spearman r =  0.2745, p = 4.2568e-02 *
2026-02-11 13:25:44,566 - INFO - 
PAIR4: STN, SMA
2026-02-11 13:25:44,566 - INFO -   ROI1: [215, 216]
2026-02-11 13:25:44,566 - INFO -   ROI2: [53, 54, 57, 58, 59, 60, 61, 62, 67, 68]
2026-02-11 13:25:44,566 - INFO -   FC range: [-0.9963, 1.0000]
2026-02-11 13:25:44,566 - INFO -   FC mean ± std: -0.0635 ± 0.7966
2026-02-11 13:25:44,566 - INFO -   Pearson  r =  0.3762, p = 4.6406e-03 **
2026-02-11 13:25:44,566 - INFO -   Spearman r =  0.3124, p = 2.0219e-02 *
2026-02-11 13:25:44,566 - INFO - 
================================================================================
2026-02-11 13:25:44,569 - INFO - 
Saved correlation results to dbs_fc_correlation_results.json
2026-02-11 13:25:44,569 - INFO - 
[Step 3] Analyzing AI model predictions...
2026-02-11 13:25:44,569 - INFO - 
================================================================================
2026-02-11 13:25:44,569 - INFO - AI Model Prediction Analysis (5-Fold CV)
2026-02-11 13:25:44,569 - INFO - ================================================================================
2026-02-11 13:25:44,569 - INFO - 
Processing individual folds...
2026-02-11 13:25:44,572 - INFO - Fold 1: Spearman R = 0.636, P = 0.0353
2026-02-11 13:25:44,574 - INFO - Fold 2: Spearman R = 0.591, P = 0.0556
2026-02-11 13:25:44,576 - INFO - Fold 3: Spearman R = 0.791, P = 0.0037
2026-02-11 13:25:44,579 - INFO - Fold 4: Spearman R = 0.518, P = 0.1025
2026-02-11 13:25:44,581 - INFO - Fold 5: Spearman R = 0.609, P = 0.0467
2026-02-11 13:25:44,583 - INFO - 
Saved fold results to ai_model_fold_results.csv
2026-02-11 13:25:44,584 - INFO - 
Loaded pooled data: 55 samples
2026-02-11 13:25:44,585 - INFO - 
--------------------------------------------------------------------------------
2026-02-11 13:25:44,586 - INFO - Pooled Data Summary:
2026-02-11 13:25:44,586 - INFO -   Spearman R = 0.557
2026-02-11 13:25:44,586 - INFO -   P-value = 0.0000
2026-02-11 13:25:44,586 - INFO -   N samples = 55
2026-02-11 13:25:44,586 - INFO - --------------------------------------------------------------------------------
2026-02-11 13:25:44,586 - INFO - 
[Step 4] Creating integrated visualizations...
2026-02-11 13:25:44,586 - INFO - 
Generating integrated visualizations...
2026-02-11 13:25:47,147 - INFO - Saved integrated visualization to dbs_integrated_analysis.png and .pdf
2026-02-11 13:25:47,148 - INFO - 
[Step 5] Analyzing by target...
2026-02-11 13:25:47,148 - INFO - 
================================================================================
2026-02-11 13:25:47,148 - INFO - Target-Specific Correlation Analysis
2026-02-11 13:25:47,148 - INFO - ================================================================================
2026-02-11 13:25:47,149 - INFO - 
B-GPi (N=28):
2026-02-11 13:25:47,149 - INFO - ----------------------------------------
2026-02-11 13:25:47,151 - INFO -   pair1: Pearson r=0.241 (p=2.169e-01), Spearman r=0.355 (p=6.399e-02)
2026-02-11 13:25:47,153 - INFO -   pair2: Pearson r=0.034 (p=8.626e-01), Spearman r=0.229 (p=2.415e-01)
2026-02-11 13:25:47,155 - INFO -   pair3: Pearson r=0.256 (p=1.894e-01), Spearman r=0.201 (p=3.053e-01)
2026-02-11 13:25:47,157 - INFO -   pair4: Pearson r=0.295 (p=1.279e-01), Spearman r=0.223 (p=2.551e-01)
2026-02-11 13:25:47,157 - INFO - 
B-STN (N=27):
2026-02-11 13:25:47,157 - INFO - ----------------------------------------
2026-02-11 13:25:47,159 - INFO -   pair1: Pearson r=0.017 (p=9.330e-01), Spearman r=0.054 (p=7.901e-01)
2026-02-11 13:25:47,161 - INFO -   pair2: Pearson r=-0.036 (p=8.574e-01), Spearman r=0.044 (p=8.277e-01)
2026-02-11 13:25:47,163 - INFO -   pair3: Pearson r=0.204 (p=3.071e-01), Spearman r=0.136 (p=4.983e-01)
2026-02-11 13:25:47,165 - INFO -   pair4: Pearson r=0.260 (p=1.908e-01), Spearman r=0.112 (p=5.769e-01)
2026-02-11 13:25:47,167 - INFO - 
Saved target-specific results to dbs_fc_correlation_by_target.json
2026-02-11 13:25:47,167 - INFO - 
================================================================================
2026-02-11 13:25:47,167 - INFO - Analysis Complete!
2026-02-11 13:25:47,167 - INFO - ================================================================================
2026-02-11 13:25:47,167 - INFO - 
Generated files:
2026-02-11 13:25:47,167 - INFO -   - dbs_fc_improvement_data.csv          : Raw FC and improvement rate data
2026-02-11 13:25:47,167 - INFO -   - dbs_fc_correlation_results.json      : FC correlation statistics
2026-02-11 13:25:47,167 - INFO -   - dbs_fc_correlation_by_target.json    : Target-specific FC correlation
2026-02-11 13:25:47,168 - INFO -   - ai_model_fold_results.csv            : AI model 5-fold CV results
2026-02-11 13:25:47,168 - INFO -   - dbs_integrated_analysis.png/pdf      : Integrated visualization (FC + AI)
2026-02-11 13:25:47,168 - INFO -   - dbs_integrated_analysis.log          : Detailed log file
2026-02-11 13:25:47,168 - INFO - 
================================================================================
2026-02-11 13:26:38,901 - INFO - ================================================================================
2026-02-11 13:26:38,901 - INFO - Starting Integrated DBS Analysis (FC + AI Model)
2026-02-11 13:26:38,901 - INFO - ================================================================================
2026-02-11 13:26:38,901 - INFO - 
[Step 1] Parsing DBS_UPDRS CSV data...
2026-02-11 13:26:38,905 - INFO - Parsing patient data from CSV...
2026-02-11 13:26:38,937 - INFO - 
Improvement rate statistics:
2026-02-11 13:26:38,937 - INFO -   N samples: 55
2026-02-11 13:26:38,937 - INFO -   Min: 0.0000
2026-02-11 13:26:38,937 - INFO -   Max: 0.6970
2026-02-11 13:26:38,937 - INFO -   Mean: 0.3115
2026-02-11 13:26:38,937 - INFO -   Std: 0.1750
2026-02-11 13:26:38,937 - INFO -   Median: 0.3000
2026-02-11 13:26:38,937 - INFO - 
Found 55 valid patient samples with complete data
2026-02-11 13:26:38,938 - INFO - 
[Step 2] Computing FC and analyzing correlations...
2026-02-11 13:26:38,938 - INFO - 
================================================================================
2026-02-11 13:26:38,938 - INFO - FC-UPDRS III Improvement Rate Correlation Analysis
2026-02-11 13:26:38,938 - INFO - ================================================================================
2026-02-11 13:26:38,938 - INFO - 
Computing FC features for all patients...
2026-02-11 13:26:39,629 - INFO - 
Saved raw data to dbs_fc_improvement_data.csv (N=55)
2026-02-11 13:26:39,629 - INFO - 
--------------------------------------------------------------------------------
2026-02-11 13:26:39,629 - INFO - Correlation Analysis Results:
2026-02-11 13:26:39,630 - INFO - --------------------------------------------------------------------------------
2026-02-11 13:26:39,632 - INFO - 
PAIR1: STN-L, GPi-L
2026-02-11 13:26:39,632 - INFO -   ROI1: [215]
2026-02-11 13:26:39,632 - INFO -   ROI2: [223]
2026-02-11 13:26:39,632 - INFO -   FC range: [-0.9928, 1.0000]
2026-02-11 13:26:39,632 - INFO -   FC mean ± std: 0.0288 ± 0.7452
2026-02-11 13:26:39,632 - INFO -   Pearson  r =  0.0770, p = 5.7653e-01 ns
2026-02-11 13:26:39,632 - INFO -   Spearman r =  0.1128, p = 4.1204e-01 ns
2026-02-11 13:26:39,634 - INFO - 
PAIR2: STN-L, Thalamus-L
2026-02-11 13:26:39,634 - INFO -   ROI1: [215]
2026-02-11 13:26:39,634 - INFO -   ROI2: [225]
2026-02-11 13:26:39,634 - INFO -   FC range: [-0.9840, 1.0000]
2026-02-11 13:26:39,634 - INFO -   FC mean ± std: 0.2348 ± 0.7457
2026-02-11 13:26:39,634 - INFO -   Pearson  r = -0.0834, p = 5.4478e-01 ns
2026-02-11 13:26:39,634 - INFO -   Spearman r =  0.0111, p = 9.3562e-01 ns
2026-02-11 13:26:39,636 - INFO - 
PAIR3: STN, M1
2026-02-11 13:26:39,636 - INFO -   ROI1: [215, 216]
2026-02-11 13:26:39,636 - INFO -   ROI2: [55, 56, 63, 64]
2026-02-11 13:26:39,636 - INFO -   FC range: [-0.9959, 0.9999]
2026-02-11 13:26:39,637 - INFO -   FC mean ± std: -0.0887 ± 0.7885
2026-02-11 13:26:39,637 - INFO -   Pearson  r =  0.3150, p = 1.9157e-02 *
2026-02-11 13:26:39,637 - INFO -   Spearman r =  0.2745, p = 4.2568e-02 *
2026-02-11 13:26:39,638 - INFO - 
PAIR4: STN, SMA
2026-02-11 13:26:39,639 - INFO -   ROI1: [215, 216]
2026-02-11 13:26:39,639 - INFO -   ROI2: [53, 54, 57, 58, 59, 60, 61, 62, 67, 68]
2026-02-11 13:26:39,639 - INFO -   FC range: [-0.9963, 1.0000]
2026-02-11 13:26:39,639 - INFO -   FC mean ± std: -0.0635 ± 0.7966
2026-02-11 13:26:39,639 - INFO -   Pearson  r =  0.3762, p = 4.6406e-03 **
2026-02-11 13:26:39,639 - INFO -   Spearman r =  0.3124, p = 2.0219e-02 *
2026-02-11 13:26:39,639 - INFO - 
================================================================================
2026-02-11 13:26:39,641 - INFO - 
Saved correlation results to dbs_fc_correlation_results.json
2026-02-11 13:26:39,641 - INFO - 
[Step 3] Analyzing AI model predictions...
2026-02-11 13:26:39,641 - INFO - 
================================================================================
2026-02-11 13:26:39,641 - INFO - AI Model Prediction Analysis (5-Fold CV)
2026-02-11 13:26:39,641 - INFO - ================================================================================
2026-02-11 13:26:39,641 - INFO - 
Processing individual folds...
2026-02-11 13:26:39,644 - INFO - Fold 1: Spearman R = 0.636, P = 0.0353
2026-02-11 13:26:39,646 - INFO - Fold 2: Spearman R = 0.591, P = 0.0556
2026-02-11 13:26:39,648 - INFO - Fold 3: Spearman R = 0.791, P = 0.0037
2026-02-11 13:26:39,651 - INFO - Fold 4: Spearman R = 0.518, P = 0.1025
2026-02-11 13:26:39,653 - INFO - Fold 5: Spearman R = 0.609, P = 0.0467
2026-02-11 13:26:39,655 - INFO - 
Saved fold results to ai_model_fold_results.csv
2026-02-11 13:26:39,656 - INFO - 
Loaded pooled data: 55 samples
2026-02-11 13:26:39,657 - INFO - 
--------------------------------------------------------------------------------
2026-02-11 13:26:39,658 - INFO - Pooled Data Summary:
2026-02-11 13:26:39,658 - INFO -   Spearman R = 0.557
2026-02-11 13:26:39,658 - INFO -   P-value = 0.0000
2026-02-11 13:26:39,658 - INFO -   N samples = 55
2026-02-11 13:26:39,658 - INFO - --------------------------------------------------------------------------------
2026-02-11 13:26:39,658 - INFO - 
[Step 4] Creating integrated visualizations...
2026-02-11 13:26:39,658 - INFO - 
Generating integrated visualizations...
2026-02-11 13:26:42,215 - INFO - Saved integrated visualization to dbs_integrated_analysis.png and .pdf
2026-02-11 13:26:42,215 - INFO - 
[Step 5] Analyzing by target...
2026-02-11 13:26:42,215 - INFO - 
================================================================================
2026-02-11 13:26:42,215 - INFO - Target-Specific Correlation Analysis
2026-02-11 13:26:42,215 - INFO - ================================================================================
2026-02-11 13:26:42,216 - INFO - 
B-GPi (N=28):
2026-02-11 13:26:42,216 - INFO - ----------------------------------------
2026-02-11 13:26:42,219 - INFO -   pair1: Pearson r=0.241 (p=2.169e-01), Spearman r=0.355 (p=6.399e-02)
2026-02-11 13:26:42,220 - INFO -   pair2: Pearson r=0.034 (p=8.626e-01), Spearman r=0.229 (p=2.415e-01)
2026-02-11 13:26:42,222 - INFO -   pair3: Pearson r=0.256 (p=1.894e-01), Spearman r=0.201 (p=3.053e-01)
2026-02-11 13:26:42,224 - INFO -   pair4: Pearson r=0.295 (p=1.279e-01), Spearman r=0.223 (p=2.551e-01)
2026-02-11 13:26:42,225 - INFO - 
B-STN (N=27):
2026-02-11 13:26:42,225 - INFO - ----------------------------------------
2026-02-11 13:26:42,227 - INFO -   pair1: Pearson r=0.017 (p=9.330e-01), Spearman r=0.054 (p=7.901e-01)
2026-02-11 13:26:42,229 - INFO -   pair2: Pearson r=-0.036 (p=8.574e-01), Spearman r=0.044 (p=8.277e-01)
2026-02-11 13:26:42,231 - INFO -   pair3: Pearson r=0.204 (p=3.071e-01), Spearman r=0.136 (p=4.983e-01)
2026-02-11 13:26:42,232 - INFO -   pair4: Pearson r=0.260 (p=1.908e-01), Spearman r=0.112 (p=5.769e-01)
2026-02-11 13:26:42,234 - INFO - 
Saved target-specific results to dbs_fc_correlation_by_target.json
2026-02-11 13:26:42,234 - INFO - 
================================================================================
2026-02-11 13:26:42,234 - INFO - Analysis Complete!
2026-02-11 13:26:42,234 - INFO - ================================================================================
2026-02-11 13:26:42,234 - INFO - 
Generated files:
2026-02-11 13:26:42,234 - INFO -   - dbs_fc_improvement_data.csv          : Raw FC and improvement rate data
2026-02-11 13:26:42,234 - INFO -   - dbs_fc_correlation_results.json      : FC correlation statistics
2026-02-11 13:26:42,234 - INFO -   - dbs_fc_correlation_by_target.json    : Target-specific FC correlation
2026-02-11 13:26:42,234 - INFO -   - ai_model_fold_results.csv            : AI model 5-fold CV results
2026-02-11 13:26:42,234 - INFO -   - dbs_integrated_analysis.png/pdf      : Integrated visualization (FC + AI)
2026-02-11 13:26:42,235 - INFO -   - dbs_integrated_analysis.log          : Detailed log file
2026-02-11 13:26:42,235 - INFO - 
================================================================================
2026-02-11 13:27:25,527 - INFO - ================================================================================
2026-02-11 13:27:25,527 - INFO - Starting Integrated DBS Analysis (FC + AI Model)
2026-02-11 13:27:25,527 - INFO - ================================================================================
2026-02-11 13:27:25,527 - INFO - 
[Step 1] Parsing DBS_UPDRS CSV data...
2026-02-11 13:27:25,531 - INFO - Parsing patient data from CSV...
2026-02-11 13:27:25,563 - INFO - 
Improvement rate statistics:
2026-02-11 13:27:25,563 - INFO -   N samples: 55
2026-02-11 13:27:25,563 - INFO -   Min: 0.0000
2026-02-11 13:27:25,563 - INFO -   Max: 0.6970
2026-02-11 13:27:25,563 - INFO -   Mean: 0.3115
2026-02-11 13:27:25,563 - INFO -   Std: 0.1750
2026-02-11 13:27:25,563 - INFO -   Median: 0.3000
2026-02-11 13:27:25,563 - INFO - 
Found 55 valid patient samples with complete data
2026-02-11 13:27:25,563 - INFO - 
[Step 2] Computing FC and analyzing correlations...
2026-02-11 13:27:25,563 - INFO - 
================================================================================
2026-02-11 13:27:25,564 - INFO - FC-UPDRS III Improvement Rate Correlation Analysis
2026-02-11 13:27:25,564 - INFO - ================================================================================
2026-02-11 13:27:25,564 - INFO - 
Computing FC features for all patients...
2026-02-11 13:27:26,243 - INFO - 
Saved raw data to dbs_fc_improvement_data.csv (N=55)
2026-02-11 13:27:26,243 - INFO - 
--------------------------------------------------------------------------------
2026-02-11 13:27:26,243 - INFO - Correlation Analysis Results:
2026-02-11 13:27:26,243 - INFO - --------------------------------------------------------------------------------
2026-02-11 13:27:26,246 - INFO - 
PAIR1: STN-L, GPi-L
2026-02-11 13:27:26,246 - INFO -   ROI1: [215]
2026-02-11 13:27:26,246 - INFO -   ROI2: [223]
2026-02-11 13:27:26,246 - INFO -   FC range: [-0.9928, 1.0000]
2026-02-11 13:27:26,246 - INFO -   FC mean ± std: 0.0288 ± 0.7452
2026-02-11 13:27:26,246 - INFO -   Pearson  r =  0.0770, p = 5.7653e-01 ns
2026-02-11 13:27:26,246 - INFO -   Spearman r =  0.1128, p = 4.1204e-01 ns
2026-02-11 13:27:26,248 - INFO - 
PAIR2: STN-L, Thalamus-L
2026-02-11 13:27:26,248 - INFO -   ROI1: [215]
2026-02-11 13:27:26,248 - INFO -   ROI2: [225]
2026-02-11 13:27:26,248 - INFO -   FC range: [-0.9840, 1.0000]
2026-02-11 13:27:26,248 - INFO -   FC mean ± std: 0.2348 ± 0.7457
2026-02-11 13:27:26,248 - INFO -   Pearson  r = -0.0834, p = 5.4478e-01 ns
2026-02-11 13:27:26,248 - INFO -   Spearman r =  0.0111, p = 9.3562e-01 ns
2026-02-11 13:27:26,250 - INFO - 
PAIR3: STN, M1
2026-02-11 13:27:26,250 - INFO -   ROI1: [215, 216]
2026-02-11 13:27:26,250 - INFO -   ROI2: [55, 56, 63, 64]
2026-02-11 13:27:26,250 - INFO -   FC range: [-0.9959, 0.9999]
2026-02-11 13:27:26,250 - INFO -   FC mean ± std: -0.0887 ± 0.7885
2026-02-11 13:27:26,250 - INFO -   Pearson  r =  0.3150, p = 1.9157e-02 *
2026-02-11 13:27:26,250 - INFO -   Spearman r =  0.2745, p = 4.2568e-02 *
2026-02-11 13:27:26,252 - INFO - 
PAIR4: STN, SMA
2026-02-11 13:27:26,252 - INFO -   ROI1: [215, 216]
2026-02-11 13:27:26,252 - INFO -   ROI2: [53, 54, 57, 58, 59, 60, 61, 62, 67, 68]
2026-02-11 13:27:26,252 - INFO -   FC range: [-0.9963, 1.0000]
2026-02-11 13:27:26,252 - INFO -   FC mean ± std: -0.0635 ± 0.7966
2026-02-11 13:27:26,252 - INFO -   Pearson  r =  0.3762, p = 4.6406e-03 **
2026-02-11 13:27:26,252 - INFO -   Spearman r =  0.3124, p = 2.0219e-02 *
2026-02-11 13:27:26,253 - INFO - 
================================================================================
2026-02-11 13:27:26,254 - INFO - 
Saved correlation results to dbs_fc_correlation_results.json
2026-02-11 13:27:26,255 - INFO - 
[Step 3] Analyzing AI model predictions...
2026-02-11 13:27:26,255 - INFO - 
================================================================================
2026-02-11 13:27:26,255 - INFO - AI Model Prediction Analysis (5-Fold CV)
2026-02-11 13:27:26,255 - INFO - ================================================================================
2026-02-11 13:27:26,255 - INFO - 
Processing individual folds...
2026-02-11 13:27:26,257 - INFO - Fold 1: Spearman R = 0.636, P = 0.0353
2026-02-11 13:27:26,260 - INFO - Fold 2: Spearman R = 0.591, P = 0.0556
2026-02-11 13:27:26,262 - INFO - Fold 3: Spearman R = 0.791, P = 0.0037
2026-02-11 13:27:26,264 - INFO - Fold 4: Spearman R = 0.518, P = 0.1025
2026-02-11 13:27:26,267 - INFO - Fold 5: Spearman R = 0.609, P = 0.0467
2026-02-11 13:27:26,268 - INFO - 
Saved fold results to ai_model_fold_results.csv
2026-02-11 13:27:26,269 - INFO - 
Loaded pooled data: 55 samples
2026-02-11 13:27:26,271 - INFO - 
--------------------------------------------------------------------------------
2026-02-11 13:27:26,271 - INFO - Pooled Data Summary:
2026-02-11 13:27:26,271 - INFO -   Spearman R = 0.557
2026-02-11 13:27:26,271 - INFO -   P-value = 0.0000
2026-02-11 13:27:26,271 - INFO -   N samples = 55
2026-02-11 13:27:26,271 - INFO - --------------------------------------------------------------------------------
2026-02-11 13:27:26,271 - INFO - 
[Step 4] Creating integrated visualizations...
2026-02-11 13:27:26,271 - INFO - 
Generating integrated visualizations...
2026-02-11 13:27:28,824 - INFO - Saved integrated visualization to dbs_integrated_analysis.png and .pdf
2026-02-11 13:27:28,824 - INFO - 
[Step 5] Analyzing by target...
2026-02-11 13:27:28,824 - INFO - 
================================================================================
2026-02-11 13:27:28,824 - INFO - Target-Specific Correlation Analysis
2026-02-11 13:27:28,824 - INFO - ================================================================================
2026-02-11 13:27:28,825 - INFO - 
B-GPi (N=28):
2026-02-11 13:27:28,825 - INFO - ----------------------------------------
2026-02-11 13:27:28,828 - INFO -   pair1: Pearson r=0.241 (p=2.169e-01), Spearman r=0.355 (p=6.399e-02)
2026-02-11 13:27:28,829 - INFO -   pair2: Pearson r=0.034 (p=8.626e-01), Spearman r=0.229 (p=2.415e-01)
2026-02-11 13:27:28,831 - INFO -   pair3: Pearson r=0.256 (p=1.894e-01), Spearman r=0.201 (p=3.053e-01)
2026-02-11 13:27:28,833 - INFO -   pair4: Pearson r=0.295 (p=1.279e-01), Spearman r=0.223 (p=2.551e-01)
2026-02-11 13:27:28,834 - INFO - 
B-STN (N=27):
2026-02-11 13:27:28,834 - INFO - ----------------------------------------
2026-02-11 13:27:28,836 - INFO -   pair1: Pearson r=0.017 (p=9.330e-01), Spearman r=0.054 (p=7.901e-01)
2026-02-11 13:27:28,838 - INFO -   pair2: Pearson r=-0.036 (p=8.574e-01), Spearman r=0.044 (p=8.277e-01)
2026-02-11 13:27:28,840 - INFO -   pair3: Pearson r=0.204 (p=3.071e-01), Spearman r=0.136 (p=4.983e-01)
2026-02-11 13:27:28,841 - INFO -   pair4: Pearson r=0.260 (p=1.908e-01), Spearman r=0.112 (p=5.769e-01)
2026-02-11 13:27:28,844 - INFO - 
Saved target-specific results to dbs_fc_correlation_by_target.json
2026-02-11 13:27:28,844 - INFO - 
================================================================================
2026-02-11 13:27:28,844 - INFO - Analysis Complete!
2026-02-11 13:27:28,844 - INFO - ================================================================================
2026-02-11 13:27:28,844 - INFO - 
Generated files:
2026-02-11 13:27:28,844 - INFO -   - dbs_fc_improvement_data.csv          : Raw FC and improvement rate data
2026-02-11 13:27:28,844 - INFO -   - dbs_fc_correlation_results.json      : FC correlation statistics
2026-02-11 13:27:28,844 - INFO -   - dbs_fc_correlation_by_target.json    : Target-specific FC correlation
2026-02-11 13:27:28,844 - INFO -   - ai_model_fold_results.csv            : AI model 5-fold CV results
2026-02-11 13:27:28,844 - INFO -   - dbs_integrated_analysis.png/pdf      : Integrated visualization (FC + AI)
2026-02-11 13:27:28,844 - INFO -   - dbs_integrated_analysis.log          : Detailed log file
2026-02-11 13:27:28,844 - INFO - 
================================================================================
2026-02-11 13:28:08,300 - INFO - ================================================================================
2026-02-11 13:28:08,300 - INFO - Starting Integrated DBS Analysis (FC + AI Model)
2026-02-11 13:28:08,300 - INFO - ================================================================================
2026-02-11 13:28:08,300 - INFO - 
[Step 1] Parsing DBS_UPDRS CSV data...
2026-02-11 13:28:08,304 - INFO - Parsing patient data from CSV...
2026-02-11 13:28:08,336 - INFO - 
Improvement rate statistics:
2026-02-11 13:28:08,336 - INFO -   N samples: 55
2026-02-11 13:28:08,336 - INFO -   Min: 0.0000
2026-02-11 13:28:08,336 - INFO -   Max: 0.6970
2026-02-11 13:28:08,336 - INFO -   Mean: 0.3115
2026-02-11 13:28:08,336 - INFO -   Std: 0.1750
2026-02-11 13:28:08,336 - INFO -   Median: 0.3000
2026-02-11 13:28:08,336 - INFO - 
Found 55 valid patient samples with complete data
2026-02-11 13:28:08,336 - INFO - 
[Step 2] Computing FC and analyzing correlations...
2026-02-11 13:28:08,336 - INFO - 
================================================================================
2026-02-11 13:28:08,336 - INFO - FC-UPDRS III Improvement Rate Correlation Analysis
2026-02-11 13:28:08,336 - INFO - ================================================================================
2026-02-11 13:28:08,336 - INFO - 
Computing FC features for all patients...
2026-02-11 13:28:09,003 - INFO - 
Saved raw data to dbs_fc_improvement_data.csv (N=55)
2026-02-11 13:28:09,003 - INFO - 
--------------------------------------------------------------------------------
2026-02-11 13:28:09,003 - INFO - Correlation Analysis Results:
2026-02-11 13:28:09,003 - INFO - --------------------------------------------------------------------------------
2026-02-11 13:28:09,005 - INFO - 
PAIR1: STN-L, GPi-L
2026-02-11 13:28:09,005 - INFO -   ROI1: [215]
2026-02-11 13:28:09,005 - INFO -   ROI2: [223]
2026-02-11 13:28:09,005 - INFO -   FC range: [-0.9928, 1.0000]
2026-02-11 13:28:09,005 - INFO -   FC mean ± std: 0.0288 ± 0.7452
2026-02-11 13:28:09,005 - INFO -   Pearson  r =  0.0770, p = 5.7653e-01 ns
2026-02-11 13:28:09,006 - INFO -   Spearman r =  0.1128, p = 4.1204e-01 ns
2026-02-11 13:28:09,007 - INFO - 
PAIR2: STN-L, Thalamus-L
2026-02-11 13:28:09,007 - INFO -   ROI1: [215]
2026-02-11 13:28:09,008 - INFO -   ROI2: [225]
2026-02-11 13:28:09,008 - INFO -   FC range: [-0.9840, 1.0000]
2026-02-11 13:28:09,008 - INFO -   FC mean ± std: 0.2348 ± 0.7457
2026-02-11 13:28:09,008 - INFO -   Pearson  r = -0.0834, p = 5.4478e-01 ns
2026-02-11 13:28:09,008 - INFO -   Spearman r =  0.0111, p = 9.3562e-01 ns
2026-02-11 13:28:09,010 - INFO - 
PAIR3: STN, M1
2026-02-11 13:28:09,010 - INFO -   ROI1: [215, 216]
2026-02-11 13:28:09,010 - INFO -   ROI2: [55, 56, 63, 64]
2026-02-11 13:28:09,010 - INFO -   FC range: [-0.9959, 0.9999]
2026-02-11 13:28:09,010 - INFO -   FC mean ± std: -0.0887 ± 0.7885
2026-02-11 13:28:09,010 - INFO -   Pearson  r =  0.3150, p = 1.9157e-02 *
2026-02-11 13:28:09,010 - INFO -   Spearman r =  0.2745, p = 4.2568e-02 *
2026-02-11 13:28:09,012 - INFO - 
PAIR4: STN, SMA
2026-02-11 13:28:09,012 - INFO -   ROI1: [215, 216]
2026-02-11 13:28:09,012 - INFO -   ROI2: [53, 54, 57, 58, 59, 60, 61, 62, 67, 68]
2026-02-11 13:28:09,012 - INFO -   FC range: [-0.9963, 1.0000]
2026-02-11 13:28:09,012 - INFO -   FC mean ± std: -0.0635 ± 0.7966
2026-02-11 13:28:09,012 - INFO -   Pearson  r =  0.3762, p = 4.6406e-03 **
2026-02-11 13:28:09,012 - INFO -   Spearman r =  0.3124, p = 2.0219e-02 *
2026-02-11 13:28:09,012 - INFO - 
================================================================================
2026-02-11 13:28:09,014 - INFO - 
Saved correlation results to dbs_fc_correlation_results.json
2026-02-11 13:28:09,014 - INFO - 
[Step 3] Analyzing AI model predictions...
2026-02-11 13:28:09,014 - INFO - 
================================================================================
2026-02-11 13:28:09,014 - INFO - AI Model Prediction Analysis (5-Fold CV)
2026-02-11 13:28:09,014 - INFO - ================================================================================
2026-02-11 13:28:09,014 - INFO - 
Processing individual folds...
2026-02-11 13:28:09,017 - INFO - Fold 1: Spearman R = 0.636, P = 0.0353
2026-02-11 13:28:09,019 - INFO - Fold 2: Spearman R = 0.591, P = 0.0556
2026-02-11 13:28:09,021 - INFO - Fold 3: Spearman R = 0.791, P = 0.0037
2026-02-11 13:28:09,024 - INFO - Fold 4: Spearman R = 0.518, P = 0.1025
2026-02-11 13:28:09,026 - INFO - Fold 5: Spearman R = 0.609, P = 0.0467
2026-02-11 13:28:09,028 - INFO - 
Saved fold results to ai_model_fold_results.csv
2026-02-11 13:28:09,029 - INFO - 
Loaded pooled data: 55 samples
2026-02-11 13:28:09,031 - INFO - 
--------------------------------------------------------------------------------
2026-02-11 13:28:09,031 - INFO - Pooled Data Summary:
2026-02-11 13:28:09,031 - INFO -   Spearman R = 0.557
2026-02-11 13:28:09,031 - INFO -   P-value = 0.0000
2026-02-11 13:28:09,031 - INFO -   N samples = 55
2026-02-11 13:28:09,031 - INFO - --------------------------------------------------------------------------------
2026-02-11 13:28:09,031 - INFO - 
[Step 4] Creating integrated visualizations...
2026-02-11 13:28:09,031 - INFO - 
Generating integrated visualizations...
2026-02-11 13:28:11,487 - INFO - Saved integrated visualization to dbs_integrated_analysis.png and .pdf
2026-02-11 13:28:11,487 - INFO - 
[Step 5] Analyzing by target...
2026-02-11 13:28:11,487 - INFO - 
================================================================================
2026-02-11 13:28:11,487 - INFO - Target-Specific Correlation Analysis
2026-02-11 13:28:11,487 - INFO - ================================================================================
2026-02-11 13:28:11,489 - INFO - 
B-GPi (N=28):
2026-02-11 13:28:11,489 - INFO - ----------------------------------------
2026-02-11 13:28:11,491 - INFO -   pair1: Pearson r=0.241 (p=2.169e-01), Spearman r=0.355 (p=6.399e-02)
2026-02-11 13:28:11,493 - INFO -   pair2: Pearson r=0.034 (p=8.626e-01), Spearman r=0.229 (p=2.415e-01)
2026-02-11 13:28:11,495 - INFO -   pair3: Pearson r=0.256 (p=1.894e-01), Spearman r=0.201 (p=3.053e-01)
2026-02-11 13:28:11,497 - INFO -   pair4: Pearson r=0.295 (p=1.279e-01), Spearman r=0.223 (p=2.551e-01)
2026-02-11 13:28:11,497 - INFO - 
B-STN (N=27):
2026-02-11 13:28:11,497 - INFO - ----------------------------------------
2026-02-11 13:28:11,499 - INFO -   pair1: Pearson r=0.017 (p=9.330e-01), Spearman r=0.054 (p=7.901e-01)
2026-02-11 13:28:11,501 - INFO -   pair2: Pearson r=-0.036 (p=8.574e-01), Spearman r=0.044 (p=8.277e-01)
2026-02-11 13:28:11,503 - INFO -   pair3: Pearson r=0.204 (p=3.071e-01), Spearman r=0.136 (p=4.983e-01)
2026-02-11 13:28:11,505 - INFO -   pair4: Pearson r=0.260 (p=1.908e-01), Spearman r=0.112 (p=5.769e-01)
2026-02-11 13:28:11,506 - INFO - 
Saved target-specific results to dbs_fc_correlation_by_target.json
2026-02-11 13:28:11,506 - INFO - 
================================================================================
2026-02-11 13:28:11,506 - INFO - Analysis Complete!
2026-02-11 13:28:11,506 - INFO - ================================================================================
2026-02-11 13:28:11,507 - INFO - 
Generated files:
2026-02-11 13:28:11,507 - INFO -   - dbs_fc_improvement_data.csv          : Raw FC and improvement rate data
2026-02-11 13:28:11,507 - INFO -   - dbs_fc_correlation_results.json      : FC correlation statistics
2026-02-11 13:28:11,507 - INFO -   - dbs_fc_correlation_by_target.json    : Target-specific FC correlation
2026-02-11 13:28:11,507 - INFO -   - ai_model_fold_results.csv            : AI model 5-fold CV results
2026-02-11 13:28:11,507 - INFO -   - dbs_integrated_analysis.png/pdf      : Integrated visualization (FC + AI)
2026-02-11 13:28:11,507 - INFO -   - dbs_integrated_analysis.log          : Detailed log file
2026-02-11 13:28:11,507 - INFO - 
================================================================================
2026-02-11 13:46:48,913 - INFO - ================================================================================
2026-02-11 13:46:48,930 - INFO - Starting Integrated DBS Analysis (FC + AI Model)
2026-02-11 13:46:48,931 - INFO - ================================================================================
2026-02-11 13:46:48,931 - INFO - 
[Step 1] Parsing DBS_UPDRS CSV data...
2026-02-11 13:46:48,934 - INFO - Parsing patient data from CSV...
2026-02-11 13:46:48,966 - INFO - 
Improvement rate statistics:
2026-02-11 13:46:48,967 - INFO -   N samples: 55
2026-02-11 13:46:48,967 - INFO -   Min: 0.0000
2026-02-11 13:46:48,967 - INFO -   Max: 0.6970
2026-02-11 13:46:48,967 - INFO -   Mean: 0.3115
2026-02-11 13:46:48,967 - INFO -   Std: 0.1750
2026-02-11 13:46:48,967 - INFO -   Median: 0.3000
2026-02-11 13:46:48,967 - INFO - 
Found 55 valid patient samples with complete data
2026-02-11 13:46:48,967 - INFO - 
[Step 2] Computing FC and analyzing correlations...
2026-02-11 13:46:48,967 - INFO - 
================================================================================
2026-02-11 13:46:48,967 - INFO - FC-UPDRS III Improvement Rate Correlation Analysis
2026-02-11 13:46:48,967 - INFO - ================================================================================
2026-02-11 13:46:48,967 - INFO - 
Computing FC features for all patients...
2026-02-11 13:46:49,663 - INFO - 
Saved raw data to dbs_fc_improvement_data.csv (N=55)
2026-02-11 13:46:49,663 - INFO - 
--------------------------------------------------------------------------------
2026-02-11 13:46:49,663 - INFO - Correlation Analysis Results:
2026-02-11 13:46:49,663 - INFO - --------------------------------------------------------------------------------
2026-02-11 13:46:49,666 - INFO - 
PAIR1: STN-L, GPi-L
2026-02-11 13:46:49,666 - INFO -   ROI1: [215]
2026-02-11 13:46:49,666 - INFO -   ROI2: [223]
2026-02-11 13:46:49,666 - INFO -   FC range: [-0.9928, 1.0000]
2026-02-11 13:46:49,666 - INFO -   FC mean ± std: 0.0288 ± 0.7452
2026-02-11 13:46:49,666 - INFO -   Pearson  r =  0.0770, p = 5.7653e-01 ns
2026-02-11 13:46:49,666 - INFO -   Spearman r =  0.1128, p = 4.1204e-01 ns
2026-02-11 13:46:49,668 - INFO - 
PAIR2: STN-L, Thalamus-L
2026-02-11 13:46:49,668 - INFO -   ROI1: [215]
2026-02-11 13:46:49,668 - INFO -   ROI2: [225]
2026-02-11 13:46:49,668 - INFO -   FC range: [-0.9840, 1.0000]
2026-02-11 13:46:49,668 - INFO -   FC mean ± std: 0.2348 ± 0.7457
2026-02-11 13:46:49,668 - INFO -   Pearson  r = -0.0834, p = 5.4478e-01 ns
2026-02-11 13:46:49,668 - INFO -   Spearman r =  0.0111, p = 9.3562e-01 ns
2026-02-11 13:46:49,670 - INFO - 
PAIR3: STN, M1
2026-02-11 13:46:49,670 - INFO -   ROI1: [215, 216]
2026-02-11 13:46:49,670 - INFO -   ROI2: [55, 56, 63, 64]
2026-02-11 13:46:49,670 - INFO -   FC range: [-0.9959, 0.9999]
2026-02-11 13:46:49,670 - INFO -   FC mean ± std: -0.0887 ± 0.7885
2026-02-11 13:46:49,670 - INFO -   Pearson  r =  0.3150, p = 1.9157e-02 *
2026-02-11 13:46:49,670 - INFO -   Spearman r =  0.2745, p = 4.2568e-02 *
2026-02-11 13:46:49,672 - INFO - 
PAIR4: STN, SMA
2026-02-11 13:46:49,672 - INFO -   ROI1: [215, 216]
2026-02-11 13:46:49,672 - INFO -   ROI2: [53, 54, 57, 58, 59, 60, 61, 62, 67, 68]
2026-02-11 13:46:49,672 - INFO -   FC range: [-0.9963, 1.0000]
2026-02-11 13:46:49,672 - INFO -   FC mean ± std: -0.0635 ± 0.7966
2026-02-11 13:46:49,672 - INFO -   Pearson  r =  0.3762, p = 4.6406e-03 **
2026-02-11 13:46:49,673 - INFO -   Spearman r =  0.3124, p = 2.0219e-02 *
2026-02-11 13:46:49,673 - INFO - 
================================================================================
2026-02-11 13:46:49,674 - INFO - 
Saved correlation results to dbs_fc_correlation_results.json
2026-02-11 13:46:49,675 - INFO - 
[Step 3] Analyzing AI model predictions...
2026-02-11 13:47:17,707 - INFO - ================================================================================
2026-02-11 13:47:17,708 - INFO - Starting Integrated DBS Analysis (FC + AI Model)
2026-02-11 13:47:17,708 - INFO - ================================================================================
2026-02-11 13:47:17,708 - INFO - 
[Step 1] Parsing DBS_UPDRS CSV data...
2026-02-11 13:47:17,711 - INFO - Parsing patient data from CSV...
2026-02-11 13:47:17,743 - INFO - 
Improvement rate statistics:
2026-02-11 13:47:17,744 - INFO -   N samples: 55
2026-02-11 13:47:17,744 - INFO -   Min: 0.0000
2026-02-11 13:47:17,744 - INFO -   Max: 0.6970
2026-02-11 13:47:17,744 - INFO -   Mean: 0.3115
2026-02-11 13:47:17,744 - INFO -   Std: 0.1750
2026-02-11 13:47:17,744 - INFO -   Median: 0.3000
2026-02-11 13:47:17,744 - INFO - 
Found 55 valid patient samples with complete data
2026-02-11 13:47:17,744 - INFO - 
[Step 2] Computing FC and analyzing correlations...
2026-02-11 13:47:17,744 - INFO - 
================================================================================
2026-02-11 13:47:17,744 - INFO - FC-UPDRS III Improvement Rate Correlation Analysis
2026-02-11 13:47:17,744 - INFO - ================================================================================
2026-02-11 13:47:17,744 - INFO - 
Computing FC features for all patients...
2026-02-11 13:47:18,412 - INFO - 
Saved raw data to dbs_fc_improvement_data.csv (N=55)
2026-02-11 13:47:18,413 - INFO - 
--------------------------------------------------------------------------------
2026-02-11 13:47:18,413 - INFO - Correlation Analysis Results:
2026-02-11 13:47:18,413 - INFO - --------------------------------------------------------------------------------
2026-02-11 13:47:18,415 - INFO - 
PAIR1: STN-L, GPi-L
2026-02-11 13:47:18,415 - INFO -   ROI1: [215]
2026-02-11 13:47:18,415 - INFO -   ROI2: [223]
2026-02-11 13:47:18,415 - INFO -   FC range: [-0.9928, 1.0000]
2026-02-11 13:47:18,415 - INFO -   FC mean ± std: 0.0288 ± 0.7452
2026-02-11 13:47:18,415 - INFO -   Pearson  r =  0.0770, p = 5.7653e-01 ns
2026-02-11 13:47:18,415 - INFO -   Spearman r =  0.1128, p = 4.1204e-01 ns
2026-02-11 13:47:18,417 - INFO - 
PAIR2: STN-L, Thalamus-L
2026-02-11 13:47:18,417 - INFO -   ROI1: [215]
2026-02-11 13:47:18,417 - INFO -   ROI2: [225]
2026-02-11 13:47:18,417 - INFO -   FC range: [-0.9840, 1.0000]
2026-02-11 13:47:18,417 - INFO -   FC mean ± std: 0.2348 ± 0.7457
2026-02-11 13:47:18,417 - INFO -   Pearson  r = -0.0834, p = 5.4478e-01 ns
2026-02-11 13:47:18,417 - INFO -   Spearman r =  0.0111, p = 9.3562e-01 ns
2026-02-11 13:47:18,419 - INFO - 
PAIR3: STN, M1
2026-02-11 13:47:18,419 - INFO -   ROI1: [215, 216]
2026-02-11 13:47:18,419 - INFO -   ROI2: [55, 56, 63, 64]
2026-02-11 13:47:18,420 - INFO -   FC range: [-0.9959, 0.9999]
2026-02-11 13:47:18,420 - INFO -   FC mean ± std: -0.0887 ± 0.7885
2026-02-11 13:47:18,420 - INFO -   Pearson  r =  0.3150, p = 1.9157e-02 *
2026-02-11 13:47:18,420 - INFO -   Spearman r =  0.2745, p = 4.2568e-02 *
2026-02-11 13:47:18,422 - INFO - 
PAIR4: STN, SMA
2026-02-11 13:47:18,422 - INFO -   ROI1: [215, 216]
2026-02-11 13:47:18,422 - INFO -   ROI2: [53, 54, 57, 58, 59, 60, 61, 62, 67, 68]
2026-02-11 13:47:18,422 - INFO -   FC range: [-0.9963, 1.0000]
2026-02-11 13:47:18,422 - INFO -   FC mean ± std: -0.0635 ± 0.7966
2026-02-11 13:47:18,422 - INFO -   Pearson  r =  0.3762, p = 4.6406e-03 **
2026-02-11 13:47:18,422 - INFO -   Spearman r =  0.3124, p = 2.0219e-02 *
2026-02-11 13:47:18,422 - INFO - 
================================================================================
2026-02-11 13:47:18,424 - INFO - 
Saved correlation results to dbs_fc_correlation_results.json
2026-02-11 13:47:18,424 - INFO - 
[Step 3] Analyzing AI model predictions...
2026-02-11 13:47:18,424 - INFO - 
================================================================================
2026-02-11 13:47:18,424 - INFO - AI Model Prediction Analysis (5-Fold CV)
2026-02-11 13:47:18,424 - INFO - ================================================================================
2026-02-11 13:47:18,424 - INFO - 
Processing individual folds...
2026-02-11 13:47:18,426 - INFO - Fold 1: Spearman R = 0.636, P = 0.0353
2026-02-11 13:47:18,429 - INFO - Fold 2: Spearman R = 0.591, P = 0.0556
2026-02-11 13:47:18,431 - INFO - Fold 3: Spearman R = 0.791, P = 0.0037
2026-02-11 13:47:18,434 - INFO - Fold 4: Spearman R = 0.518, P = 0.1025
2026-02-11 13:47:18,436 - INFO - Fold 5: Spearman R = 0.609, P = 0.0467
2026-02-11 13:47:18,438 - INFO - 
Saved fold results to ai_model_fold_results.csv
2026-02-11 13:47:18,439 - INFO - 
Loaded pooled data: 55 samples
2026-02-11 13:47:18,440 - INFO - 
--------------------------------------------------------------------------------
2026-02-11 13:47:18,441 - INFO - Pooled Data Summary:
2026-02-11 13:47:18,441 - INFO -   Spearman R = 0.557
2026-02-11 13:47:18,441 - INFO -   P-value = 0.0000
2026-02-11 13:47:18,441 - INFO -   N samples = 55
2026-02-11 13:47:18,441 - INFO - --------------------------------------------------------------------------------
2026-02-11 13:47:18,441 - INFO - 
[Step 4] Creating integrated visualizations...
2026-02-11 13:47:18,441 - INFO - 
Generating integrated visualizations...
2026-02-11 13:47:20,138 - INFO - Saved integrated visualization to dbs_integrated_analysis.png and .pdf
2026-02-11 13:47:20,138 - INFO - 
[Step 5] Analyzing by target...
2026-02-11 13:47:20,138 - INFO - 
================================================================================
2026-02-11 13:47:20,138 - INFO - Target-Specific Correlation Analysis
2026-02-11 13:47:20,138 - INFO - ================================================================================
2026-02-11 13:47:20,139 - INFO - 
B-GPi (N=28):
2026-02-11 13:47:20,140 - INFO - ----------------------------------------
2026-02-11 13:47:20,142 - INFO -   pair1: Pearson r=0.241 (p=2.169e-01), Spearman r=0.355 (p=6.399e-02)
2026-02-11 13:47:20,144 - INFO -   pair2: Pearson r=0.034 (p=8.626e-01), Spearman r=0.229 (p=2.415e-01)
2026-02-11 13:47:20,145 - INFO -   pair3: Pearson r=0.256 (p=1.894e-01), Spearman r=0.201 (p=3.053e-01)
2026-02-11 13:47:20,147 - INFO -   pair4: Pearson r=0.295 (p=1.279e-01), Spearman r=0.223 (p=2.551e-01)
2026-02-11 13:47:20,148 - INFO - 
B-STN (N=27):
2026-02-11 13:47:20,148 - INFO - ----------------------------------------
2026-02-11 13:47:20,150 - INFO -   pair1: Pearson r=0.017 (p=9.330e-01), Spearman r=0.054 (p=7.901e-01)
2026-02-11 13:47:20,152 - INFO -   pair2: Pearson r=-0.036 (p=8.574e-01), Spearman r=0.044 (p=8.277e-01)
2026-02-11 13:47:20,153 - INFO -   pair3: Pearson r=0.204 (p=3.071e-01), Spearman r=0.136 (p=4.983e-01)
2026-02-11 13:47:20,155 - INFO -   pair4: Pearson r=0.260 (p=1.908e-01), Spearman r=0.112 (p=5.769e-01)
2026-02-11 13:47:20,157 - INFO - 
Saved target-specific results to dbs_fc_correlation_by_target.json
2026-02-11 13:47:20,157 - INFO - 
================================================================================
2026-02-11 13:47:20,158 - INFO - Analysis Complete!
2026-02-11 13:47:20,158 - INFO - ================================================================================
2026-02-11 13:47:20,158 - INFO - 
Generated files:
2026-02-11 13:47:20,158 - INFO -   - dbs_fc_improvement_data.csv          : Raw FC and improvement rate data
2026-02-11 13:47:20,158 - INFO -   - dbs_fc_correlation_results.json      : FC correlation statistics
2026-02-11 13:47:20,158 - INFO -   - dbs_fc_correlation_by_target.json    : Target-specific FC correlation
2026-02-11 13:47:20,158 - INFO -   - ai_model_fold_results.csv            : AI model 5-fold CV results
2026-02-11 13:47:20,158 - INFO -   - dbs_integrated_analysis.png/pdf      : Integrated visualization (FC + AI)
2026-02-11 13:47:20,158 - INFO -   - dbs_integrated_analysis.log          : Detailed log file
2026-02-11 13:47:20,158 - INFO - 
================================================================================
2026-02-11 13:50:26,842 - INFO - ================================================================================
2026-02-11 13:50:26,853 - INFO - Starting Integrated DBS Analysis (FC + AI Model)
2026-02-11 13:50:26,853 - INFO - ================================================================================
2026-02-11 13:50:26,853 - INFO - 
[Step 1] Parsing DBS_UPDRS CSV data...
2026-02-11 13:50:26,857 - INFO - Parsing patient data from CSV...
2026-02-11 13:50:26,889 - INFO - 
Improvement rate statistics:
2026-02-11 13:50:26,889 - INFO -   N samples: 55
2026-02-11 13:50:26,889 - INFO -   Min: 0.0000
2026-02-11 13:50:26,889 - INFO -   Max: 0.6970
2026-02-11 13:50:26,890 - INFO -   Mean: 0.3115
2026-02-11 13:50:26,890 - INFO -   Std: 0.1750
2026-02-11 13:50:26,890 - INFO -   Median: 0.3000
2026-02-11 13:50:26,890 - INFO - 
Found 55 valid patient samples with complete data
2026-02-11 13:50:26,890 - INFO - 
[Step 2] Computing FC and analyzing correlations...
2026-02-11 13:50:26,890 - INFO - 
================================================================================
2026-02-11 13:50:26,890 - INFO - FC-UPDRS III Improvement Rate Correlation Analysis
2026-02-11 13:50:26,890 - INFO - ================================================================================
2026-02-11 13:50:26,890 - INFO - 
Computing FC features for all patients...
2026-02-11 13:50:27,608 - INFO - 
Saved raw data to dbs_fc_improvement_data.csv (N=55)
2026-02-11 13:50:27,608 - INFO - 
--------------------------------------------------------------------------------
2026-02-11 13:50:27,608 - INFO - Correlation Analysis Results:
2026-02-11 13:50:27,608 - INFO - --------------------------------------------------------------------------------
2026-02-11 13:50:27,610 - INFO - 
PAIR1: STN-L, GPi-L
2026-02-11 13:50:27,611 - INFO -   ROI1: [215]
2026-02-11 13:50:27,611 - INFO -   ROI2: [223]
2026-02-11 13:50:27,611 - INFO -   FC range: [-0.9928, 1.0000]
2026-02-11 13:50:27,611 - INFO -   FC mean ± std: 0.0288 ± 0.7452
2026-02-11 13:50:27,611 - INFO -   Pearson  r =  0.0770, p = 5.7653e-01 ns
2026-02-11 13:50:27,611 - INFO -   Spearman r =  0.1128, p = 4.1204e-01 ns
2026-02-11 13:50:27,613 - INFO - 
PAIR2: STN-L, Thalamus-L
2026-02-11 13:50:27,613 - INFO -   ROI1: [215]
2026-02-11 13:50:27,613 - INFO -   ROI2: [225]
2026-02-11 13:50:27,613 - INFO -   FC range: [-0.9840, 1.0000]
2026-02-11 13:50:27,613 - INFO -   FC mean ± std: 0.2348 ± 0.7457
2026-02-11 13:50:27,613 - INFO -   Pearson  r = -0.0834, p = 5.4478e-01 ns
2026-02-11 13:50:27,613 - INFO -   Spearman r =  0.0111, p = 9.3562e-01 ns
2026-02-11 13:50:27,615 - INFO - 
PAIR3: STN, M1
2026-02-11 13:50:27,615 - INFO -   ROI1: [215, 216]
2026-02-11 13:50:27,615 - INFO -   ROI2: [55, 56, 63, 64]
2026-02-11 13:50:27,615 - INFO -   FC range: [-0.9959, 0.9999]
2026-02-11 13:50:27,615 - INFO -   FC mean ± std: -0.0887 ± 0.7885
2026-02-11 13:50:27,615 - INFO -   Pearson  r =  0.3150, p = 1.9157e-02 *
2026-02-11 13:50:27,615 - INFO -   Spearman r =  0.2745, p = 4.2568e-02 *
2026-02-11 13:50:27,617 - INFO - 
PAIR4: STN, SMA
2026-02-11 13:50:27,617 - INFO -   ROI1: [215, 216]
2026-02-11 13:50:27,617 - INFO -   ROI2: [53, 54, 57, 58, 59, 60, 61, 62, 67, 68]
2026-02-11 13:50:27,617 - INFO -   FC range: [-0.9963, 1.0000]
2026-02-11 13:50:27,617 - INFO -   FC mean ± std: -0.0635 ± 0.7966
2026-02-11 13:50:27,617 - INFO -   Pearson  r =  0.3762, p = 4.6406e-03 **
2026-02-11 13:50:27,617 - INFO -   Spearman r =  0.3124, p = 2.0219e-02 *
2026-02-11 13:50:27,617 - INFO - 
================================================================================
2026-02-11 13:50:27,619 - INFO - 
Saved correlation results to dbs_fc_correlation_results.json
2026-02-11 13:50:27,619 - INFO - 
[Step 3] Analyzing AI model predictions...
2026-02-11 13:50:27,620 - INFO - 
================================================================================
2026-02-11 13:50:27,620 - INFO - AI Model Prediction Analysis (5-Fold CV)
2026-02-11 13:50:27,620 - INFO - ================================================================================
2026-02-11 13:50:27,620 - INFO - 
Processing individual folds...
2026-02-11 13:50:27,622 - INFO - Fold 1: Spearman R = 0.636, P = 0.0353
2026-02-11 13:50:27,624 - INFO - Fold 2: Spearman R = 0.591, P = 0.0556
2026-02-11 13:50:27,627 - INFO - Fold 3: Spearman R = 0.791, P = 0.0037
2026-02-11 13:50:27,629 - INFO - Fold 4: Spearman R = 0.518, P = 0.1025
2026-02-11 13:50:27,632 - INFO - Fold 5: Spearman R = 0.609, P = 0.0467
2026-02-11 13:50:27,634 - INFO - 
Saved fold results to ai_model_fold_results.csv
2026-02-11 13:50:27,635 - INFO - 
Loaded pooled data: 55 samples
2026-02-11 13:50:27,636 - INFO - 
--------------------------------------------------------------------------------
2026-02-11 13:50:27,636 - INFO - Pooled Data Summary:
2026-02-11 13:50:27,636 - INFO -   Spearman R = 0.557
2026-02-11 13:50:27,636 - INFO -   P-value = 0.0000
2026-02-11 13:50:27,636 - INFO -   N samples = 55
2026-02-11 13:50:27,636 - INFO - --------------------------------------------------------------------------------
2026-02-11 13:50:27,636 - INFO - 
[Step 4] Creating integrated visualizations...
2026-02-11 13:50:27,636 - INFO - 
Generating integrated visualizations...
2026-02-11 13:50:29,269 - INFO - Saved integrated visualization to dbs_integrated_analysis.png and .pdf
2026-02-11 13:50:29,269 - INFO - 
[Step 5] Analyzing by target...
2026-02-11 13:50:29,269 - INFO - 
================================================================================
2026-02-11 13:50:29,269 - INFO - Target-Specific Correlation Analysis
2026-02-11 13:50:29,269 - INFO - ================================================================================
2026-02-11 13:50:29,270 - INFO - 
B-GPi (N=28):
2026-02-11 13:50:29,270 - INFO - ----------------------------------------
2026-02-11 13:50:29,272 - INFO -   pair1: Pearson r=0.241 (p=2.169e-01), Spearman r=0.355 (p=6.399e-02)
2026-02-11 13:50:29,274 - INFO -   pair2: Pearson r=0.034 (p=8.626e-01), Spearman r=0.229 (p=2.415e-01)
2026-02-11 13:50:29,276 - INFO -   pair3: Pearson r=0.256 (p=1.894e-01), Spearman r=0.201 (p=3.053e-01)
2026-02-11 13:50:29,278 - INFO -   pair4: Pearson r=0.295 (p=1.279e-01), Spearman r=0.223 (p=2.551e-01)
2026-02-11 13:50:29,278 - INFO - 
B-STN (N=27):
2026-02-11 13:50:29,278 - INFO - ----------------------------------------
2026-02-11 13:50:29,280 - INFO -   pair1: Pearson r=0.017 (p=9.330e-01), Spearman r=0.054 (p=7.901e-01)
2026-02-11 13:50:29,282 - INFO -   pair2: Pearson r=-0.036 (p=8.574e-01), Spearman r=0.044 (p=8.277e-01)
2026-02-11 13:50:29,284 - INFO -   pair3: Pearson r=0.204 (p=3.071e-01), Spearman r=0.136 (p=4.983e-01)
2026-02-11 13:50:29,286 - INFO -   pair4: Pearson r=0.260 (p=1.908e-01), Spearman r=0.112 (p=5.769e-01)
2026-02-11 13:50:29,288 - INFO - 
Saved target-specific results to dbs_fc_correlation_by_target.json
2026-02-11 13:50:29,288 - INFO - 
================================================================================
2026-02-11 13:50:29,288 - INFO - Analysis Complete!
2026-02-11 13:50:29,288 - INFO - ================================================================================
2026-02-11 13:50:29,288 - INFO - 
Generated files:
2026-02-11 13:50:29,288 - INFO -   - dbs_fc_improvement_data.csv          : Raw FC and improvement rate data
2026-02-11 13:50:29,288 - INFO -   - dbs_fc_correlation_results.json      : FC correlation statistics
2026-02-11 13:50:29,288 - INFO -   - dbs_fc_correlation_by_target.json    : Target-specific FC correlation
2026-02-11 13:50:29,288 - INFO -   - ai_model_fold_results.csv            : AI model 5-fold CV results
2026-02-11 13:50:29,288 - INFO -   - dbs_integrated_analysis.png/pdf      : Integrated visualization (FC + AI)
2026-02-11 13:50:29,288 - INFO -   - dbs_integrated_analysis.log          : Detailed log file
2026-02-11 13:50:29,288 - INFO - 
================================================================================
2026-02-11 13:50:50,495 - INFO - ================================================================================
2026-02-11 13:50:50,495 - INFO - Starting Integrated DBS Analysis (FC + AI Model)
2026-02-11 13:50:50,495 - INFO - ================================================================================
2026-02-11 13:50:50,495 - INFO - 
[Step 1] Parsing DBS_UPDRS CSV data...
2026-02-11 13:50:50,499 - INFO - Parsing patient data from CSV...
2026-02-11 13:50:50,531 - INFO - 
Improvement rate statistics:
2026-02-11 13:50:50,532 - INFO -   N samples: 55
2026-02-11 13:50:50,532 - INFO -   Min: 0.0000
2026-02-11 13:50:50,532 - INFO -   Max: 0.6970
2026-02-11 13:50:50,532 - INFO -   Mean: 0.3115
2026-02-11 13:50:50,532 - INFO -   Std: 0.1750
2026-02-11 13:50:50,532 - INFO -   Median: 0.3000
2026-02-11 13:50:50,532 - INFO - 
Found 55 valid patient samples with complete data
2026-02-11 13:50:50,532 - INFO - 
[Step 2] Computing FC and analyzing correlations...
2026-02-11 13:50:50,532 - INFO - 
================================================================================
2026-02-11 13:50:50,532 - INFO - FC-UPDRS III Improvement Rate Correlation Analysis
2026-02-11 13:50:50,532 - INFO - ================================================================================
2026-02-11 13:50:50,532 - INFO - 
Computing FC features for all patients...
2026-02-11 13:50:51,224 - INFO - 
Saved raw data to dbs_fc_improvement_data.csv (N=55)
2026-02-11 13:50:51,224 - INFO - 
--------------------------------------------------------------------------------
2026-02-11 13:50:51,224 - INFO - Correlation Analysis Results:
2026-02-11 13:50:51,224 - INFO - --------------------------------------------------------------------------------
2026-02-11 13:50:51,226 - INFO - 
PAIR1: STN-L, GPi-L
2026-02-11 13:50:51,226 - INFO -   ROI1: [215]
2026-02-11 13:50:51,226 - INFO -   ROI2: [223]
2026-02-11 13:50:51,226 - INFO -   FC range: [-0.9928, 1.0000]
2026-02-11 13:50:51,226 - INFO -   FC mean ± std: 0.0288 ± 0.7452
2026-02-11 13:50:51,226 - INFO -   Pearson  r =  0.0770, p = 5.7653e-01 ns
2026-02-11 13:50:51,226 - INFO -   Spearman r =  0.1128, p = 4.1204e-01 ns
2026-02-11 13:50:51,228 - INFO - 
PAIR2: STN-L, Thalamus-L
2026-02-11 13:50:51,228 - INFO -   ROI1: [215]
2026-02-11 13:50:51,228 - INFO -   ROI2: [225]
2026-02-11 13:50:51,228 - INFO -   FC range: [-0.9840, 1.0000]
2026-02-11 13:50:51,229 - INFO -   FC mean ± std: 0.2348 ± 0.7457
2026-02-11 13:50:51,229 - INFO -   Pearson  r = -0.0834, p = 5.4478e-01 ns
2026-02-11 13:50:51,229 - INFO -   Spearman r =  0.0111, p = 9.3562e-01 ns
2026-02-11 13:50:51,231 - INFO - 
PAIR3: STN, M1
2026-02-11 13:50:51,231 - INFO -   ROI1: [215, 216]
2026-02-11 13:50:51,231 - INFO -   ROI2: [55, 56, 63, 64]
2026-02-11 13:50:51,231 - INFO -   FC range: [-0.9959, 0.9999]
2026-02-11 13:50:51,231 - INFO -   FC mean ± std: -0.0887 ± 0.7885
2026-02-11 13:50:51,231 - INFO -   Pearson  r =  0.3150, p = 1.9157e-02 *
2026-02-11 13:50:51,231 - INFO -   Spearman r =  0.2745, p = 4.2568e-02 *
2026-02-11 13:50:51,233 - INFO - 
PAIR4: STN, SMA
2026-02-11 13:50:51,233 - INFO -   ROI1: [215, 216]
2026-02-11 13:50:51,233 - INFO -   ROI2: [53, 54, 57, 58, 59, 60, 61, 62, 67, 68]
2026-02-11 13:50:51,233 - INFO -   FC range: [-0.9963, 1.0000]
2026-02-11 13:50:51,233 - INFO -   FC mean ± std: -0.0635 ± 0.7966
2026-02-11 13:50:51,233 - INFO -   Pearson  r =  0.3762, p = 4.6406e-03 **
2026-02-11 13:50:51,233 - INFO -   Spearman r =  0.3124, p = 2.0219e-02 *
2026-02-11 13:50:51,233 - INFO - 
================================================================================
2026-02-11 13:50:51,235 - INFO - 
Saved correlation results to dbs_fc_correlation_results.json
2026-02-11 13:50:51,235 - INFO - 
[Step 3] Analyzing AI model predictions...
2026-02-11 13:50:51,235 - INFO - 
================================================================================
2026-02-11 13:50:51,235 - INFO - AI Model Prediction Analysis (5-Fold CV)
2026-02-11 13:50:51,235 - INFO - ================================================================================
2026-02-11 13:50:51,235 - INFO - 
Processing individual folds...
2026-02-11 13:50:51,238 - INFO - Fold 1: Spearman R = 0.636, P = 0.0353
2026-02-11 13:50:51,240 - INFO - Fold 2: Spearman R = 0.591, P = 0.0556
2026-02-11 13:50:51,242 - INFO - Fold 3: Spearman R = 0.791, P = 0.0037
2026-02-11 13:50:51,245 - INFO - Fold 4: Spearman R = 0.518, P = 0.1025
2026-02-11 13:50:51,247 - INFO - Fold 5: Spearman R = 0.609, P = 0.0467
2026-02-11 13:50:51,249 - INFO - 
Saved fold results to ai_model_fold_results.csv
2026-02-11 13:50:51,250 - INFO - 
Loaded pooled data: 55 samples
2026-02-11 13:50:51,251 - INFO - 
--------------------------------------------------------------------------------
2026-02-11 13:50:51,252 - INFO - Pooled Data Summary:
2026-02-11 13:50:51,252 - INFO -   Spearman R = 0.557
2026-02-11 13:50:51,252 - INFO -   P-value = 0.0000
2026-02-11 13:50:51,252 - INFO -   N samples = 55
2026-02-11 13:50:51,252 - INFO - --------------------------------------------------------------------------------
2026-02-11 13:50:51,252 - INFO - 
[Step 4] Creating integrated visualizations...
2026-02-11 13:50:51,252 - INFO - 
Generating integrated visualizations...
2026-02-11 13:50:52,888 - INFO - Saved integrated visualization to dbs_integrated_analysis.png and .pdf
2026-02-11 13:50:52,889 - INFO - 
[Step 5] Analyzing by target...
2026-02-11 13:50:52,889 - INFO - 
================================================================================
2026-02-11 13:50:52,889 - INFO - Target-Specific Correlation Analysis
2026-02-11 13:50:52,889 - INFO - ================================================================================
2026-02-11 13:50:52,890 - INFO - 
B-GPi (N=28):
2026-02-11 13:50:52,890 - INFO - ----------------------------------------
2026-02-11 13:50:52,892 - INFO -   pair1: Pearson r=0.241 (p=2.169e-01), Spearman r=0.355 (p=6.399e-02)
2026-02-11 13:50:52,894 - INFO -   pair2: Pearson r=0.034 (p=8.626e-01), Spearman r=0.229 (p=2.415e-01)
2026-02-11 13:50:52,896 - INFO -   pair3: Pearson r=0.256 (p=1.894e-01), Spearman r=0.201 (p=3.053e-01)
2026-02-11 13:50:52,898 - INFO -   pair4: Pearson r=0.295 (p=1.279e-01), Spearman r=0.223 (p=2.551e-01)
2026-02-11 13:50:52,898 - INFO - 
B-STN (N=27):
2026-02-11 13:50:52,898 - INFO - ----------------------------------------
2026-02-11 13:50:52,900 - INFO -   pair1: Pearson r=0.017 (p=9.330e-01), Spearman r=0.054 (p=7.901e-01)
2026-02-11 13:50:52,902 - INFO -   pair2: Pearson r=-0.036 (p=8.574e-01), Spearman r=0.044 (p=8.277e-01)
2026-02-11 13:50:52,904 - INFO -   pair3: Pearson r=0.204 (p=3.071e-01), Spearman r=0.136 (p=4.983e-01)
2026-02-11 13:50:52,906 - INFO -   pair4: Pearson r=0.260 (p=1.908e-01), Spearman r=0.112 (p=5.769e-01)
2026-02-11 13:50:52,907 - INFO - 
Saved target-specific results to dbs_fc_correlation_by_target.json
2026-02-11 13:50:52,907 - INFO - 
================================================================================
2026-02-11 13:50:52,907 - INFO - Analysis Complete!
2026-02-11 13:50:52,907 - INFO - ================================================================================
2026-02-11 13:50:52,907 - INFO - 
Generated files:
2026-02-11 13:50:52,907 - INFO -   - dbs_fc_improvement_data.csv          : Raw FC and improvement rate data
2026-02-11 13:50:52,907 - INFO -   - dbs_fc_correlation_results.json      : FC correlation statistics
2026-02-11 13:50:52,908 - INFO -   - dbs_fc_correlation_by_target.json    : Target-specific FC correlation
2026-02-11 13:50:52,908 - INFO -   - ai_model_fold_results.csv            : AI model 5-fold CV results
2026-02-11 13:50:52,908 - INFO -   - dbs_integrated_analysis.png/pdf      : Integrated visualization (FC + AI)
2026-02-11 13:50:52,908 - INFO -   - dbs_integrated_analysis.log          : Detailed log file
2026-02-11 13:50:52,908 - INFO - 
================================================================================
2026-02-11 13:51:56,846 - INFO - ================================================================================
2026-02-11 13:51:56,849 - INFO - Starting Integrated DBS Analysis (FC + AI Model)
2026-02-11 13:51:56,849 - INFO - ================================================================================
2026-02-11 13:51:56,849 - INFO - 
[Step 1] Parsing DBS_UPDRS CSV data...
2026-02-11 13:51:56,853 - INFO - Parsing patient data from CSV...
2026-02-11 13:51:56,885 - INFO - 
Improvement rate statistics:
2026-02-11 13:51:56,885 - INFO -   N samples: 55
2026-02-11 13:51:56,885 - INFO -   Min: 0.0000
2026-02-11 13:51:56,885 - INFO -   Max: 0.6970
2026-02-11 13:51:56,886 - INFO -   Mean: 0.3115
2026-02-11 13:51:56,886 - INFO -   Std: 0.1750
2026-02-11 13:51:56,886 - INFO -   Median: 0.3000
2026-02-11 13:51:56,886 - INFO - 
Found 55 valid patient samples with complete data
2026-02-11 13:51:56,886 - INFO - 
[Step 2] Computing FC and analyzing correlations...
2026-02-11 13:51:56,886 - INFO - 
================================================================================
2026-02-11 13:51:56,886 - INFO - FC-UPDRS III Improvement Rate Correlation Analysis
2026-02-11 13:51:56,886 - INFO - ================================================================================
2026-02-11 13:51:56,886 - INFO - 
Computing FC features for all patients...
2026-02-11 13:51:57,603 - INFO - 
Saved raw data to dbs_fc_improvement_data.csv (N=55)
2026-02-11 13:51:57,603 - INFO - 
--------------------------------------------------------------------------------
2026-02-11 13:51:57,603 - INFO - Correlation Analysis Results:
2026-02-11 13:51:57,603 - INFO - --------------------------------------------------------------------------------
2026-02-11 13:51:57,605 - INFO - 
PAIR1: STN-L, GPi-L
2026-02-11 13:51:57,605 - INFO -   ROI1: [215]
2026-02-11 13:51:57,605 - INFO -   ROI2: [223]
2026-02-11 13:51:57,606 - INFO -   FC range: [-0.9928, 1.0000]
2026-02-11 13:51:57,606 - INFO -   FC mean ± std: 0.0288 ± 0.7452
2026-02-11 13:51:57,606 - INFO -   Pearson  r =  0.0770, p = 5.7653e-01 ns
2026-02-11 13:51:57,606 - INFO -   Spearman r =  0.1128, p = 4.1204e-01 ns
2026-02-11 13:51:57,608 - INFO - 
PAIR2: STN-L, Thalamus-L
2026-02-11 13:51:57,608 - INFO -   ROI1: [215]
2026-02-11 13:51:57,608 - INFO -   ROI2: [225]
2026-02-11 13:51:57,608 - INFO -   FC range: [-0.9840, 1.0000]
2026-02-11 13:51:57,608 - INFO -   FC mean ± std: 0.2348 ± 0.7457
2026-02-11 13:51:57,608 - INFO -   Pearson  r = -0.0834, p = 5.4478e-01 ns
2026-02-11 13:51:57,608 - INFO -   Spearman r =  0.0111, p = 9.3562e-01 ns
2026-02-11 13:51:57,610 - INFO - 
PAIR3: STN, M1
2026-02-11 13:51:57,610 - INFO -   ROI1: [215, 216]
2026-02-11 13:51:57,610 - INFO -   ROI2: [55, 56, 63, 64]
2026-02-11 13:51:57,610 - INFO -   FC range: [-0.9959, 0.9999]
2026-02-11 13:51:57,610 - INFO -   FC mean ± std: -0.0887 ± 0.7885
2026-02-11 13:51:57,610 - INFO -   Pearson  r =  0.3150, p = 1.9157e-02 *
2026-02-11 13:51:57,610 - INFO -   Spearman r =  0.2745, p = 4.2568e-02 *
2026-02-11 13:51:57,612 - INFO - 
PAIR4: STN, SMA
2026-02-11 13:51:57,612 - INFO -   ROI1: [215, 216]
2026-02-11 13:51:57,612 - INFO -   ROI2: [53, 54, 57, 58, 59, 60, 61, 62, 67, 68]
2026-02-11 13:51:57,612 - INFO -   FC range: [-0.9963, 1.0000]
2026-02-11 13:51:57,612 - INFO -   FC mean ± std: -0.0635 ± 0.7966
2026-02-11 13:51:57,612 - INFO -   Pearson  r =  0.3762, p = 4.6406e-03 **
2026-02-11 13:51:57,612 - INFO -   Spearman r =  0.3124, p = 2.0219e-02 *
2026-02-11 13:51:57,612 - INFO - 
================================================================================
2026-02-11 13:51:57,614 - INFO - 
Saved correlation results to dbs_fc_correlation_results.json
2026-02-11 13:51:57,614 - INFO - 
[Step 3] Analyzing AI model predictions...
2026-02-11 13:51:57,614 - INFO - 
================================================================================
2026-02-11 13:51:57,614 - INFO - AI Model Prediction Analysis (5-Fold CV)
2026-02-11 13:51:57,614 - INFO - ================================================================================
2026-02-11 13:51:57,614 - INFO - 
Processing individual folds...
2026-02-11 13:51:57,617 - INFO - Fold 1: Spearman R = 0.636, P = 0.0353
2026-02-11 13:51:57,619 - INFO - Fold 2: Spearman R = 0.591, P = 0.0556
2026-02-11 13:51:57,622 - INFO - Fold 3: Spearman R = 0.791, P = 0.0037
2026-02-11 13:51:57,624 - INFO - Fold 4: Spearman R = 0.518, P = 0.1025
2026-02-11 13:51:57,627 - INFO - Fold 5: Spearman R = 0.609, P = 0.0467
2026-02-11 13:51:57,629 - INFO - 
Saved fold results to ai_model_fold_results.csv
2026-02-11 13:51:57,629 - INFO - 
Loaded pooled data: 55 samples
2026-02-11 13:51:57,631 - INFO - 
--------------------------------------------------------------------------------
2026-02-11 13:51:57,631 - INFO - Pooled Data Summary:
2026-02-11 13:51:57,631 - INFO -   Spearman R = 0.557
2026-02-11 13:51:57,631 - INFO -   P-value = 0.0000
2026-02-11 13:51:57,631 - INFO -   N samples = 55
2026-02-11 13:51:57,631 - INFO - --------------------------------------------------------------------------------
2026-02-11 13:51:57,631 - INFO - 
[Step 4] Creating integrated visualizations...
2026-02-11 13:51:57,631 - INFO - 
Generating integrated visualizations...
2026-02-11 13:51:59,257 - INFO - Saved integrated visualization to dbs_integrated_analysis.png and .pdf
2026-02-11 13:51:59,257 - INFO - 
[Step 5] Analyzing by target...
2026-02-11 13:51:59,257 - INFO - 
================================================================================
2026-02-11 13:51:59,257 - INFO - Target-Specific Correlation Analysis
2026-02-11 13:51:59,257 - INFO - ================================================================================
2026-02-11 13:51:59,258 - INFO - 
B-GPi (N=28):
2026-02-11 13:51:59,258 - INFO - ----------------------------------------
2026-02-11 13:51:59,260 - INFO -   pair1: Pearson r=0.241 (p=2.169e-01), Spearman r=0.355 (p=6.399e-02)
2026-02-11 13:51:59,262 - INFO -   pair2: Pearson r=0.034 (p=8.626e-01), Spearman r=0.229 (p=2.415e-01)
2026-02-11 13:51:59,264 - INFO -   pair3: Pearson r=0.256 (p=1.894e-01), Spearman r=0.201 (p=3.053e-01)
2026-02-11 13:51:59,266 - INFO -   pair4: Pearson r=0.295 (p=1.279e-01), Spearman r=0.223 (p=2.551e-01)
2026-02-11 13:51:59,266 - INFO - 
B-STN (N=27):
2026-02-11 13:51:59,266 - INFO - ----------------------------------------
2026-02-11 13:51:59,268 - INFO -   pair1: Pearson r=0.017 (p=9.330e-01), Spearman r=0.054 (p=7.901e-01)
2026-02-11 13:51:59,270 - INFO -   pair2: Pearson r=-0.036 (p=8.574e-01), Spearman r=0.044 (p=8.277e-01)
2026-02-11 13:51:59,272 - INFO -   pair3: Pearson r=0.204 (p=3.071e-01), Spearman r=0.136 (p=4.983e-01)
2026-02-11 13:51:59,274 - INFO -   pair4: Pearson r=0.260 (p=1.908e-01), Spearman r=0.112 (p=5.769e-01)
2026-02-11 13:51:59,276 - INFO - 
Saved target-specific results to dbs_fc_correlation_by_target.json
2026-02-11 13:51:59,276 - INFO - 
================================================================================
2026-02-11 13:51:59,276 - INFO - Analysis Complete!
2026-02-11 13:51:59,276 - INFO - ================================================================================
2026-02-11 13:51:59,276 - INFO - 
Generated files:
2026-02-11 13:51:59,276 - INFO -   - dbs_fc_improvement_data.csv          : Raw FC and improvement rate data
2026-02-11 13:51:59,276 - INFO -   - dbs_fc_correlation_results.json      : FC correlation statistics
2026-02-11 13:51:59,276 - INFO -   - dbs_fc_correlation_by_target.json    : Target-specific FC correlation
2026-02-11 13:51:59,276 - INFO -   - ai_model_fold_results.csv            : AI model 5-fold CV results
2026-02-11 13:51:59,276 - INFO -   - dbs_integrated_analysis.png/pdf      : Integrated visualization (FC + AI)
2026-02-11 13:51:59,276 - INFO -   - dbs_integrated_analysis.log          : Detailed log file
2026-02-11 13:51:59,276 - INFO - 
================================================================================
2026-02-11 13:52:36,821 - INFO - ================================================================================
2026-02-11 13:52:36,821 - INFO - Starting Integrated DBS Analysis (FC + AI Model)
2026-02-11 13:52:36,821 - INFO - ================================================================================
2026-02-11 13:52:36,821 - INFO - 
[Step 1] Parsing DBS_UPDRS CSV data...
2026-02-11 13:52:36,825 - INFO - Parsing patient data from CSV...
2026-02-11 13:52:36,857 - INFO - 
Improvement rate statistics:
2026-02-11 13:52:36,857 - INFO -   N samples: 55
2026-02-11 13:52:36,857 - INFO -   Min: 0.0000
2026-02-11 13:52:36,857 - INFO -   Max: 0.6970
2026-02-11 13:52:36,857 - INFO -   Mean: 0.3115
2026-02-11 13:52:36,857 - INFO -   Std: 0.1750
2026-02-11 13:52:36,858 - INFO -   Median: 0.3000
2026-02-11 13:52:36,858 - INFO - 
Found 55 valid patient samples with complete data
2026-02-11 13:52:36,858 - INFO - 
[Step 2] Computing FC and analyzing correlations...
2026-02-11 13:52:36,858 - INFO - 
================================================================================
2026-02-11 13:52:36,858 - INFO - FC-UPDRS III Improvement Rate Correlation Analysis
2026-02-11 13:52:36,858 - INFO - ================================================================================
2026-02-11 13:52:36,858 - INFO - 
Computing FC features for all patients...
2026-02-11 13:52:37,559 - INFO - 
Saved raw data to dbs_fc_improvement_data.csv (N=55)
2026-02-11 13:52:37,559 - INFO - 
--------------------------------------------------------------------------------
2026-02-11 13:52:37,559 - INFO - Correlation Analysis Results:
2026-02-11 13:52:37,559 - INFO - --------------------------------------------------------------------------------
2026-02-11 13:52:37,562 - INFO - 
PAIR1: STN-L, GPi-L
2026-02-11 13:52:37,562 - INFO -   ROI1: [215]
2026-02-11 13:52:37,562 - INFO -   ROI2: [223]
2026-02-11 13:52:37,562 - INFO -   FC range: [-0.9928, 1.0000]
2026-02-11 13:52:37,562 - INFO -   FC mean ± std: 0.0288 ± 0.7452
2026-02-11 13:52:37,562 - INFO -   Pearson  r =  0.0770, p = 5.7653e-01 ns
2026-02-11 13:52:37,562 - INFO -   Spearman r =  0.1128, p = 4.1204e-01 ns
2026-02-11 13:52:37,564 - INFO - 
PAIR2: STN-L, Thalamus-L
2026-02-11 13:52:37,564 - INFO -   ROI1: [215]
2026-02-11 13:52:37,564 - INFO -   ROI2: [225]
2026-02-11 13:52:37,564 - INFO -   FC range: [-0.9840, 1.0000]
2026-02-11 13:52:37,564 - INFO -   FC mean ± std: 0.2348 ± 0.7457
2026-02-11 13:52:37,564 - INFO -   Pearson  r = -0.0834, p = 5.4478e-01 ns
2026-02-11 13:52:37,564 - INFO -   Spearman r =  0.0111, p = 9.3562e-01 ns
2026-02-11 13:52:37,566 - INFO - 
PAIR3: STN, M1
2026-02-11 13:52:37,566 - INFO -   ROI1: [215, 216]
2026-02-11 13:52:37,566 - INFO -   ROI2: [55, 56, 63, 64]
2026-02-11 13:52:37,566 - INFO -   FC range: [-0.9959, 0.9999]
2026-02-11 13:52:37,566 - INFO -   FC mean ± std: -0.0887 ± 0.7885
2026-02-11 13:52:37,566 - INFO -   Pearson  r =  0.3150, p = 1.9157e-02 *
2026-02-11 13:52:37,566 - INFO -   Spearman r =  0.2745, p = 4.2568e-02 *
2026-02-11 13:52:37,568 - INFO - 
PAIR4: STN, SMA
2026-02-11 13:52:37,568 - INFO -   ROI1: [215, 216]
2026-02-11 13:52:37,568 - INFO -   ROI2: [53, 54, 57, 58, 59, 60, 61, 62, 67, 68]
2026-02-11 13:52:37,569 - INFO -   FC range: [-0.9963, 1.0000]
2026-02-11 13:52:37,569 - INFO -   FC mean ± std: -0.0635 ± 0.7966
2026-02-11 13:52:37,569 - INFO -   Pearson  r =  0.3762, p = 4.6406e-03 **
2026-02-11 13:52:37,569 - INFO -   Spearman r =  0.3124, p = 2.0219e-02 *
2026-02-11 13:52:37,569 - INFO - 
================================================================================
2026-02-11 13:52:37,571 - INFO - 
Saved correlation results to dbs_fc_correlation_results.json
2026-02-11 13:52:37,571 - INFO - 
[Step 3] Analyzing AI model predictions...
2026-02-11 13:52:37,571 - INFO - 
================================================================================
2026-02-11 13:52:37,571 - INFO - AI Model Prediction Analysis (5-Fold CV)
2026-02-11 13:52:37,571 - INFO - ================================================================================
2026-02-11 13:52:37,571 - INFO - 
Processing individual folds...
2026-02-11 13:52:37,574 - INFO - Fold 1: Spearman R = 0.636, P = 0.0353
2026-02-11 13:52:37,576 - INFO - Fold 2: Spearman R = 0.591, P = 0.0556
2026-02-11 13:52:37,578 - INFO - Fold 3: Spearman R = 0.791, P = 0.0037
2026-02-11 13:52:37,581 - INFO - Fold 4: Spearman R = 0.518, P = 0.1025
2026-02-11 13:52:37,583 - INFO - Fold 5: Spearman R = 0.609, P = 0.0467
2026-02-11 13:52:37,585 - INFO - 
Saved fold results to ai_model_fold_results.csv
2026-02-11 13:52:37,586 - INFO - 
Loaded pooled data: 55 samples
2026-02-11 13:52:37,587 - INFO - 
--------------------------------------------------------------------------------
2026-02-11 13:52:37,587 - INFO - Pooled Data Summary:
2026-02-11 13:52:37,587 - INFO -   Spearman R = 0.557
2026-02-11 13:52:37,587 - INFO -   P-value = 0.0000
2026-02-11 13:52:37,588 - INFO -   N samples = 55
2026-02-11 13:52:37,588 - INFO - --------------------------------------------------------------------------------
2026-02-11 13:52:37,588 - INFO - 
[Step 4] Creating integrated visualizations...
2026-02-11 13:52:37,588 - INFO - 
Generating integrated visualizations...
2026-02-11 13:52:39,191 - INFO - Saved integrated visualization to dbs_integrated_analysis.png and .pdf
2026-02-11 13:52:39,191 - INFO - 
[Step 5] Analyzing by target...
2026-02-11 13:52:39,191 - INFO - 
================================================================================
2026-02-11 13:52:39,191 - INFO - Target-Specific Correlation Analysis
2026-02-11 13:52:39,191 - INFO - ================================================================================
2026-02-11 13:52:39,192 - INFO - 
B-GPi (N=28):
2026-02-11 13:52:39,192 - INFO - ----------------------------------------
2026-02-11 13:52:39,195 - INFO -   pair1: Pearson r=0.241 (p=2.169e-01), Spearman r=0.355 (p=6.399e-02)
2026-02-11 13:52:39,197 - INFO -   pair2: Pearson r=0.034 (p=8.626e-01), Spearman r=0.229 (p=2.415e-01)
2026-02-11 13:52:39,198 - INFO -   pair3: Pearson r=0.256 (p=1.894e-01), Spearman r=0.201 (p=3.053e-01)
2026-02-11 13:52:39,200 - INFO -   pair4: Pearson r=0.295 (p=1.279e-01), Spearman r=0.223 (p=2.551e-01)
2026-02-11 13:52:39,201 - INFO - 
B-STN (N=27):
2026-02-11 13:52:39,201 - INFO - ----------------------------------------
2026-02-11 13:52:39,203 - INFO -   pair1: Pearson r=0.017 (p=9.330e-01), Spearman r=0.054 (p=7.901e-01)
2026-02-11 13:52:39,204 - INFO -   pair2: Pearson r=-0.036 (p=8.574e-01), Spearman r=0.044 (p=8.277e-01)
2026-02-11 13:52:39,206 - INFO -   pair3: Pearson r=0.204 (p=3.071e-01), Spearman r=0.136 (p=4.983e-01)
2026-02-11 13:52:39,208 - INFO -   pair4: Pearson r=0.260 (p=1.908e-01), Spearman r=0.112 (p=5.769e-01)
2026-02-11 13:52:39,210 - INFO - 
Saved target-specific results to dbs_fc_correlation_by_target.json
2026-02-11 13:52:39,210 - INFO - 
================================================================================
2026-02-11 13:52:39,210 - INFO - Analysis Complete!
2026-02-11 13:52:39,210 - INFO - ================================================================================
2026-02-11 13:52:39,210 - INFO - 
Generated files:
2026-02-11 13:52:39,210 - INFO -   - dbs_fc_improvement_data.csv          : Raw FC and improvement rate data
2026-02-11 13:52:39,210 - INFO -   - dbs_fc_correlation_results.json      : FC correlation statistics
2026-02-11 13:52:39,210 - INFO -   - dbs_fc_correlation_by_target.json    : Target-specific FC correlation
2026-02-11 13:52:39,210 - INFO -   - ai_model_fold_results.csv            : AI model 5-fold CV results
2026-02-11 13:52:39,210 - INFO -   - dbs_integrated_analysis.png/pdf      : Integrated visualization (FC + AI)
2026-02-11 13:52:39,210 - INFO -   - dbs_integrated_analysis.log          : Detailed log file
2026-02-11 13:52:39,210 - INFO - 
================================================================================
2026-02-11 13:53:46,944 - INFO - ================================================================================
2026-02-11 13:53:46,944 - INFO - Starting Integrated DBS Analysis (FC + AI Model)
2026-02-11 13:53:46,944 - INFO - ================================================================================
2026-02-11 13:53:46,944 - INFO - 
[Step 1] Parsing DBS_UPDRS CSV data...
2026-02-11 13:53:46,948 - INFO - Parsing patient data from CSV...
2026-02-11 13:53:46,980 - INFO - 
Improvement rate statistics:
2026-02-11 13:53:46,981 - INFO -   N samples: 55
2026-02-11 13:53:46,981 - INFO -   Min: 0.0000
2026-02-11 13:53:46,981 - INFO -   Max: 0.6970
2026-02-11 13:53:46,981 - INFO -   Mean: 0.3115
2026-02-11 13:53:46,981 - INFO -   Std: 0.1750
2026-02-11 13:53:46,981 - INFO -   Median: 0.3000
2026-02-11 13:53:46,981 - INFO - 
Found 55 valid patient samples with complete data
2026-02-11 13:53:46,981 - INFO - 
[Step 2] Computing FC and analyzing correlations...
2026-02-11 13:53:46,981 - INFO - 
================================================================================
2026-02-11 13:53:46,981 - INFO - FC-UPDRS III Improvement Rate Correlation Analysis
2026-02-11 13:53:46,981 - INFO - ================================================================================
2026-02-11 13:53:46,981 - INFO - 
Computing FC features for all patients...
2026-02-11 13:53:47,661 - INFO - 
Saved raw data to dbs_fc_improvement_data.csv (N=55)
2026-02-11 13:53:47,661 - INFO - 
--------------------------------------------------------------------------------
2026-02-11 13:53:47,661 - INFO - Correlation Analysis Results:
2026-02-11 13:53:47,662 - INFO - --------------------------------------------------------------------------------
2026-02-11 13:53:47,664 - INFO - 
PAIR1: STN-L, GPi-L
2026-02-11 13:53:47,664 - INFO -   ROI1: [215]
2026-02-11 13:53:47,664 - INFO -   ROI2: [223]
2026-02-11 13:53:47,664 - INFO -   FC range: [-0.9928, 1.0000]
2026-02-11 13:53:47,664 - INFO -   FC mean ± std: 0.0288 ± 0.7452
2026-02-11 13:53:47,664 - INFO -   Pearson  r =  0.0770, p = 5.7653e-01 ns
2026-02-11 13:53:47,664 - INFO -   Spearman r =  0.1128, p = 4.1204e-01 ns
2026-02-11 13:53:47,666 - INFO - 
PAIR2: STN-L, Thalamus-L
2026-02-11 13:53:47,666 - INFO -   ROI1: [215]
2026-02-11 13:53:47,666 - INFO -   ROI2: [225]
2026-02-11 13:53:47,666 - INFO -   FC range: [-0.9840, 1.0000]
2026-02-11 13:53:47,666 - INFO -   FC mean ± std: 0.2348 ± 0.7457
2026-02-11 13:53:47,666 - INFO -   Pearson  r = -0.0834, p = 5.4478e-01 ns
2026-02-11 13:53:47,666 - INFO -   Spearman r =  0.0111, p = 9.3562e-01 ns
2026-02-11 13:53:47,668 - INFO - 
PAIR3: STN, M1
2026-02-11 13:53:47,668 - INFO -   ROI1: [215, 216]
2026-02-11 13:53:47,668 - INFO -   ROI2: [55, 56, 63, 64]
2026-02-11 13:53:47,668 - INFO -   FC range: [-0.9959, 0.9999]
2026-02-11 13:53:47,669 - INFO -   FC mean ± std: -0.0887 ± 0.7885
2026-02-11 13:53:47,669 - INFO -   Pearson  r =  0.3150, p = 1.9157e-02 *
2026-02-11 13:53:47,669 - INFO -   Spearman r =  0.2745, p = 4.2568e-02 *
2026-02-11 13:53:47,670 - INFO - 
PAIR4: STN, SMA
2026-02-11 13:53:47,671 - INFO -   ROI1: [215, 216]
2026-02-11 13:53:47,671 - INFO -   ROI2: [53, 54, 57, 58, 59, 60, 61, 62, 67, 68]
2026-02-11 13:53:47,671 - INFO -   FC range: [-0.9963, 1.0000]
2026-02-11 13:53:47,671 - INFO -   FC mean ± std: -0.0635 ± 0.7966
2026-02-11 13:53:47,671 - INFO -   Pearson  r =  0.3762, p = 4.6406e-03 **
2026-02-11 13:53:47,671 - INFO -   Spearman r =  0.3124, p = 2.0219e-02 *
2026-02-11 13:53:47,671 - INFO - 
================================================================================
2026-02-11 13:53:47,673 - INFO - 
Saved correlation results to dbs_fc_correlation_results.json
2026-02-11 13:53:47,673 - INFO - 
[Step 3] Analyzing AI model predictions...
2026-02-11 13:53:47,673 - INFO - 
================================================================================
2026-02-11 13:53:47,673 - INFO - AI Model Prediction Analysis (5-Fold CV)
2026-02-11 13:53:47,673 - INFO - ================================================================================
2026-02-11 13:53:47,673 - INFO - 
Processing individual folds...
2026-02-11 13:53:47,676 - INFO - Fold 1: Spearman R = 0.636, P = 0.0353
2026-02-11 13:53:47,678 - INFO - Fold 2: Spearman R = 0.591, P = 0.0556
2026-02-11 13:53:47,680 - INFO - Fold 3: Spearman R = 0.791, P = 0.0037
2026-02-11 13:53:47,683 - INFO - Fold 4: Spearman R = 0.518, P = 0.1025
2026-02-11 13:53:47,685 - INFO - Fold 5: Spearman R = 0.609, P = 0.0467
2026-02-11 13:53:47,688 - INFO - 
Saved fold results to ai_model_fold_results.csv
2026-02-11 13:53:47,689 - INFO - 
Loaded pooled data: 55 samples
2026-02-11 13:53:47,690 - INFO - 
--------------------------------------------------------------------------------
2026-02-11 13:53:47,690 - INFO - Pooled Data Summary:
2026-02-11 13:53:47,690 - INFO -   Spearman R = 0.557
2026-02-11 13:53:47,690 - INFO -   P-value = 0.0000
2026-02-11 13:53:47,690 - INFO -   N samples = 55
2026-02-11 13:53:47,690 - INFO - --------------------------------------------------------------------------------
2026-02-11 13:53:47,690 - INFO - 
[Step 4] Creating integrated visualizations...
2026-02-11 13:53:47,690 - INFO - 
Generating integrated visualizations...
2026-02-11 13:53:49,303 - INFO - Saved integrated visualization to dbs_integrated_analysis.png and .pdf
2026-02-11 13:53:49,304 - INFO - 
[Step 5] Analyzing by target...
2026-02-11 13:53:49,304 - INFO - 
================================================================================
2026-02-11 13:53:49,304 - INFO - Target-Specific Correlation Analysis
2026-02-11 13:53:49,304 - INFO - ================================================================================
2026-02-11 13:53:49,305 - INFO - 
B-GPi (N=28):
2026-02-11 13:53:49,305 - INFO - ----------------------------------------
2026-02-11 13:53:49,307 - INFO -   pair1: Pearson r=0.241 (p=2.169e-01), Spearman r=0.355 (p=6.399e-02)
2026-02-11 13:53:49,309 - INFO -   pair2: Pearson r=0.034 (p=8.626e-01), Spearman r=0.229 (p=2.415e-01)
2026-02-11 13:53:49,311 - INFO -   pair3: Pearson r=0.256 (p=1.894e-01), Spearman r=0.201 (p=3.053e-01)
2026-02-11 13:53:49,313 - INFO -   pair4: Pearson r=0.295 (p=1.279e-01), Spearman r=0.223 (p=2.551e-01)
2026-02-11 13:53:49,313 - INFO - 
B-STN (N=27):
2026-02-11 13:53:49,313 - INFO - ----------------------------------------
2026-02-11 13:53:49,315 - INFO -   pair1: Pearson r=0.017 (p=9.330e-01), Spearman r=0.054 (p=7.901e-01)
2026-02-11 13:53:49,317 - INFO -   pair2: Pearson r=-0.036 (p=8.574e-01), Spearman r=0.044 (p=8.277e-01)
2026-02-11 13:53:49,319 - INFO -   pair3: Pearson r=0.204 (p=3.071e-01), Spearman r=0.136 (p=4.983e-01)
2026-02-11 13:53:49,321 - INFO -   pair4: Pearson r=0.260 (p=1.908e-01), Spearman r=0.112 (p=5.769e-01)
2026-02-11 13:53:49,323 - INFO - 
Saved target-specific results to dbs_fc_correlation_by_target.json
2026-02-11 13:53:49,323 - INFO - 
================================================================================
2026-02-11 13:53:49,323 - INFO - Analysis Complete!
2026-02-11 13:53:49,323 - INFO - ================================================================================
2026-02-11 13:53:49,323 - INFO - 
Generated files:
2026-02-11 13:53:49,323 - INFO -   - dbs_fc_improvement_data.csv          : Raw FC and improvement rate data
2026-02-11 13:53:49,323 - INFO -   - dbs_fc_correlation_results.json      : FC correlation statistics
2026-02-11 13:53:49,323 - INFO -   - dbs_fc_correlation_by_target.json    : Target-specific FC correlation
2026-02-11 13:53:49,323 - INFO -   - ai_model_fold_results.csv            : AI model 5-fold CV results
2026-02-11 13:53:49,323 - INFO -   - dbs_integrated_analysis.png/pdf      : Integrated visualization (FC + AI)
2026-02-11 13:53:49,323 - INFO -   - dbs_integrated_analysis.log          : Detailed log file
2026-02-11 13:53:49,323 - INFO - 
================================================================================
2026-02-11 13:55:48,041 - INFO - ================================================================================
2026-02-11 13:55:48,058 - INFO - Starting Integrated DBS Analysis (FC + AI Model)
2026-02-11 13:55:48,058 - INFO - ================================================================================
2026-02-11 13:55:48,058 - INFO - 
[Step 1] Parsing DBS_UPDRS CSV data...
2026-02-11 13:55:48,062 - INFO - Parsing patient data from CSV...
2026-02-11 13:55:48,094 - INFO - 
Improvement rate statistics:
2026-02-11 13:55:48,094 - INFO -   N samples: 55
2026-02-11 13:55:48,094 - INFO -   Min: 0.0000
2026-02-11 13:55:48,094 - INFO -   Max: 0.6970
2026-02-11 13:55:48,094 - INFO -   Mean: 0.3115
2026-02-11 13:55:48,094 - INFO -   Std: 0.1750
2026-02-11 13:55:48,095 - INFO -   Median: 0.3000
2026-02-11 13:55:48,095 - INFO - 
Found 55 valid patient samples with complete data
2026-02-11 13:55:48,095 - INFO - 
[Step 2] Computing FC and analyzing correlations...
2026-02-11 13:55:48,095 - INFO - 
================================================================================
2026-02-11 13:55:48,095 - INFO - FC-UPDRS III Improvement Rate Correlation Analysis
2026-02-11 13:55:48,095 - INFO - ================================================================================
2026-02-11 13:55:48,095 - INFO - 
Computing FC features for all patients...
2026-02-11 13:55:48,777 - INFO - 
Saved raw data to dbs_fc_improvement_data.csv (N=55)
2026-02-11 13:55:48,777 - INFO - 
--------------------------------------------------------------------------------
2026-02-11 13:55:48,777 - INFO - Correlation Analysis Results:
2026-02-11 13:55:48,777 - INFO - --------------------------------------------------------------------------------
2026-02-11 13:55:48,779 - INFO - 
PAIR1: STN-L, GPi-L
2026-02-11 13:55:48,780 - INFO -   ROI1: [215]
2026-02-11 13:55:48,780 - INFO -   ROI2: [223]
2026-02-11 13:55:48,780 - INFO -   FC range: [-0.9928, 1.0000]
2026-02-11 13:55:48,780 - INFO -   FC mean ± std: 0.0288 ± 0.7452
2026-02-11 13:55:48,780 - INFO -   Pearson  r =  0.0770, p = 5.7653e-01 ns
2026-02-11 13:55:48,780 - INFO -   Spearman r =  0.1128, p = 4.1204e-01 ns
2026-02-11 13:55:48,782 - INFO - 
PAIR2: STN-L, Thalamus-L
2026-02-11 13:55:48,782 - INFO -   ROI1: [215]
2026-02-11 13:55:48,782 - INFO -   ROI2: [225]
2026-02-11 13:55:48,782 - INFO -   FC range: [-0.9840, 1.0000]
2026-02-11 13:55:48,782 - INFO -   FC mean ± std: 0.2348 ± 0.7457
2026-02-11 13:55:48,782 - INFO -   Pearson  r = -0.0834, p = 5.4478e-01 ns
2026-02-11 13:55:48,782 - INFO -   Spearman r =  0.0111, p = 9.3562e-01 ns
2026-02-11 13:55:48,784 - INFO - 
PAIR3: STN, M1
2026-02-11 13:55:48,784 - INFO -   ROI1: [215, 216]
2026-02-11 13:55:48,784 - INFO -   ROI2: [55, 56, 63, 64]
2026-02-11 13:55:48,784 - INFO -   FC range: [-0.9959, 0.9999]
2026-02-11 13:55:48,784 - INFO -   FC mean ± std: -0.0887 ± 0.7885
2026-02-11 13:55:48,784 - INFO -   Pearson  r =  0.3150, p = 1.9157e-02 *
2026-02-11 13:55:48,784 - INFO -   Spearman r =  0.2745, p = 4.2568e-02 *
2026-02-11 13:55:48,786 - INFO - 
PAIR4: STN, SMA
2026-02-11 13:55:48,786 - INFO -   ROI1: [215, 216]
2026-02-11 13:55:48,786 - INFO -   ROI2: [53, 54, 57, 58, 59, 60, 61, 62, 67, 68]
2026-02-11 13:55:48,786 - INFO -   FC range: [-0.9963, 1.0000]
2026-02-11 13:55:48,786 - INFO -   FC mean ± std: -0.0635 ± 0.7966
2026-02-11 13:55:48,786 - INFO -   Pearson  r =  0.3762, p = 4.6406e-03 **
2026-02-11 13:55:48,786 - INFO -   Spearman r =  0.3124, p = 2.0219e-02 *
2026-02-11 13:55:48,786 - INFO - 
================================================================================
2026-02-11 13:55:48,788 - INFO - 
Saved correlation results to dbs_fc_correlation_results.json
2026-02-11 13:55:48,789 - INFO - 
[Step 3] Analyzing AI model predictions...
2026-02-11 13:55:48,789 - INFO - 
================================================================================
2026-02-11 13:55:48,789 - INFO - AI Model Prediction Analysis (5-Fold CV)
2026-02-11 13:55:48,789 - INFO - ================================================================================
2026-02-11 13:55:48,789 - INFO - 
Processing individual folds...
2026-02-11 13:55:48,791 - INFO - Fold 1: Spearman R = 0.636, P = 0.0353
2026-02-11 13:55:48,794 - INFO - Fold 2: Spearman R = 0.591, P = 0.0556
2026-02-11 13:55:48,796 - INFO - Fold 3: Spearman R = 0.791, P = 0.0037
2026-02-11 13:55:48,799 - INFO - Fold 4: Spearman R = 0.518, P = 0.1025
2026-02-11 13:55:48,801 - INFO - Fold 5: Spearman R = 0.609, P = 0.0467
2026-02-11 13:55:48,803 - INFO - 
Saved fold results to ai_model_fold_results.csv
2026-02-11 13:55:48,804 - INFO - 
Loaded pooled data: 55 samples
2026-02-11 13:55:48,805 - INFO - 
--------------------------------------------------------------------------------
2026-02-11 13:55:48,805 - INFO - Pooled Data Summary:
2026-02-11 13:55:48,805 - INFO -   Spearman R = 0.557
2026-02-11 13:55:48,805 - INFO -   P-value = 0.0000
2026-02-11 13:55:48,805 - INFO -   N samples = 55
2026-02-11 13:55:48,806 - INFO - --------------------------------------------------------------------------------
2026-02-11 13:55:48,806 - INFO - 
[Step 4] Creating integrated visualizations...
2026-02-11 13:55:48,806 - INFO - 
Generating integrated visualizations...
2026-02-11 13:55:50,330 - INFO - Saved integrated visualization to dbs_integrated_analysis.png and .pdf
2026-02-11 13:55:50,330 - INFO - 
[Step 5] Analyzing by target...
2026-02-11 13:55:50,330 - INFO - 
================================================================================
2026-02-11 13:55:50,330 - INFO - Target-Specific Correlation Analysis
2026-02-11 13:55:50,330 - INFO - ================================================================================
2026-02-11 13:55:50,331 - INFO - 
B-GPi (N=28):
2026-02-11 13:55:50,331 - INFO - ----------------------------------------
2026-02-11 13:55:50,333 - INFO -   pair1: Pearson r=0.241 (p=2.169e-01), Spearman r=0.355 (p=6.399e-02)
2026-02-11 13:55:50,335 - INFO -   pair2: Pearson r=0.034 (p=8.626e-01), Spearman r=0.229 (p=2.415e-01)
2026-02-11 13:55:50,337 - INFO -   pair3: Pearson r=0.256 (p=1.894e-01), Spearman r=0.201 (p=3.053e-01)
2026-02-11 13:55:50,339 - INFO -   pair4: Pearson r=0.295 (p=1.279e-01), Spearman r=0.223 (p=2.551e-01)
2026-02-11 13:55:50,339 - INFO - 
B-STN (N=27):
2026-02-11 13:55:50,339 - INFO - ----------------------------------------
2026-02-11 13:55:50,341 - INFO -   pair1: Pearson r=0.017 (p=9.330e-01), Spearman r=0.054 (p=7.901e-01)
2026-02-11 13:55:50,343 - INFO -   pair2: Pearson r=-0.036 (p=8.574e-01), Spearman r=0.044 (p=8.277e-01)
2026-02-11 13:55:50,345 - INFO -   pair3: Pearson r=0.204 (p=3.071e-01), Spearman r=0.136 (p=4.983e-01)
2026-02-11 13:55:50,347 - INFO -   pair4: Pearson r=0.260 (p=1.908e-01), Spearman r=0.112 (p=5.769e-01)
2026-02-11 13:55:50,349 - INFO - 
Saved target-specific results to dbs_fc_correlation_by_target.json
2026-02-11 13:55:50,349 - INFO - 
================================================================================
2026-02-11 13:55:50,349 - INFO - Analysis Complete!
2026-02-11 13:55:50,349 - INFO - ================================================================================
2026-02-11 13:55:50,349 - INFO - 
Generated files:
2026-02-11 13:55:50,349 - INFO -   - dbs_fc_improvement_data.csv          : Raw FC and improvement rate data
2026-02-11 13:55:50,349 - INFO -   - dbs_fc_correlation_results.json      : FC correlation statistics
2026-02-11 13:55:50,349 - INFO -   - dbs_fc_correlation_by_target.json    : Target-specific FC correlation
2026-02-11 13:55:50,349 - INFO -   - ai_model_fold_results.csv            : AI model 5-fold CV results
2026-02-11 13:55:50,349 - INFO -   - dbs_integrated_analysis.png/pdf      : Integrated visualization (FC + AI)
2026-02-11 13:55:50,349 - INFO -   - dbs_integrated_analysis.log          : Detailed log file
2026-02-11 13:55:50,349 - INFO - 
================================================================================
2026-02-11 14:16:21,460 - INFO - ================================================================================
2026-02-11 14:16:21,468 - INFO - Starting Integrated DBS Analysis (FC + AI Model)
2026-02-11 14:16:21,468 - INFO - ================================================================================
2026-02-11 14:16:21,468 - INFO - 
[Step 1] Parsing DBS_UPDRS CSV data...
2026-02-11 14:16:21,473 - INFO - Parsing patient data from CSV...
2026-02-11 14:16:21,505 - INFO - 
Improvement rate statistics:
2026-02-11 14:16:21,506 - INFO -   N samples: 55
2026-02-11 14:16:21,506 - INFO -   Min: 0.0000
2026-02-11 14:16:21,506 - INFO -   Max: 0.6970
2026-02-11 14:16:21,506 - INFO -   Mean: 0.3115
2026-02-11 14:16:21,506 - INFO -   Std: 0.1750
2026-02-11 14:16:21,506 - INFO -   Median: 0.3000
2026-02-11 14:16:21,506 - INFO - 
Found 55 valid patient samples with complete data
2026-02-11 14:16:21,506 - INFO - 
[Step 2] Computing FC and analyzing correlations...
2026-02-11 14:16:21,506 - INFO - 
================================================================================
2026-02-11 14:16:21,506 - INFO - FC-UPDRS III Improvement Rate Correlation Analysis
2026-02-11 14:16:21,506 - INFO - ================================================================================
2026-02-11 14:16:21,506 - INFO - 
Computing FC features for all patients...
2026-02-11 14:16:22,181 - INFO - 
Saved raw data to dbs_fc_improvement_data.csv (N=55)
2026-02-11 14:16:22,181 - INFO - 
--------------------------------------------------------------------------------
2026-02-11 14:16:22,181 - INFO - Correlation Analysis Results:
2026-02-11 14:16:22,181 - INFO - --------------------------------------------------------------------------------
2026-02-11 14:16:22,183 - INFO - 
PAIR1: STN-L, GPi-L
2026-02-11 14:16:22,184 - INFO -   ROI1: [215]
2026-02-11 14:16:22,184 - INFO -   ROI2: [223]
2026-02-11 14:16:22,184 - INFO -   FC range: [-0.9928, 1.0000]
2026-02-11 14:16:22,184 - INFO -   FC mean ± std: 0.0288 ± 0.7452
2026-02-11 14:16:22,184 - INFO -   Pearson  r =  0.0770, p = 5.7653e-01 ns
2026-02-11 14:16:22,184 - INFO -   Spearman r =  0.1128, p = 4.1204e-01 ns
2026-02-11 14:16:22,186 - INFO - 
PAIR2: STN-L, Thalamus-L
2026-02-11 14:16:22,186 - INFO -   ROI1: [215]
2026-02-11 14:16:22,186 - INFO -   ROI2: [225]
2026-02-11 14:16:22,186 - INFO -   FC range: [-0.9840, 1.0000]
2026-02-11 14:16:22,186 - INFO -   FC mean ± std: 0.2348 ± 0.7457
2026-02-11 14:16:22,186 - INFO -   Pearson  r = -0.0834, p = 5.4478e-01 ns
2026-02-11 14:16:22,186 - INFO -   Spearman r =  0.0111, p = 9.3562e-01 ns
2026-02-11 14:16:22,188 - INFO - 
PAIR3: STN, M1
2026-02-11 14:16:22,188 - INFO -   ROI1: [215, 216]
2026-02-11 14:16:22,188 - INFO -   ROI2: [55, 56, 63, 64]
2026-02-11 14:16:22,188 - INFO -   FC range: [-0.9959, 0.9999]
2026-02-11 14:16:22,188 - INFO -   FC mean ± std: -0.0887 ± 0.7885
2026-02-11 14:16:22,188 - INFO -   Pearson  r =  0.3150, p = 1.9157e-02 *
2026-02-11 14:16:22,188 - INFO -   Spearman r =  0.2745, p = 4.2568e-02 *
2026-02-11 14:16:22,190 - INFO - 
PAIR4: STN, SMA
2026-02-11 14:16:22,190 - INFO -   ROI1: [215, 216]
2026-02-11 14:16:22,190 - INFO -   ROI2: [53, 54, 57, 58, 59, 60, 61, 62, 67, 68]
2026-02-11 14:16:22,190 - INFO -   FC range: [-0.9963, 1.0000]
2026-02-11 14:16:22,190 - INFO -   FC mean ± std: -0.0635 ± 0.7966
2026-02-11 14:16:22,190 - INFO -   Pearson  r =  0.3762, p = 4.6406e-03 **
2026-02-11 14:16:22,190 - INFO -   Spearman r =  0.3124, p = 2.0219e-02 *
2026-02-11 14:16:22,190 - INFO - 
================================================================================
2026-02-11 14:16:22,192 - INFO - 
Saved correlation results to dbs_fc_correlation_results.json
2026-02-11 14:16:22,193 - INFO - 
[Step 3] Analyzing AI model predictions...
2026-02-11 14:16:50,165 - INFO - ================================================================================
2026-02-11 14:16:50,165 - INFO - Starting Integrated DBS Analysis (FC + AI Model)
2026-02-11 14:16:50,165 - INFO - ================================================================================
2026-02-11 14:16:50,165 - INFO - 
[Step 1] Parsing DBS_UPDRS CSV data...
2026-02-11 14:16:50,169 - INFO - Parsing patient data from CSV...
2026-02-11 14:16:50,201 - INFO - 
Improvement rate statistics:
2026-02-11 14:16:50,201 - INFO -   N samples: 55
2026-02-11 14:16:50,201 - INFO -   Min: 0.0000
2026-02-11 14:16:50,201 - INFO -   Max: 0.6970
2026-02-11 14:16:50,201 - INFO -   Mean: 0.3115
2026-02-11 14:16:50,201 - INFO -   Std: 0.1750
2026-02-11 14:16:50,201 - INFO -   Median: 0.3000
2026-02-11 14:16:50,201 - INFO - 
Found 55 valid patient samples with complete data
2026-02-11 14:16:50,201 - INFO - 
[Step 2] Computing FC and analyzing correlations...
2026-02-11 14:16:50,201 - INFO - 
================================================================================
2026-02-11 14:16:50,202 - INFO - FC-UPDRS III Improvement Rate Correlation Analysis
2026-02-11 14:16:50,202 - INFO - ================================================================================
2026-02-11 14:16:50,202 - INFO - 
Computing FC features for all patients...
2026-02-11 14:16:50,892 - INFO - 
Saved raw data to dbs_fc_improvement_data.csv (N=55)
2026-02-11 14:16:50,892 - INFO - 
--------------------------------------------------------------------------------
2026-02-11 14:16:50,892 - INFO - Correlation Analysis Results:
2026-02-11 14:16:50,892 - INFO - --------------------------------------------------------------------------------
2026-02-11 14:16:50,895 - INFO - 
PAIR1: STN-L, GPi-L
2026-02-11 14:16:50,895 - INFO -   ROI1: [215]
2026-02-11 14:16:50,895 - INFO -   ROI2: [223]
2026-02-11 14:16:50,895 - INFO -   FC range: [-0.9928, 1.0000]
2026-02-11 14:16:50,895 - INFO -   FC mean ± std: 0.0288 ± 0.7452
2026-02-11 14:16:50,895 - INFO -   Pearson  r =  0.0770, p = 5.7653e-01 ns
2026-02-11 14:16:50,895 - INFO -   Spearman r =  0.1128, p = 4.1204e-01 ns
2026-02-11 14:16:50,897 - INFO - 
PAIR2: STN-L, Thalamus-L
2026-02-11 14:16:50,897 - INFO -   ROI1: [215]
2026-02-11 14:16:50,897 - INFO -   ROI2: [225]
2026-02-11 14:16:50,897 - INFO -   FC range: [-0.9840, 1.0000]
2026-02-11 14:16:50,897 - INFO -   FC mean ± std: 0.2348 ± 0.7457
2026-02-11 14:16:50,897 - INFO -   Pearson  r = -0.0834, p = 5.4478e-01 ns
2026-02-11 14:16:50,897 - INFO -   Spearman r =  0.0111, p = 9.3562e-01 ns
2026-02-11 14:16:50,899 - INFO - 
PAIR3: STN, M1
2026-02-11 14:16:50,899 - INFO -   ROI1: [215, 216]
2026-02-11 14:16:50,899 - INFO -   ROI2: [55, 56, 63, 64]
2026-02-11 14:16:50,899 - INFO -   FC range: [-0.9959, 0.9999]
2026-02-11 14:16:50,899 - INFO -   FC mean ± std: -0.0887 ± 0.7885
2026-02-11 14:16:50,899 - INFO -   Pearson  r =  0.3150, p = 1.9157e-02 *
2026-02-11 14:16:50,899 - INFO -   Spearman r =  0.2745, p = 4.2568e-02 *
2026-02-11 14:16:50,901 - INFO - 
PAIR4: STN, SMA
2026-02-11 14:16:50,901 - INFO -   ROI1: [215, 216]
2026-02-11 14:16:50,901 - INFO -   ROI2: [53, 54, 57, 58, 59, 60, 61, 62, 67, 68]
2026-02-11 14:16:50,902 - INFO -   FC range: [-0.9963, 1.0000]
2026-02-11 14:16:50,902 - INFO -   FC mean ± std: -0.0635 ± 0.7966
2026-02-11 14:16:50,902 - INFO -   Pearson  r =  0.3762, p = 4.6406e-03 **
2026-02-11 14:16:50,902 - INFO -   Spearman r =  0.3124, p = 2.0219e-02 *
2026-02-11 14:16:50,902 - INFO - 
================================================================================
2026-02-11 14:16:50,904 - INFO - 
Saved correlation results to dbs_fc_correlation_results.json
2026-02-11 14:16:50,904 - INFO - 
[Step 3] Analyzing AI model predictions...
2026-02-11 14:16:50,904 - INFO - 
================================================================================
2026-02-11 14:16:50,904 - INFO - AI Model Prediction Analysis (5-Fold CV)
2026-02-11 14:16:50,904 - INFO - ================================================================================
2026-02-11 14:16:50,904 - INFO - 
Processing individual folds...
2026-02-11 14:16:50,907 - INFO - Fold 1: Spearman R = 0.636, P = 0.0353
2026-02-11 14:16:50,909 - INFO - Fold 2: Spearman R = 0.591, P = 0.0556
2026-02-11 14:16:50,912 - INFO - Fold 3: Spearman R = 0.791, P = 0.0037
2026-02-11 14:16:50,914 - INFO - Fold 4: Spearman R = 0.518, P = 0.1025
2026-02-11 14:16:50,916 - INFO - Fold 5: Spearman R = 0.609, P = 0.0467
2026-02-11 14:16:50,919 - INFO - 
Saved fold results to ai_model_fold_results.csv
2026-02-11 14:16:50,920 - INFO - 
Loaded pooled data: 55 samples
2026-02-11 14:16:50,921 - INFO - 
--------------------------------------------------------------------------------
2026-02-11 14:16:50,921 - INFO - Pooled Data Summary:
2026-02-11 14:16:50,921 - INFO -   Spearman R = 0.557
2026-02-11 14:16:50,921 - INFO -   P-value = 0.0000
2026-02-11 14:16:50,921 - INFO -   N samples = 55
2026-02-11 14:16:50,921 - INFO - --------------------------------------------------------------------------------
2026-02-11 14:16:50,921 - INFO - 
[Step 4] Creating integrated visualizations...
2026-02-11 14:16:50,921 - INFO - 
Generating integrated visualizations...
2026-02-11 14:16:53,705 - INFO - Saved integrated visualization to dbs_integrated_analysis.png and .pdf
2026-02-11 14:16:53,705 - INFO - 
[Step 5] Analyzing by target...
2026-02-11 14:16:53,705 - INFO - 
================================================================================
2026-02-11 14:16:53,705 - INFO - Target-Specific Correlation Analysis
2026-02-11 14:16:53,705 - INFO - ================================================================================
2026-02-11 14:16:53,706 - INFO - 
B-GPi (N=28):
2026-02-11 14:16:53,707 - INFO - ----------------------------------------
2026-02-11 14:16:53,709 - INFO -   pair1: Pearson r=0.241 (p=2.169e-01), Spearman r=0.355 (p=6.399e-02)
2026-02-11 14:16:53,711 - INFO -   pair2: Pearson r=0.034 (p=8.626e-01), Spearman r=0.229 (p=2.415e-01)
2026-02-11 14:16:53,713 - INFO -   pair3: Pearson r=0.256 (p=1.894e-01), Spearman r=0.201 (p=3.053e-01)
2026-02-11 14:16:53,715 - INFO -   pair4: Pearson r=0.295 (p=1.279e-01), Spearman r=0.223 (p=2.551e-01)
2026-02-11 14:16:53,715 - INFO - 
B-STN (N=27):
2026-02-11 14:16:53,715 - INFO - ----------------------------------------
2026-02-11 14:16:53,717 - INFO -   pair1: Pearson r=0.017 (p=9.330e-01), Spearman r=0.054 (p=7.901e-01)
2026-02-11 14:16:53,719 - INFO -   pair2: Pearson r=-0.036 (p=8.574e-01), Spearman r=0.044 (p=8.277e-01)
2026-02-11 14:16:53,721 - INFO -   pair3: Pearson r=0.204 (p=3.071e-01), Spearman r=0.136 (p=4.983e-01)
2026-02-11 14:16:53,723 - INFO -   pair4: Pearson r=0.260 (p=1.908e-01), Spearman r=0.112 (p=5.769e-01)
2026-02-11 14:16:53,725 - INFO - 
Saved target-specific results to dbs_fc_correlation_by_target.json
2026-02-11 14:16:53,725 - INFO - 
================================================================================
2026-02-11 14:16:53,725 - INFO - Analysis Complete!
2026-02-11 14:16:53,725 - INFO - ================================================================================
2026-02-11 14:16:53,725 - INFO - 
Generated files:
2026-02-11 14:16:53,725 - INFO -   - dbs_fc_improvement_data.csv          : Raw FC and improvement rate data
2026-02-11 14:16:53,725 - INFO -   - dbs_fc_correlation_results.json      : FC correlation statistics
2026-02-11 14:16:53,725 - INFO -   - dbs_fc_correlation_by_target.json    : Target-specific FC correlation
2026-02-11 14:16:53,725 - INFO -   - ai_model_fold_results.csv            : AI model 5-fold CV results
2026-02-11 14:16:53,725 - INFO -   - dbs_integrated_analysis.png/pdf      : Integrated visualization (FC + AI)
2026-02-11 14:16:53,725 - INFO -   - dbs_integrated_analysis.log          : Detailed log file
2026-02-11 14:16:53,725 - INFO - 
================================================================================
2026-02-11 14:19:51,338 - INFO - ================================================================================
2026-02-11 14:19:51,343 - INFO - Starting Integrated DBS Analysis (FC + AI Model)
2026-02-11 14:19:51,343 - INFO - ================================================================================
2026-02-11 14:19:51,343 - INFO - 
[Step 1] Parsing DBS_UPDRS CSV data...
2026-02-11 14:19:51,347 - INFO - Parsing patient data from CSV...
2026-02-11 14:19:51,379 - INFO - 
Improvement rate statistics:
2026-02-11 14:19:51,380 - INFO -   N samples: 55
2026-02-11 14:19:51,380 - INFO -   Min: 0.0000
2026-02-11 14:19:51,380 - INFO -   Max: 0.6970
2026-02-11 14:19:51,380 - INFO -   Mean: 0.3115
2026-02-11 14:19:51,380 - INFO -   Std: 0.1750
2026-02-11 14:19:51,380 - INFO -   Median: 0.3000
2026-02-11 14:19:51,380 - INFO - 
Found 55 valid patient samples with complete data
2026-02-11 14:19:51,380 - INFO - 
[Step 2] Computing FC and analyzing correlations...
2026-02-11 14:19:51,380 - INFO - 
================================================================================
2026-02-11 14:19:51,380 - INFO - FC-UPDRS III Improvement Rate Correlation Analysis
2026-02-11 14:19:51,380 - INFO - ================================================================================
2026-02-11 14:19:51,380 - INFO - 
Computing FC features for all patients...
2026-02-11 14:19:52,051 - INFO - 
Saved raw data to dbs_fc_improvement_data.csv (N=55)
2026-02-11 14:19:52,051 - INFO - 
--------------------------------------------------------------------------------
2026-02-11 14:19:52,051 - INFO - Correlation Analysis Results:
2026-02-11 14:19:52,051 - INFO - --------------------------------------------------------------------------------
2026-02-11 14:19:52,053 - INFO - 
PAIR1: STN-L, GPi-L
2026-02-11 14:19:52,053 - INFO -   ROI1: [215]
2026-02-11 14:19:52,053 - INFO -   ROI2: [223]
2026-02-11 14:19:52,053 - INFO -   FC range: [-0.9928, 1.0000]
2026-02-11 14:19:52,053 - INFO -   FC mean ± std: 0.0288 ± 0.7452
2026-02-11 14:19:52,053 - INFO -   Pearson  r =  0.0770, p = 5.7653e-01 ns
2026-02-11 14:19:52,053 - INFO -   Spearman r =  0.1128, p = 4.1204e-01 ns
2026-02-11 14:19:52,055 - INFO - 
PAIR2: STN-L, Thalamus-L
2026-02-11 14:19:52,055 - INFO -   ROI1: [215]
2026-02-11 14:19:52,055 - INFO -   ROI2: [225]
2026-02-11 14:19:52,055 - INFO -   FC range: [-0.9840, 1.0000]
2026-02-11 14:19:52,056 - INFO -   FC mean ± std: 0.2348 ± 0.7457
2026-02-11 14:19:52,056 - INFO -   Pearson  r = -0.0834, p = 5.4478e-01 ns
2026-02-11 14:19:52,056 - INFO -   Spearman r =  0.0111, p = 9.3562e-01 ns
2026-02-11 14:19:52,057 - INFO - 
PAIR3: STN, M1
2026-02-11 14:19:52,058 - INFO -   ROI1: [215, 216]
2026-02-11 14:19:52,058 - INFO -   ROI2: [55, 56, 63, 64]
2026-02-11 14:19:52,058 - INFO -   FC range: [-0.9959, 0.9999]
2026-02-11 14:19:52,058 - INFO -   FC mean ± std: -0.0887 ± 0.7885
2026-02-11 14:19:52,058 - INFO -   Pearson  r =  0.3150, p = 1.9157e-02 *
2026-02-11 14:19:52,058 - INFO -   Spearman r =  0.2745, p = 4.2568e-02 *
2026-02-11 14:19:52,060 - INFO - 
PAIR4: STN, SMA
2026-02-11 14:19:52,060 - INFO -   ROI1: [215, 216]
2026-02-11 14:19:52,060 - INFO -   ROI2: [53, 54, 57, 58, 59, 60, 61, 62, 67, 68]
2026-02-11 14:19:52,060 - INFO -   FC range: [-0.9963, 1.0000]
2026-02-11 14:19:52,060 - INFO -   FC mean ± std: -0.0635 ± 0.7966
2026-02-11 14:19:52,060 - INFO -   Pearson  r =  0.3762, p = 4.6406e-03 **
2026-02-11 14:19:52,060 - INFO -   Spearman r =  0.3124, p = 2.0219e-02 *
2026-02-11 14:19:52,060 - INFO - 
================================================================================
2026-02-11 14:19:52,061 - INFO - 
Saved correlation results to dbs_fc_correlation_results.json
2026-02-11 14:19:52,062 - INFO - 
[Step 3] Analyzing AI model predictions...
2026-02-11 14:19:52,062 - INFO - 
================================================================================
2026-02-11 14:19:52,062 - INFO - AI Model Prediction Analysis (5-Fold CV)
2026-02-11 14:19:52,062 - INFO - ================================================================================
2026-02-11 14:19:52,062 - INFO - 
Processing individual folds...
2026-02-11 14:19:52,064 - INFO - Fold 1: Spearman R = 0.636, P = 0.0353
2026-02-11 14:19:52,067 - INFO - Fold 2: Spearman R = 0.591, P = 0.0556
2026-02-11 14:19:52,069 - INFO - Fold 3: Spearman R = 0.791, P = 0.0037
2026-02-11 14:19:52,072 - INFO - Fold 4: Spearman R = 0.518, P = 0.1025
2026-02-11 14:19:52,074 - INFO - Fold 5: Spearman R = 0.609, P = 0.0467
2026-02-11 14:19:52,076 - INFO - 
Saved fold results to ai_model_fold_results.csv
2026-02-11 14:19:52,077 - INFO - 
Loaded pooled data: 55 samples
2026-02-11 14:19:52,078 - INFO - 
--------------------------------------------------------------------------------
2026-02-11 14:19:52,078 - INFO - Pooled Data Summary:
2026-02-11 14:19:52,079 - INFO -   Spearman R = 0.557
2026-02-11 14:19:52,079 - INFO -   P-value = 0.0000
2026-02-11 14:19:52,079 - INFO -   N samples = 55
2026-02-11 14:19:52,079 - INFO - --------------------------------------------------------------------------------
2026-02-11 14:19:52,079 - INFO - 
[Step 4] Creating integrated visualizations...
2026-02-11 14:19:52,079 - INFO - 
Generating integrated visualizations...
2026-02-11 14:19:54,672 - INFO - Saved integrated visualization to dbs_integrated_analysis.png and .pdf
2026-02-11 14:19:54,672 - INFO - 
[Step 5] Analyzing by target...
2026-02-11 14:19:54,672 - INFO - 
================================================================================
2026-02-11 14:19:54,672 - INFO - Target-Specific Correlation Analysis
2026-02-11 14:19:54,672 - INFO - ================================================================================
2026-02-11 14:19:54,673 - INFO - 
B-GPi (N=28):
2026-02-11 14:19:54,673 - INFO - ----------------------------------------
2026-02-11 14:19:54,675 - INFO -   pair1: Pearson r=0.241 (p=2.169e-01), Spearman r=0.355 (p=6.399e-02)
2026-02-11 14:19:54,677 - INFO -   pair2: Pearson r=0.034 (p=8.626e-01), Spearman r=0.229 (p=2.415e-01)
2026-02-11 14:19:54,679 - INFO -   pair3: Pearson r=0.256 (p=1.894e-01), Spearman r=0.201 (p=3.053e-01)
2026-02-11 14:19:54,681 - INFO -   pair4: Pearson r=0.295 (p=1.279e-01), Spearman r=0.223 (p=2.551e-01)
2026-02-11 14:19:54,682 - INFO - 
B-STN (N=27):
2026-02-11 14:19:54,682 - INFO - ----------------------------------------
2026-02-11 14:19:54,683 - INFO -   pair1: Pearson r=0.017 (p=9.330e-01), Spearman r=0.054 (p=7.901e-01)
2026-02-11 14:19:54,685 - INFO -   pair2: Pearson r=-0.036 (p=8.574e-01), Spearman r=0.044 (p=8.277e-01)
2026-02-11 14:19:54,687 - INFO -   pair3: Pearson r=0.204 (p=3.071e-01), Spearman r=0.136 (p=4.983e-01)
2026-02-11 14:19:54,689 - INFO -   pair4: Pearson r=0.260 (p=1.908e-01), Spearman r=0.112 (p=5.769e-01)
2026-02-11 14:19:54,691 - INFO - 
Saved target-specific results to dbs_fc_correlation_by_target.json
2026-02-11 14:19:54,691 - INFO - 
================================================================================
2026-02-11 14:19:54,692 - INFO - Analysis Complete!
2026-02-11 14:19:54,692 - INFO - ================================================================================
2026-02-11 14:19:54,692 - INFO - 
Generated files:
2026-02-11 14:19:54,692 - INFO -   - dbs_fc_improvement_data.csv          : Raw FC and improvement rate data
2026-02-11 14:19:54,692 - INFO -   - dbs_fc_correlation_results.json      : FC correlation statistics
2026-02-11 14:19:54,692 - INFO -   - dbs_fc_correlation_by_target.json    : Target-specific FC correlation
2026-02-11 14:19:54,692 - INFO -   - ai_model_fold_results.csv            : AI model 5-fold CV results
2026-02-11 14:19:54,692 - INFO -   - dbs_integrated_analysis.png/pdf      : Integrated visualization (FC + AI)
2026-02-11 14:19:54,692 - INFO -   - dbs_integrated_analysis.log          : Detailed log file
2026-02-11 14:19:54,692 - INFO - 
================================================================================
2026-02-11 14:20:47,800 - INFO - ================================================================================
2026-02-11 14:20:47,800 - INFO - Starting Integrated DBS Analysis (FC + AI Model)
2026-02-11 14:20:47,800 - INFO - ================================================================================
2026-02-11 14:20:47,800 - INFO - 
[Step 1] Parsing DBS_UPDRS CSV data...
2026-02-11 14:20:47,804 - INFO - Parsing patient data from CSV...
2026-02-11 14:20:47,836 - INFO - 
Improvement rate statistics:
2026-02-11 14:20:47,836 - INFO -   N samples: 55
2026-02-11 14:20:47,836 - INFO -   Min: 0.0000
2026-02-11 14:20:47,836 - INFO -   Max: 0.6970
2026-02-11 14:20:47,836 - INFO -   Mean: 0.3115
2026-02-11 14:20:47,836 - INFO -   Std: 0.1750
2026-02-11 14:20:47,836 - INFO -   Median: 0.3000
2026-02-11 14:20:47,836 - INFO - 
Found 55 valid patient samples with complete data
2026-02-11 14:20:47,836 - INFO - 
[Step 2] Computing FC and analyzing correlations...
2026-02-11 14:20:47,836 - INFO - 
================================================================================
2026-02-11 14:20:47,836 - INFO - FC-UPDRS III Improvement Rate Correlation Analysis
2026-02-11 14:20:47,836 - INFO - ================================================================================
2026-02-11 14:20:47,836 - INFO - 
Computing FC features for all patients...
2026-02-11 14:20:48,521 - INFO - 
Saved raw data to dbs_fc_improvement_data.csv (N=55)
2026-02-11 14:20:48,521 - INFO - 
--------------------------------------------------------------------------------
2026-02-11 14:20:48,522 - INFO - Correlation Analysis Results:
2026-02-11 14:20:48,522 - INFO - --------------------------------------------------------------------------------
2026-02-11 14:20:48,524 - INFO - 
PAIR1: STN-L, GPi-L
2026-02-11 14:20:48,524 - INFO -   ROI1: [215]
2026-02-11 14:20:48,524 - INFO -   ROI2: [223]
2026-02-11 14:20:48,524 - INFO -   FC range: [-0.9928, 1.0000]
2026-02-11 14:20:48,524 - INFO -   FC mean ± std: 0.0288 ± 0.7452
2026-02-11 14:20:48,524 - INFO -   Pearson  r =  0.0770, p = 5.7653e-01 ns
2026-02-11 14:20:48,524 - INFO -   Spearman r =  0.1128, p = 4.1204e-01 ns
2026-02-11 14:20:48,526 - INFO - 
PAIR2: STN-L, Thalamus-L
2026-02-11 14:20:48,526 - INFO -   ROI1: [215]
2026-02-11 14:20:48,526 - INFO -   ROI2: [225]
2026-02-11 14:20:48,526 - INFO -   FC range: [-0.9840, 1.0000]
2026-02-11 14:20:48,526 - INFO -   FC mean ± std: 0.2348 ± 0.7457
2026-02-11 14:20:48,526 - INFO -   Pearson  r = -0.0834, p = 5.4478e-01 ns
2026-02-11 14:20:48,526 - INFO -   Spearman r =  0.0111, p = 9.3562e-01 ns
2026-02-11 14:20:48,528 - INFO - 
PAIR3: STN, M1
2026-02-11 14:20:48,528 - INFO -   ROI1: [215, 216]
2026-02-11 14:20:48,528 - INFO -   ROI2: [55, 56, 63, 64]
2026-02-11 14:20:48,528 - INFO -   FC range: [-0.9959, 0.9999]
2026-02-11 14:20:48,529 - INFO -   FC mean ± std: -0.0887 ± 0.7885
2026-02-11 14:20:48,529 - INFO -   Pearson  r =  0.3150, p = 1.9157e-02 *
2026-02-11 14:20:48,529 - INFO -   Spearman r =  0.2745, p = 4.2568e-02 *
2026-02-11 14:20:48,530 - INFO - 
PAIR4: STN, SMA
2026-02-11 14:20:48,531 - INFO -   ROI1: [215, 216]
2026-02-11 14:20:48,531 - INFO -   ROI2: [53, 54, 57, 58, 59, 60, 61, 62, 67, 68]
2026-02-11 14:20:48,531 - INFO -   FC range: [-0.9963, 1.0000]
2026-02-11 14:20:48,531 - INFO -   FC mean ± std: -0.0635 ± 0.7966
2026-02-11 14:20:48,531 - INFO -   Pearson  r =  0.3762, p = 4.6406e-03 **
2026-02-11 14:20:48,531 - INFO -   Spearman r =  0.3124, p = 2.0219e-02 *
2026-02-11 14:20:48,531 - INFO - 
================================================================================
2026-02-11 14:20:48,533 - INFO - 
Saved correlation results to dbs_fc_correlation_results.json
2026-02-11 14:20:48,533 - INFO - 
[Step 3] Analyzing AI model predictions...
2026-02-11 14:20:48,533 - INFO - 
================================================================================
2026-02-11 14:20:48,533 - INFO - AI Model Prediction Analysis (5-Fold CV)
2026-02-11 14:20:48,533 - INFO - ================================================================================
2026-02-11 14:20:48,533 - INFO - 
Processing individual folds...
2026-02-11 14:20:48,535 - INFO - Fold 1: Spearman R = 0.636, P = 0.0353
2026-02-11 14:20:48,538 - INFO - Fold 2: Spearman R = 0.591, P = 0.0556
2026-02-11 14:20:48,540 - INFO - Fold 3: Spearman R = 0.791, P = 0.0037
2026-02-11 14:20:48,543 - INFO - Fold 4: Spearman R = 0.518, P = 0.1025
2026-02-11 14:20:48,545 - INFO - Fold 5: Spearman R = 0.609, P = 0.0467
2026-02-11 14:20:48,547 - INFO - 
Saved fold results to ai_model_fold_results.csv
2026-02-11 14:20:48,548 - INFO - 
Loaded pooled data: 55 samples
2026-02-11 14:20:48,549 - INFO - 
--------------------------------------------------------------------------------
2026-02-11 14:20:48,549 - INFO - Pooled Data Summary:
2026-02-11 14:20:48,550 - INFO -   Spearman R = 0.557
2026-02-11 14:20:48,550 - INFO -   P-value = 0.0000
2026-02-11 14:20:48,550 - INFO -   N samples = 55
2026-02-11 14:20:48,550 - INFO - --------------------------------------------------------------------------------
2026-02-11 14:20:48,550 - INFO - 
[Step 4] Creating integrated visualizations...
2026-02-11 14:20:48,550 - INFO - 
Generating integrated visualizations...
2026-02-11 14:20:51,142 - INFO - Saved integrated visualization to dbs_integrated_analysis.png and .pdf
2026-02-11 14:20:51,142 - INFO - 
[Step 5] Analyzing by target...
2026-02-11 14:20:51,142 - INFO - 
================================================================================
2026-02-11 14:20:51,142 - INFO - Target-Specific Correlation Analysis
2026-02-11 14:20:51,142 - INFO - ================================================================================
2026-02-11 14:20:51,143 - INFO - 
B-GPi (N=28):
2026-02-11 14:20:51,143 - INFO - ----------------------------------------
2026-02-11 14:20:51,146 - INFO -   pair1: Pearson r=0.241 (p=2.169e-01), Spearman r=0.355 (p=6.399e-02)
2026-02-11 14:20:51,148 - INFO -   pair2: Pearson r=0.034 (p=8.626e-01), Spearman r=0.229 (p=2.415e-01)
2026-02-11 14:20:51,150 - INFO -   pair3: Pearson r=0.256 (p=1.894e-01), Spearman r=0.201 (p=3.053e-01)
2026-02-11 14:20:51,152 - INFO -   pair4: Pearson r=0.295 (p=1.279e-01), Spearman r=0.223 (p=2.551e-01)
2026-02-11 14:20:51,152 - INFO - 
B-STN (N=27):
2026-02-11 14:20:51,152 - INFO - ----------------------------------------
2026-02-11 14:20:51,154 - INFO -   pair1: Pearson r=0.017 (p=9.330e-01), Spearman r=0.054 (p=7.901e-01)
2026-02-11 14:20:51,156 - INFO -   pair2: Pearson r=-0.036 (p=8.574e-01), Spearman r=0.044 (p=8.277e-01)
2026-02-11 14:20:51,158 - INFO -   pair3: Pearson r=0.204 (p=3.071e-01), Spearman r=0.136 (p=4.983e-01)
2026-02-11 14:20:51,160 - INFO -   pair4: Pearson r=0.260 (p=1.908e-01), Spearman r=0.112 (p=5.769e-01)
2026-02-11 14:20:51,162 - INFO - 
Saved target-specific results to dbs_fc_correlation_by_target.json
2026-02-11 14:20:51,162 - INFO - 
================================================================================
2026-02-11 14:20:51,162 - INFO - Analysis Complete!
2026-02-11 14:20:51,162 - INFO - ================================================================================
2026-02-11 14:20:51,162 - INFO - 
Generated files:
2026-02-11 14:20:51,162 - INFO -   - dbs_fc_improvement_data.csv          : Raw FC and improvement rate data
2026-02-11 14:20:51,162 - INFO -   - dbs_fc_correlation_results.json      : FC correlation statistics
2026-02-11 14:20:51,162 - INFO -   - dbs_fc_correlation_by_target.json    : Target-specific FC correlation
2026-02-11 14:20:51,162 - INFO -   - ai_model_fold_results.csv            : AI model 5-fold CV results
2026-02-11 14:20:51,162 - INFO -   - dbs_integrated_analysis.png/pdf      : Integrated visualization (FC + AI)
2026-02-11 14:20:51,163 - INFO -   - dbs_integrated_analysis.log          : Detailed log file
2026-02-11 14:20:51,163 - INFO - 
================================================================================
2026-02-11 14:24:58,582 - INFO - ================================================================================
2026-02-11 14:24:58,591 - INFO - Starting Integrated DBS Analysis (FC + AI Model)
2026-02-11 14:24:58,591 - INFO - ================================================================================
2026-02-11 14:24:58,591 - INFO - 
[Step 1] Parsing DBS_UPDRS CSV data...
2026-02-11 14:24:58,595 - INFO - Parsing patient data from CSV...
2026-02-11 14:24:58,627 - INFO - 
Improvement rate statistics:
2026-02-11 14:24:58,627 - INFO -   N samples: 55
2026-02-11 14:24:58,627 - INFO -   Min: 0.0000
2026-02-11 14:24:58,627 - INFO -   Max: 0.6970
2026-02-11 14:24:58,627 - INFO -   Mean: 0.3115
2026-02-11 14:24:58,627 - INFO -   Std: 0.1750
2026-02-11 14:24:58,627 - INFO -   Median: 0.3000
2026-02-11 14:24:58,627 - INFO - 
Found 55 valid patient samples with complete data
2026-02-11 14:24:58,627 - INFO - 
[Step 2] Computing FC and analyzing correlations...
2026-02-11 14:24:58,627 - INFO - 
================================================================================
2026-02-11 14:24:58,627 - INFO - FC-UPDRS III Improvement Rate Correlation Analysis
2026-02-11 14:24:58,627 - INFO - ================================================================================
2026-02-11 14:24:58,627 - INFO - 
Computing FC features for all patients...
2026-02-11 14:24:59,326 - INFO - 
Saved raw data to dbs_fc_improvement_data.csv (N=55)
2026-02-11 14:24:59,326 - INFO - 
--------------------------------------------------------------------------------
2026-02-11 14:24:59,326 - INFO - Correlation Analysis Results:
2026-02-11 14:24:59,326 - INFO - --------------------------------------------------------------------------------
2026-02-11 14:24:59,328 - INFO - 
PAIR1: STN-L, GPi-L
2026-02-11 14:24:59,328 - INFO -   ROI1: [215]
2026-02-11 14:24:59,328 - INFO -   ROI2: [223]
2026-02-11 14:24:59,328 - INFO -   FC range: [-0.9928, 1.0000]
2026-02-11 14:24:59,329 - INFO -   FC mean ± std: 0.0288 ± 0.7452
2026-02-11 14:24:59,329 - INFO -   Pearson  r =  0.0770, p = 5.7653e-01 ns
2026-02-11 14:24:59,329 - INFO -   Spearman r =  0.1128, p = 4.1204e-01 ns
2026-02-11 14:24:59,330 - INFO - 
PAIR2: STN-L, Thalamus-L
2026-02-11 14:24:59,331 - INFO -   ROI1: [215]
2026-02-11 14:24:59,331 - INFO -   ROI2: [225]
2026-02-11 14:24:59,331 - INFO -   FC range: [-0.9840, 1.0000]
2026-02-11 14:24:59,331 - INFO -   FC mean ± std: 0.2348 ± 0.7457
2026-02-11 14:24:59,331 - INFO -   Pearson  r = -0.0834, p = 5.4478e-01 ns
2026-02-11 14:24:59,331 - INFO -   Spearman r =  0.0111, p = 9.3562e-01 ns
2026-02-11 14:24:59,333 - INFO - 
PAIR3: STN, M1
2026-02-11 14:24:59,333 - INFO -   ROI1: [215, 216]
2026-02-11 14:24:59,333 - INFO -   ROI2: [55, 56, 63, 64]
2026-02-11 14:24:59,333 - INFO -   FC range: [-0.9959, 0.9999]
2026-02-11 14:24:59,333 - INFO -   FC mean ± std: -0.0887 ± 0.7885
2026-02-11 14:24:59,333 - INFO -   Pearson  r =  0.3150, p = 1.9157e-02 *
2026-02-11 14:24:59,333 - INFO -   Spearman r =  0.2745, p = 4.2568e-02 *
2026-02-11 14:24:59,335 - INFO - 
PAIR4: STN, SMA
2026-02-11 14:24:59,335 - INFO -   ROI1: [215, 216]
2026-02-11 14:24:59,335 - INFO -   ROI2: [53, 54, 57, 58, 59, 60, 61, 62, 67, 68]
2026-02-11 14:24:59,335 - INFO -   FC range: [-0.9963, 1.0000]
2026-02-11 14:24:59,335 - INFO -   FC mean ± std: -0.0635 ± 0.7966
2026-02-11 14:24:59,335 - INFO -   Pearson  r =  0.3762, p = 4.6406e-03 **
2026-02-11 14:24:59,335 - INFO -   Spearman r =  0.3124, p = 2.0219e-02 *
2026-02-11 14:24:59,335 - INFO - 
================================================================================
2026-02-11 14:24:59,337 - INFO - 
Saved correlation results to dbs_fc_correlation_results.json
2026-02-11 14:24:59,337 - INFO - 
[Step 3] Analyzing AI model predictions...
2026-02-11 14:24:59,337 - INFO - 
================================================================================
2026-02-11 14:24:59,337 - INFO - AI Model Prediction Analysis (5-Fold CV)
2026-02-11 14:24:59,337 - INFO - ================================================================================
2026-02-11 14:24:59,337 - INFO - 
Processing individual folds...
2026-02-11 14:24:59,340 - INFO - Fold 1: Spearman R = 0.636, P = 0.0353
2026-02-11 14:24:59,342 - INFO - Fold 2: Spearman R = 0.591, P = 0.0556
2026-02-11 14:24:59,344 - INFO - Fold 3: Spearman R = 0.791, P = 0.0037
2026-02-11 14:24:59,347 - INFO - Fold 4: Spearman R = 0.518, P = 0.1025
2026-02-11 14:24:59,349 - INFO - Fold 5: Spearman R = 0.609, P = 0.0467
2026-02-11 14:24:59,354 - INFO - 
Saved fold results to ai_model_fold_results.csv
2026-02-11 14:24:59,355 - INFO - 
Loaded pooled data: 55 samples
2026-02-11 14:24:59,356 - INFO - 
--------------------------------------------------------------------------------
2026-02-11 14:24:59,356 - INFO - Pooled Data Summary:
2026-02-11 14:24:59,356 - INFO -   Spearman R = 0.557
2026-02-11 14:24:59,356 - INFO -   P-value = 0.0000
2026-02-11 14:24:59,356 - INFO -   N samples = 55
2026-02-11 14:24:59,356 - INFO - --------------------------------------------------------------------------------
2026-02-11 14:24:59,356 - INFO - 
[Step 4] Creating integrated visualizations...
2026-02-11 14:24:59,356 - INFO - 
Generating integrated visualizations...
2026-02-11 14:25:01,979 - INFO - Saved integrated visualization to dbs_integrated_analysis.png and .pdf
2026-02-11 14:25:01,979 - INFO - 
[Step 5] Analyzing by target...
2026-02-11 14:25:01,980 - INFO - 
================================================================================
2026-02-11 14:25:01,980 - INFO - Target-Specific Correlation Analysis
2026-02-11 14:25:01,980 - INFO - ================================================================================
2026-02-11 14:25:01,981 - INFO - 
B-GPi (N=28):
2026-02-11 14:25:01,981 - INFO - ----------------------------------------
2026-02-11 14:25:01,983 - INFO -   pair1: Pearson r=0.241 (p=2.169e-01), Spearman r=0.355 (p=6.399e-02)
2026-02-11 14:25:01,985 - INFO -   pair2: Pearson r=0.034 (p=8.626e-01), Spearman r=0.229 (p=2.415e-01)
2026-02-11 14:25:01,987 - INFO -   pair3: Pearson r=0.256 (p=1.894e-01), Spearman r=0.201 (p=3.053e-01)
2026-02-11 14:25:01,989 - INFO -   pair4: Pearson r=0.295 (p=1.279e-01), Spearman r=0.223 (p=2.551e-01)
2026-02-11 14:25:01,989 - INFO - 
B-STN (N=27):
2026-02-11 14:25:01,989 - INFO - ----------------------------------------
2026-02-11 14:25:01,991 - INFO -   pair1: Pearson r=0.017 (p=9.330e-01), Spearman r=0.054 (p=7.901e-01)
2026-02-11 14:25:01,993 - INFO -   pair2: Pearson r=-0.036 (p=8.574e-01), Spearman r=0.044 (p=8.277e-01)
2026-02-11 14:25:01,995 - INFO -   pair3: Pearson r=0.204 (p=3.071e-01), Spearman r=0.136 (p=4.983e-01)
2026-02-11 14:25:01,997 - INFO -   pair4: Pearson r=0.260 (p=1.908e-01), Spearman r=0.112 (p=5.769e-01)
2026-02-11 14:25:01,999 - INFO - 
Saved target-specific results to dbs_fc_correlation_by_target.json
2026-02-11 14:25:01,999 - INFO - 
================================================================================
2026-02-11 14:25:01,999 - INFO - Analysis Complete!
2026-02-11 14:25:01,999 - INFO - ================================================================================
2026-02-11 14:25:01,999 - INFO - 
Generated files:
2026-02-11 14:25:01,999 - INFO -   - dbs_fc_improvement_data.csv          : Raw FC and improvement rate data
2026-02-11 14:25:01,999 - INFO -   - dbs_fc_correlation_results.json      : FC correlation statistics
2026-02-11 14:25:01,999 - INFO -   - dbs_fc_correlation_by_target.json    : Target-specific FC correlation
2026-02-11 14:25:01,999 - INFO -   - ai_model_fold_results.csv            : AI model 5-fold CV results
2026-02-11 14:25:01,999 - INFO -   - dbs_integrated_analysis.png/pdf      : Integrated visualization (FC + AI)
2026-02-11 14:25:01,999 - INFO -   - dbs_integrated_analysis.log          : Detailed log file
2026-02-11 14:25:01,999 - INFO - 
================================================================================
2026-02-11 14:26:19,036 - INFO - ================================================================================
2026-02-11 14:26:19,040 - INFO - Starting Integrated DBS Analysis (FC + AI Model)
2026-02-11 14:26:19,040 - INFO - ================================================================================
2026-02-11 14:26:19,040 - INFO - 
[Step 1] Parsing DBS_UPDRS CSV data...
2026-02-11 14:26:19,044 - INFO - Parsing patient data from CSV...
2026-02-11 14:26:19,076 - INFO - 
Improvement rate statistics:
2026-02-11 14:26:19,076 - INFO -   N samples: 55
2026-02-11 14:26:19,076 - INFO -   Min: 0.0000
2026-02-11 14:26:19,076 - INFO -   Max: 0.6970
2026-02-11 14:26:19,076 - INFO -   Mean: 0.3115
2026-02-11 14:26:19,077 - INFO -   Std: 0.1750
2026-02-11 14:26:19,077 - INFO -   Median: 0.3000
2026-02-11 14:26:19,077 - INFO - 
Found 55 valid patient samples with complete data
2026-02-11 14:26:19,077 - INFO - 
[Step 2] Computing FC and analyzing correlations...
2026-02-11 14:26:19,077 - INFO - 
================================================================================
2026-02-11 14:26:19,077 - INFO - FC-UPDRS III Improvement Rate Correlation Analysis
2026-02-11 14:26:19,077 - INFO - ================================================================================
2026-02-11 14:26:19,077 - INFO - 
Computing FC features for all patients...
2026-02-11 14:26:19,799 - INFO - 
Saved raw data to dbs_fc_improvement_data.csv (N=55)
2026-02-11 14:26:19,799 - INFO - 
--------------------------------------------------------------------------------
2026-02-11 14:26:19,799 - INFO - Correlation Analysis Results:
2026-02-11 14:26:19,800 - INFO - --------------------------------------------------------------------------------
2026-02-11 14:26:19,802 - INFO - 
PAIR1: STN-L, GPi-L
2026-02-11 14:26:19,802 - INFO -   ROI1: [215]
2026-02-11 14:26:19,802 - INFO -   ROI2: [223]
2026-02-11 14:26:19,802 - INFO -   FC range: [-0.9928, 1.0000]
2026-02-11 14:26:19,802 - INFO -   FC mean ± std: 0.0288 ± 0.7452
2026-02-11 14:26:19,802 - INFO -   Pearson  r =  0.0770, p = 5.7653e-01 ns
2026-02-11 14:26:19,802 - INFO -   Spearman r =  0.1128, p = 4.1204e-01 ns
2026-02-11 14:26:19,804 - INFO - 
PAIR2: STN-L, Thalamus-L
2026-02-11 14:26:19,804 - INFO -   ROI1: [215]
2026-02-11 14:26:19,804 - INFO -   ROI2: [225]
2026-02-11 14:26:19,804 - INFO -   FC range: [-0.9840, 1.0000]
2026-02-11 14:26:19,804 - INFO -   FC mean ± std: 0.2348 ± 0.7457
2026-02-11 14:26:19,804 - INFO -   Pearson  r = -0.0834, p = 5.4478e-01 ns
2026-02-11 14:26:19,804 - INFO -   Spearman r =  0.0111, p = 9.3562e-01 ns
2026-02-11 14:26:19,806 - INFO - 
PAIR3: STN, M1
2026-02-11 14:26:19,806 - INFO -   ROI1: [215, 216]
2026-02-11 14:26:19,806 - INFO -   ROI2: [55, 56, 63, 64]
2026-02-11 14:26:19,806 - INFO -   FC range: [-0.9959, 0.9999]
2026-02-11 14:26:19,806 - INFO -   FC mean ± std: -0.0887 ± 0.7885
2026-02-11 14:26:19,806 - INFO -   Pearson  r =  0.3150, p = 1.9157e-02 *
2026-02-11 14:26:19,807 - INFO -   Spearman r =  0.2745, p = 4.2568e-02 *
2026-02-11 14:26:19,808 - INFO - 
PAIR4: STN, SMA
2026-02-11 14:26:19,808 - INFO -   ROI1: [215, 216]
2026-02-11 14:26:19,808 - INFO -   ROI2: [53, 54, 57, 58, 59, 60, 61, 62, 67, 68]
2026-02-11 14:26:19,809 - INFO -   FC range: [-0.9963, 1.0000]
2026-02-11 14:26:19,809 - INFO -   FC mean ± std: -0.0635 ± 0.7966
2026-02-11 14:26:19,809 - INFO -   Pearson  r =  0.3762, p = 4.6406e-03 **
2026-02-11 14:26:19,809 - INFO -   Spearman r =  0.3124, p = 2.0219e-02 *
2026-02-11 14:26:19,809 - INFO - 
================================================================================
2026-02-11 14:26:19,810 - INFO - 
Saved correlation results to dbs_fc_correlation_results.json
2026-02-11 14:26:19,811 - INFO - 
[Step 3] Analyzing AI model predictions...
2026-02-11 14:26:19,811 - INFO - 
================================================================================
2026-02-11 14:26:19,811 - INFO - AI Model Prediction Analysis (5-Fold CV)
2026-02-11 14:26:19,811 - INFO - ================================================================================
2026-02-11 14:26:19,811 - INFO - 
Processing individual folds...
2026-02-11 14:26:19,813 - INFO - Fold 1: Spearman R = 0.636, P = 0.0353
2026-02-11 14:26:19,816 - INFO - Fold 2: Spearman R = 0.591, P = 0.0556
2026-02-11 14:26:19,818 - INFO - Fold 3: Spearman R = 0.791, P = 0.0037
2026-02-11 14:26:19,820 - INFO - Fold 4: Spearman R = 0.518, P = 0.1025
2026-02-11 14:26:19,823 - INFO - Fold 5: Spearman R = 0.609, P = 0.0467
2026-02-11 14:26:19,825 - INFO - 
Saved fold results to ai_model_fold_results.csv
2026-02-11 14:26:19,826 - INFO - 
Loaded pooled data: 55 samples
2026-02-11 14:26:19,827 - INFO - 
--------------------------------------------------------------------------------
2026-02-11 14:26:19,827 - INFO - Pooled Data Summary:
2026-02-11 14:26:19,827 - INFO -   Spearman R = 0.557
2026-02-11 14:26:19,827 - INFO -   P-value = 0.0000
2026-02-11 14:26:19,827 - INFO -   N samples = 55
2026-02-11 14:26:19,827 - INFO - --------------------------------------------------------------------------------
2026-02-11 14:26:19,827 - INFO - 
[Step 4] Creating integrated visualizations...
2026-02-11 14:26:19,827 - INFO - 
Generating integrated visualizations...
2026-02-11 14:26:22,403 - INFO - Saved integrated visualization to dbs_integrated_analysis.png and .pdf
2026-02-11 14:26:22,403 - INFO - 
[Step 5] Analyzing by target...
2026-02-11 14:26:22,403 - INFO - 
================================================================================
2026-02-11 14:26:22,403 - INFO - Target-Specific Correlation Analysis
2026-02-11 14:26:22,403 - INFO - ================================================================================
2026-02-11 14:26:22,405 - INFO - 
B-GPi (N=28):
2026-02-11 14:26:22,405 - INFO - ----------------------------------------
2026-02-11 14:26:22,407 - INFO -   pair1: Pearson r=0.241 (p=2.169e-01), Spearman r=0.355 (p=6.399e-02)
2026-02-11 14:26:22,409 - INFO -   pair2: Pearson r=0.034 (p=8.626e-01), Spearman r=0.229 (p=2.415e-01)
2026-02-11 14:26:22,411 - INFO -   pair3: Pearson r=0.256 (p=1.894e-01), Spearman r=0.201 (p=3.053e-01)
2026-02-11 14:26:22,412 - INFO -   pair4: Pearson r=0.295 (p=1.279e-01), Spearman r=0.223 (p=2.551e-01)
2026-02-11 14:26:22,413 - INFO - 
B-STN (N=27):
2026-02-11 14:26:22,413 - INFO - ----------------------------------------
2026-02-11 14:26:22,415 - INFO -   pair1: Pearson r=0.017 (p=9.330e-01), Spearman r=0.054 (p=7.901e-01)
2026-02-11 14:26:22,417 - INFO -   pair2: Pearson r=-0.036 (p=8.574e-01), Spearman r=0.044 (p=8.277e-01)
2026-02-11 14:26:22,419 - INFO -   pair3: Pearson r=0.204 (p=3.071e-01), Spearman r=0.136 (p=4.983e-01)
2026-02-11 14:26:22,421 - INFO -   pair4: Pearson r=0.260 (p=1.908e-01), Spearman r=0.112 (p=5.769e-01)
2026-02-11 14:26:22,423 - INFO - 
Saved target-specific results to dbs_fc_correlation_by_target.json
2026-02-11 14:26:22,423 - INFO - 
================================================================================
2026-02-11 14:26:22,423 - INFO - Analysis Complete!
2026-02-11 14:26:22,423 - INFO - ================================================================================
2026-02-11 14:26:22,423 - INFO - 
Generated files:
2026-02-11 14:26:22,423 - INFO -   - dbs_fc_improvement_data.csv          : Raw FC and improvement rate data
2026-02-11 14:26:22,423 - INFO -   - dbs_fc_correlation_results.json      : FC correlation statistics
2026-02-11 14:26:22,423 - INFO -   - dbs_fc_correlation_by_target.json    : Target-specific FC correlation
2026-02-11 14:26:22,423 - INFO -   - ai_model_fold_results.csv            : AI model 5-fold CV results
2026-02-11 14:26:22,423 - INFO -   - dbs_integrated_analysis.png/pdf      : Integrated visualization (FC + AI)
2026-02-11 14:26:22,423 - INFO -   - dbs_integrated_analysis.log          : Detailed log file
2026-02-11 14:26:22,423 - INFO - 
================================================================================
2026-02-11 14:50:03,574 - INFO - ================================================================================
2026-02-11 14:50:03,591 - INFO - Starting Integrated DBS Analysis (FC + AI Model)
2026-02-11 14:50:03,591 - INFO - ================================================================================
2026-02-11 14:50:03,591 - INFO - 
[Step 1] Parsing DBS_UPDRS CSV data...
2026-02-11 14:50:03,595 - INFO - Parsing patient data from CSV...
2026-02-11 14:50:03,627 - INFO - 
Improvement rate statistics:
2026-02-11 14:50:03,627 - INFO -   N samples: 55
2026-02-11 14:50:03,627 - INFO -   Min: 0.0000
2026-02-11 14:50:03,627 - INFO -   Max: 0.6970
2026-02-11 14:50:03,627 - INFO -   Mean: 0.3115
2026-02-11 14:50:03,627 - INFO -   Std: 0.1750
2026-02-11 14:50:03,627 - INFO -   Median: 0.3000
2026-02-11 14:50:03,627 - INFO - 
Found 55 valid patient samples with complete data
2026-02-11 14:50:03,627 - INFO - 
[Step 2] Computing FC and analyzing correlations...
2026-02-11 14:50:03,627 - INFO - 
================================================================================
2026-02-11 14:50:03,627 - INFO - FC-UPDRS III Improvement Rate Correlation Analysis
2026-02-11 14:50:03,627 - INFO - ================================================================================
2026-02-11 14:50:03,627 - INFO - 
Computing FC features for all patients...
2026-02-11 14:50:04,346 - INFO - 
Saved raw data to dbs_fc_improvement_data.csv (N=55)
2026-02-11 14:50:04,346 - INFO - 
--------------------------------------------------------------------------------
2026-02-11 14:50:04,346 - INFO - Correlation Analysis Results:
2026-02-11 14:50:04,346 - INFO - --------------------------------------------------------------------------------
2026-02-11 14:50:04,349 - INFO - 
PAIR1: STN-L, GPi-L
2026-02-11 14:50:04,349 - INFO -   ROI1: [215]
2026-02-11 14:50:04,349 - INFO -   ROI2: [223]
2026-02-11 14:50:04,349 - INFO -   FC range: [-0.9928, 1.0000]
2026-02-11 14:50:04,349 - INFO -   FC mean ± std: 0.0288 ± 0.7452
2026-02-11 14:50:04,349 - INFO -   Pearson  r =  0.0770, p = 5.7653e-01 ns
2026-02-11 14:50:04,349 - INFO -   Spearman r =  0.1128, p = 4.1204e-01 ns
2026-02-11 14:50:04,351 - INFO - 
PAIR2: STN-L, Thalamus-L
2026-02-11 14:50:04,351 - INFO -   ROI1: [215]
2026-02-11 14:50:04,351 - INFO -   ROI2: [225]
2026-02-11 14:50:04,351 - INFO -   FC range: [-0.9840, 1.0000]
2026-02-11 14:50:04,352 - INFO -   FC mean ± std: 0.2348 ± 0.7457
2026-02-11 14:50:04,352 - INFO -   Pearson  r = -0.0834, p = 5.4478e-01 ns
2026-02-11 14:50:04,352 - INFO -   Spearman r =  0.0111, p = 9.3562e-01 ns
2026-02-11 14:50:04,353 - INFO - 
PAIR3: STN, M1
2026-02-11 14:50:04,354 - INFO -   ROI1: [215, 216]
2026-02-11 14:50:04,354 - INFO -   ROI2: [55, 56, 63, 64]
2026-02-11 14:50:04,354 - INFO -   FC range: [-0.9959, 0.9999]
2026-02-11 14:50:04,354 - INFO -   FC mean ± std: -0.0887 ± 0.7885
2026-02-11 14:50:04,354 - INFO -   Pearson  r =  0.3150, p = 1.9157e-02 *
2026-02-11 14:50:04,354 - INFO -   Spearman r =  0.2745, p = 4.2568e-02 *
2026-02-11 14:50:04,356 - INFO - 
PAIR4: STN, SMA
2026-02-11 14:50:04,356 - INFO -   ROI1: [215, 216]
2026-02-11 14:50:04,356 - INFO -   ROI2: [53, 54, 57, 58, 59, 60, 61, 62, 67, 68]
2026-02-11 14:50:04,356 - INFO -   FC range: [-0.9963, 1.0000]
2026-02-11 14:50:04,356 - INFO -   FC mean ± std: -0.0635 ± 0.7966
2026-02-11 14:50:04,356 - INFO -   Pearson  r =  0.3762, p = 4.6406e-03 **
2026-02-11 14:50:04,356 - INFO -   Spearman r =  0.3124, p = 2.0219e-02 *
2026-02-11 14:50:04,356 - INFO - 
================================================================================
2026-02-11 14:50:04,358 - INFO - 
Saved correlation results to dbs_fc_correlation_results.json
2026-02-11 14:50:04,358 - INFO - 
[Step 3] Analyzing AI model predictions...
2026-02-11 14:50:04,358 - INFO - 
================================================================================
2026-02-11 14:50:04,358 - INFO - AI Model Prediction Analysis (5-Fold CV)
2026-02-11 14:50:04,358 - INFO - ================================================================================
2026-02-11 14:50:04,358 - INFO - 
Processing individual folds...
2026-02-11 14:50:04,361 - INFO - Fold 1: Spearman R = 0.636, P = 0.0353
2026-02-11 14:50:04,363 - INFO - Fold 2: Spearman R = 0.591, P = 0.0556
2026-02-11 14:50:04,366 - INFO - Fold 3: Spearman R = 0.791, P = 0.0037
2026-02-11 14:50:04,368 - INFO - Fold 4: Spearman R = 0.518, P = 0.1025
2026-02-11 14:50:04,371 - INFO - Fold 5: Spearman R = 0.609, P = 0.0467
2026-02-11 14:50:04,377 - INFO - 
Saved fold results to ai_model_fold_results.csv
2026-02-11 14:50:04,378 - INFO - 
Loaded pooled data: 55 samples
2026-02-11 14:50:04,379 - INFO - 
--------------------------------------------------------------------------------
2026-02-11 14:50:04,380 - INFO - Pooled Data Summary:
2026-02-11 14:50:04,380 - INFO -   Spearman R = 0.557
2026-02-11 14:50:04,380 - INFO -   P-value = 0.0000
2026-02-11 14:50:04,380 - INFO -   N samples = 55
2026-02-11 14:50:04,380 - INFO - --------------------------------------------------------------------------------
2026-02-11 14:50:04,380 - INFO - 
[Step 4] Creating integrated visualizations...
2026-02-11 14:50:04,380 - INFO - 
Generating integrated visualizations...
2026-02-11 14:50:51,806 - INFO - ================================================================================
2026-02-11 14:50:51,806 - INFO - Starting Integrated DBS Analysis (FC + AI Model)
2026-02-11 14:50:51,806 - INFO - ================================================================================
2026-02-11 14:50:51,806 - INFO - 
[Step 1] Parsing DBS_UPDRS CSV data...
2026-02-11 14:50:51,810 - INFO - Parsing patient data from CSV...
2026-02-11 14:50:51,843 - INFO - 
Improvement rate statistics:
2026-02-11 14:50:51,843 - INFO -   N samples: 55
2026-02-11 14:50:51,843 - INFO -   Min: 0.0000
2026-02-11 14:50:51,843 - INFO -   Max: 0.6970
2026-02-11 14:50:51,843 - INFO -   Mean: 0.3115
2026-02-11 14:50:51,843 - INFO -   Std: 0.1750
2026-02-11 14:50:51,843 - INFO -   Median: 0.3000
2026-02-11 14:50:51,843 - INFO - 
Found 55 valid patient samples with complete data
2026-02-11 14:50:51,843 - INFO - 
[Step 2] Computing FC and analyzing correlations...
2026-02-11 14:50:51,843 - INFO - 
================================================================================
2026-02-11 14:50:51,843 - INFO - FC-UPDRS III Improvement Rate Correlation Analysis
2026-02-11 14:50:51,843 - INFO - ================================================================================
2026-02-11 14:50:51,843 - INFO - 
Computing FC features for all patients...
2026-02-11 14:50:52,571 - INFO - 
Saved raw data to dbs_fc_improvement_data.csv (N=55)
2026-02-11 14:50:52,571 - INFO - 
--------------------------------------------------------------------------------
2026-02-11 14:50:52,571 - INFO - Correlation Analysis Results:
2026-02-11 14:50:52,571 - INFO - --------------------------------------------------------------------------------
2026-02-11 14:50:52,573 - INFO - 
PAIR1: STN-L, GPi-L
2026-02-11 14:50:52,574 - INFO -   ROI1: [215]
2026-02-11 14:50:52,574 - INFO -   ROI2: [223]
2026-02-11 14:50:52,574 - INFO -   FC range: [-0.9928, 1.0000]
2026-02-11 14:50:52,574 - INFO -   FC mean ± std: 0.0288 ± 0.7452
2026-02-11 14:50:52,574 - INFO -   Pearson  r =  0.0770, p = 5.7653e-01 ns
2026-02-11 14:50:52,574 - INFO -   Spearman r =  0.1128, p = 4.1204e-01 ns
2026-02-11 14:50:52,576 - INFO - 
PAIR2: STN-L, Thalamus-L
2026-02-11 14:50:52,576 - INFO -   ROI1: [215]
2026-02-11 14:50:52,576 - INFO -   ROI2: [225]
2026-02-11 14:50:52,576 - INFO -   FC range: [-0.9840, 1.0000]
2026-02-11 14:50:52,576 - INFO -   FC mean ± std: 0.2348 ± 0.7457
2026-02-11 14:50:52,576 - INFO -   Pearson  r = -0.0834, p = 5.4478e-01 ns
2026-02-11 14:50:52,576 - INFO -   Spearman r =  0.0111, p = 9.3562e-01 ns
2026-02-11 14:50:52,578 - INFO - 
PAIR3: STN, M1
2026-02-11 14:50:52,578 - INFO -   ROI1: [215, 216]
2026-02-11 14:50:52,578 - INFO -   ROI2: [55, 56, 63, 64]
2026-02-11 14:50:52,578 - INFO -   FC range: [-0.9959, 0.9999]
2026-02-11 14:50:52,578 - INFO -   FC mean ± std: -0.0887 ± 0.7885
2026-02-11 14:50:52,578 - INFO -   Pearson  r =  0.3150, p = 1.9157e-02 *
2026-02-11 14:50:52,578 - INFO -   Spearman r =  0.2745, p = 4.2568e-02 *
2026-02-11 14:50:52,580 - INFO - 
PAIR4: STN, SMA
2026-02-11 14:50:52,580 - INFO -   ROI1: [215, 216]
2026-02-11 14:50:52,580 - INFO -   ROI2: [53, 54, 57, 58, 59, 60, 61, 62, 67, 68]
2026-02-11 14:50:52,580 - INFO -   FC range: [-0.9963, 1.0000]
2026-02-11 14:50:52,580 - INFO -   FC mean ± std: -0.0635 ± 0.7966
2026-02-11 14:50:52,580 - INFO -   Pearson  r =  0.3762, p = 4.6406e-03 **
2026-02-11 14:50:52,580 - INFO -   Spearman r =  0.3124, p = 2.0219e-02 *
2026-02-11 14:50:52,580 - INFO - 
================================================================================
2026-02-11 14:50:52,582 - INFO - 
Saved correlation results to dbs_fc_correlation_results.json
2026-02-11 14:50:52,582 - INFO - 
[Step 3] Analyzing AI model predictions...
2026-02-11 14:50:52,582 - INFO - 
================================================================================
2026-02-11 14:50:52,582 - INFO - AI Model Prediction Analysis (5-Fold CV)
2026-02-11 14:50:52,582 - INFO - ================================================================================
2026-02-11 14:50:52,582 - INFO - 
Processing individual folds...
2026-02-11 14:50:52,585 - INFO - Fold 1: Spearman R = 0.636, P = 0.0353
2026-02-11 14:50:52,587 - INFO - Fold 2: Spearman R = 0.591, P = 0.0556
2026-02-11 14:50:52,590 - INFO - Fold 3: Spearman R = 0.791, P = 0.0037
2026-02-11 14:50:52,592 - INFO - Fold 4: Spearman R = 0.518, P = 0.1025
2026-02-11 14:50:52,594 - INFO - Fold 5: Spearman R = 0.609, P = 0.0467
2026-02-11 14:50:52,596 - INFO - 
Saved fold results to ai_model_fold_results.csv
2026-02-11 14:50:52,597 - INFO - 
Loaded pooled data: 55 samples
2026-02-11 14:50:52,598 - INFO - 
--------------------------------------------------------------------------------
2026-02-11 14:50:52,599 - INFO - Pooled Data Summary:
2026-02-11 14:50:52,599 - INFO -   Spearman R = 0.557
2026-02-11 14:50:52,599 - INFO -   P-value = 0.0000
2026-02-11 14:50:52,599 - INFO -   N samples = 55
2026-02-11 14:50:52,599 - INFO - --------------------------------------------------------------------------------
2026-02-11 14:50:52,599 - INFO - 
[Step 4] Creating integrated visualizations...
2026-02-11 14:50:52,599 - INFO - 
Generating integrated visualizations...
2026-02-11 14:50:54,122 - INFO - Saved integrated visualization to dbs_integrated_analysis.png and .pdf
2026-02-11 14:50:54,122 - INFO - 
[Step 5] Analyzing by target...
2026-02-11 14:50:54,122 - INFO - 
================================================================================
2026-02-11 14:50:54,122 - INFO - Target-Specific Correlation Analysis
2026-02-11 14:50:54,122 - INFO - ================================================================================
2026-02-11 14:50:54,123 - INFO - 
B-GPi (N=28):
2026-02-11 14:50:54,123 - INFO - ----------------------------------------
2026-02-11 14:50:54,125 - INFO -   pair1: Pearson r=0.241 (p=2.169e-01), Spearman r=0.355 (p=6.399e-02)
2026-02-11 14:50:54,127 - INFO -   pair2: Pearson r=0.034 (p=8.626e-01), Spearman r=0.229 (p=2.415e-01)
2026-02-11 14:50:54,129 - INFO -   pair3: Pearson r=0.256 (p=1.894e-01), Spearman r=0.201 (p=3.053e-01)
2026-02-11 14:50:54,131 - INFO -   pair4: Pearson r=0.295 (p=1.279e-01), Spearman r=0.223 (p=2.551e-01)
2026-02-11 14:50:54,131 - INFO - 
B-STN (N=27):
2026-02-11 14:50:54,131 - INFO - ----------------------------------------
2026-02-11 14:50:54,133 - INFO -   pair1: Pearson r=0.017 (p=9.330e-01), Spearman r=0.054 (p=7.901e-01)
2026-02-11 14:50:54,135 - INFO -   pair2: Pearson r=-0.036 (p=8.574e-01), Spearman r=0.044 (p=8.277e-01)
2026-02-11 14:50:54,137 - INFO -   pair3: Pearson r=0.204 (p=3.071e-01), Spearman r=0.136 (p=4.983e-01)
2026-02-11 14:50:54,139 - INFO -   pair4: Pearson r=0.260 (p=1.908e-01), Spearman r=0.112 (p=5.769e-01)
2026-02-11 14:50:54,141 - INFO - 
Saved target-specific results to dbs_fc_correlation_by_target.json
2026-02-11 14:50:54,141 - INFO - 
================================================================================
2026-02-11 14:50:54,141 - INFO - Analysis Complete!
2026-02-11 14:50:54,141 - INFO - ================================================================================
2026-02-11 14:50:54,141 - INFO - 
Generated files:
2026-02-11 14:50:54,141 - INFO -   - dbs_fc_improvement_data.csv          : Raw FC and improvement rate data
2026-02-11 14:50:54,141 - INFO -   - dbs_fc_correlation_results.json      : FC correlation statistics
2026-02-11 14:50:54,141 - INFO -   - dbs_fc_correlation_by_target.json    : Target-specific FC correlation
2026-02-11 14:50:54,141 - INFO -   - ai_model_fold_results.csv            : AI model 5-fold CV results
2026-02-11 14:50:54,141 - INFO -   - dbs_integrated_analysis.png/pdf      : Integrated visualization (FC + AI)
2026-02-11 14:50:54,141 - INFO -   - dbs_integrated_analysis.log          : Detailed log file
2026-02-11 14:50:54,141 - INFO - 
================================================================================
2026-02-11 14:52:01,729 - INFO - ================================================================================
2026-02-11 14:52:01,733 - INFO - Starting Integrated DBS Analysis (FC + AI Model)
2026-02-11 14:52:01,733 - INFO - ================================================================================
2026-02-11 14:52:01,733 - INFO - 
[Step 1] Parsing DBS_UPDRS CSV data...
2026-02-11 14:52:01,737 - INFO - Parsing patient data from CSV...
2026-02-11 14:52:01,770 - INFO - 
Improvement rate statistics:
2026-02-11 14:52:01,770 - INFO -   N samples: 55
2026-02-11 14:52:01,770 - INFO -   Min: 0.0000
2026-02-11 14:52:01,770 - INFO -   Max: 0.6970
2026-02-11 14:52:01,770 - INFO -   Mean: 0.3115
2026-02-11 14:52:01,770 - INFO -   Std: 0.1750
2026-02-11 14:52:01,770 - INFO -   Median: 0.3000
2026-02-11 14:52:01,770 - INFO - 
Found 55 valid patient samples with complete data
2026-02-11 14:52:01,770 - INFO - 
[Step 2] Computing FC and analyzing correlations...
2026-02-11 14:52:01,770 - INFO - 
================================================================================
2026-02-11 14:52:01,770 - INFO - FC-UPDRS III Improvement Rate Correlation Analysis
2026-02-11 14:52:01,770 - INFO - ================================================================================
2026-02-11 14:52:01,770 - INFO - 
Computing FC features for all patients...
2026-02-11 14:52:02,537 - INFO - 
Saved raw data to dbs_fc_improvement_data.csv (N=55)
2026-02-11 14:52:02,537 - INFO - 
--------------------------------------------------------------------------------
2026-02-11 14:52:02,537 - INFO - Correlation Analysis Results:
2026-02-11 14:52:02,537 - INFO - --------------------------------------------------------------------------------
2026-02-11 14:52:02,539 - INFO - 
PAIR1: STN-L, GPi-L
2026-02-11 14:52:02,539 - INFO -   ROI1: [215]
2026-02-11 14:52:02,539 - INFO -   ROI2: [223]
2026-02-11 14:52:02,540 - INFO -   FC range: [-0.9928, 1.0000]
2026-02-11 14:52:02,540 - INFO -   FC mean ± std: 0.0288 ± 0.7452
2026-02-11 14:52:02,540 - INFO -   Pearson  r =  0.0770, p = 5.7653e-01 ns
2026-02-11 14:52:02,540 - INFO -   Spearman r =  0.1128, p = 4.1204e-01 ns
2026-02-11 14:52:02,542 - INFO - 
PAIR2: STN-L, Thalamus-L
2026-02-11 14:52:02,542 - INFO -   ROI1: [215]
2026-02-11 14:52:02,542 - INFO -   ROI2: [225]
2026-02-11 14:52:02,542 - INFO -   FC range: [-0.9840, 1.0000]
2026-02-11 14:52:02,542 - INFO -   FC mean ± std: 0.2348 ± 0.7457
2026-02-11 14:52:02,542 - INFO -   Pearson  r = -0.0834, p = 5.4478e-01 ns
2026-02-11 14:52:02,542 - INFO -   Spearman r =  0.0111, p = 9.3562e-01 ns
2026-02-11 14:52:02,544 - INFO - 
PAIR3: STN, M1
2026-02-11 14:52:02,544 - INFO -   ROI1: [215, 216]
2026-02-11 14:52:02,544 - INFO -   ROI2: [55, 56, 63, 64]
2026-02-11 14:52:02,544 - INFO -   FC range: [-0.9959, 0.9999]
2026-02-11 14:52:02,544 - INFO -   FC mean ± std: -0.0887 ± 0.7885
2026-02-11 14:52:02,544 - INFO -   Pearson  r =  0.3150, p = 1.9157e-02 *
2026-02-11 14:52:02,544 - INFO -   Spearman r =  0.2745, p = 4.2568e-02 *
2026-02-11 14:52:02,546 - INFO - 
PAIR4: STN, SMA
2026-02-11 14:52:02,546 - INFO -   ROI1: [215, 216]
2026-02-11 14:52:02,546 - INFO -   ROI2: [53, 54, 57, 58, 59, 60, 61, 62, 67, 68]
2026-02-11 14:52:02,546 - INFO -   FC range: [-0.9963, 1.0000]
2026-02-11 14:52:02,546 - INFO -   FC mean ± std: -0.0635 ± 0.7966
2026-02-11 14:52:02,546 - INFO -   Pearson  r =  0.3762, p = 4.6406e-03 **
2026-02-11 14:52:02,546 - INFO -   Spearman r =  0.3124, p = 2.0219e-02 *
2026-02-11 14:52:02,546 - INFO - 
================================================================================
2026-02-11 14:52:02,548 - INFO - 
Saved correlation results to dbs_fc_correlation_results.json
2026-02-11 14:52:02,548 - INFO - 
[Step 3] Analyzing AI model predictions...
2026-02-11 14:52:02,548 - INFO - 
================================================================================
2026-02-11 14:52:02,548 - INFO - AI Model Prediction Analysis (5-Fold CV)
2026-02-11 14:52:02,548 - INFO - ================================================================================
2026-02-11 14:52:02,548 - INFO - 
Processing individual folds...
2026-02-11 14:52:02,551 - INFO - Fold 1: Spearman R = 0.636, P = 0.0353
2026-02-11 14:52:02,553 - INFO - Fold 2: Spearman R = 0.591, P = 0.0556
2026-02-11 14:52:02,556 - INFO - Fold 3: Spearman R = 0.791, P = 0.0037
2026-02-11 14:52:02,558 - INFO - Fold 4: Spearman R = 0.518, P = 0.1025
2026-02-11 14:52:02,561 - INFO - Fold 5: Spearman R = 0.609, P = 0.0467
2026-02-11 14:52:02,562 - INFO - 
Saved fold results to ai_model_fold_results.csv
2026-02-11 14:52:02,563 - INFO - 
Loaded pooled data: 55 samples
2026-02-11 14:52:02,565 - INFO - 
--------------------------------------------------------------------------------
2026-02-11 14:52:02,565 - INFO - Pooled Data Summary:
2026-02-11 14:52:02,565 - INFO -   Spearman R = 0.557
2026-02-11 14:52:02,565 - INFO -   P-value = 0.0000
2026-02-11 14:52:02,565 - INFO -   N samples = 55
2026-02-11 14:52:02,565 - INFO - --------------------------------------------------------------------------------
2026-02-11 14:52:02,565 - INFO - 
[Step 4] Creating integrated visualizations...
2026-02-11 14:52:02,565 - INFO - 
Generating integrated visualizations...
2026-02-11 14:52:04,089 - INFO - Saved integrated visualization to dbs_integrated_analysis.png and .pdf
2026-02-11 14:52:04,090 - INFO - 
[Step 5] Analyzing by target...
2026-02-11 14:52:04,090 - INFO - 
================================================================================
2026-02-11 14:52:04,090 - INFO - Target-Specific Correlation Analysis
2026-02-11 14:52:04,090 - INFO - ================================================================================
2026-02-11 14:52:04,091 - INFO - 
B-GPi (N=28):
2026-02-11 14:52:04,091 - INFO - ----------------------------------------
2026-02-11 14:52:04,093 - INFO -   pair1: Pearson r=0.241 (p=2.169e-01), Spearman r=0.355 (p=6.399e-02)
2026-02-11 14:52:04,095 - INFO -   pair2: Pearson r=0.034 (p=8.626e-01), Spearman r=0.229 (p=2.415e-01)
2026-02-11 14:52:04,097 - INFO -   pair3: Pearson r=0.256 (p=1.894e-01), Spearman r=0.201 (p=3.053e-01)
2026-02-11 14:52:04,099 - INFO -   pair4: Pearson r=0.295 (p=1.279e-01), Spearman r=0.223 (p=2.551e-01)
2026-02-11 14:52:04,099 - INFO - 
B-STN (N=27):
2026-02-11 14:52:04,099 - INFO - ----------------------------------------
2026-02-11 14:52:04,101 - INFO -   pair1: Pearson r=0.017 (p=9.330e-01), Spearman r=0.054 (p=7.901e-01)
2026-02-11 14:52:04,103 - INFO -   pair2: Pearson r=-0.036 (p=8.574e-01), Spearman r=0.044 (p=8.277e-01)
2026-02-11 14:52:04,105 - INFO -   pair3: Pearson r=0.204 (p=3.071e-01), Spearman r=0.136 (p=4.983e-01)
2026-02-11 14:52:04,107 - INFO -   pair4: Pearson r=0.260 (p=1.908e-01), Spearman r=0.112 (p=5.769e-01)
2026-02-11 14:52:04,108 - INFO - 
Saved target-specific results to dbs_fc_correlation_by_target.json
2026-02-11 14:52:04,108 - INFO - 
================================================================================
2026-02-11 14:52:04,108 - INFO - Analysis Complete!
2026-02-11 14:52:04,108 - INFO - ================================================================================
2026-02-11 14:52:04,108 - INFO - 
Generated files:
2026-02-11 14:52:04,109 - INFO -   - dbs_fc_improvement_data.csv          : Raw FC and improvement rate data
2026-02-11 14:52:04,109 - INFO -   - dbs_fc_correlation_results.json      : FC correlation statistics
2026-02-11 14:52:04,109 - INFO -   - dbs_fc_correlation_by_target.json    : Target-specific FC correlation
2026-02-11 14:52:04,109 - INFO -   - ai_model_fold_results.csv            : AI model 5-fold CV results
2026-02-11 14:52:04,109 - INFO -   - dbs_integrated_analysis.png/pdf      : Integrated visualization (FC + AI)
2026-02-11 14:52:04,109 - INFO -   - dbs_integrated_analysis.log          : Detailed log file
2026-02-11 14:52:04,109 - INFO - 
================================================================================
2026-02-11 14:58:32,706 - INFO - ================================================================================
2026-02-11 14:58:32,710 - INFO - Starting Integrated DBS Analysis (FC + AI Model)
2026-02-11 14:58:32,710 - INFO - ================================================================================
2026-02-11 14:58:32,710 - INFO - 
[Step 1] Parsing DBS_UPDRS CSV data...
2026-02-11 14:58:32,714 - INFO - Parsing patient data from CSV...
2026-02-11 14:58:32,746 - INFO - 
Improvement rate statistics:
2026-02-11 14:58:32,746 - INFO -   N samples: 55
2026-02-11 14:58:32,746 - INFO -   Min: 0.0000
2026-02-11 14:58:32,746 - INFO -   Max: 0.6970
2026-02-11 14:58:32,746 - INFO -   Mean: 0.3115
2026-02-11 14:58:32,746 - INFO -   Std: 0.1750
2026-02-11 14:58:32,746 - INFO -   Median: 0.3000
2026-02-11 14:58:32,746 - INFO - 
Found 55 valid patient samples with complete data
2026-02-11 14:58:32,746 - INFO - 
[Step 2] Computing FC and analyzing correlations...
2026-02-11 14:58:32,747 - INFO - 
================================================================================
2026-02-11 14:58:32,747 - INFO - FC-UPDRS III Improvement Rate Correlation Analysis
2026-02-11 14:58:32,747 - INFO - ================================================================================
2026-02-11 14:58:32,747 - INFO - 
Computing FC features for all patients...
2026-02-11 14:58:33,433 - INFO - 
Saved raw data to dbs_fc_improvement_data.csv (N=55)
2026-02-11 14:58:33,433 - INFO - 
--------------------------------------------------------------------------------
2026-02-11 14:58:33,433 - INFO - Correlation Analysis Results:
2026-02-11 14:58:33,433 - INFO - --------------------------------------------------------------------------------
2026-02-11 14:58:33,436 - INFO - 
PAIR1: STN-L, GPi-L
2026-02-11 14:58:33,436 - INFO -   ROI1: [215]
2026-02-11 14:58:33,436 - INFO -   ROI2: [223]
2026-02-11 14:58:33,436 - INFO -   FC range: [-0.9928, 1.0000]
2026-02-11 14:58:33,436 - INFO -   FC mean ± std: 0.0288 ± 0.7452
2026-02-11 14:58:33,436 - INFO -   Pearson  r =  0.0770, p = 5.7653e-01 ns
2026-02-11 14:58:33,436 - INFO -   Spearman r =  0.1128, p = 4.1204e-01 ns
2026-02-11 14:58:33,438 - INFO - 
PAIR2: STN-L, Thalamus-L
2026-02-11 14:58:33,438 - INFO -   ROI1: [215]
2026-02-11 14:58:33,438 - INFO -   ROI2: [225]
2026-02-11 14:58:33,438 - INFO -   FC range: [-0.9840, 1.0000]
2026-02-11 14:58:33,438 - INFO -   FC mean ± std: 0.2348 ± 0.7457
2026-02-11 14:58:33,438 - INFO -   Pearson  r = -0.0834, p = 5.4478e-01 ns
2026-02-11 14:58:33,438 - INFO -   Spearman r =  0.0111, p = 9.3562e-01 ns
2026-02-11 14:58:33,440 - INFO - 
PAIR3: STN, M1
2026-02-11 14:58:33,440 - INFO -   ROI1: [215, 216]
2026-02-11 14:58:33,440 - INFO -   ROI2: [55, 56, 63, 64]
2026-02-11 14:58:33,440 - INFO -   FC range: [-0.9959, 0.9999]
2026-02-11 14:58:33,440 - INFO -   FC mean ± std: -0.0887 ± 0.7885
2026-02-11 14:58:33,440 - INFO -   Pearson  r =  0.3150, p = 1.9157e-02 *
2026-02-11 14:58:33,440 - INFO -   Spearman r =  0.2745, p = 4.2568e-02 *
2026-02-11 14:58:33,442 - INFO - 
PAIR4: STN, SMA
2026-02-11 14:58:33,442 - INFO -   ROI1: [215, 216]
2026-02-11 14:58:33,442 - INFO -   ROI2: [53, 54, 57, 58, 59, 60, 61, 62, 67, 68]
2026-02-11 14:58:33,442 - INFO -   FC range: [-0.9963, 1.0000]
2026-02-11 14:58:33,443 - INFO -   FC mean ± std: -0.0635 ± 0.7966
2026-02-11 14:58:33,443 - INFO -   Pearson  r =  0.3762, p = 4.6406e-03 **
2026-02-11 14:58:33,443 - INFO -   Spearman r =  0.3124, p = 2.0219e-02 *
2026-02-11 14:58:33,443 - INFO - 
================================================================================
2026-02-11 14:58:33,445 - INFO - 
Saved correlation results to dbs_fc_correlation_results.json
2026-02-11 14:58:33,445 - INFO - 
[Step 3] Analyzing AI model predictions...
2026-02-11 14:58:33,445 - INFO - 
================================================================================
2026-02-11 14:58:33,445 - INFO - AI Model Prediction Analysis (5-Fold CV)
2026-02-11 14:58:33,445 - INFO - ================================================================================
2026-02-11 14:58:33,445 - INFO - 
Processing individual folds...
2026-02-11 14:58:33,447 - INFO - Fold 1: Spearman R = 0.636, P = 0.0353
2026-02-11 14:58:33,450 - INFO - Fold 2: Spearman R = 0.591, P = 0.0556
2026-02-11 14:58:33,452 - INFO - Fold 3: Spearman R = 0.791, P = 0.0037
2026-02-11 14:58:33,455 - INFO - Fold 4: Spearman R = 0.518, P = 0.1025
2026-02-11 14:58:33,457 - INFO - Fold 5: Spearman R = 0.609, P = 0.0467
2026-02-11 14:58:33,460 - INFO - 
Saved fold results to ai_model_fold_results.csv
2026-02-11 14:58:33,460 - INFO - 
Loaded pooled data: 55 samples
2026-02-11 14:58:33,462 - INFO - 
--------------------------------------------------------------------------------
2026-02-11 14:58:33,462 - INFO - Pooled Data Summary:
2026-02-11 14:58:33,462 - INFO -   Spearman R = 0.557
2026-02-11 14:58:33,462 - INFO -   P-value = 0.0000
2026-02-11 14:58:33,462 - INFO -   N samples = 55
2026-02-11 14:58:33,462 - INFO - --------------------------------------------------------------------------------
2026-02-11 14:58:33,462 - INFO - 
[Step 4] Creating integrated visualizations...
2026-02-11 14:58:33,462 - INFO - 
Generating integrated visualizations...
2026-02-11 14:58:34,991 - INFO - Saved integrated visualization to dbs_integrated_analysis.png and .pdf
2026-02-11 14:58:34,991 - INFO - 
[Step 5] Analyzing by target...
2026-02-11 14:58:34,991 - INFO - 
================================================================================
2026-02-11 14:58:34,991 - INFO - Target-Specific Correlation Analysis
2026-02-11 14:58:34,991 - INFO - ================================================================================
2026-02-11 14:58:34,992 - INFO - 
B-GPi (N=28):
2026-02-11 14:58:34,992 - INFO - ----------------------------------------
2026-02-11 14:58:34,994 - INFO -   pair1: Pearson r=0.241 (p=2.169e-01), Spearman r=0.355 (p=6.399e-02)
2026-02-11 14:58:34,996 - INFO -   pair2: Pearson r=0.034 (p=8.626e-01), Spearman r=0.229 (p=2.415e-01)
2026-02-11 14:58:34,998 - INFO -   pair3: Pearson r=0.256 (p=1.894e-01), Spearman r=0.201 (p=3.053e-01)
2026-02-11 14:58:35,000 - INFO -   pair4: Pearson r=0.295 (p=1.279e-01), Spearman r=0.223 (p=2.551e-01)
2026-02-11 14:58:35,000 - INFO - 
B-STN (N=27):
2026-02-11 14:58:35,000 - INFO - ----------------------------------------
2026-02-11 14:58:35,002 - INFO -   pair1: Pearson r=0.017 (p=9.330e-01), Spearman r=0.054 (p=7.901e-01)
2026-02-11 14:58:35,004 - INFO -   pair2: Pearson r=-0.036 (p=8.574e-01), Spearman r=0.044 (p=8.277e-01)
2026-02-11 14:58:35,006 - INFO -   pair3: Pearson r=0.204 (p=3.071e-01), Spearman r=0.136 (p=4.983e-01)
2026-02-11 14:58:35,008 - INFO -   pair4: Pearson r=0.260 (p=1.908e-01), Spearman r=0.112 (p=5.769e-01)
2026-02-11 14:58:35,010 - INFO - 
Saved target-specific results to dbs_fc_correlation_by_target.json
2026-02-11 14:58:35,010 - INFO - 
================================================================================
2026-02-11 14:58:35,010 - INFO - Analysis Complete!
2026-02-11 14:58:35,010 - INFO - ================================================================================
2026-02-11 14:58:35,010 - INFO - 
Generated files:
2026-02-11 14:58:35,010 - INFO -   - dbs_fc_improvement_data.csv          : Raw FC and improvement rate data
2026-02-11 14:58:35,010 - INFO -   - dbs_fc_correlation_results.json      : FC correlation statistics
2026-02-11 14:58:35,010 - INFO -   - dbs_fc_correlation_by_target.json    : Target-specific FC correlation
2026-02-11 14:58:35,010 - INFO -   - ai_model_fold_results.csv            : AI model 5-fold CV results
2026-02-11 14:58:35,010 - INFO -   - dbs_integrated_analysis.png/pdf      : Integrated visualization (FC + AI)
2026-02-11 14:58:35,011 - INFO -   - dbs_integrated_analysis.log          : Detailed log file
2026-02-11 14:58:35,011 - INFO - 
================================================================================
2026-02-11 14:59:26,903 - INFO - ================================================================================
2026-02-11 14:59:26,903 - INFO - Starting Integrated DBS Analysis (FC + AI Model)
2026-02-11 14:59:26,903 - INFO - ================================================================================
2026-02-11 14:59:26,903 - INFO - 
[Step 1] Parsing DBS_UPDRS CSV data...
2026-02-11 14:59:26,907 - INFO - Parsing patient data from CSV...
2026-02-11 14:59:26,939 - INFO - 
Improvement rate statistics:
2026-02-11 14:59:26,939 - INFO -   N samples: 55
2026-02-11 14:59:26,939 - INFO -   Min: 0.0000
2026-02-11 14:59:26,939 - INFO -   Max: 0.6970
2026-02-11 14:59:26,940 - INFO -   Mean: 0.3115
2026-02-11 14:59:26,940 - INFO -   Std: 0.1750
2026-02-11 14:59:26,940 - INFO -   Median: 0.3000
2026-02-11 14:59:26,940 - INFO - 
Found 55 valid patient samples with complete data
2026-02-11 14:59:26,940 - INFO - 
[Step 2] Computing FC and analyzing correlations...
2026-02-11 14:59:26,940 - INFO - 
================================================================================
2026-02-11 14:59:26,940 - INFO - FC-UPDRS III Improvement Rate Correlation Analysis
2026-02-11 14:59:26,940 - INFO - ================================================================================
2026-02-11 14:59:26,940 - INFO - 
Computing FC features for all patients...
2026-02-11 14:59:27,691 - INFO - 
Saved raw data to dbs_fc_improvement_data.csv (N=55)
2026-02-11 14:59:27,691 - INFO - 
--------------------------------------------------------------------------------
2026-02-11 14:59:27,691 - INFO - Correlation Analysis Results:
2026-02-11 14:59:27,691 - INFO - --------------------------------------------------------------------------------
2026-02-11 14:59:27,693 - INFO - 
PAIR1: STN-L, GPi-L
2026-02-11 14:59:27,693 - INFO -   ROI1: [215]
2026-02-11 14:59:27,693 - INFO -   ROI2: [223]
2026-02-11 14:59:27,693 - INFO -   FC range: [-0.9928, 1.0000]
2026-02-11 14:59:27,693 - INFO -   FC mean ± std: 0.0288 ± 0.7452
2026-02-11 14:59:27,693 - INFO -   Pearson  r =  0.0770, p = 5.7653e-01 ns
2026-02-11 14:59:27,693 - INFO -   Spearman r =  0.1128, p = 4.1204e-01 ns
2026-02-11 14:59:27,695 - INFO - 
PAIR2: STN-L, Thalamus-L
2026-02-11 14:59:27,695 - INFO -   ROI1: [215]
2026-02-11 14:59:27,695 - INFO -   ROI2: [225]
2026-02-11 14:59:27,695 - INFO -   FC range: [-0.9840, 1.0000]
2026-02-11 14:59:27,696 - INFO -   FC mean ± std: 0.2348 ± 0.7457
2026-02-11 14:59:27,696 - INFO -   Pearson  r = -0.0834, p = 5.4478e-01 ns
2026-02-11 14:59:27,696 - INFO -   Spearman r =  0.0111, p = 9.3562e-01 ns
2026-02-11 14:59:27,697 - INFO - 
PAIR3: STN, M1
2026-02-11 14:59:27,698 - INFO -   ROI1: [215, 216]
2026-02-11 14:59:27,698 - INFO -   ROI2: [55, 56, 63, 64]
2026-02-11 14:59:27,698 - INFO -   FC range: [-0.9959, 0.9999]
2026-02-11 14:59:27,698 - INFO -   FC mean ± std: -0.0887 ± 0.7885
2026-02-11 14:59:27,698 - INFO -   Pearson  r =  0.3150, p = 1.9157e-02 *
2026-02-11 14:59:27,698 - INFO -   Spearman r =  0.2745, p = 4.2568e-02 *
2026-02-11 14:59:27,700 - INFO - 
PAIR4: STN, SMA
2026-02-11 14:59:27,700 - INFO -   ROI1: [215, 216]
2026-02-11 14:59:27,700 - INFO -   ROI2: [53, 54, 57, 58, 59, 60, 61, 62, 67, 68]
2026-02-11 14:59:27,700 - INFO -   FC range: [-0.9963, 1.0000]
2026-02-11 14:59:27,700 - INFO -   FC mean ± std: -0.0635 ± 0.7966
2026-02-11 14:59:27,700 - INFO -   Pearson  r =  0.3762, p = 4.6406e-03 **
2026-02-11 14:59:27,700 - INFO -   Spearman r =  0.3124, p = 2.0219e-02 *
2026-02-11 14:59:27,700 - INFO - 
================================================================================
2026-02-11 14:59:27,702 - INFO - 
Saved correlation results to dbs_fc_correlation_results.json
2026-02-11 14:59:27,702 - INFO - 
[Step 3] Analyzing AI model predictions...
2026-02-11 14:59:27,702 - INFO - 
================================================================================
2026-02-11 14:59:27,702 - INFO - AI Model Prediction Analysis (5-Fold CV)
2026-02-11 14:59:27,702 - INFO - ================================================================================
2026-02-11 14:59:27,702 - INFO - 
Processing individual folds...
2026-02-11 14:59:27,705 - INFO - Fold 1: Spearman R = 0.636, P = 0.0353
2026-02-11 14:59:27,707 - INFO - Fold 2: Spearman R = 0.591, P = 0.0556
2026-02-11 14:59:27,709 - INFO - Fold 3: Spearman R = 0.791, P = 0.0037
2026-02-11 14:59:27,712 - INFO - Fold 4: Spearman R = 0.518, P = 0.1025
2026-02-11 14:59:27,714 - INFO - Fold 5: Spearman R = 0.609, P = 0.0467
2026-02-11 14:59:27,719 - INFO - 
Saved fold results to ai_model_fold_results.csv
2026-02-11 14:59:27,720 - INFO - 
Loaded pooled data: 55 samples
2026-02-11 14:59:27,722 - INFO - 
--------------------------------------------------------------------------------
2026-02-11 14:59:27,722 - INFO - Pooled Data Summary:
2026-02-11 14:59:27,722 - INFO -   Spearman R = 0.557
2026-02-11 14:59:27,722 - INFO -   P-value = 0.0000
2026-02-11 14:59:27,722 - INFO -   N samples = 55
2026-02-11 14:59:27,722 - INFO - --------------------------------------------------------------------------------
2026-02-11 14:59:27,722 - INFO - 
[Step 4] Creating integrated visualizations...
2026-02-11 14:59:27,722 - INFO - 
Generating integrated visualizations...
2026-02-11 14:59:29,250 - INFO - Saved integrated visualization to dbs_integrated_analysis.png and .pdf
2026-02-11 14:59:29,251 - INFO - 
[Step 5] Analyzing by target...
2026-02-11 14:59:29,251 - INFO - 
================================================================================
2026-02-11 14:59:29,251 - INFO - Target-Specific Correlation Analysis
2026-02-11 14:59:29,251 - INFO - ================================================================================
2026-02-11 14:59:29,252 - INFO - 
B-GPi (N=28):
2026-02-11 14:59:29,252 - INFO - ----------------------------------------
2026-02-11 14:59:29,254 - INFO -   pair1: Pearson r=0.241 (p=2.169e-01), Spearman r=0.355 (p=6.399e-02)
2026-02-11 14:59:29,256 - INFO -   pair2: Pearson r=0.034 (p=8.626e-01), Spearman r=0.229 (p=2.415e-01)
2026-02-11 14:59:29,258 - INFO -   pair3: Pearson r=0.256 (p=1.894e-01), Spearman r=0.201 (p=3.053e-01)
2026-02-11 14:59:29,260 - INFO -   pair4: Pearson r=0.295 (p=1.279e-01), Spearman r=0.223 (p=2.551e-01)
2026-02-11 14:59:29,260 - INFO - 
B-STN (N=27):
2026-02-11 14:59:29,260 - INFO - ----------------------------------------
2026-02-11 14:59:29,262 - INFO -   pair1: Pearson r=0.017 (p=9.330e-01), Spearman r=0.054 (p=7.901e-01)
2026-02-11 14:59:29,264 - INFO -   pair2: Pearson r=-0.036 (p=8.574e-01), Spearman r=0.044 (p=8.277e-01)
2026-02-11 14:59:29,266 - INFO -   pair3: Pearson r=0.204 (p=3.071e-01), Spearman r=0.136 (p=4.983e-01)
2026-02-11 14:59:29,268 - INFO -   pair4: Pearson r=0.260 (p=1.908e-01), Spearman r=0.112 (p=5.769e-01)
2026-02-11 14:59:29,270 - INFO - 
Saved target-specific results to dbs_fc_correlation_by_target.json
2026-02-11 14:59:29,270 - INFO - 
================================================================================
2026-02-11 14:59:29,270 - INFO - Analysis Complete!
2026-02-11 14:59:29,270 - INFO - ================================================================================
2026-02-11 14:59:29,270 - INFO - 
Generated files:
2026-02-11 14:59:29,270 - INFO -   - dbs_fc_improvement_data.csv          : Raw FC and improvement rate data
2026-02-11 14:59:29,270 - INFO -   - dbs_fc_correlation_results.json      : FC correlation statistics
2026-02-11 14:59:29,270 - INFO -   - dbs_fc_correlation_by_target.json    : Target-specific FC correlation
2026-02-11 14:59:29,270 - INFO -   - ai_model_fold_results.csv            : AI model 5-fold CV results
2026-02-11 14:59:29,270 - INFO -   - dbs_integrated_analysis.png/pdf      : Integrated visualization (FC + AI)
2026-02-11 14:59:29,270 - INFO -   - dbs_integrated_analysis.log          : Detailed log file
2026-02-11 14:59:29,270 - INFO - 
================================================================================
2026-02-11 15:00:01,964 - INFO - ================================================================================
2026-02-11 15:00:01,964 - INFO - Starting Integrated DBS Analysis (FC + AI Model)
2026-02-11 15:00:01,964 - INFO - ================================================================================
2026-02-11 15:00:01,964 - INFO - 
[Step 1] Parsing DBS_UPDRS CSV data...
2026-02-11 15:00:01,968 - INFO - Parsing patient data from CSV...
2026-02-11 15:00:02,001 - INFO - 
Improvement rate statistics:
2026-02-11 15:00:02,001 - INFO -   N samples: 55
2026-02-11 15:00:02,001 - INFO -   Min: 0.0000
2026-02-11 15:00:02,001 - INFO -   Max: 0.6970
2026-02-11 15:00:02,001 - INFO -   Mean: 0.3115
2026-02-11 15:00:02,001 - INFO -   Std: 0.1750
2026-02-11 15:00:02,001 - INFO -   Median: 0.3000
2026-02-11 15:00:02,001 - INFO - 
Found 55 valid patient samples with complete data
2026-02-11 15:00:02,001 - INFO - 
[Step 2] Computing FC and analyzing correlations...
2026-02-11 15:00:02,002 - INFO - 
================================================================================
2026-02-11 15:00:02,002 - INFO - FC-UPDRS III Improvement Rate Correlation Analysis
2026-02-11 15:00:02,002 - INFO - ================================================================================
2026-02-11 15:00:02,002 - INFO - 
Computing FC features for all patients...
2026-02-11 15:00:02,748 - INFO - 
Saved raw data to dbs_fc_improvement_data.csv (N=55)
2026-02-11 15:00:02,748 - INFO - 
--------------------------------------------------------------------------------
2026-02-11 15:00:02,748 - INFO - Correlation Analysis Results:
2026-02-11 15:00:02,748 - INFO - --------------------------------------------------------------------------------
2026-02-11 15:00:02,750 - INFO - 
PAIR1: STN-L, GPi-L
2026-02-11 15:00:02,751 - INFO -   ROI1: [215]
2026-02-11 15:00:02,751 - INFO -   ROI2: [223]
2026-02-11 15:00:02,751 - INFO -   FC range: [-0.9928, 1.0000]
2026-02-11 15:00:02,751 - INFO -   FC mean ± std: 0.0288 ± 0.7452
2026-02-11 15:00:02,751 - INFO -   Pearson  r =  0.0770, p = 5.7653e-01 ns
2026-02-11 15:00:02,751 - INFO -   Spearman r =  0.1128, p = 4.1204e-01 ns
2026-02-11 15:00:02,753 - INFO - 
PAIR2: STN-L, Thalamus-L
2026-02-11 15:00:02,753 - INFO -   ROI1: [215]
2026-02-11 15:00:02,753 - INFO -   ROI2: [225]
2026-02-11 15:00:02,753 - INFO -   FC range: [-0.9840, 1.0000]
2026-02-11 15:00:02,753 - INFO -   FC mean ± std: 0.2348 ± 0.7457
2026-02-11 15:00:02,753 - INFO -   Pearson  r = -0.0834, p = 5.4478e-01 ns
2026-02-11 15:00:02,753 - INFO -   Spearman r =  0.0111, p = 9.3562e-01 ns
2026-02-11 15:00:02,755 - INFO - 
PAIR3: STN, M1
2026-02-11 15:00:02,755 - INFO -   ROI1: [215, 216]
2026-02-11 15:00:02,755 - INFO -   ROI2: [55, 56, 63, 64]
2026-02-11 15:00:02,755 - INFO -   FC range: [-0.9959, 0.9999]
2026-02-11 15:00:02,755 - INFO -   FC mean ± std: -0.0887 ± 0.7885
2026-02-11 15:00:02,755 - INFO -   Pearson  r =  0.3150, p = 1.9157e-02 *
2026-02-11 15:00:02,755 - INFO -   Spearman r =  0.2745, p = 4.2568e-02 *
2026-02-11 15:00:02,757 - INFO - 
PAIR4: STN, SMA
2026-02-11 15:00:02,757 - INFO -   ROI1: [215, 216]
2026-02-11 15:00:02,757 - INFO -   ROI2: [53, 54, 57, 58, 59, 60, 61, 62, 67, 68]
2026-02-11 15:00:02,757 - INFO -   FC range: [-0.9963, 1.0000]
2026-02-11 15:00:02,757 - INFO -   FC mean ± std: -0.0635 ± 0.7966
2026-02-11 15:00:02,757 - INFO -   Pearson  r =  0.3762, p = 4.6406e-03 **
2026-02-11 15:00:02,757 - INFO -   Spearman r =  0.3124, p = 2.0219e-02 *
2026-02-11 15:00:02,757 - INFO - 
================================================================================
2026-02-11 15:00:02,761 - INFO - 
Saved correlation results to dbs_fc_correlation_results.json
2026-02-11 15:00:02,761 - INFO - 
[Step 3] Analyzing AI model predictions...
2026-02-11 15:00:02,761 - INFO - 
================================================================================
2026-02-11 15:00:02,761 - INFO - AI Model Prediction Analysis (5-Fold CV)
2026-02-11 15:00:02,761 - INFO - ================================================================================
2026-02-11 15:00:02,761 - INFO - 
Processing individual folds...
2026-02-11 15:00:02,764 - INFO - Fold 1: Spearman R = 0.636, P = 0.0353
2026-02-11 15:00:02,766 - INFO - Fold 2: Spearman R = 0.591, P = 0.0556
2026-02-11 15:00:02,769 - INFO - Fold 3: Spearman R = 0.791, P = 0.0037
2026-02-11 15:00:02,771 - INFO - Fold 4: Spearman R = 0.518, P = 0.1025
2026-02-11 15:00:02,774 - INFO - Fold 5: Spearman R = 0.609, P = 0.0467
2026-02-11 15:00:02,776 - INFO - 
Saved fold results to ai_model_fold_results.csv
2026-02-11 15:00:02,777 - INFO - 
Loaded pooled data: 55 samples
2026-02-11 15:00:02,778 - INFO - 
--------------------------------------------------------------------------------
2026-02-11 15:00:02,778 - INFO - Pooled Data Summary:
2026-02-11 15:00:02,778 - INFO -   Spearman R = 0.557
2026-02-11 15:00:02,778 - INFO -   P-value = 0.0000
2026-02-11 15:00:02,778 - INFO -   N samples = 55
2026-02-11 15:00:02,778 - INFO - --------------------------------------------------------------------------------
2026-02-11 15:00:02,778 - INFO - 
[Step 4] Creating integrated visualizations...
2026-02-11 15:00:02,778 - INFO - 
Generating integrated visualizations...
2026-02-11 15:00:04,354 - INFO - Saved integrated visualization to dbs_integrated_analysis.png and .pdf
2026-02-11 15:00:04,355 - INFO - 
[Step 5] Analyzing by target...
2026-02-11 15:00:04,355 - INFO - 
================================================================================
2026-02-11 15:00:04,355 - INFO - Target-Specific Correlation Analysis
2026-02-11 15:00:04,355 - INFO - ================================================================================
2026-02-11 15:00:04,356 - INFO - 
B-GPi (N=28):
2026-02-11 15:00:04,356 - INFO - ----------------------------------------
2026-02-11 15:00:04,358 - INFO -   pair1: Pearson r=0.241 (p=2.169e-01), Spearman r=0.355 (p=6.399e-02)
2026-02-11 15:00:04,360 - INFO -   pair2: Pearson r=0.034 (p=8.626e-01), Spearman r=0.229 (p=2.415e-01)
2026-02-11 15:00:04,362 - INFO -   pair3: Pearson r=0.256 (p=1.894e-01), Spearman r=0.201 (p=3.053e-01)
2026-02-11 15:00:04,364 - INFO -   pair4: Pearson r=0.295 (p=1.279e-01), Spearman r=0.223 (p=2.551e-01)
2026-02-11 15:00:04,364 - INFO - 
B-STN (N=27):
2026-02-11 15:00:04,364 - INFO - ----------------------------------------
2026-02-11 15:00:04,366 - INFO -   pair1: Pearson r=0.017 (p=9.330e-01), Spearman r=0.054 (p=7.901e-01)
2026-02-11 15:00:04,368 - INFO -   pair2: Pearson r=-0.036 (p=8.574e-01), Spearman r=0.044 (p=8.277e-01)
2026-02-11 15:00:04,370 - INFO -   pair3: Pearson r=0.204 (p=3.071e-01), Spearman r=0.136 (p=4.983e-01)
2026-02-11 15:00:04,372 - INFO -   pair4: Pearson r=0.260 (p=1.908e-01), Spearman r=0.112 (p=5.769e-01)
2026-02-11 15:00:04,374 - INFO - 
Saved target-specific results to dbs_fc_correlation_by_target.json
2026-02-11 15:00:04,374 - INFO - 
================================================================================
2026-02-11 15:00:04,374 - INFO - Analysis Complete!
2026-02-11 15:00:04,374 - INFO - ================================================================================
2026-02-11 15:00:04,374 - INFO - 
Generated files:
2026-02-11 15:00:04,374 - INFO -   - dbs_fc_improvement_data.csv          : Raw FC and improvement rate data
2026-02-11 15:00:04,374 - INFO -   - dbs_fc_correlation_results.json      : FC correlation statistics
2026-02-11 15:00:04,374 - INFO -   - dbs_fc_correlation_by_target.json    : Target-specific FC correlation
2026-02-11 15:00:04,374 - INFO -   - ai_model_fold_results.csv            : AI model 5-fold CV results
2026-02-11 15:00:04,374 - INFO -   - dbs_integrated_analysis.png/pdf      : Integrated visualization (FC + AI)
2026-02-11 15:00:04,374 - INFO -   - dbs_integrated_analysis.log          : Detailed log file
2026-02-11 15:00:04,374 - INFO - 
================================================================================
2026-02-11 15:02:38,158 - INFO - ================================================================================
2026-02-11 15:02:38,169 - INFO - Starting Integrated DBS Analysis (FC + AI Model)
2026-02-11 15:02:38,169 - INFO - ================================================================================
2026-02-11 15:02:38,169 - INFO - 
[Step 1] Parsing DBS_UPDRS CSV data...
2026-02-11 15:02:38,173 - INFO - Parsing patient data from CSV...
2026-02-11 15:02:38,205 - INFO - 
Improvement rate statistics:
2026-02-11 15:02:38,205 - INFO -   N samples: 55
2026-02-11 15:02:38,205 - INFO -   Min: 0.0000
2026-02-11 15:02:38,205 - INFO -   Max: 0.6970
2026-02-11 15:02:38,205 - INFO -   Mean: 0.3115
2026-02-11 15:02:38,205 - INFO -   Std: 0.1750
2026-02-11 15:02:38,206 - INFO -   Median: 0.3000
2026-02-11 15:02:38,206 - INFO - 
Found 55 valid patient samples with complete data
2026-02-11 15:02:38,206 - INFO - 
[Step 2] Computing FC and analyzing correlations...
2026-02-11 15:02:38,206 - INFO - 
================================================================================
2026-02-11 15:02:38,206 - INFO - FC-UPDRS III Improvement Rate Correlation Analysis
2026-02-11 15:02:38,206 - INFO - ================================================================================
2026-02-11 15:02:38,206 - INFO - 
Computing FC features for all patients...
2026-02-11 15:02:38,890 - INFO - 
Saved raw data to dbs_fc_improvement_data.csv (N=55)
2026-02-11 15:02:38,890 - INFO - 
--------------------------------------------------------------------------------
2026-02-11 15:02:38,891 - INFO - Correlation Analysis Results:
2026-02-11 15:02:38,891 - INFO - --------------------------------------------------------------------------------
2026-02-11 15:02:38,893 - INFO - 
PAIR1: STN-L, GPi-L
2026-02-11 15:02:38,893 - INFO -   ROI1: [215]
2026-02-11 15:02:38,893 - INFO -   ROI2: [223]
2026-02-11 15:02:38,893 - INFO -   FC range: [-0.9928, 1.0000]
2026-02-11 15:02:38,893 - INFO -   FC mean ± std: 0.0288 ± 0.7452
2026-02-11 15:02:38,893 - INFO -   Pearson  r =  0.0770, p = 5.7653e-01 ns
2026-02-11 15:02:38,893 - INFO -   Spearman r =  0.1128, p = 4.1204e-01 ns
2026-02-11 15:02:38,895 - INFO - 
PAIR2: STN-L, Thalamus-L
2026-02-11 15:02:38,895 - INFO -   ROI1: [215]
2026-02-11 15:02:38,895 - INFO -   ROI2: [225]
2026-02-11 15:02:38,895 - INFO -   FC range: [-0.9840, 1.0000]
2026-02-11 15:02:38,895 - INFO -   FC mean ± std: 0.2348 ± 0.7457
2026-02-11 15:02:38,895 - INFO -   Pearson  r = -0.0834, p = 5.4478e-01 ns
2026-02-11 15:02:38,895 - INFO -   Spearman r =  0.0111, p = 9.3562e-01 ns
2026-02-11 15:02:38,897 - INFO - 
PAIR3: STN, M1
2026-02-11 15:02:38,897 - INFO -   ROI1: [215, 216]
2026-02-11 15:02:38,897 - INFO -   ROI2: [55, 56, 63, 64]
2026-02-11 15:02:38,898 - INFO -   FC range: [-0.9959, 0.9999]
2026-02-11 15:02:38,898 - INFO -   FC mean ± std: -0.0887 ± 0.7885
2026-02-11 15:02:38,898 - INFO -   Pearson  r =  0.3150, p = 1.9157e-02 *
2026-02-11 15:02:38,898 - INFO -   Spearman r =  0.2745, p = 4.2568e-02 *
2026-02-11 15:02:38,899 - INFO - 
PAIR4: STN, SMA
2026-02-11 15:02:38,900 - INFO -   ROI1: [215, 216]
2026-02-11 15:02:38,900 - INFO -   ROI2: [53, 54, 57, 58, 59, 60, 61, 62, 67, 68]
2026-02-11 15:02:38,900 - INFO -   FC range: [-0.9963, 1.0000]
2026-02-11 15:02:38,900 - INFO -   FC mean ± std: -0.0635 ± 0.7966
2026-02-11 15:02:38,900 - INFO -   Pearson  r =  0.3762, p = 4.6406e-03 **
2026-02-11 15:02:38,900 - INFO -   Spearman r =  0.3124, p = 2.0219e-02 *
2026-02-11 15:02:38,900 - INFO - 
================================================================================
2026-02-11 15:02:38,901 - INFO - 
Saved correlation results to dbs_fc_correlation_results.json
2026-02-11 15:02:38,902 - INFO - 
[Step 3] Analyzing AI model predictions...
2026-02-11 15:02:38,902 - INFO - 
================================================================================
2026-02-11 15:02:38,902 - INFO - AI Model Prediction Analysis (5-Fold CV)
2026-02-11 15:02:38,902 - INFO - ================================================================================
2026-02-11 15:02:38,902 - INFO - 
Processing individual folds...
2026-02-11 15:02:38,904 - INFO - Fold 1: Spearman R = 0.636, P = 0.0353
2026-02-11 15:02:38,907 - INFO - Fold 2: Spearman R = 0.591, P = 0.0556
2026-02-11 15:02:38,909 - INFO - Fold 3: Spearman R = 0.791, P = 0.0037
2026-02-11 15:02:38,912 - INFO - Fold 4: Spearman R = 0.518, P = 0.1025
2026-02-11 15:02:38,914 - INFO - Fold 5: Spearman R = 0.609, P = 0.0467
2026-02-11 15:02:38,916 - INFO - 
Saved fold results to ai_model_fold_results.csv
2026-02-11 15:02:38,917 - INFO - 
Loaded pooled data: 55 samples
2026-02-11 15:02:38,918 - INFO - 
--------------------------------------------------------------------------------
2026-02-11 15:02:38,918 - INFO - Pooled Data Summary:
2026-02-11 15:02:38,918 - INFO -   Spearman R = 0.557
2026-02-11 15:02:38,918 - INFO -   P-value = 0.0000
2026-02-11 15:02:38,919 - INFO -   N samples = 55
2026-02-11 15:02:38,919 - INFO - --------------------------------------------------------------------------------
2026-02-11 15:02:38,919 - INFO - 
[Step 4] Creating integrated visualizations...
2026-02-11 15:02:38,919 - INFO - 
Generating integrated visualizations...
2026-02-11 15:02:40,447 - INFO - Saved integrated visualization to dbs_integrated_analysis.png and .pdf
2026-02-11 15:02:40,447 - INFO - 
[Step 5] Analyzing by target...
2026-02-11 15:02:40,447 - INFO - 
================================================================================
2026-02-11 15:02:40,447 - INFO - Target-Specific Correlation Analysis
2026-02-11 15:02:40,447 - INFO - ================================================================================
2026-02-11 15:02:40,448 - INFO - 
B-GPi (N=28):
2026-02-11 15:02:40,448 - INFO - ----------------------------------------
2026-02-11 15:02:40,451 - INFO -   pair1: Pearson r=0.241 (p=2.169e-01), Spearman r=0.355 (p=6.399e-02)
2026-02-11 15:02:40,452 - INFO -   pair2: Pearson r=0.034 (p=8.626e-01), Spearman r=0.229 (p=2.415e-01)
2026-02-11 15:02:40,454 - INFO -   pair3: Pearson r=0.256 (p=1.894e-01), Spearman r=0.201 (p=3.053e-01)
2026-02-11 15:02:40,456 - INFO -   pair4: Pearson r=0.295 (p=1.279e-01), Spearman r=0.223 (p=2.551e-01)
2026-02-11 15:02:40,456 - INFO - 
B-STN (N=27):
2026-02-11 15:02:40,457 - INFO - ----------------------------------------
2026-02-11 15:02:40,458 - INFO -   pair1: Pearson r=0.017 (p=9.330e-01), Spearman r=0.054 (p=7.901e-01)
2026-02-11 15:02:40,460 - INFO -   pair2: Pearson r=-0.036 (p=8.574e-01), Spearman r=0.044 (p=8.277e-01)
2026-02-11 15:02:40,462 - INFO -   pair3: Pearson r=0.204 (p=3.071e-01), Spearman r=0.136 (p=4.983e-01)
2026-02-11 15:02:40,464 - INFO -   pair4: Pearson r=0.260 (p=1.908e-01), Spearman r=0.112 (p=5.769e-01)
2026-02-11 15:02:40,466 - INFO - 
Saved target-specific results to dbs_fc_correlation_by_target.json
2026-02-11 15:02:40,466 - INFO - 
================================================================================
2026-02-11 15:02:40,466 - INFO - Analysis Complete!
2026-02-11 15:02:40,466 - INFO - ================================================================================
2026-02-11 15:02:40,466 - INFO - 
Generated files:
2026-02-11 15:02:40,466 - INFO -   - dbs_fc_improvement_data.csv          : Raw FC and improvement rate data
2026-02-11 15:02:40,466 - INFO -   - dbs_fc_correlation_results.json      : FC correlation statistics
2026-02-11 15:02:40,466 - INFO -   - dbs_fc_correlation_by_target.json    : Target-specific FC correlation
2026-02-11 15:02:40,466 - INFO -   - ai_model_fold_results.csv            : AI model 5-fold CV results
2026-02-11 15:02:40,467 - INFO -   - dbs_integrated_analysis.png/pdf      : Integrated visualization (FC + AI)
2026-02-11 15:02:40,467 - INFO -   - dbs_integrated_analysis.log          : Detailed log file
2026-02-11 15:02:40,467 - INFO - 
================================================================================
2026-02-11 15:03:11,693 - INFO - ================================================================================
2026-02-11 15:03:11,693 - INFO - Starting Integrated DBS Analysis (FC + AI Model)
2026-02-11 15:03:11,693 - INFO - ================================================================================
2026-02-11 15:03:11,693 - INFO - 
[Step 1] Parsing DBS_UPDRS CSV data...
2026-02-11 15:03:11,697 - INFO - Parsing patient data from CSV...
2026-02-11 15:03:11,729 - INFO - 
Improvement rate statistics:
2026-02-11 15:03:11,729 - INFO -   N samples: 55
2026-02-11 15:03:11,729 - INFO -   Min: 0.0000
2026-02-11 15:03:11,729 - INFO -   Max: 0.6970
2026-02-11 15:03:11,729 - INFO -   Mean: 0.3115
2026-02-11 15:03:11,729 - INFO -   Std: 0.1750
2026-02-11 15:03:11,729 - INFO -   Median: 0.3000
2026-02-11 15:03:11,729 - INFO - 
Found 55 valid patient samples with complete data
2026-02-11 15:03:11,729 - INFO - 
[Step 2] Computing FC and analyzing correlations...
2026-02-11 15:03:11,729 - INFO - 
================================================================================
2026-02-11 15:03:11,729 - INFO - FC-UPDRS III Improvement Rate Correlation Analysis
2026-02-11 15:03:11,729 - INFO - ================================================================================
2026-02-11 15:03:11,729 - INFO - 
Computing FC features for all patients...
2026-02-11 15:03:12,437 - INFO - 
Saved raw data to dbs_fc_improvement_data.csv (N=55)
2026-02-11 15:03:12,438 - INFO - 
--------------------------------------------------------------------------------
2026-02-11 15:03:12,438 - INFO - Correlation Analysis Results:
2026-02-11 15:03:12,438 - INFO - --------------------------------------------------------------------------------
2026-02-11 15:03:12,440 - INFO - 
PAIR1: STN-L, GPi-L
2026-02-11 15:03:12,440 - INFO -   ROI1: [215]
2026-02-11 15:03:12,440 - INFO -   ROI2: [223]
2026-02-11 15:03:12,440 - INFO -   FC range: [-0.9928, 1.0000]
2026-02-11 15:03:12,440 - INFO -   FC mean ± std: 0.0288 ± 0.7452
2026-02-11 15:03:12,440 - INFO -   Pearson  r =  0.0770, p = 5.7653e-01 ns
2026-02-11 15:03:12,440 - INFO -   Spearman r =  0.1128, p = 4.1204e-01 ns
2026-02-11 15:03:12,442 - INFO - 
PAIR2: STN-L, Thalamus-L
2026-02-11 15:03:12,442 - INFO -   ROI1: [215]
2026-02-11 15:03:12,442 - INFO -   ROI2: [225]
2026-02-11 15:03:12,442 - INFO -   FC range: [-0.9840, 1.0000]
2026-02-11 15:03:12,442 - INFO -   FC mean ± std: 0.2348 ± 0.7457
2026-02-11 15:03:12,443 - INFO -   Pearson  r = -0.0834, p = 5.4478e-01 ns
2026-02-11 15:03:12,443 - INFO -   Spearman r =  0.0111, p = 9.3562e-01 ns
2026-02-11 15:03:12,444 - INFO - 
PAIR3: STN, M1
2026-02-11 15:03:12,445 - INFO -   ROI1: [215, 216]
2026-02-11 15:03:12,445 - INFO -   ROI2: [55, 56, 63, 64]
2026-02-11 15:03:12,445 - INFO -   FC range: [-0.9959, 0.9999]
2026-02-11 15:03:12,445 - INFO -   FC mean ± std: -0.0887 ± 0.7885
2026-02-11 15:03:12,445 - INFO -   Pearson  r =  0.3150, p = 1.9157e-02 *
2026-02-11 15:03:12,445 - INFO -   Spearman r =  0.2745, p = 4.2568e-02 *
2026-02-11 15:03:12,447 - INFO - 
PAIR4: STN, SMA
2026-02-11 15:03:12,447 - INFO -   ROI1: [215, 216]
2026-02-11 15:03:12,447 - INFO -   ROI2: [53, 54, 57, 58, 59, 60, 61, 62, 67, 68]
2026-02-11 15:03:12,447 - INFO -   FC range: [-0.9963, 1.0000]
2026-02-11 15:03:12,447 - INFO -   FC mean ± std: -0.0635 ± 0.7966
2026-02-11 15:03:12,447 - INFO -   Pearson  r =  0.3762, p = 4.6406e-03 **
2026-02-11 15:03:12,447 - INFO -   Spearman r =  0.3124, p = 2.0219e-02 *
2026-02-11 15:03:12,447 - INFO - 
================================================================================
2026-02-11 15:03:12,449 - INFO - 
Saved correlation results to dbs_fc_correlation_results.json
2026-02-11 15:03:12,449 - INFO - 
[Step 3] Analyzing AI model predictions...
2026-02-11 15:03:12,449 - INFO - 
================================================================================
2026-02-11 15:03:12,449 - INFO - AI Model Prediction Analysis (5-Fold CV)
2026-02-11 15:03:12,449 - INFO - ================================================================================
2026-02-11 15:03:12,449 - INFO - 
Processing individual folds...
2026-02-11 15:03:12,452 - INFO - Fold 1: Spearman R = 0.636, P = 0.0353
2026-02-11 15:03:12,454 - INFO - Fold 2: Spearman R = 0.591, P = 0.0556
2026-02-11 15:03:12,456 - INFO - Fold 3: Spearman R = 0.791, P = 0.0037
2026-02-11 15:03:12,459 - INFO - Fold 4: Spearman R = 0.518, P = 0.1025
2026-02-11 15:03:12,461 - INFO - Fold 5: Spearman R = 0.609, P = 0.0467
2026-02-11 15:03:12,464 - INFO - 
Saved fold results to ai_model_fold_results.csv
2026-02-11 15:03:12,465 - INFO - 
Loaded pooled data: 55 samples
2026-02-11 15:03:12,466 - INFO - 
--------------------------------------------------------------------------------
2026-02-11 15:03:12,466 - INFO - Pooled Data Summary:
2026-02-11 15:03:12,466 - INFO -   Spearman R = 0.557
2026-02-11 15:03:12,466 - INFO -   P-value = 0.0000
2026-02-11 15:03:12,466 - INFO -   N samples = 55
2026-02-11 15:03:12,466 - INFO - --------------------------------------------------------------------------------
2026-02-11 15:03:12,466 - INFO - 
[Step 4] Creating integrated visualizations...
2026-02-11 15:03:12,466 - INFO - 
Generating integrated visualizations...
2026-02-11 15:03:13,996 - INFO - Saved integrated visualization to dbs_integrated_analysis.png and .pdf
2026-02-11 15:03:13,996 - INFO - 
[Step 5] Analyzing by target...
2026-02-11 15:03:13,996 - INFO - 
================================================================================
2026-02-11 15:03:13,996 - INFO - Target-Specific Correlation Analysis
2026-02-11 15:03:13,996 - INFO - ================================================================================
2026-02-11 15:03:13,997 - INFO - 
B-GPi (N=28):
2026-02-11 15:03:13,997 - INFO - ----------------------------------------
2026-02-11 15:03:14,000 - INFO -   pair1: Pearson r=0.241 (p=2.169e-01), Spearman r=0.355 (p=6.399e-02)
2026-02-11 15:03:14,001 - INFO -   pair2: Pearson r=0.034 (p=8.626e-01), Spearman r=0.229 (p=2.415e-01)
2026-02-11 15:03:14,003 - INFO -   pair3: Pearson r=0.256 (p=1.894e-01), Spearman r=0.201 (p=3.053e-01)
2026-02-11 15:03:14,005 - INFO -   pair4: Pearson r=0.295 (p=1.279e-01), Spearman r=0.223 (p=2.551e-01)
2026-02-11 15:03:14,006 - INFO - 
B-STN (N=27):
2026-02-11 15:03:14,006 - INFO - ----------------------------------------
2026-02-11 15:03:14,007 - INFO -   pair1: Pearson r=0.017 (p=9.330e-01), Spearman r=0.054 (p=7.901e-01)
2026-02-11 15:03:14,009 - INFO -   pair2: Pearson r=-0.036 (p=8.574e-01), Spearman r=0.044 (p=8.277e-01)
2026-02-11 15:03:14,011 - INFO -   pair3: Pearson r=0.204 (p=3.071e-01), Spearman r=0.136 (p=4.983e-01)
2026-02-11 15:03:14,013 - INFO -   pair4: Pearson r=0.260 (p=1.908e-01), Spearman r=0.112 (p=5.769e-01)
2026-02-11 15:03:14,015 - INFO - 
Saved target-specific results to dbs_fc_correlation_by_target.json
2026-02-11 15:03:14,015 - INFO - 
================================================================================
2026-02-11 15:03:14,016 - INFO - Analysis Complete!
2026-02-11 15:03:14,016 - INFO - ================================================================================
2026-02-11 15:03:14,016 - INFO - 
Generated files:
2026-02-11 15:03:14,016 - INFO -   - dbs_fc_improvement_data.csv          : Raw FC and improvement rate data
2026-02-11 15:03:14,016 - INFO -   - dbs_fc_correlation_results.json      : FC correlation statistics
2026-02-11 15:03:14,016 - INFO -   - dbs_fc_correlation_by_target.json    : Target-specific FC correlation
2026-02-11 15:03:14,016 - INFO -   - ai_model_fold_results.csv            : AI model 5-fold CV results
2026-02-11 15:03:14,016 - INFO -   - dbs_integrated_analysis.png/pdf      : Integrated visualization (FC + AI)
2026-02-11 15:03:14,016 - INFO -   - dbs_integrated_analysis.log          : Detailed log file
2026-02-11 15:03:14,016 - INFO - 
================================================================================
2026-02-11 15:10:13,409 - INFO - ================================================================================
2026-02-11 15:10:13,412 - INFO - Starting Integrated DBS Analysis (FC + AI Model)
2026-02-11 15:10:13,412 - INFO - ================================================================================
2026-02-11 15:10:13,412 - INFO - 
[Step 1] Parsing DBS_UPDRS CSV data...
2026-02-11 15:10:13,416 - INFO - Parsing patient data from CSV...
2026-02-11 15:10:13,448 - INFO - 
Improvement rate statistics:
2026-02-11 15:10:13,448 - INFO -   N samples: 55
2026-02-11 15:10:13,448 - INFO -   Min: 0.0000
2026-02-11 15:10:13,448 - INFO -   Max: 0.6970
2026-02-11 15:10:13,448 - INFO -   Mean: 0.3115
2026-02-11 15:10:13,448 - INFO -   Std: 0.1750
2026-02-11 15:10:13,448 - INFO -   Median: 0.3000
2026-02-11 15:10:13,448 - INFO - 
Found 55 valid patient samples with complete data
2026-02-11 15:10:13,448 - INFO - 
[Step 2] Computing FC and analyzing correlations...
2026-02-11 15:10:13,448 - INFO - 
================================================================================
2026-02-11 15:10:13,448 - INFO - FC-UPDRS III Improvement Rate Correlation Analysis
2026-02-11 15:10:13,448 - INFO - ================================================================================
2026-02-11 15:10:13,448 - INFO - 
Computing FC features for all patients...
2026-02-11 15:10:14,124 - INFO - 
Saved raw data to dbs_fc_improvement_data.csv (N=55)
2026-02-11 15:10:14,124 - INFO - 
--------------------------------------------------------------------------------
2026-02-11 15:10:14,125 - INFO - Correlation Analysis Results:
2026-02-11 15:10:14,125 - INFO - --------------------------------------------------------------------------------
2026-02-11 15:10:14,127 - INFO - 
PAIR1: STN-L, GPi-L
2026-02-11 15:10:14,127 - INFO -   ROI1: [215]
2026-02-11 15:10:14,127 - INFO -   ROI2: [223]
2026-02-11 15:10:14,127 - INFO -   FC range: [-0.9928, 1.0000]
2026-02-11 15:10:14,127 - INFO -   FC mean ± std: 0.0288 ± 0.7452
2026-02-11 15:10:14,127 - INFO -   Pearson  r =  0.0770, p = 5.7653e-01 ns
2026-02-11 15:10:14,127 - INFO -   Spearman r =  0.1128, p = 4.1204e-01 ns
2026-02-11 15:10:14,129 - INFO - 
PAIR2: STN-L, Thalamus-L
2026-02-11 15:10:14,129 - INFO -   ROI1: [215]
2026-02-11 15:10:14,129 - INFO -   ROI2: [225]
2026-02-11 15:10:14,129 - INFO -   FC range: [-0.9840, 1.0000]
2026-02-11 15:10:14,129 - INFO -   FC mean ± std: 0.2348 ± 0.7457
2026-02-11 15:10:14,129 - INFO -   Pearson  r = -0.0834, p = 5.4478e-01 ns
2026-02-11 15:10:14,129 - INFO -   Spearman r =  0.0111, p = 9.3562e-01 ns
2026-02-11 15:10:14,131 - INFO - 
PAIR3: STN, M1
2026-02-11 15:10:14,131 - INFO -   ROI1: [215, 216]
2026-02-11 15:10:14,131 - INFO -   ROI2: [55, 56, 63, 64]
2026-02-11 15:10:14,131 - INFO -   FC range: [-0.9959, 0.9999]
2026-02-11 15:10:14,132 - INFO -   FC mean ± std: -0.0887 ± 0.7885
2026-02-11 15:10:14,132 - INFO -   Pearson  r =  0.3150, p = 1.9157e-02 *
2026-02-11 15:10:14,132 - INFO -   Spearman r =  0.2745, p = 4.2568e-02 *
2026-02-11 15:10:14,133 - INFO - 
PAIR4: STN, SMA
2026-02-11 15:10:14,134 - INFO -   ROI1: [215, 216]
2026-02-11 15:10:14,134 - INFO -   ROI2: [53, 54, 57, 58, 59, 60, 61, 62, 67, 68]
2026-02-11 15:10:14,134 - INFO -   FC range: [-0.9963, 1.0000]
2026-02-11 15:10:14,134 - INFO -   FC mean ± std: -0.0635 ± 0.7966
2026-02-11 15:10:14,134 - INFO -   Pearson  r =  0.3762, p = 4.6406e-03 **
2026-02-11 15:10:14,134 - INFO -   Spearman r =  0.3124, p = 2.0219e-02 *
2026-02-11 15:10:14,134 - INFO - 
================================================================================
2026-02-11 15:10:14,136 - INFO - 
Saved correlation results to dbs_fc_correlation_results.json
2026-02-11 15:10:14,136 - INFO - 
[Step 3] Analyzing AI model predictions...
2026-02-11 15:10:14,136 - INFO - 
================================================================================
2026-02-11 15:10:14,136 - INFO - AI Model Prediction Analysis (5-Fold CV)
2026-02-11 15:10:14,136 - INFO - ================================================================================
2026-02-11 15:10:14,136 - INFO - 
Processing individual folds...
2026-02-11 15:10:14,138 - INFO - Fold 1: Spearman R = 0.636, P = 0.0353
2026-02-11 15:10:14,141 - INFO - Fold 2: Spearman R = 0.591, P = 0.0556
2026-02-11 15:10:14,143 - INFO - Fold 3: Spearman R = 0.791, P = 0.0037
2026-02-11 15:10:14,146 - INFO - Fold 4: Spearman R = 0.518, P = 0.1025
2026-02-11 15:10:14,148 - INFO - Fold 5: Spearman R = 0.609, P = 0.0467
2026-02-11 15:10:14,150 - INFO - 
Saved fold results to ai_model_fold_results.csv
2026-02-11 15:10:14,151 - INFO - 
Loaded pooled data: 55 samples
2026-02-11 15:10:14,152 - INFO - 
--------------------------------------------------------------------------------
2026-02-11 15:10:14,152 - INFO - Pooled Data Summary:
2026-02-11 15:10:14,152 - INFO -   Spearman R = 0.557
2026-02-11 15:10:14,152 - INFO -   P-value = 0.0000
2026-02-11 15:10:14,152 - INFO -   N samples = 55
2026-02-11 15:10:14,152 - INFO - --------------------------------------------------------------------------------
2026-02-11 15:10:14,153 - INFO - 
[Step 4] Creating integrated visualizations...
2026-02-11 15:10:14,153 - INFO - 
Generating integrated visualizations...
2026-02-11 15:10:15,701 - INFO - Saved integrated visualization to dbs_integrated_analysis.png and .pdf
2026-02-11 15:10:15,701 - INFO - 
[Step 5] Analyzing by target...
2026-02-11 15:10:15,701 - INFO - 
================================================================================
2026-02-11 15:10:15,701 - INFO - Target-Specific Correlation Analysis
2026-02-11 15:10:15,701 - INFO - ================================================================================
2026-02-11 15:10:15,702 - INFO - 
B-GPi (N=28):
2026-02-11 15:10:15,702 - INFO - ----------------------------------------
2026-02-11 15:10:15,704 - INFO -   pair1: Pearson r=0.241 (p=2.169e-01), Spearman r=0.355 (p=6.399e-02)
2026-02-11 15:10:15,706 - INFO -   pair2: Pearson r=0.034 (p=8.626e-01), Spearman r=0.229 (p=2.415e-01)
2026-02-11 15:10:15,708 - INFO -   pair3: Pearson r=0.256 (p=1.894e-01), Spearman r=0.201 (p=3.053e-01)
2026-02-11 15:10:15,710 - INFO -   pair4: Pearson r=0.295 (p=1.279e-01), Spearman r=0.223 (p=2.551e-01)
2026-02-11 15:10:15,710 - INFO - 
B-STN (N=27):
2026-02-11 15:10:15,710 - INFO - ----------------------------------------
2026-02-11 15:10:15,712 - INFO -   pair1: Pearson r=0.017 (p=9.330e-01), Spearman r=0.054 (p=7.901e-01)
2026-02-11 15:10:15,714 - INFO -   pair2: Pearson r=-0.036 (p=8.574e-01), Spearman r=0.044 (p=8.277e-01)
2026-02-11 15:10:15,716 - INFO -   pair3: Pearson r=0.204 (p=3.071e-01), Spearman r=0.136 (p=4.983e-01)
2026-02-11 15:10:15,718 - INFO -   pair4: Pearson r=0.260 (p=1.908e-01), Spearman r=0.112 (p=5.769e-01)
2026-02-11 15:10:15,720 - INFO - 
Saved target-specific results to dbs_fc_correlation_by_target.json
2026-02-11 15:10:15,720 - INFO - 
================================================================================
2026-02-11 15:10:15,720 - INFO - Analysis Complete!
2026-02-11 15:10:15,720 - INFO - ================================================================================
2026-02-11 15:10:15,720 - INFO - 
Generated files:
2026-02-11 15:10:15,720 - INFO -   - dbs_fc_improvement_data.csv          : Raw FC and improvement rate data
2026-02-11 15:10:15,720 - INFO -   - dbs_fc_correlation_results.json      : FC correlation statistics
2026-02-11 15:10:15,720 - INFO -   - dbs_fc_correlation_by_target.json    : Target-specific FC correlation
2026-02-11 15:10:15,720 - INFO -   - ai_model_fold_results.csv            : AI model 5-fold CV results
2026-02-11 15:10:15,720 - INFO -   - dbs_integrated_analysis.png/pdf      : Integrated visualization (FC + AI)
2026-02-11 15:10:15,720 - INFO -   - dbs_integrated_analysis.log          : Detailed log file
2026-02-11 15:10:15,720 - INFO - 
================================================================================
2026-02-11 15:13:51,688 - INFO - ================================================================================
2026-02-11 15:13:51,690 - INFO - Starting Integrated DBS Analysis (FC + AI Model)
2026-02-11 15:13:51,690 - INFO - ================================================================================
2026-02-11 15:13:51,690 - INFO - 
[Step 1] Parsing DBS_UPDRS CSV data...
2026-02-11 15:13:51,695 - INFO - Parsing patient data from CSV...
2026-02-11 15:13:51,751 - INFO - 
Improvement rate statistics:
2026-02-11 15:13:51,751 - INFO -   N samples: 55
2026-02-11 15:13:51,751 - INFO -   Min: 0.0000
2026-02-11 15:13:51,751 - INFO -   Max: 0.6970
2026-02-11 15:13:51,751 - INFO -   Mean: 0.3115
2026-02-11 15:13:51,751 - INFO -   Std: 0.1750
2026-02-11 15:13:51,751 - INFO -   Median: 0.3000
2026-02-11 15:13:51,751 - INFO - 
Found 55 valid patient samples with complete data
2026-02-11 15:13:51,751 - INFO - 
[Step 2] Computing FC and analyzing correlations...
2026-02-11 15:13:51,751 - INFO - 
================================================================================
2026-02-11 15:13:51,751 - INFO - FC-UPDRS III Improvement Rate Correlation Analysis
2026-02-11 15:13:51,751 - INFO - ================================================================================
2026-02-11 15:13:51,751 - INFO - 
Computing FC features for all patients...
2026-02-11 15:13:52,480 - INFO - 
Saved raw data to dbs_fc_improvement_data.csv (N=55)
2026-02-11 15:13:52,480 - INFO - 
--------------------------------------------------------------------------------
2026-02-11 15:13:52,480 - INFO - Correlation Analysis Results:
2026-02-11 15:13:52,480 - INFO - --------------------------------------------------------------------------------
2026-02-11 15:13:52,483 - INFO - 
PAIR1: STN-L, GPi-L
2026-02-11 15:13:52,483 - INFO -   ROI1: [215]
2026-02-11 15:13:52,483 - INFO -   ROI2: [223]
2026-02-11 15:13:52,483 - INFO -   FC range: [-0.9928, 1.0000]
2026-02-11 15:13:52,483 - INFO -   FC mean ± std: 0.0288 ± 0.7452
2026-02-11 15:13:52,483 - INFO -   Pearson  r =  0.0770, p = 5.7653e-01 ns
2026-02-11 15:13:52,483 - INFO -   Spearman r =  0.1128, p = 4.1204e-01 ns
2026-02-11 15:13:52,485 - INFO - 
PAIR2: STN-L, Thalamus-L
2026-02-11 15:13:52,485 - INFO -   ROI1: [215]
2026-02-11 15:13:52,485 - INFO -   ROI2: [225]
2026-02-11 15:13:52,485 - INFO -   FC range: [-0.9840, 1.0000]
2026-02-11 15:13:52,485 - INFO -   FC mean ± std: 0.2348 ± 0.7457
2026-02-11 15:13:52,486 - INFO -   Pearson  r = -0.0834, p = 5.4478e-01 ns
2026-02-11 15:13:52,486 - INFO -   Spearman r =  0.0111, p = 9.3562e-01 ns
2026-02-11 15:13:52,487 - INFO - 
PAIR3: STN, M1
2026-02-11 15:13:52,488 - INFO -   ROI1: [215, 216]
2026-02-11 15:13:52,488 - INFO -   ROI2: [55, 56, 63, 64]
2026-02-11 15:13:52,488 - INFO -   FC range: [-0.9959, 0.9999]
2026-02-11 15:13:52,488 - INFO -   FC mean ± std: -0.0887 ± 0.7885
2026-02-11 15:13:52,488 - INFO -   Pearson  r =  0.3150, p = 1.9157e-02 *
2026-02-11 15:13:52,488 - INFO -   Spearman r =  0.2745, p = 4.2568e-02 *
2026-02-11 15:13:52,490 - INFO - 
PAIR4: STN, SMA
2026-02-11 15:13:52,490 - INFO -   ROI1: [215, 216]
2026-02-11 15:13:52,490 - INFO -   ROI2: [53, 54, 57, 58, 59, 60, 61, 62, 67, 68]
2026-02-11 15:13:52,490 - INFO -   FC range: [-0.9963, 1.0000]
2026-02-11 15:13:52,490 - INFO -   FC mean ± std: -0.0635 ± 0.7966
2026-02-11 15:13:52,490 - INFO -   Pearson  r =  0.3762, p = 4.6406e-03 **
2026-02-11 15:13:52,490 - INFO -   Spearman r =  0.3124, p = 2.0219e-02 *
2026-02-11 15:13:52,490 - INFO - 
================================================================================
2026-02-11 15:13:52,492 - INFO - 
Saved correlation results to dbs_fc_correlation_results.json
2026-02-11 15:13:52,493 - INFO - 
[Step 3] Analyzing AI model predictions...
2026-02-11 15:13:52,493 - INFO - 
================================================================================
2026-02-11 15:13:52,493 - INFO - AI Model Prediction Analysis (5-Fold CV)
2026-02-11 15:13:52,493 - INFO - ================================================================================
2026-02-11 15:13:52,493 - INFO - 
Processing individual folds...
2026-02-11 15:13:52,495 - INFO - Fold 1: Spearman R = 0.636, P = 0.0353
2026-02-11 15:13:52,498 - INFO - Fold 2: Spearman R = 0.591, P = 0.0556
2026-02-11 15:13:52,500 - INFO - Fold 3: Spearman R = 0.791, P = 0.0037
2026-02-11 15:13:52,502 - INFO - Fold 4: Spearman R = 0.518, P = 0.1025
2026-02-11 15:13:52,505 - INFO - Fold 5: Spearman R = 0.609, P = 0.0467
2026-02-11 15:13:52,507 - INFO - 
Saved fold results to ai_model_fold_results.csv
2026-02-11 15:13:52,508 - INFO - 
Loaded pooled data: 55 samples
2026-02-11 15:13:52,510 - INFO - 
--------------------------------------------------------------------------------
2026-02-11 15:13:52,510 - INFO - Pooled Data Summary:
2026-02-11 15:13:52,510 - INFO -   Spearman R = 0.557
2026-02-11 15:13:52,510 - INFO -   P-value = 0.0000
2026-02-11 15:13:52,510 - INFO -   N samples = 55
2026-02-11 15:13:52,510 - INFO - --------------------------------------------------------------------------------
2026-02-11 15:13:52,510 - INFO - 
[Step 4] Creating integrated visualizations...
2026-02-11 15:13:52,510 - INFO - 
Generating integrated visualizations...
2026-02-11 15:13:54,088 - INFO - Saved integrated visualization to dbs_integrated_analysis.png and .pdf
2026-02-11 15:13:54,089 - INFO - 
[Step 5] Analyzing by target...
2026-02-11 15:13:54,089 - INFO - 
================================================================================
2026-02-11 15:13:54,089 - INFO - Target-Specific Correlation Analysis
2026-02-11 15:13:54,089 - INFO - ================================================================================
2026-02-11 15:13:54,090 - INFO - 
B-GPi (N=28):
2026-02-11 15:13:54,090 - INFO - ----------------------------------------
2026-02-11 15:13:54,093 - INFO -   pair1: Pearson r=0.241 (p=2.169e-01), Spearman r=0.355 (p=6.399e-02)
2026-02-11 15:13:54,095 - INFO -   pair2: Pearson r=0.034 (p=8.626e-01), Spearman r=0.229 (p=2.415e-01)
2026-02-11 15:13:54,096 - INFO -   pair3: Pearson r=0.256 (p=1.894e-01), Spearman r=0.201 (p=3.053e-01)
2026-02-11 15:13:54,098 - INFO -   pair4: Pearson r=0.295 (p=1.279e-01), Spearman r=0.223 (p=2.551e-01)
2026-02-11 15:13:54,099 - INFO - 
B-STN (N=27):
2026-02-11 15:13:54,099 - INFO - ----------------------------------------
2026-02-11 15:13:54,101 - INFO -   pair1: Pearson r=0.017 (p=9.330e-01), Spearman r=0.054 (p=7.901e-01)
2026-02-11 15:13:54,102 - INFO -   pair2: Pearson r=-0.036 (p=8.574e-01), Spearman r=0.044 (p=8.277e-01)
2026-02-11 15:13:54,104 - INFO -   pair3: Pearson r=0.204 (p=3.071e-01), Spearman r=0.136 (p=4.983e-01)
2026-02-11 15:13:54,106 - INFO -   pair4: Pearson r=0.260 (p=1.908e-01), Spearman r=0.112 (p=5.769e-01)
2026-02-11 15:13:54,109 - INFO - 
Saved target-specific results to dbs_fc_correlation_by_target.json
2026-02-11 15:13:54,109 - INFO - 
================================================================================
2026-02-11 15:13:54,109 - INFO - Analysis Complete!
2026-02-11 15:13:54,109 - INFO - ================================================================================
2026-02-11 15:13:54,109 - INFO - 
Generated files:
2026-02-11 15:13:54,109 - INFO -   - dbs_fc_improvement_data.csv          : Raw FC and improvement rate data
2026-02-11 15:13:54,109 - INFO -   - dbs_fc_correlation_results.json      : FC correlation statistics
2026-02-11 15:13:54,109 - INFO -   - dbs_fc_correlation_by_target.json    : Target-specific FC correlation
2026-02-11 15:13:54,109 - INFO -   - ai_model_fold_results.csv            : AI model 5-fold CV results
2026-02-11 15:13:54,109 - INFO -   - dbs_integrated_analysis.png/pdf      : Integrated visualization (FC + AI)
2026-02-11 15:13:54,109 - INFO -   - dbs_integrated_analysis.log          : Detailed log file
2026-02-11 15:13:54,109 - INFO - 
================================================================================
2026-02-11 15:44:23,707 - INFO - ================================================================================
2026-02-11 15:44:23,709 - INFO - Starting Integrated DBS Analysis (FC + AI Model)
2026-02-11 15:44:23,709 - INFO - ================================================================================
2026-02-11 15:44:23,709 - INFO - 
[Step 1] Parsing DBS_UPDRS CSV data...
2026-02-11 15:44:23,713 - INFO - Parsing patient data from CSV...
2026-02-11 15:44:23,745 - INFO - 
Improvement rate statistics:
2026-02-11 15:44:23,745 - INFO -   N samples: 55
2026-02-11 15:44:23,745 - INFO -   Min: 0.0000
2026-02-11 15:44:23,745 - INFO -   Max: 0.6970
2026-02-11 15:44:23,745 - INFO -   Mean: 0.3115
2026-02-11 15:44:23,745 - INFO -   Std: 0.1750
2026-02-11 15:44:23,746 - INFO -   Median: 0.3000
2026-02-11 15:44:23,746 - INFO - 
Found 55 valid patient samples with complete data
2026-02-11 15:44:23,746 - INFO - 
[Step 2] Computing FC and analyzing correlations...
2026-02-11 15:44:23,746 - INFO - 
================================================================================
2026-02-11 15:44:23,746 - INFO - FC-UPDRS III Improvement Rate Correlation Analysis
2026-02-11 15:44:23,746 - INFO - ================================================================================
2026-02-11 15:44:23,746 - INFO - 
Computing FC features for all patients...
2026-02-11 15:44:24,447 - INFO - 
Saved raw data to dbs_fc_improvement_data.csv (N=55)
2026-02-11 15:44:24,448 - INFO - 
--------------------------------------------------------------------------------
2026-02-11 15:44:24,448 - INFO - Correlation Analysis Results:
2026-02-11 15:44:24,448 - INFO - --------------------------------------------------------------------------------
2026-02-11 15:44:24,450 - INFO - 
PAIR1: STN-L, GPi-L
2026-02-11 15:44:24,450 - INFO -   ROI1: [215]
2026-02-11 15:44:24,450 - INFO -   ROI2: [223]
2026-02-11 15:44:24,450 - INFO -   FC range: [-0.9928, 1.0000]
2026-02-11 15:44:24,450 - INFO -   FC mean ± std: 0.0288 ± 0.7452
2026-02-11 15:44:24,450 - INFO -   Pearson  r =  0.0770, p = 5.7653e-01 ns
2026-02-11 15:44:24,450 - INFO -   Spearman r =  0.1128, p = 4.1204e-01 ns
2026-02-11 15:44:24,452 - INFO - 
PAIR2: STN-L, Thalamus-L
2026-02-11 15:44:24,452 - INFO -   ROI1: [215]
2026-02-11 15:44:24,452 - INFO -   ROI2: [225]
2026-02-11 15:44:24,452 - INFO -   FC range: [-0.9840, 1.0000]
2026-02-11 15:44:24,453 - INFO -   FC mean ± std: 0.2348 ± 0.7457
2026-02-11 15:44:24,453 - INFO -   Pearson  r = -0.0834, p = 5.4478e-01 ns
2026-02-11 15:44:24,453 - INFO -   Spearman r =  0.0111, p = 9.3562e-01 ns
2026-02-11 15:44:24,454 - INFO - 
PAIR3: STN, M1
2026-02-11 15:44:24,455 - INFO -   ROI1: [215, 216]
2026-02-11 15:44:24,455 - INFO -   ROI2: [55, 56, 63, 64]
2026-02-11 15:44:24,455 - INFO -   FC range: [-0.9959, 0.9999]
2026-02-11 15:44:24,455 - INFO -   FC mean ± std: -0.0887 ± 0.7885
2026-02-11 15:44:24,455 - INFO -   Pearson  r =  0.3150, p = 1.9157e-02 *
2026-02-11 15:44:24,455 - INFO -   Spearman r =  0.2745, p = 4.2568e-02 *
2026-02-11 15:44:24,457 - INFO - 
PAIR4: STN, SMA
2026-02-11 15:44:24,457 - INFO -   ROI1: [215, 216]
2026-02-11 15:44:24,457 - INFO -   ROI2: [53, 54, 57, 58, 59, 60, 61, 62, 67, 68]
2026-02-11 15:44:24,457 - INFO -   FC range: [-0.9963, 1.0000]
2026-02-11 15:44:24,457 - INFO -   FC mean ± std: -0.0635 ± 0.7966
2026-02-11 15:44:24,457 - INFO -   Pearson  r =  0.3762, p = 4.6406e-03 **
2026-02-11 15:44:24,457 - INFO -   Spearman r =  0.3124, p = 2.0219e-02 *
2026-02-11 15:44:24,457 - INFO - 
================================================================================
2026-02-11 15:44:24,459 - INFO - 
Saved correlation results to dbs_fc_correlation_results.json
2026-02-11 15:44:24,459 - INFO - 
[Step 3] Analyzing AI model predictions...
2026-02-11 15:44:24,459 - INFO - 
================================================================================
2026-02-11 15:44:24,459 - INFO - AI Model Prediction Analysis (5-Fold CV)
2026-02-11 15:44:24,459 - INFO - ================================================================================
2026-02-11 15:44:24,459 - INFO - 
Processing individual folds...
2026-02-11 15:44:24,462 - INFO - Fold 1: Spearman R = 0.636, P = 0.0353
2026-02-11 15:44:24,464 - INFO - Fold 2: Spearman R = 0.591, P = 0.0556
2026-02-11 15:44:24,467 - INFO - Fold 3: Spearman R = 0.791, P = 0.0037
2026-02-11 15:44:24,469 - INFO - Fold 4: Spearman R = 0.518, P = 0.1025
2026-02-11 15:44:24,472 - INFO - Fold 5: Spearman R = 0.609, P = 0.0467
2026-02-11 15:44:24,474 - INFO - 
Saved fold results to ai_model_fold_results.csv
2026-02-11 15:44:24,475 - INFO - 
Loaded pooled data: 55 samples
2026-02-11 15:44:24,476 - INFO - 
--------------------------------------------------------------------------------
2026-02-11 15:44:24,476 - INFO - Pooled Data Summary:
2026-02-11 15:44:24,476 - INFO -   Spearman R = 0.557
2026-02-11 15:44:24,476 - INFO -   P-value = 0.0000
2026-02-11 15:44:24,476 - INFO -   N samples = 55
2026-02-11 15:44:24,476 - INFO - --------------------------------------------------------------------------------
2026-02-11 15:44:24,476 - INFO - 
[Step 4] Creating integrated visualizations...
2026-02-11 15:44:24,476 - INFO - 
Generating integrated visualizations...
2026-02-11 15:44:26,017 - INFO - Saved integrated visualization to dbs_integrated_analysis.png and .pdf
2026-02-11 15:44:26,017 - INFO - 
[Step 5] Analyzing by target...
2026-02-11 15:44:26,017 - INFO - 
================================================================================
2026-02-11 15:44:26,017 - INFO - Target-Specific Correlation Analysis
2026-02-11 15:44:26,017 - INFO - ================================================================================
2026-02-11 15:44:26,018 - INFO - 
B-GPi (N=28):
2026-02-11 15:44:26,018 - INFO - ----------------------------------------
2026-02-11 15:44:26,020 - INFO -   pair1: Pearson r=0.241 (p=2.169e-01), Spearman r=0.355 (p=6.399e-02)
2026-02-11 15:44:26,022 - INFO -   pair2: Pearson r=0.034 (p=8.626e-01), Spearman r=0.229 (p=2.415e-01)
2026-02-11 15:44:26,024 - INFO -   pair3: Pearson r=0.256 (p=1.894e-01), Spearman r=0.201 (p=3.053e-01)
2026-02-11 15:44:26,026 - INFO -   pair4: Pearson r=0.295 (p=1.279e-01), Spearman r=0.223 (p=2.551e-01)
2026-02-11 15:44:26,026 - INFO - 
B-STN (N=27):
2026-02-11 15:44:26,026 - INFO - ----------------------------------------
2026-02-11 15:44:26,028 - INFO -   pair1: Pearson r=0.017 (p=9.330e-01), Spearman r=0.054 (p=7.901e-01)
2026-02-11 15:44:26,030 - INFO -   pair2: Pearson r=-0.036 (p=8.574e-01), Spearman r=0.044 (p=8.277e-01)
2026-02-11 15:44:26,032 - INFO -   pair3: Pearson r=0.204 (p=3.071e-01), Spearman r=0.136 (p=4.983e-01)
2026-02-11 15:44:26,034 - INFO -   pair4: Pearson r=0.260 (p=1.908e-01), Spearman r=0.112 (p=5.769e-01)
2026-02-11 15:44:26,037 - INFO - 
Saved target-specific results to dbs_fc_correlation_by_target.json
2026-02-11 15:44:26,037 - INFO - 
================================================================================
2026-02-11 15:44:26,037 - INFO - Analysis Complete!
2026-02-11 15:44:26,037 - INFO - ================================================================================
2026-02-11 15:44:26,037 - INFO - 
Generated files:
2026-02-11 15:44:26,037 - INFO -   - dbs_fc_improvement_data.csv          : Raw FC and improvement rate data
2026-02-11 15:44:26,037 - INFO -   - dbs_fc_correlation_results.json      : FC correlation statistics
2026-02-11 15:44:26,037 - INFO -   - dbs_fc_correlation_by_target.json    : Target-specific FC correlation
2026-02-11 15:44:26,037 - INFO -   - ai_model_fold_results.csv            : AI model 5-fold CV results
2026-02-11 15:44:26,037 - INFO -   - dbs_integrated_analysis.png/pdf      : Integrated visualization (FC + AI)
2026-02-11 15:44:26,037 - INFO -   - dbs_integrated_analysis.log          : Detailed log file
2026-02-11 15:44:26,037 - INFO - 
================================================================================
2026-03-02 18:28:29,187 - INFO - ================================================================================
2026-03-02 18:28:29,193 - INFO - Starting Integrated DBS Analysis (FC + AI Model)
2026-03-02 18:28:29,193 - INFO - ================================================================================
2026-03-02 18:28:29,193 - INFO - 
[Step 1] Parsing DBS_UPDRS CSV data...
2026-03-02 18:28:31,216 - INFO - Parsing patient data from CSV...
2026-03-02 18:29:04,773 - INFO - 
Improvement rate statistics:
2026-03-02 18:29:04,773 - INFO -   N samples: 55
2026-03-02 18:29:04,773 - INFO -   Min: 0.0000
2026-03-02 18:29:04,773 - INFO -   Max: 0.6970
2026-03-02 18:29:04,774 - INFO -   Mean: 0.3115
2026-03-02 18:29:04,774 - INFO -   Std: 0.1750
2026-03-02 18:29:04,774 - INFO -   Median: 0.3000
2026-03-02 18:29:04,774 - INFO - 
Found 55 valid patient samples with complete data
2026-03-02 18:29:04,774 - INFO - 
[Step 2] Computing FC and analyzing correlations...
2026-03-02 18:29:04,774 - INFO - 
================================================================================
2026-03-02 18:29:04,774 - INFO - FC-UPDRS III Improvement Rate Correlation Analysis
2026-03-02 18:29:04,774 - INFO - ================================================================================
2026-03-02 18:29:04,774 - INFO - 
Computing FC features for all patients...
2026-03-02 18:31:10,426 - INFO - ================================================================================
2026-03-02 18:31:10,428 - INFO - Starting Integrated DBS Analysis (FC + AI Model)
2026-03-02 18:31:10,428 - INFO - ================================================================================
2026-03-02 18:31:10,428 - INFO - 
[Step 1] Parsing DBS_UPDRS CSV data...
2026-03-02 18:31:10,506 - INFO - Parsing patient data from CSV...
2026-03-02 18:31:10,664 - INFO - 
Improvement rate statistics:
2026-03-02 18:31:10,664 - INFO -   N samples: 55
2026-03-02 18:31:10,664 - INFO -   Min: 0.0000
2026-03-02 18:31:10,664 - INFO -   Max: 0.6970
2026-03-02 18:31:10,664 - INFO -   Mean: 0.3115
2026-03-02 18:31:10,664 - INFO -   Std: 0.1750
2026-03-02 18:31:10,664 - INFO -   Median: 0.3000
2026-03-02 18:31:10,664 - INFO - 
Found 55 valid patient samples with complete data
2026-03-02 18:31:10,665 - INFO - 
[Step 2] Computing FC and analyzing correlations...
2026-03-02 18:31:10,665 - INFO - 
================================================================================
2026-03-02 18:31:10,665 - INFO - FC-UPDRS III Improvement Rate Correlation Analysis
2026-03-02 18:31:10,665 - INFO - ================================================================================
2026-03-02 18:31:10,665 - INFO - 
Computing FC features for all patients...
2026-03-02 18:31:14,196 - INFO - 
Saved raw data to dbs_fc_improvement_data.csv (N=55)
2026-03-02 18:31:14,197 - INFO - 
--------------------------------------------------------------------------------
2026-03-02 18:31:14,197 - INFO - Correlation Analysis Results:
2026-03-02 18:31:14,197 - INFO - --------------------------------------------------------------------------------
2026-03-02 18:31:14,199 - INFO - 
PAIR1: STN-L, GPi-L
2026-03-02 18:31:14,199 - INFO -   ROI1: [215]
2026-03-02 18:31:14,199 - INFO -   ROI2: [223]
2026-03-02 18:31:14,200 - INFO -   FC range: [-0.9928, 1.0000]
2026-03-02 18:31:14,200 - INFO -   FC mean ± std: 0.0288 ± 0.7452
2026-03-02 18:31:14,200 - INFO -   Pearson  r =  0.0770, p = 5.7653e-01 ns
2026-03-02 18:31:14,200 - INFO -   Spearman r =  0.1128, p = 4.1204e-01 ns
2026-03-02 18:31:14,202 - INFO - 
PAIR2: STN-L, Thalamus-L
2026-03-02 18:31:14,202 - INFO -   ROI1: [215]
2026-03-02 18:31:14,202 - INFO -   ROI2: [225]
2026-03-02 18:31:14,202 - INFO -   FC range: [-0.9840, 1.0000]
2026-03-02 18:31:14,202 - INFO -   FC mean ± std: 0.2348 ± 0.7457
2026-03-02 18:31:14,202 - INFO -   Pearson  r = -0.0834, p = 5.4478e-01 ns
2026-03-02 18:31:14,202 - INFO -   Spearman r =  0.0111, p = 9.3562e-01 ns
2026-03-02 18:31:14,204 - INFO - 
PAIR3: STN, M1
2026-03-02 18:31:14,204 - INFO -   ROI1: [215, 216]
2026-03-02 18:31:14,204 - INFO -   ROI2: [55, 56, 63, 64]
2026-03-02 18:31:14,204 - INFO -   FC range: [-0.9959, 0.9999]
2026-03-02 18:31:14,204 - INFO -   FC mean ± std: -0.0887 ± 0.7885
2026-03-02 18:31:14,204 - INFO -   Pearson  r =  0.3150, p = 1.9157e-02 *
2026-03-02 18:31:14,204 - INFO -   Spearman r =  0.2745, p = 4.2568e-02 *
2026-03-02 18:31:14,206 - INFO - 
PAIR4: STN, SMA
2026-03-02 18:31:14,206 - INFO -   ROI1: [215, 216]
2026-03-02 18:31:14,206 - INFO -   ROI2: [53, 54, 57, 58, 59, 60, 61, 62, 67, 68]
2026-03-02 18:31:14,206 - INFO -   FC range: [-0.9963, 1.0000]
2026-03-02 18:31:14,207 - INFO -   FC mean ± std: -0.0635 ± 0.7966
2026-03-02 18:31:14,207 - INFO -   Pearson  r =  0.3762, p = 4.6406e-03 **
2026-03-02 18:31:14,207 - INFO -   Spearman r =  0.3124, p = 2.0219e-02 *
2026-03-02 18:31:14,207 - INFO - 
================================================================================
2026-03-02 18:31:14,209 - INFO - 
Saved correlation results to dbs_fc_correlation_results.json
2026-03-02 18:31:14,209 - INFO - 
[Step 3] Analyzing AI model predictions...
2026-03-02 18:31:14,209 - INFO - 
================================================================================
2026-03-02 18:31:14,209 - INFO - AI Model Prediction Analysis (5-Fold CV)
2026-03-02 18:31:14,209 - INFO - ================================================================================
2026-03-02 18:31:14,209 - INFO - 
Processing individual folds...
2026-03-02 18:31:14,213 - INFO - Fold 1: Spearman R = 0.636, P = 0.0353
2026-03-02 18:31:14,217 - INFO - Fold 2: Spearman R = 0.591, P = 0.0556
2026-03-02 18:31:14,220 - INFO - Fold 3: Spearman R = 0.791, P = 0.0037
2026-03-02 18:31:14,224 - INFO - Fold 4: Spearman R = 0.518, P = 0.1025
2026-03-02 18:31:14,227 - INFO - Fold 5: Spearman R = 0.609, P = 0.0467
2026-03-02 18:31:14,230 - INFO - 
Saved fold results to ai_model_fold_results.csv
2026-03-02 18:31:14,232 - INFO - 
Loaded pooled data: 55 samples
2026-03-02 18:31:14,233 - INFO - 
--------------------------------------------------------------------------------
2026-03-02 18:31:14,233 - INFO - Pooled Data Summary:
2026-03-02 18:31:14,233 - INFO -   Spearman R = 0.557
2026-03-02 18:31:14,233 - INFO -   P-value = 0.0000
2026-03-02 18:31:14,233 - INFO -   N samples = 55
2026-03-02 18:31:14,233 - INFO - --------------------------------------------------------------------------------
2026-03-02 18:31:14,233 - INFO - 
[Step 4] Creating integrated visualizations...
2026-03-02 18:31:14,234 - INFO - 
Generating integrated visualizations...
2026-03-02 18:32:15,929 - INFO - ================================================================================
2026-03-02 18:32:15,929 - INFO - Starting Integrated DBS Analysis (FC + AI Model)
2026-03-02 18:32:15,929 - INFO - ================================================================================
2026-03-02 18:32:15,929 - INFO - 
[Step 1] Parsing DBS_UPDRS CSV data...
2026-03-02 18:32:15,933 - INFO - Parsing patient data from CSV...
2026-03-02 18:32:15,965 - INFO - 
Improvement rate statistics:
2026-03-02 18:32:15,965 - INFO -   N samples: 55
2026-03-02 18:32:15,965 - INFO -   Min: 0.0000
2026-03-02 18:32:15,965 - INFO -   Max: 0.6970
2026-03-02 18:32:15,965 - INFO -   Mean: 0.3115
2026-03-02 18:32:15,965 - INFO -   Std: 0.1750
2026-03-02 18:32:15,965 - INFO -   Median: 0.3000
2026-03-02 18:32:15,965 - INFO - 
Found 55 valid patient samples with complete data
2026-03-02 18:32:15,965 - INFO - 
[Step 2] Computing FC and analyzing correlations...
2026-03-02 18:32:15,966 - INFO - 
================================================================================
2026-03-02 18:32:15,966 - INFO - FC-UPDRS III Improvement Rate Correlation Analysis
2026-03-02 18:32:15,966 - INFO - ================================================================================
2026-03-02 18:32:15,966 - INFO - 
Computing FC features for all patients...
2026-03-02 18:32:16,657 - INFO - 
Saved raw data to dbs_fc_improvement_data.csv (N=55)
2026-03-02 18:32:16,657 - INFO - 
--------------------------------------------------------------------------------
2026-03-02 18:32:16,657 - INFO - Correlation Analysis Results:
2026-03-02 18:32:16,657 - INFO - --------------------------------------------------------------------------------
2026-03-02 18:32:16,660 - INFO - 
PAIR1: STN-L, GPi-L
2026-03-02 18:32:16,660 - INFO -   ROI1: [215]
2026-03-02 18:32:16,660 - INFO -   ROI2: [223]
2026-03-02 18:32:16,660 - INFO -   FC range: [-0.9928, 1.0000]
2026-03-02 18:32:16,660 - INFO -   FC mean ± std: 0.0288 ± 0.7452
2026-03-02 18:32:16,660 - INFO -   Pearson  r =  0.0770, p = 5.7653e-01 ns
2026-03-02 18:32:16,660 - INFO -   Spearman r =  0.1128, p = 4.1204e-01 ns
2026-03-02 18:32:16,662 - INFO - 
PAIR2: STN-L, Thalamus-L
2026-03-02 18:32:16,662 - INFO -   ROI1: [215]
2026-03-02 18:32:16,662 - INFO -   ROI2: [225]
2026-03-02 18:32:16,662 - INFO -   FC range: [-0.9840, 1.0000]
2026-03-02 18:32:16,662 - INFO -   FC mean ± std: 0.2348 ± 0.7457
2026-03-02 18:32:16,662 - INFO -   Pearson  r = -0.0834, p = 5.4478e-01 ns
2026-03-02 18:32:16,662 - INFO -   Spearman r =  0.0111, p = 9.3562e-01 ns
2026-03-02 18:32:16,664 - INFO - 
PAIR3: STN, M1
2026-03-02 18:32:16,664 - INFO -   ROI1: [215, 216]
2026-03-02 18:32:16,664 - INFO -   ROI2: [55, 56, 63, 64]
2026-03-02 18:32:16,664 - INFO -   FC range: [-0.9959, 0.9999]
2026-03-02 18:32:16,664 - INFO -   FC mean ± std: -0.0887 ± 0.7885
2026-03-02 18:32:16,665 - INFO -   Pearson  r =  0.3150, p = 1.9157e-02 *
2026-03-02 18:32:16,665 - INFO -   Spearman r =  0.2745, p = 4.2568e-02 *
2026-03-02 18:32:16,666 - INFO - 
PAIR4: STN, SMA
2026-03-02 18:32:16,666 - INFO -   ROI1: [215, 216]
2026-03-02 18:32:16,667 - INFO -   ROI2: [53, 54, 57, 58, 59, 60, 61, 62, 67, 68]
2026-03-02 18:32:16,667 - INFO -   FC range: [-0.9963, 1.0000]
2026-03-02 18:32:16,667 - INFO -   FC mean ± std: -0.0635 ± 0.7966
2026-03-02 18:32:16,667 - INFO -   Pearson  r =  0.3762, p = 4.6406e-03 **
2026-03-02 18:32:16,667 - INFO -   Spearman r =  0.3124, p = 2.0219e-02 *
2026-03-02 18:32:16,667 - INFO - 
================================================================================
2026-03-02 18:32:16,668 - INFO - 
Saved correlation results to dbs_fc_correlation_results.json
2026-03-02 18:32:16,669 - INFO - 
[Step 3] Analyzing AI model predictions...
2026-03-02 18:32:16,669 - INFO - 
================================================================================
2026-03-02 18:32:16,669 - INFO - AI Model Prediction Analysis (5-Fold CV)
2026-03-02 18:32:16,669 - INFO - ================================================================================
2026-03-02 18:32:16,669 - INFO - 
Processing individual folds...
2026-03-02 18:32:16,671 - INFO - Fold 1: Spearman R = 0.636, P = 0.0353
2026-03-02 18:32:16,674 - INFO - Fold 2: Spearman R = 0.591, P = 0.0556
2026-03-02 18:32:16,676 - INFO - Fold 3: Spearman R = 0.791, P = 0.0037
2026-03-02 18:32:16,678 - INFO - Fold 4: Spearman R = 0.518, P = 0.1025
2026-03-02 18:32:16,681 - INFO - Fold 5: Spearman R = 0.609, P = 0.0467
2026-03-02 18:32:16,683 - INFO - 
Saved fold results to ai_model_fold_results.csv
2026-03-02 18:32:16,683 - INFO - 
Loaded pooled data: 55 samples
2026-03-02 18:32:16,685 - INFO - 
--------------------------------------------------------------------------------
2026-03-02 18:32:16,685 - INFO - Pooled Data Summary:
2026-03-02 18:32:16,685 - INFO -   Spearman R = 0.557
2026-03-02 18:32:16,685 - INFO -   P-value = 0.0000
2026-03-02 18:32:16,685 - INFO -   N samples = 55
2026-03-02 18:32:16,685 - INFO - --------------------------------------------------------------------------------
2026-03-02 18:32:16,685 - INFO - 
[Step 4] Creating integrated visualizations...
2026-03-02 18:32:16,685 - INFO - 
Generating integrated visualizations...
2026-03-02 18:32:18,504 - INFO - Saved integrated visualization to dbs_integrated_analysis.png and .pdf
2026-03-02 18:32:18,504 - INFO - 
[Step 5] Analyzing by target...
2026-03-02 18:32:18,504 - INFO - 
================================================================================
2026-03-02 18:32:18,504 - INFO - Target-Specific Correlation Analysis
2026-03-02 18:32:18,504 - INFO - ================================================================================
2026-03-02 18:32:18,505 - INFO - 
B-GPi (N=28):
2026-03-02 18:32:18,506 - INFO - ----------------------------------------
2026-03-02 18:32:18,508 - INFO -   pair1: Pearson r=0.241 (p=2.169e-01), Spearman r=0.355 (p=6.399e-02)
2026-03-02 18:32:18,510 - INFO -   pair2: Pearson r=0.034 (p=8.626e-01), Spearman r=0.229 (p=2.415e-01)
2026-03-02 18:32:18,511 - INFO -   pair3: Pearson r=0.256 (p=1.894e-01), Spearman r=0.201 (p=3.053e-01)
2026-03-02 18:32:18,513 - INFO -   pair4: Pearson r=0.295 (p=1.279e-01), Spearman r=0.223 (p=2.551e-01)
2026-03-02 18:32:18,514 - INFO - 
B-STN (N=27):
2026-03-02 18:32:18,514 - INFO - ----------------------------------------
2026-03-02 18:32:18,516 - INFO -   pair1: Pearson r=0.017 (p=9.330e-01), Spearman r=0.054 (p=7.901e-01)
2026-03-02 18:32:18,518 - INFO -   pair2: Pearson r=-0.036 (p=8.574e-01), Spearman r=0.044 (p=8.277e-01)
2026-03-02 18:32:18,519 - INFO -   pair3: Pearson r=0.204 (p=3.071e-01), Spearman r=0.136 (p=4.983e-01)
2026-03-02 18:32:18,521 - INFO -   pair4: Pearson r=0.260 (p=1.908e-01), Spearman r=0.112 (p=5.769e-01)
2026-03-02 18:32:18,523 - INFO - 
Saved target-specific results to dbs_fc_correlation_by_target.json
2026-03-02 18:32:18,523 - INFO - 
================================================================================
2026-03-02 18:32:18,523 - INFO - Analysis Complete!
2026-03-02 18:32:18,523 - INFO - ================================================================================
2026-03-02 18:32:18,523 - INFO - 
Generated files:
2026-03-02 18:32:18,523 - INFO -   - dbs_fc_improvement_data.csv          : Raw FC and improvement rate data
2026-03-02 18:32:18,523 - INFO -   - dbs_fc_correlation_results.json      : FC correlation statistics
2026-03-02 18:32:18,523 - INFO -   - dbs_fc_correlation_by_target.json    : Target-specific FC correlation
2026-03-02 18:32:18,523 - INFO -   - ai_model_fold_results.csv            : AI model 5-fold CV results
2026-03-02 18:32:18,523 - INFO -   - dbs_integrated_analysis.png/pdf      : Integrated visualization (FC + AI)
2026-03-02 18:32:18,523 - INFO -   - dbs_integrated_analysis.log          : Detailed log file
2026-03-02 18:32:18,523 - INFO - 
================================================================================
2026-03-02 18:34:28,955 - INFO - ================================================================================
2026-03-02 18:34:28,957 - INFO - Starting Integrated DBS Analysis (FC + AI Model)
2026-03-02 18:34:28,957 - INFO - ================================================================================
2026-03-02 18:34:28,957 - INFO - 
[Step 1] Parsing DBS_UPDRS CSV data...
2026-03-02 18:34:28,961 - INFO - Parsing patient data from CSV...
2026-03-02 18:34:28,993 - INFO - 
Improvement rate statistics:
2026-03-02 18:34:28,993 - INFO -   N samples: 55
2026-03-02 18:34:28,993 - INFO -   Min: 0.0000
2026-03-02 18:34:28,993 - INFO -   Max: 0.6970
2026-03-02 18:34:28,993 - INFO -   Mean: 0.3115
2026-03-02 18:34:28,993 - INFO -   Std: 0.1750
2026-03-02 18:34:28,994 - INFO -   Median: 0.3000
2026-03-02 18:34:28,994 - INFO - 
Found 55 valid patient samples with complete data
2026-03-02 18:34:28,994 - INFO - 
[Step 2] Computing FC and analyzing correlations...
2026-03-02 18:34:28,994 - INFO - 
================================================================================
2026-03-02 18:34:28,994 - INFO - FC-UPDRS III Improvement Rate Correlation Analysis
2026-03-02 18:34:28,994 - INFO - ================================================================================
2026-03-02 18:34:28,994 - INFO - 
Computing FC features for all patients...
2026-03-02 18:34:29,674 - INFO - 
Saved raw data to dbs_fc_improvement_data.csv (N=55)
2026-03-02 18:34:29,674 - INFO - 
--------------------------------------------------------------------------------
2026-03-02 18:34:29,675 - INFO - Correlation Analysis Results:
2026-03-02 18:34:29,675 - INFO - --------------------------------------------------------------------------------
2026-03-02 18:34:29,677 - INFO - 
PAIR1: STN-L, GPi-L
2026-03-02 18:34:29,677 - INFO -   ROI1: [215]
2026-03-02 18:34:29,677 - INFO -   ROI2: [223]
2026-03-02 18:34:29,677 - INFO -   FC range: [-0.9928, 1.0000]
2026-03-02 18:34:29,677 - INFO -   FC mean ± std: 0.0288 ± 0.7452
2026-03-02 18:34:29,677 - INFO -   Pearson  r =  0.0770, p = 5.7653e-01 ns
2026-03-02 18:34:29,677 - INFO -   Spearman r =  0.1128, p = 4.1204e-01 ns
2026-03-02 18:34:29,679 - INFO - 
PAIR2: STN-L, Thalamus-L
2026-03-02 18:34:29,679 - INFO -   ROI1: [215]
2026-03-02 18:34:29,679 - INFO -   ROI2: [225]
2026-03-02 18:34:29,679 - INFO -   FC range: [-0.9840, 1.0000]
2026-03-02 18:34:29,679 - INFO -   FC mean ± std: 0.2348 ± 0.7457
2026-03-02 18:34:29,679 - INFO -   Pearson  r = -0.0834, p = 5.4478e-01 ns
2026-03-02 18:34:29,679 - INFO -   Spearman r =  0.0111, p = 9.3562e-01 ns
2026-03-02 18:34:29,681 - INFO - 
PAIR3: STN, M1
2026-03-02 18:34:29,681 - INFO -   ROI1: [215, 216]
2026-03-02 18:34:29,681 - INFO -   ROI2: [55, 56, 63, 64]
2026-03-02 18:34:29,681 - INFO -   FC range: [-0.9959, 0.9999]
2026-03-02 18:34:29,681 - INFO -   FC mean ± std: -0.0887 ± 0.7885
2026-03-02 18:34:29,681 - INFO -   Pearson  r =  0.3150, p = 1.9157e-02 *
2026-03-02 18:34:29,682 - INFO -   Spearman r =  0.2745, p = 4.2568e-02 *
2026-03-02 18:34:29,683 - INFO - 
PAIR4: STN, SMA
2026-03-02 18:34:29,683 - INFO -   ROI1: [215, 216]
2026-03-02 18:34:29,683 - INFO -   ROI2: [53, 54, 57, 58, 59, 60, 61, 62, 67, 68]
2026-03-02 18:34:29,684 - INFO -   FC range: [-0.9963, 1.0000]
2026-03-02 18:34:29,684 - INFO -   FC mean ± std: -0.0635 ± 0.7966
2026-03-02 18:34:29,684 - INFO -   Pearson  r =  0.3762, p = 4.6406e-03 **
2026-03-02 18:34:29,684 - INFO -   Spearman r =  0.3124, p = 2.0219e-02 *
2026-03-02 18:34:29,684 - INFO - 
================================================================================
2026-03-02 18:34:29,685 - INFO - 
Saved correlation results to dbs_fc_correlation_results.json
2026-03-02 18:34:29,686 - INFO - 
[Step 3] Analyzing AI model predictions...
2026-03-02 18:34:29,686 - INFO - 
================================================================================
2026-03-02 18:34:29,686 - INFO - AI Model Prediction Analysis (5-Fold CV)
2026-03-02 18:34:29,686 - INFO - ================================================================================
2026-03-02 18:34:29,686 - INFO - 
Processing individual folds...
2026-03-02 18:34:29,688 - INFO - Fold 1: Spearman R = 0.636, P = 0.0353
2026-03-02 18:34:29,691 - INFO - Fold 2: Spearman R = 0.591, P = 0.0556
2026-03-02 18:34:29,693 - INFO - Fold 3: Spearman R = 0.791, P = 0.0037
2026-03-02 18:34:29,695 - INFO - Fold 4: Spearman R = 0.518, P = 0.1025
2026-03-02 18:34:29,698 - INFO - Fold 5: Spearman R = 0.609, P = 0.0467
2026-03-02 18:34:29,700 - INFO - 
Saved fold results to ai_model_fold_results.csv
2026-03-02 18:34:29,700 - INFO - 
Loaded pooled data: 55 samples
2026-03-02 18:34:29,702 - INFO - 
--------------------------------------------------------------------------------
2026-03-02 18:34:29,702 - INFO - Pooled Data Summary:
2026-03-02 18:34:29,702 - INFO -   Spearman R = 0.557
2026-03-02 18:34:29,702 - INFO -   P-value = 0.0000
2026-03-02 18:34:29,702 - INFO -   N samples = 55
2026-03-02 18:34:29,702 - INFO - --------------------------------------------------------------------------------
2026-03-02 18:34:29,702 - INFO - 
[Step 4] Creating integrated visualizations...
2026-03-02 18:34:29,702 - INFO - 
Generating integrated visualizations...
2026-03-02 18:34:31,307 - INFO - Saved integrated visualization to dbs_integrated_analysis.png and .pdf
2026-03-02 18:34:31,307 - INFO - 
[Step 5] Analyzing by target...
2026-03-02 18:34:31,308 - INFO - 
================================================================================
2026-03-02 18:34:31,308 - INFO - Target-Specific Correlation Analysis
2026-03-02 18:34:31,308 - INFO - ================================================================================
2026-03-02 18:34:31,309 - INFO - 
B-GPi (N=28):
2026-03-02 18:34:31,309 - INFO - ----------------------------------------
2026-03-02 18:34:31,311 - INFO -   pair1: Pearson r=0.241 (p=2.169e-01), Spearman r=0.355 (p=6.399e-02)
2026-03-02 18:34:31,313 - INFO -   pair2: Pearson r=0.034 (p=8.626e-01), Spearman r=0.229 (p=2.415e-01)
2026-03-02 18:34:31,315 - INFO -   pair3: Pearson r=0.256 (p=1.894e-01), Spearman r=0.201 (p=3.053e-01)
2026-03-02 18:34:31,317 - INFO -   pair4: Pearson r=0.295 (p=1.279e-01), Spearman r=0.223 (p=2.551e-01)
2026-03-02 18:34:31,317 - INFO - 
B-STN (N=27):
2026-03-02 18:34:31,317 - INFO - ----------------------------------------
2026-03-02 18:34:31,319 - INFO -   pair1: Pearson r=0.017 (p=9.330e-01), Spearman r=0.054 (p=7.901e-01)
2026-03-02 18:34:31,321 - INFO -   pair2: Pearson r=-0.036 (p=8.574e-01), Spearman r=0.044 (p=8.277e-01)
2026-03-02 18:34:31,323 - INFO -   pair3: Pearson r=0.204 (p=3.071e-01), Spearman r=0.136 (p=4.983e-01)
2026-03-02 18:34:31,324 - INFO -   pair4: Pearson r=0.260 (p=1.908e-01), Spearman r=0.112 (p=5.769e-01)
2026-03-02 18:34:31,326 - INFO - 
Saved target-specific results to dbs_fc_correlation_by_target.json
2026-03-02 18:34:31,326 - INFO - 
================================================================================
2026-03-02 18:34:31,326 - INFO - Analysis Complete!
2026-03-02 18:34:31,326 - INFO - ================================================================================
2026-03-02 18:34:31,326 - INFO - 
Generated files:
2026-03-02 18:34:31,326 - INFO -   - dbs_fc_improvement_data.csv          : Raw FC and improvement rate data
2026-03-02 18:34:31,326 - INFO -   - dbs_fc_correlation_results.json      : FC correlation statistics
2026-03-02 18:34:31,327 - INFO -   - dbs_fc_correlation_by_target.json    : Target-specific FC correlation
2026-03-02 18:34:31,327 - INFO -   - ai_model_fold_results.csv            : AI model 5-fold CV results
2026-03-02 18:34:31,327 - INFO -   - dbs_integrated_analysis.png/pdf      : Integrated visualization (FC + AI)
2026-03-02 18:34:31,327 - INFO -   - dbs_integrated_analysis.log          : Detailed log file
2026-03-02 18:34:31,327 - INFO - 
================================================================================
