2026-01-26 18:58:38,526 - INFO - Using device: cuda
2026-01-26 18:58:38,527 - INFO - Hyperparameters: {
  "batch_size": 8,
  "learning_rate": 0.0005,
  "num_epochs": 200,
  "hidden_dim": 512,
  "num_blocks": 6,
  "dropout": 0.3,
  "feature_type": "ALL",
  "zscore_normalize": false,
  "response_threshold": 5,
  "val_ratio": 0.2,
  "early_stop_patience": 100,
  "early_stop_min_epochs": 100
}
2026-01-26 18:58:38,527 - INFO - 1) Parsing Excel data ...
2026-01-26 18:58:38,882 - INFO - Parsing patient data from Excel (grouped by 姓名 + 日期)...
2026-01-26 18:58:44,841 - WARNING - Missing diff files for name=鞠喆, date=2025-11-24 00:00:00
2026-01-26 18:58:44,843 - WARNING - Missing diff files for name=鞠喆, date=2025-12-08 00:00:00
2026-01-26 18:58:45,818 - INFO - Found 51 valid pre-treatment samples with complete data
2026-01-26 18:58:45,818 - INFO - 2) Preparing data matrix ...
2026-01-26 18:58:45,818 - INFO - Preparing features and labels (sample_type=all, zscore_normalize=False)...
2026-01-26 18:58:47,604 - INFO - Final dataset: 51 samples, 365 features
2026-01-26 18:58:47,604 - INFO - Class distribution: [30 21]
2026-01-26 18:58:47,604 - INFO - 3) Training final model on all data (with train/val split) ...
2026-01-26 18:58:48,665 - INFO - Start training final model. Train=40, Val=11
2026-01-26 18:58:48,807 - INFO - Epoch 1/200 | train loss=0.737172 | val loss=1.112594 | best=inf
2026-01-26 18:58:48,974 - INFO - Epoch 10/200 | train loss=0.213107 | val loss=3.494189 | best=inf
2026-01-26 18:58:49,158 - INFO - Epoch 20/200 | train loss=0.000169 | val loss=4.377502 | best=inf
2026-01-26 18:58:49,342 - INFO - Epoch 30/200 | train loss=0.000208 | val loss=4.805141 | best=inf
2026-01-26 18:58:49,526 - INFO - Epoch 40/200 | train loss=0.000068 | val loss=4.632928 | best=inf
2026-01-26 18:58:49,711 - INFO - Epoch 50/200 | train loss=0.000054 | val loss=4.649296 | best=inf
2026-01-26 18:58:49,895 - INFO - Epoch 60/200 | train loss=0.000025 | val loss=4.271103 | best=inf
2026-01-26 18:58:50,079 - INFO - Epoch 70/200 | train loss=0.000012 | val loss=4.258587 | best=inf
2026-01-26 18:58:50,263 - INFO - Epoch 80/200 | train loss=0.000017 | val loss=4.572303 | best=inf
2026-01-26 18:58:50,447 - INFO - Epoch 90/200 | train loss=0.000023 | val loss=4.607002 | best=inf
2026-01-26 18:58:50,633 - INFO - Epoch 100/200 | train loss=0.000022 | val loss=5.116085 | best=inf
2026-01-26 18:58:50,836 - INFO - Epoch 110/200 | train loss=0.000007 | val loss=5.186675 | best=5.121166
2026-01-26 18:58:51,020 - INFO - Epoch 120/200 | train loss=0.000011 | val loss=5.164661 | best=5.121166
2026-01-26 18:58:51,203 - INFO - Epoch 130/200 | train loss=0.000010 | val loss=5.160417 | best=5.121166
2026-01-26 18:58:51,387 - INFO - Epoch 140/200 | train loss=0.000004 | val loss=5.176148 | best=5.121166
2026-01-26 18:58:51,724 - INFO - Epoch 150/200 | train loss=0.000023 | val loss=4.733048 | best=4.733048
2026-01-26 18:58:51,924 - INFO - Epoch 160/200 | train loss=0.598372 | val loss=1.074180 | best=1.074180
2026-01-26 18:58:52,124 - INFO - Epoch 170/200 | train loss=0.815341 | val loss=0.877419 | best=0.877419
2026-01-26 18:58:52,356 - INFO - Epoch 180/200 | train loss=0.042454 | val loss=4.643841 | best=0.647244
2026-01-26 18:58:52,540 - INFO - Epoch 190/200 | train loss=0.001761 | val loss=1.710003 | best=0.647244
2026-01-26 18:58:52,723 - INFO - Epoch 200/200 | train loss=0.000052 | val loss=3.139417 | best=0.647244
2026-01-26 18:58:52,735 - INFO - Loaded best model from results/model/best_model.pth (epoch 174)
2026-01-26 18:58:52,750 - INFO - Saved final model to: results/model/final_model_20260126_185852.pth
2026-01-26 18:58:52,759 - INFO - Validation metrics: {
  "val_threshold": 0.4301084578037262,
  "val_acc": 0.6363636363636364,
  "val_f1": 0.7142857142857143,
  "val_precision": 0.5555555555555556,
  "val_recall": 1.0,
  "val_auc": 0.5333333333333333,
  "val_ap": 0.49777777777777776
}
2026-01-26 18:58:52,760 - INFO - 4) Running SHAP ...
2026-01-26 18:59:16,503 - INFO - SHAP outputs saved to: results/shap
2026-01-26 18:59:16,503 - INFO - Done. Total time: 37.98s
2026-01-26 18:59:16,503 - INFO - Output dir: results
2026-01-26 19:06:22,303 - INFO - Using device: cuda
2026-01-26 19:06:22,303 - INFO - Hyperparameters: {
  "batch_size": 8,
  "learning_rate": 0.0005,
  "num_epochs": 200,
  "hidden_dim": 512,
  "num_blocks": 4,
  "dropout": 0.1,
  "feature_type": "ALL",
  "zscore_normalize": false,
  "response_threshold": 5,
  "val_ratio": 0.2,
  "early_stop_patience": 100,
  "early_stop_min_epochs": 100
}
2026-01-26 19:06:22,303 - INFO - 1) Parsing Excel data ...
2026-01-26 19:06:22,473 - INFO - Parsing patient data from Excel (grouped by 姓名 + 日期)...
2026-01-26 19:06:22,549 - WARNING - Missing diff files for name=鞠喆, date=2025-11-24 00:00:00
2026-01-26 19:06:22,550 - WARNING - Missing diff files for name=鞠喆, date=2025-12-08 00:00:00
2026-01-26 19:06:22,564 - INFO - Found 51 valid pre-treatment samples with complete data
2026-01-26 19:06:22,564 - INFO - 2) Preparing data matrix ...
2026-01-26 19:06:22,564 - INFO - Preparing features and labels (sample_type=all, zscore_normalize=False)...
2026-01-26 19:06:22,598 - INFO - Final dataset: 51 samples, 365 features
2026-01-26 19:06:22,598 - INFO - Class distribution: [30 21]
2026-01-26 19:06:22,598 - INFO - 3) Training final model on all data (with train/val split) ...
2026-01-26 19:06:23,244 - INFO - Start training final model. Train=40, Val=11
2026-01-26 19:06:23,379 - INFO - Epoch 1/200 | train loss=0.758220 | val loss=0.883441 | best=inf
2026-01-26 19:06:23,510 - INFO - Epoch 10/200 | train loss=0.000433 | val loss=3.320905 | best=inf
2026-01-26 19:06:23,656 - INFO - Epoch 20/200 | train loss=0.000052 | val loss=3.479158 | best=inf
2026-01-26 19:06:23,801 - INFO - Epoch 30/200 | train loss=0.000051 | val loss=3.463194 | best=inf
2026-01-26 19:06:23,946 - INFO - Epoch 40/200 | train loss=0.000030 | val loss=3.447649 | best=inf
2026-01-26 19:06:24,091 - INFO - Epoch 50/200 | train loss=0.000026 | val loss=3.437908 | best=inf
2026-01-26 19:06:24,237 - INFO - Epoch 60/200 | train loss=0.000017 | val loss=3.421610 | best=inf
2026-01-26 19:06:24,382 - INFO - Epoch 70/200 | train loss=0.000019 | val loss=3.402601 | best=inf
2026-01-26 19:06:24,527 - INFO - Epoch 80/200 | train loss=0.000014 | val loss=3.404010 | best=inf
2026-01-26 19:06:24,672 - INFO - Epoch 90/200 | train loss=0.000014 | val loss=3.417656 | best=inf
2026-01-26 19:06:24,818 - INFO - Epoch 100/200 | train loss=0.000009 | val loss=3.420733 | best=inf
2026-01-26 19:06:24,982 - INFO - Epoch 110/200 | train loss=0.000013 | val loss=3.431751 | best=3.421119
2026-01-26 19:06:25,127 - INFO - Epoch 120/200 | train loss=0.000007 | val loss=3.450372 | best=3.421119
2026-01-26 19:06:25,272 - INFO - Epoch 130/200 | train loss=0.000006 | val loss=3.474927 | best=3.421119
2026-01-26 19:06:25,416 - INFO - Epoch 140/200 | train loss=0.000007 | val loss=3.487983 | best=3.421119
2026-01-26 19:06:25,564 - INFO - Epoch 150/200 | train loss=0.000004 | val loss=3.498399 | best=3.421119
2026-01-26 19:06:25,709 - INFO - Epoch 160/200 | train loss=0.000005 | val loss=3.515689 | best=3.421119
2026-01-26 19:06:25,856 - INFO - Epoch 170/200 | train loss=0.000004 | val loss=3.535454 | best=3.421119
2026-01-26 19:06:26,000 - INFO - Epoch 180/200 | train loss=0.000003 | val loss=3.551799 | best=3.421119
2026-01-26 19:06:26,145 - INFO - Epoch 190/200 | train loss=0.000004 | val loss=3.578871 | best=3.421119
2026-01-26 19:06:26,290 - INFO - Epoch 200/200 | train loss=0.000003 | val loss=3.601275 | best=3.421119
2026-01-26 19:06:26,301 - INFO - Loaded best model from results/model/best_model.pth (epoch 101)
2026-01-26 19:06:26,311 - INFO - Saved final model to: results/model/final_model_20260126_190626.pth
2026-01-26 19:06:26,320 - INFO - Validation metrics: {
  "val_threshold": 0.9999943971633911,
  "val_acc": 0.6363636363636364,
  "val_f1": 0.3333333333333333,
  "val_precision": 1.0,
  "val_recall": 0.2,
  "val_auc": 0.4666666666666667,
  "val_ap": 0.5657142857142857
}
2026-01-26 19:06:26,323 - INFO - 4) Running SHAP ...
2026-01-26 19:06:43,616 - INFO - Using device: cuda
2026-01-26 19:06:43,617 - INFO - Hyperparameters: {
  "batch_size": 8,
  "learning_rate": 0.0005,
  "num_epochs": 200,
  "hidden_dim": 512,
  "num_blocks": 4,
  "dropout": 0.1,
  "feature_type": "DIFF",
  "zscore_normalize": false,
  "response_threshold": 5,
  "val_ratio": 0.2,
  "early_stop_patience": 100,
  "early_stop_min_epochs": 100
}
2026-01-26 19:06:43,617 - INFO - 1) Parsing Excel data ...
2026-01-26 19:06:43,783 - INFO - Parsing patient data from Excel (grouped by 姓名 + 日期)...
2026-01-26 19:06:43,860 - WARNING - Missing diff files for name=鞠喆, date=2025-11-24 00:00:00
2026-01-26 19:06:43,861 - WARNING - Missing diff files for name=鞠喆, date=2025-12-08 00:00:00
2026-01-26 19:06:43,875 - INFO - Found 51 valid pre-treatment samples with complete data
2026-01-26 19:06:43,875 - INFO - 2) Preparing data matrix ...
2026-01-26 19:06:43,875 - INFO - Preparing features and labels (sample_type=diff, zscore_normalize=False)...
2026-01-26 19:06:43,906 - INFO - Final dataset: 51 samples, 332 features
2026-01-26 19:06:43,906 - INFO - Class distribution: [30 21]
2026-01-26 19:06:43,906 - INFO - 3) Training final model on all data (with train/val split) ...
2026-01-26 19:06:44,539 - INFO - Start training final model. Train=40, Val=11
2026-01-26 19:06:44,673 - INFO - Epoch 1/200 | train loss=0.778052 | val loss=0.797471 | best=inf
2026-01-26 19:06:44,803 - INFO - Epoch 10/200 | train loss=0.005266 | val loss=5.755760 | best=inf
2026-01-26 19:06:44,947 - INFO - Epoch 20/200 | train loss=0.037207 | val loss=2.865791 | best=inf
2026-01-26 19:06:45,091 - INFO - Epoch 30/200 | train loss=0.000090 | val loss=4.378569 | best=inf
2026-01-26 19:06:45,234 - INFO - Epoch 40/200 | train loss=0.000058 | val loss=4.542825 | best=inf
2026-01-26 19:06:45,377 - INFO - Epoch 50/200 | train loss=0.000040 | val loss=4.642800 | best=inf
2026-01-26 19:06:45,521 - INFO - Epoch 60/200 | train loss=0.000037 | val loss=4.732887 | best=inf
2026-01-26 19:06:45,664 - INFO - Epoch 70/200 | train loss=0.000038 | val loss=4.810425 | best=inf
2026-01-26 19:06:45,807 - INFO - Epoch 80/200 | train loss=0.000022 | val loss=4.888552 | best=inf
2026-01-26 19:06:45,951 - INFO - Epoch 90/200 | train loss=0.000017 | val loss=4.953361 | best=inf
2026-01-26 19:06:46,094 - INFO - Epoch 100/200 | train loss=0.000018 | val loss=5.023256 | best=inf
2026-01-26 19:06:46,252 - INFO - Epoch 110/200 | train loss=0.000011 | val loss=5.082252 | best=5.027233
2026-01-26 19:06:46,395 - INFO - Epoch 120/200 | train loss=0.000013 | val loss=5.131043 | best=5.027233
2026-01-26 19:06:46,539 - INFO - Epoch 130/200 | train loss=0.000014 | val loss=5.175960 | best=5.027233
2026-01-26 19:06:46,681 - INFO - Epoch 140/200 | train loss=0.000010 | val loss=5.225717 | best=5.027233
2026-01-26 19:06:46,825 - INFO - Epoch 150/200 | train loss=0.000009 | val loss=5.268248 | best=5.027233
2026-01-26 19:06:46,967 - INFO - Epoch 160/200 | train loss=0.000008 | val loss=5.314172 | best=5.027233
2026-01-26 19:06:47,110 - INFO - Epoch 170/200 | train loss=0.000009 | val loss=5.356789 | best=5.027233
2026-01-26 19:06:47,255 - INFO - Epoch 180/200 | train loss=0.000009 | val loss=5.392782 | best=5.027233
2026-01-26 19:06:47,398 - INFO - Epoch 190/200 | train loss=0.000006 | val loss=5.426190 | best=5.027233
2026-01-26 19:06:47,541 - INFO - Epoch 200/200 | train loss=0.000007 | val loss=5.464085 | best=5.027233
2026-01-26 19:06:47,551 - INFO - Loaded best model from results/model/best_model.pth (epoch 101)
2026-01-26 19:06:47,563 - INFO - Saved final model to: results/model/final_model_20260126_190647.pth
2026-01-26 19:06:47,572 - INFO - Validation metrics: {
  "val_threshold": 0.9994496703147888,
  "val_acc": 0.5454545454545454,
  "val_f1": 0.6153846153846154,
  "val_precision": 0.5,
  "val_recall": 0.8,
  "val_auc": 0.33333333333333337,
  "val_ap": 0.4099567099567099
}
2026-01-26 19:06:47,574 - INFO - 4) Running SHAP ...
2026-01-26 19:06:58,350 - INFO - SHAP outputs saved to: results/shap
2026-01-26 19:06:58,351 - INFO - Done. Total time: 14.73s
2026-01-26 19:06:58,351 - INFO - Output dir: results
2026-01-26 19:07:37,803 - INFO - Using device: cuda
2026-01-26 19:07:37,803 - INFO - Hyperparameters: {
  "batch_size": 8,
  "learning_rate": 0.0005,
  "num_epochs": 200,
  "hidden_dim": 512,
  "num_blocks": 4,
  "dropout": 0.1,
  "feature_type": "ALL",
  "zscore_normalize": false,
  "response_threshold": 5,
  "val_ratio": 0.1,
  "early_stop_patience": 100,
  "early_stop_min_epochs": 100
}
2026-01-26 19:07:37,803 - INFO - 1) Parsing Excel data ...
2026-01-26 19:07:37,971 - INFO - Parsing patient data from Excel (grouped by 姓名 + 日期)...
2026-01-26 19:07:38,047 - WARNING - Missing diff files for name=鞠喆, date=2025-11-24 00:00:00
2026-01-26 19:07:38,048 - WARNING - Missing diff files for name=鞠喆, date=2025-12-08 00:00:00
2026-01-26 19:07:38,062 - INFO - Found 51 valid pre-treatment samples with complete data
2026-01-26 19:07:38,062 - INFO - 2) Preparing data matrix ...
2026-01-26 19:07:38,062 - INFO - Preparing features and labels (sample_type=all, zscore_normalize=False)...
2026-01-26 19:07:38,092 - INFO - Final dataset: 51 samples, 365 features
2026-01-26 19:07:38,092 - INFO - Class distribution: [30 21]
2026-01-26 19:07:38,092 - INFO - 3) Training final model on all data (with train/val split) ...
2026-01-26 19:07:38,730 - INFO - Start training final model. Train=45, Val=6
2026-01-26 19:07:38,867 - INFO - Epoch 1/200 | train loss=0.730949 | val loss=0.640107 | best=inf
2026-01-26 19:07:39,014 - INFO - Epoch 10/200 | train loss=0.101176 | val loss=1.666084 | best=inf
2026-01-26 19:07:39,177 - INFO - Epoch 20/200 | train loss=0.000623 | val loss=1.435068 | best=inf
2026-01-26 19:07:39,340 - INFO - Epoch 30/200 | train loss=0.000194 | val loss=1.815559 | best=inf
2026-01-26 19:07:39,503 - INFO - Epoch 40/200 | train loss=0.000076 | val loss=1.947474 | best=inf
2026-01-26 19:07:39,666 - INFO - Epoch 50/200 | train loss=0.000052 | val loss=2.050853 | best=inf
2026-01-26 19:07:39,829 - INFO - Epoch 60/200 | train loss=0.000037 | val loss=2.156942 | best=inf
2026-01-26 19:07:39,992 - INFO - Epoch 70/200 | train loss=0.000034 | val loss=2.232366 | best=inf
2026-01-26 19:07:40,157 - INFO - Epoch 80/200 | train loss=0.000025 | val loss=2.303608 | best=inf
2026-01-26 19:07:40,320 - INFO - Epoch 90/200 | train loss=0.000021 | val loss=2.369286 | best=inf
2026-01-26 19:07:40,488 - INFO - Epoch 100/200 | train loss=0.000023 | val loss=2.429555 | best=inf
2026-01-26 19:07:40,669 - INFO - Epoch 110/200 | train loss=0.000019 | val loss=2.487624 | best=2.434655
2026-01-26 19:07:40,832 - INFO - Epoch 120/200 | train loss=0.000016 | val loss=2.540136 | best=2.434655
2026-01-26 19:07:40,995 - INFO - Epoch 130/200 | train loss=0.000015 | val loss=2.589110 | best=2.434655
2026-01-26 19:07:41,158 - INFO - Epoch 140/200 | train loss=0.000016 | val loss=2.636425 | best=2.434655
2026-01-26 19:07:41,321 - INFO - Epoch 150/200 | train loss=0.000007 | val loss=2.683936 | best=2.434655
2026-01-26 19:07:41,485 - INFO - Epoch 160/200 | train loss=0.000007 | val loss=2.719842 | best=2.434655
2026-01-26 19:07:41,648 - INFO - Epoch 170/200 | train loss=0.000009 | val loss=2.760109 | best=2.434655
2026-01-26 19:07:41,810 - INFO - Epoch 180/200 | train loss=0.000008 | val loss=2.797065 | best=2.434655
2026-01-26 19:07:41,972 - INFO - Epoch 190/200 | train loss=0.000007 | val loss=2.834654 | best=2.434655
2026-01-26 19:07:42,133 - INFO - Epoch 200/200 | train loss=0.000005 | val loss=2.869451 | best=2.434655
2026-01-26 19:07:42,144 - INFO - Loaded best model from results/model/best_model.pth (epoch 101)
2026-01-26 19:07:42,155 - INFO - Saved final model to: results/model/final_model_20260126_190742.pth
2026-01-26 19:07:42,165 - INFO - Validation metrics: {
  "val_threshold": 0.9999301433563232,
  "val_acc": 0.8333333333333334,
  "val_f1": 0.6666666666666666,
  "val_precision": 1.0,
  "val_recall": 0.5,
  "val_auc": 0.75,
  "val_ap": 0.75
}
2026-01-26 19:07:42,167 - INFO - 4) Running SHAP ...
2026-01-26 19:08:05,032 - INFO - SHAP outputs saved to: results/shap
2026-01-26 19:08:05,032 - INFO - Done. Total time: 27.23s
2026-01-26 19:08:05,032 - INFO - Output dir: results
2026-01-26 19:18:39,114 - INFO - Using device: cuda
2026-01-26 19:18:39,115 - INFO - Hyperparameters: {
  "batch_size": 8,
  "learning_rate": 0.0005,
  "num_epochs": 200,
  "hidden_dim": 512,
  "num_blocks": 4,
  "dropout": 0.1,
  "feature_type": "ALL",
  "zscore_normalize": false,
  "response_threshold": 5,
  "val_ratio": 0.1,
  "early_stop_patience": 100,
  "early_stop_min_epochs": 100
}
2026-01-26 19:18:39,115 - INFO - 1) Parsing Excel data ...
2026-01-26 19:18:39,291 - INFO - Parsing patient data from Excel (grouped by 姓名 + 日期)...
2026-01-26 19:18:39,367 - WARNING - Missing diff files for name=鞠喆, date=2025-11-24 00:00:00
2026-01-26 19:18:39,368 - WARNING - Missing diff files for name=鞠喆, date=2025-12-08 00:00:00
2026-01-26 19:18:39,382 - INFO - Found 51 valid pre-treatment samples with complete data
2026-01-26 19:18:39,382 - INFO - 2) Preparing data matrix ...
2026-01-26 19:18:39,382 - INFO - Preparing features and labels (sample_type=all, zscore_normalize=False)...
2026-01-26 19:18:39,412 - INFO - Final dataset: 51 samples, 365 features
2026-01-26 19:18:39,412 - INFO - Class distribution: [30 21]
2026-01-26 19:18:39,412 - INFO - 3) Training final model on all data (with train/val split) ...
2026-01-26 19:18:40,043 - INFO - Start training final model. Train=45, Val=6
2026-01-26 19:18:40,183 - INFO - Epoch 1/200 | train loss=0.730949 | val loss=0.640107 | best=inf
2026-01-26 19:18:40,345 - INFO - Epoch 10/200 | train loss=0.101176 | val loss=1.666084 | best=inf
2026-01-26 19:18:40,521 - INFO - Epoch 20/200 | train loss=0.000623 | val loss=1.435068 | best=inf
2026-01-26 19:18:40,697 - INFO - Epoch 30/200 | train loss=0.000194 | val loss=1.815559 | best=inf
2026-01-26 19:18:40,873 - INFO - Epoch 40/200 | train loss=0.000076 | val loss=1.947474 | best=inf
2026-01-26 19:18:41,049 - INFO - Epoch 50/200 | train loss=0.000052 | val loss=2.050853 | best=inf
2026-01-26 19:18:41,225 - INFO - Epoch 60/200 | train loss=0.000037 | val loss=2.156942 | best=inf
2026-01-26 19:18:41,401 - INFO - Epoch 70/200 | train loss=0.000034 | val loss=2.232366 | best=inf
2026-01-26 19:18:41,577 - INFO - Epoch 80/200 | train loss=0.000025 | val loss=2.303608 | best=inf
2026-01-26 19:18:41,753 - INFO - Epoch 90/200 | train loss=0.000021 | val loss=2.369286 | best=inf
2026-01-26 19:18:41,929 - INFO - Epoch 100/200 | train loss=0.000023 | val loss=2.429555 | best=inf
2026-01-26 19:18:42,120 - INFO - Epoch 110/200 | train loss=0.000019 | val loss=2.487624 | best=2.434655
2026-01-26 19:18:42,295 - INFO - Epoch 120/200 | train loss=0.000016 | val loss=2.540136 | best=2.434655
2026-01-26 19:18:42,470 - INFO - Epoch 130/200 | train loss=0.000015 | val loss=2.589110 | best=2.434655
2026-01-26 19:18:42,640 - INFO - Epoch 140/200 | train loss=0.000016 | val loss=2.636425 | best=2.434655
2026-01-26 19:18:42,804 - INFO - Epoch 150/200 | train loss=0.000007 | val loss=2.683936 | best=2.434655
2026-01-26 19:18:42,967 - INFO - Epoch 160/200 | train loss=0.000007 | val loss=2.719842 | best=2.434655
2026-01-26 19:18:43,130 - INFO - Epoch 170/200 | train loss=0.000009 | val loss=2.760109 | best=2.434655
2026-01-26 19:18:43,293 - INFO - Epoch 180/200 | train loss=0.000008 | val loss=2.797065 | best=2.434655
2026-01-26 19:18:43,455 - INFO - Epoch 190/200 | train loss=0.000007 | val loss=2.834654 | best=2.434655
2026-01-26 19:18:43,620 - INFO - Epoch 200/200 | train loss=0.000005 | val loss=2.869451 | best=2.434655
2026-01-26 19:18:43,631 - INFO - Loaded best model from results/model/best_model.pth (epoch 101)
2026-01-26 19:18:43,642 - INFO - Saved final model to: results/model/final_model_20260126_191843.pth
2026-01-26 19:18:43,651 - INFO - Validation metrics: {
  "val_threshold": 0.9999301433563232,
  "val_acc": 0.8333333333333334,
  "val_f1": 0.6666666666666666,
  "val_precision": 1.0,
  "val_recall": 0.5,
  "val_auc": 0.75,
  "val_ap": 0.75
}
2026-01-26 19:18:43,653 - INFO - 4) Running SHAP ...
2026-01-26 19:19:06,443 - INFO - SHAP outputs saved to: results/shap
2026-01-26 19:19:06,443 - INFO - Done. Total time: 27.33s
2026-01-26 19:19:06,444 - INFO - Output dir: results
2026-01-28 14:59:50,822 - INFO - Using device: cuda
2026-01-28 14:59:50,823 - INFO - Hyperparameters: {
  "batch_size": 8,
  "learning_rate": 0.0005,
  "num_epochs": 200,
  "hidden_dim": 512,
  "num_blocks": 4,
  "dropout": 0.1,
  "feature_type": "ALL",
  "zscore_normalize": false,
  "response_threshold": 5,
  "val_ratio": 0.1,
  "early_stop_patience": 100,
  "early_stop_min_epochs": 100
}
2026-01-28 14:59:50,823 - INFO - 1) Parsing Excel data ...
2026-01-28 14:59:51,203 - INFO - Parsing patient data from Excel (grouped by 姓名 + 日期)...
2026-01-28 14:59:55,143 - WARNING - Missing diff files for name=鞠喆, date=2025-11-24 00:00:00
2026-01-28 14:59:55,148 - WARNING - Missing diff files for name=鞠喆, date=2025-12-08 00:00:00
2026-01-28 14:59:55,719 - INFO - Found 52 valid pre-treatment samples with complete data
2026-01-28 14:59:55,719 - INFO - 2) Preparing data matrix ...
2026-01-28 14:59:55,719 - INFO - Preparing features and labels (sample_type=all, zscore_normalize=False)...
2026-01-28 14:59:57,700 - INFO - Final dataset: 52 samples, 365 features
2026-01-28 14:59:57,700 - INFO - Class distribution: [31 21]
2026-01-28 14:59:57,700 - INFO - 3) Training final model on all data (with train/val split) ...
2026-01-28 14:59:58,839 - INFO - Start training final model. Train=46, Val=6
2026-01-28 14:59:59,220 - INFO - Epoch 1/200 | train loss=0.767376 | val loss=0.618180 | best=inf
2026-01-28 14:59:59,370 - INFO - Epoch 10/200 | train loss=0.003209 | val loss=2.945021 | best=inf
2026-01-28 14:59:59,536 - INFO - Epoch 20/200 | train loss=0.000328 | val loss=3.420086 | best=inf
2026-01-28 14:59:59,702 - INFO - Epoch 30/200 | train loss=0.000111 | val loss=3.752288 | best=inf
2026-01-28 14:59:59,869 - INFO - Epoch 40/200 | train loss=0.000055 | val loss=3.930215 | best=inf
2026-01-28 15:00:00,035 - INFO - Epoch 50/200 | train loss=0.000047 | val loss=4.070607 | best=inf
2026-01-28 15:00:00,201 - INFO - Epoch 60/200 | train loss=0.000035 | val loss=4.197277 | best=inf
2026-01-28 15:00:00,367 - INFO - Epoch 70/200 | train loss=0.000030 | val loss=4.306380 | best=inf
2026-01-28 15:00:00,534 - INFO - Epoch 80/200 | train loss=0.000019 | val loss=4.405805 | best=inf
2026-01-28 15:00:00,700 - INFO - Epoch 90/200 | train loss=0.000022 | val loss=4.495451 | best=inf
2026-01-28 15:00:00,867 - INFO - Epoch 100/200 | train loss=0.000014 | val loss=4.591053 | best=inf
2026-01-28 15:00:01,048 - INFO - Epoch 110/200 | train loss=0.000013 | val loss=4.667143 | best=4.599001
2026-01-28 15:00:01,214 - INFO - Epoch 120/200 | train loss=0.000011 | val loss=4.740202 | best=4.599001
2026-01-28 15:00:01,380 - INFO - Epoch 130/200 | train loss=0.000011 | val loss=4.806139 | best=4.599001
2026-01-28 15:00:01,546 - INFO - Epoch 140/200 | train loss=0.000009 | val loss=4.870161 | best=4.599001
2026-01-28 15:00:01,712 - INFO - Epoch 150/200 | train loss=0.000007 | val loss=4.928629 | best=4.599001
2026-01-28 15:00:01,878 - INFO - Epoch 160/200 | train loss=0.000007 | val loss=4.987813 | best=4.599001
2026-01-28 15:00:02,044 - INFO - Epoch 170/200 | train loss=0.000006 | val loss=5.038838 | best=4.599001
2026-01-28 15:00:02,209 - INFO - Epoch 180/200 | train loss=0.000005 | val loss=5.087877 | best=4.599001
2026-01-28 15:00:02,374 - INFO - Epoch 190/200 | train loss=0.000005 | val loss=5.134244 | best=4.599001
2026-01-28 15:00:02,539 - INFO - Epoch 200/200 | train loss=0.000005 | val loss=5.185528 | best=4.599001
2026-01-28 15:00:02,548 - INFO - Loaded best model from results/model/best_model.pth (epoch 101)
2026-01-28 15:00:02,560 - INFO - Saved final model to: results/model/final_model_20260128_150002.pth
2026-01-28 15:00:02,569 - INFO - Validation metrics: {
  "val_threshold": 6.112630944699049e-05,
  "val_acc": 0.6666666666666666,
  "val_f1": 0.5,
  "val_precision": 0.5,
  "val_recall": 0.5,
  "val_auc": 0.5,
  "val_ap": 0.45
}
2026-01-28 15:00:02,571 - INFO - 4) Running SHAP ...
2026-01-28 15:00:15,204 - WARNING - Error generating Parkinson-specific SHAP plots: name 'shap_region' is not defined
2026-01-28 15:00:15,216 - INFO - SHAP outputs saved to: results/shap
2026-01-28 15:00:15,216 - INFO - Done. Total time: 24.39s
2026-01-28 15:00:15,216 - INFO - Output dir: results
2026-01-28 15:00:44,861 - INFO - Using device: cuda
2026-01-28 15:00:44,861 - INFO - Hyperparameters: {
  "batch_size": 8,
  "learning_rate": 0.0005,
  "num_epochs": 200,
  "hidden_dim": 512,
  "num_blocks": 4,
  "dropout": 0.1,
  "feature_type": "DIFF",
  "zscore_normalize": false,
  "response_threshold": 5,
  "val_ratio": 0.1,
  "early_stop_patience": 100,
  "early_stop_min_epochs": 100
}
2026-01-28 15:00:44,861 - INFO - 1) Parsing Excel data ...
2026-01-28 15:00:45,030 - INFO - Parsing patient data from Excel (grouped by 姓名 + 日期)...
2026-01-28 15:00:45,108 - WARNING - Missing diff files for name=鞠喆, date=2025-11-24 00:00:00
2026-01-28 15:00:45,109 - WARNING - Missing diff files for name=鞠喆, date=2025-12-08 00:00:00
2026-01-28 15:00:45,123 - INFO - Found 52 valid pre-treatment samples with complete data
2026-01-28 15:00:45,123 - INFO - 2) Preparing data matrix ...
2026-01-28 15:00:45,123 - INFO - Preparing features and labels (sample_type=diff, zscore_normalize=False)...
2026-01-28 15:00:45,153 - INFO - Final dataset: 52 samples, 332 features
2026-01-28 15:00:45,154 - INFO - Class distribution: [31 21]
2026-01-28 15:00:45,154 - INFO - 3) Training final model on all data (with train/val split) ...
2026-01-28 15:00:45,794 - INFO - Start training final model. Train=46, Val=6
2026-01-28 15:00:45,928 - INFO - Epoch 1/200 | train loss=0.842923 | val loss=0.745823 | best=inf
2026-01-28 15:00:46,078 - INFO - Epoch 10/200 | train loss=0.327129 | val loss=2.744492 | best=inf
2026-01-28 15:00:46,244 - INFO - Epoch 20/200 | train loss=0.000010 | val loss=7.575286 | best=inf
2026-01-28 15:00:46,410 - INFO - Epoch 30/200 | train loss=0.000013 | val loss=7.645735 | best=inf
2026-01-28 15:00:46,576 - INFO - Epoch 40/200 | train loss=0.000012 | val loss=7.651863 | best=inf
2026-01-28 15:00:46,742 - INFO - Epoch 50/200 | train loss=0.000007 | val loss=7.657228 | best=inf
2026-01-28 15:00:46,908 - INFO - Epoch 60/200 | train loss=0.000005 | val loss=7.663539 | best=inf
2026-01-28 15:00:47,074 - INFO - Epoch 70/200 | train loss=0.000008 | val loss=7.670202 | best=inf
2026-01-28 15:00:47,240 - INFO - Epoch 80/200 | train loss=0.000007 | val loss=7.700283 | best=inf
2026-01-28 15:00:47,406 - INFO - Epoch 90/200 | train loss=0.000005 | val loss=7.707993 | best=inf
2026-01-28 15:00:47,572 - INFO - Epoch 100/200 | train loss=0.000004 | val loss=7.715577 | best=inf
2026-01-28 15:00:47,751 - INFO - Epoch 110/200 | train loss=0.000007 | val loss=7.724166 | best=7.716459
2026-01-28 15:00:47,916 - INFO - Epoch 120/200 | train loss=0.000004 | val loss=7.733274 | best=7.716459
2026-01-28 15:00:48,082 - INFO - Epoch 130/200 | train loss=0.000004 | val loss=7.742339 | best=7.716459
2026-01-28 15:00:48,248 - INFO - Epoch 140/200 | train loss=0.000002 | val loss=7.751121 | best=7.716459
2026-01-28 15:00:48,416 - INFO - Epoch 150/200 | train loss=0.000003 | val loss=7.760953 | best=7.716459
2026-01-28 15:00:48,581 - INFO - Epoch 160/200 | train loss=0.000003 | val loss=7.769479 | best=7.716459
2026-01-28 15:00:48,747 - INFO - Epoch 170/200 | train loss=0.000003 | val loss=7.778347 | best=7.716459
2026-01-28 15:00:48,912 - INFO - Epoch 180/200 | train loss=0.000002 | val loss=7.813715 | best=7.716459
2026-01-28 15:00:49,077 - INFO - Epoch 190/200 | train loss=0.000003 | val loss=7.824586 | best=7.716459
2026-01-28 15:00:49,242 - INFO - Epoch 200/200 | train loss=0.000003 | val loss=7.835376 | best=7.716459
2026-01-28 15:00:49,251 - INFO - Loaded best model from results/model/best_model.pth (epoch 101)
2026-01-28 15:00:49,262 - INFO - Saved final model to: results/model/final_model_20260128_150049.pth
2026-01-28 15:00:49,270 - INFO - Validation metrics: {
  "val_threshold": Infinity,
  "val_acc": 0.6666666666666666,
  "val_f1": 0.0,
  "val_precision": 0.0,
  "val_recall": 0.0,
  "val_auc": 0.125,
  "val_ap": 0.29166666666666663
}
2026-01-28 15:00:49,272 - INFO - 4) Running SHAP ...
2026-01-28 15:01:00,140 - INFO - SHAP outputs saved to: results/shap
2026-01-28 15:01:00,140 - INFO - Done. Total time: 15.28s
2026-01-28 15:01:00,140 - INFO - Output dir: results
2026-01-28 15:02:00,005 - INFO - Using device: cuda
2026-01-28 15:02:00,006 - INFO - Hyperparameters: {
  "batch_size": 8,
  "learning_rate": 0.0005,
  "num_epochs": 200,
  "hidden_dim": 512,
  "num_blocks": 4,
  "dropout": 0.1,
  "feature_type": "ALL",
  "zscore_normalize": false,
  "response_threshold": 5,
  "val_ratio": 0.05,
  "early_stop_patience": 100,
  "early_stop_min_epochs": 100
}
2026-01-28 15:02:00,006 - INFO - 1) Parsing Excel data ...
2026-01-28 15:02:00,178 - INFO - Parsing patient data from Excel (grouped by 姓名 + 日期)...
2026-01-28 15:02:00,255 - WARNING - Missing diff files for name=鞠喆, date=2025-11-24 00:00:00
2026-01-28 15:02:00,257 - WARNING - Missing diff files for name=鞠喆, date=2025-12-08 00:00:00
2026-01-28 15:02:00,271 - INFO - Found 52 valid pre-treatment samples with complete data
2026-01-28 15:02:00,271 - INFO - 2) Preparing data matrix ...
2026-01-28 15:02:00,271 - INFO - Preparing features and labels (sample_type=all, zscore_normalize=False)...
2026-01-28 15:02:00,302 - INFO - Final dataset: 52 samples, 365 features
2026-01-28 15:02:00,302 - INFO - Class distribution: [31 21]
2026-01-28 15:02:00,302 - INFO - 3) Training final model on all data (with train/val split) ...
2026-01-28 15:02:00,932 - INFO - Start training final model. Train=49, Val=3
2026-01-28 15:02:01,067 - INFO - Epoch 1/200 | train loss=0.792202 | val loss=0.704258 | best=inf
2026-01-28 15:02:01,238 - INFO - Epoch 10/200 | train loss=0.000257 | val loss=3.307279 | best=inf
2026-01-28 15:02:01,429 - INFO - Epoch 20/200 | train loss=0.000034 | val loss=4.464045 | best=inf
2026-01-28 15:02:01,618 - INFO - Epoch 30/200 | train loss=0.000029 | val loss=5.127625 | best=inf
2026-01-28 15:02:01,808 - INFO - Epoch 40/200 | train loss=0.000019 | val loss=5.392291 | best=inf
2026-01-28 15:02:01,998 - INFO - Epoch 50/200 | train loss=0.000019 | val loss=5.577689 | best=inf
2026-01-28 15:02:02,187 - INFO - Epoch 60/200 | train loss=0.000011 | val loss=5.742306 | best=inf
2026-01-28 15:02:02,377 - INFO - Epoch 70/200 | train loss=0.000009 | val loss=5.875782 | best=inf
2026-01-28 15:02:02,567 - INFO - Epoch 80/200 | train loss=0.000008 | val loss=5.996091 | best=inf
2026-01-28 15:02:02,756 - INFO - Epoch 90/200 | train loss=0.000008 | val loss=6.106405 | best=inf
2026-01-28 15:02:02,946 - INFO - Epoch 100/200 | train loss=0.000007 | val loss=6.194408 | best=inf
2026-01-28 15:02:03,156 - INFO - Epoch 110/200 | train loss=0.000007 | val loss=6.304778 | best=6.207124
2026-01-28 15:02:03,345 - INFO - Epoch 120/200 | train loss=0.000005 | val loss=6.401349 | best=6.207124
2026-01-28 15:02:03,534 - INFO - Epoch 130/200 | train loss=0.000004 | val loss=6.487206 | best=6.207124
2026-01-28 15:02:03,725 - INFO - Epoch 140/200 | train loss=0.000004 | val loss=6.568814 | best=6.207124
2026-01-28 15:02:03,914 - INFO - Epoch 150/200 | train loss=0.000003 | val loss=6.643760 | best=6.207124
2026-01-28 15:02:04,102 - INFO - Epoch 160/200 | train loss=0.000004 | val loss=6.716513 | best=6.207124
2026-01-28 15:02:04,290 - INFO - Epoch 170/200 | train loss=0.000003 | val loss=6.795127 | best=6.207124
2026-01-28 15:02:04,478 - INFO - Epoch 180/200 | train loss=0.000004 | val loss=6.849361 | best=6.207124
2026-01-28 15:02:04,666 - INFO - Epoch 190/200 | train loss=0.000002 | val loss=6.925273 | best=6.207124
2026-01-28 15:02:04,856 - INFO - Epoch 200/200 | train loss=0.000002 | val loss=6.986869 | best=6.207124
2026-01-28 15:02:04,866 - INFO - Loaded best model from results/model/best_model.pth (epoch 101)
2026-01-28 15:02:04,877 - INFO - Saved final model to: results/model/final_model_20260128_150204.pth
2026-01-28 15:02:04,886 - INFO - Validation metrics: {
  "val_threshold": 0.0007460570777766407,
  "val_acc": 0.6666666666666666,
  "val_f1": 0.6666666666666666,
  "val_precision": 0.5,
  "val_recall": 1.0,
  "val_auc": 0.5,
  "val_ap": 0.5
}
2026-01-28 15:02:04,888 - INFO - 4) Running SHAP ...
2026-01-28 15:02:17,292 - WARNING - Error generating Parkinson-specific SHAP plots: name 'shap_region' is not defined
2026-01-28 15:02:17,302 - INFO - SHAP outputs saved to: results/shap
2026-01-28 15:02:17,302 - INFO - Done. Total time: 17.30s
2026-01-28 15:02:17,302 - INFO - Output dir: results
2026-01-28 15:02:54,322 - INFO - Using device: cuda
2026-01-28 15:02:54,322 - INFO - Hyperparameters: {
  "batch_size": 8,
  "learning_rate": 0.0005,
  "num_epochs": 200,
  "hidden_dim": 512,
  "num_blocks": 4,
  "dropout": 0.1,
  "feature_type": "ALL",
  "zscore_normalize": false,
  "response_threshold": 5,
  "val_ratio": 0.05,
  "early_stop_patience": 100,
  "early_stop_min_epochs": 100
}
2026-01-28 15:02:54,323 - INFO - 1) Parsing Excel data ...
2026-01-28 15:02:54,490 - INFO - Parsing patient data from Excel (grouped by 姓名 + 日期)...
2026-01-28 15:02:54,567 - WARNING - Missing diff files for name=鞠喆, date=2025-11-24 00:00:00
2026-01-28 15:02:54,569 - WARNING - Missing diff files for name=鞠喆, date=2025-12-08 00:00:00
2026-01-28 15:02:54,582 - INFO - Found 52 valid pre-treatment samples with complete data
2026-01-28 15:02:54,582 - INFO - 2) Preparing data matrix ...
2026-01-28 15:02:54,583 - INFO - Preparing features and labels (sample_type=all, zscore_normalize=False)...
2026-01-28 15:02:54,613 - INFO - Final dataset: 52 samples, 365 features
2026-01-28 15:02:54,613 - INFO - Class distribution: [31 21]
2026-01-28 15:02:54,613 - INFO - 3) Training final model on all data (with train/val split) ...
2026-01-28 15:02:55,236 - INFO - Start training final model. Train=49, Val=3
2026-01-28 15:02:55,370 - INFO - Epoch 1/200 | train loss=0.792202 | val loss=0.704258 | best=inf
2026-01-28 15:02:55,541 - INFO - Epoch 10/200 | train loss=0.000257 | val loss=3.307279 | best=inf
2026-01-28 15:02:55,730 - INFO - Epoch 20/200 | train loss=0.000034 | val loss=4.464045 | best=inf
2026-01-28 15:02:55,918 - INFO - Epoch 30/200 | train loss=0.000029 | val loss=5.127625 | best=inf
2026-01-28 15:02:56,107 - INFO - Epoch 40/200 | train loss=0.000019 | val loss=5.392291 | best=inf
2026-01-28 15:02:56,295 - INFO - Epoch 50/200 | train loss=0.000019 | val loss=5.577689 | best=inf
2026-01-28 15:02:56,483 - INFO - Epoch 60/200 | train loss=0.000011 | val loss=5.742306 | best=inf
2026-01-28 15:02:56,672 - INFO - Epoch 70/200 | train loss=0.000009 | val loss=5.875782 | best=inf
2026-01-28 15:02:56,860 - INFO - Epoch 80/200 | train loss=0.000008 | val loss=5.996091 | best=inf
2026-01-28 15:02:57,050 - INFO - Epoch 90/200 | train loss=0.000008 | val loss=6.106405 | best=inf
2026-01-28 15:02:57,239 - INFO - Epoch 100/200 | train loss=0.000007 | val loss=6.194408 | best=inf
2026-01-28 15:02:57,443 - INFO - Epoch 110/200 | train loss=0.000007 | val loss=6.304778 | best=6.207124
2026-01-28 15:02:57,631 - INFO - Epoch 120/200 | train loss=0.000005 | val loss=6.401349 | best=6.207124
2026-01-28 15:02:57,819 - INFO - Epoch 130/200 | train loss=0.000004 | val loss=6.487206 | best=6.207124
2026-01-28 15:02:58,007 - INFO - Epoch 140/200 | train loss=0.000004 | val loss=6.568814 | best=6.207124
2026-01-28 15:02:58,194 - INFO - Epoch 150/200 | train loss=0.000003 | val loss=6.643760 | best=6.207124
2026-01-28 15:02:58,383 - INFO - Epoch 160/200 | train loss=0.000004 | val loss=6.716513 | best=6.207124
2026-01-28 15:02:58,571 - INFO - Epoch 170/200 | train loss=0.000003 | val loss=6.795127 | best=6.207124
2026-01-28 15:02:58,758 - INFO - Epoch 180/200 | train loss=0.000004 | val loss=6.849361 | best=6.207124
2026-01-28 15:02:58,945 - INFO - Epoch 190/200 | train loss=0.000002 | val loss=6.925273 | best=6.207124
2026-01-28 15:02:59,132 - INFO - Epoch 200/200 | train loss=0.000002 | val loss=6.986869 | best=6.207124
2026-01-28 15:02:59,142 - INFO - Loaded best model from results/model/best_model.pth (epoch 101)
2026-01-28 15:02:59,153 - INFO - Saved final model to: results/model/final_model_20260128_150259.pth
2026-01-28 15:02:59,162 - INFO - Validation metrics: {
  "val_threshold": 0.0007460570777766407,
  "val_acc": 0.6666666666666666,
  "val_f1": 0.6666666666666666,
  "val_precision": 0.5,
  "val_recall": 1.0,
  "val_auc": 0.5,
  "val_ap": 0.5
}
2026-01-28 15:02:59,165 - INFO - 4) Running SHAP ...
2026-01-28 15:03:11,624 - WARNING - Error generating Parkinson-specific SHAP plots: name 'shap_region' is not defined
2026-01-28 15:03:11,637 - INFO - SHAP outputs saved to: results/shap
2026-01-28 15:03:11,637 - INFO - Done. Total time: 17.31s
2026-01-28 15:03:11,637 - INFO - Output dir: results
2026-01-28 15:04:45,813 - INFO - Using device: cuda
2026-01-28 15:04:45,813 - INFO - Hyperparameters: {
  "batch_size": 8,
  "learning_rate": 0.0005,
  "num_epochs": 200,
  "hidden_dim": 512,
  "num_blocks": 4,
  "dropout": 0.1,
  "feature_type": "ALL",
  "zscore_normalize": false,
  "response_threshold": 5,
  "val_ratio": 0.05,
  "early_stop_patience": 100,
  "early_stop_min_epochs": 100
}
2026-01-28 15:04:45,813 - INFO - 1) Parsing Excel data ...
2026-01-28 15:04:45,985 - INFO - Parsing patient data from Excel (grouped by 姓名 + 日期)...
2026-01-28 15:04:46,063 - WARNING - Missing diff files for name=鞠喆, date=2025-11-24 00:00:00
2026-01-28 15:04:46,064 - WARNING - Missing diff files for name=鞠喆, date=2025-12-08 00:00:00
2026-01-28 15:04:46,078 - INFO - Found 52 valid pre-treatment samples with complete data
2026-01-28 15:04:46,078 - INFO - 2) Preparing data matrix ...
2026-01-28 15:04:46,078 - INFO - Preparing features and labels (sample_type=all, zscore_normalize=False)...
2026-01-28 15:04:46,109 - INFO - Final dataset: 52 samples, 365 features
2026-01-28 15:04:46,109 - INFO - Class distribution: [31 21]
2026-01-28 15:04:46,109 - INFO - 3) Training final model on all data (with train/val split) ...
2026-01-28 15:04:46,736 - INFO - Start training final model. Train=49, Val=3
2026-01-28 15:04:46,870 - INFO - Epoch 1/200 | train loss=0.792202 | val loss=0.704258 | best=inf
2026-01-28 15:04:47,042 - INFO - Epoch 10/200 | train loss=0.000257 | val loss=3.307279 | best=inf
2026-01-28 15:04:47,232 - INFO - Epoch 20/200 | train loss=0.000034 | val loss=4.464045 | best=inf
2026-01-28 15:04:47,422 - INFO - Epoch 30/200 | train loss=0.000029 | val loss=5.127625 | best=inf
2026-01-28 15:04:47,612 - INFO - Epoch 40/200 | train loss=0.000019 | val loss=5.392291 | best=inf
2026-01-28 15:04:47,802 - INFO - Epoch 50/200 | train loss=0.000019 | val loss=5.577689 | best=inf
2026-01-28 15:04:47,991 - INFO - Epoch 60/200 | train loss=0.000011 | val loss=5.742306 | best=inf
2026-01-28 15:04:48,180 - INFO - Epoch 70/200 | train loss=0.000009 | val loss=5.875782 | best=inf
2026-01-28 15:04:48,370 - INFO - Epoch 80/200 | train loss=0.000008 | val loss=5.996091 | best=inf
2026-01-28 15:04:48,560 - INFO - Epoch 90/200 | train loss=0.000008 | val loss=6.106405 | best=inf
2026-01-28 15:04:48,749 - INFO - Epoch 100/200 | train loss=0.000007 | val loss=6.194408 | best=inf
2026-01-28 15:04:48,952 - INFO - Epoch 110/200 | train loss=0.000007 | val loss=6.304778 | best=6.207124
2026-01-28 15:04:49,141 - INFO - Epoch 120/200 | train loss=0.000005 | val loss=6.401349 | best=6.207124
2026-01-28 15:04:49,330 - INFO - Epoch 130/200 | train loss=0.000004 | val loss=6.487206 | best=6.207124
2026-01-28 15:04:49,518 - INFO - Epoch 140/200 | train loss=0.000004 | val loss=6.568814 | best=6.207124
2026-01-28 15:04:49,706 - INFO - Epoch 150/200 | train loss=0.000003 | val loss=6.643760 | best=6.207124
2026-01-28 15:04:49,896 - INFO - Epoch 160/200 | train loss=0.000004 | val loss=6.716513 | best=6.207124
2026-01-28 15:04:50,084 - INFO - Epoch 170/200 | train loss=0.000003 | val loss=6.795127 | best=6.207124
2026-01-28 15:04:50,272 - INFO - Epoch 180/200 | train loss=0.000004 | val loss=6.849361 | best=6.207124
2026-01-28 15:04:50,460 - INFO - Epoch 190/200 | train loss=0.000002 | val loss=6.925273 | best=6.207124
2026-01-28 15:04:50,648 - INFO - Epoch 200/200 | train loss=0.000002 | val loss=6.986869 | best=6.207124
2026-01-28 15:04:50,659 - INFO - Loaded best model from results/model/best_model.pth (epoch 101)
2026-01-28 15:04:50,670 - INFO - Saved final model to: results/model/final_model_20260128_150450.pth
2026-01-28 15:04:50,679 - INFO - Validation metrics: {
  "val_threshold": 0.0007460570777766407,
  "val_acc": 0.6666666666666666,
  "val_f1": 0.6666666666666666,
  "val_precision": 0.5,
  "val_recall": 1.0,
  "val_auc": 0.5,
  "val_ap": 0.5
}
2026-01-28 15:04:50,680 - INFO - 4) Running SHAP ...
2026-01-28 15:04:53,352 - INFO - SHAP outputs saved to: results/shap
2026-01-28 15:04:53,352 - INFO - Done. Total time: 7.54s
2026-01-28 15:04:53,352 - INFO - Output dir: results
2026-01-28 15:06:29,625 - INFO - Using device: cuda
2026-01-28 15:06:29,626 - INFO - Hyperparameters: {
  "batch_size": 8,
  "learning_rate": 0.0005,
  "num_epochs": 200,
  "hidden_dim": 512,
  "num_blocks": 4,
  "dropout": 0.1,
  "feature_type": "ALL",
  "zscore_normalize": false,
  "response_threshold": 5,
  "val_ratio": 0.05,
  "early_stop_patience": 100,
  "early_stop_min_epochs": 100
}
2026-01-28 15:06:29,626 - INFO - 1) Parsing Excel data ...
2026-01-28 15:06:29,798 - INFO - Parsing patient data from Excel (grouped by 姓名 + 日期)...
2026-01-28 15:06:29,876 - WARNING - Missing diff files for name=鞠喆, date=2025-11-24 00:00:00
2026-01-28 15:06:29,877 - WARNING - Missing diff files for name=鞠喆, date=2025-12-08 00:00:00
2026-01-28 15:06:29,891 - INFO - Found 52 valid pre-treatment samples with complete data
2026-01-28 15:06:29,891 - INFO - 2) Preparing data matrix ...
2026-01-28 15:06:29,891 - INFO - Preparing features and labels (sample_type=all, zscore_normalize=False)...
2026-01-28 15:06:29,922 - INFO - Final dataset: 52 samples, 365 features
2026-01-28 15:06:29,922 - INFO - Class distribution: [31 21]
2026-01-28 15:06:29,922 - INFO - 3) Training final model on all data (with train/val split) ...
2026-01-28 15:06:30,556 - INFO - Start training final model. Train=49, Val=3
2026-01-28 15:06:30,692 - INFO - Epoch 1/200 | train loss=0.792202 | val loss=0.704258 | best=inf
2026-01-28 15:06:30,863 - INFO - Epoch 10/200 | train loss=0.000257 | val loss=3.307279 | best=inf
2026-01-28 15:06:31,052 - INFO - Epoch 20/200 | train loss=0.000034 | val loss=4.464045 | best=inf
2026-01-28 15:06:31,240 - INFO - Epoch 30/200 | train loss=0.000029 | val loss=5.127625 | best=inf
2026-01-28 15:06:31,430 - INFO - Epoch 40/200 | train loss=0.000019 | val loss=5.392291 | best=inf
2026-01-28 15:06:31,618 - INFO - Epoch 50/200 | train loss=0.000019 | val loss=5.577689 | best=inf
2026-01-28 15:06:31,807 - INFO - Epoch 60/200 | train loss=0.000011 | val loss=5.742306 | best=inf
2026-01-28 15:06:31,996 - INFO - Epoch 70/200 | train loss=0.000009 | val loss=5.875782 | best=inf
2026-01-28 15:06:32,185 - INFO - Epoch 80/200 | train loss=0.000008 | val loss=5.996091 | best=inf
2026-01-28 15:06:32,373 - INFO - Epoch 90/200 | train loss=0.000008 | val loss=6.106405 | best=inf
2026-01-28 15:06:32,562 - INFO - Epoch 100/200 | train loss=0.000007 | val loss=6.194408 | best=inf
2026-01-28 15:06:32,768 - INFO - Epoch 110/200 | train loss=0.000007 | val loss=6.304778 | best=6.207124
2026-01-28 15:06:32,957 - INFO - Epoch 120/200 | train loss=0.000005 | val loss=6.401349 | best=6.207124
2026-01-28 15:06:33,147 - INFO - Epoch 130/200 | train loss=0.000004 | val loss=6.487206 | best=6.207124
2026-01-28 15:06:33,335 - INFO - Epoch 140/200 | train loss=0.000004 | val loss=6.568814 | best=6.207124
2026-01-28 15:06:33,523 - INFO - Epoch 150/200 | train loss=0.000003 | val loss=6.643760 | best=6.207124
2026-01-28 15:06:33,711 - INFO - Epoch 160/200 | train loss=0.000004 | val loss=6.716513 | best=6.207124
2026-01-28 15:06:33,899 - INFO - Epoch 170/200 | train loss=0.000003 | val loss=6.795127 | best=6.207124
2026-01-28 15:06:34,086 - INFO - Epoch 180/200 | train loss=0.000004 | val loss=6.849361 | best=6.207124
2026-01-28 15:06:34,274 - INFO - Epoch 190/200 | train loss=0.000002 | val loss=6.925273 | best=6.207124
2026-01-28 15:06:34,463 - INFO - Epoch 200/200 | train loss=0.000002 | val loss=6.986869 | best=6.207124
2026-01-28 15:06:34,473 - INFO - Loaded best model from results/model/best_model.pth (epoch 101)
2026-01-28 15:06:34,485 - INFO - Saved final model to: results/model/final_model_20260128_150634.pth
2026-01-28 15:06:34,494 - INFO - Validation metrics: {
  "val_threshold": 0.0007460570777766407,
  "val_acc": 0.6666666666666666,
  "val_f1": 0.6666666666666666,
  "val_precision": 0.5,
  "val_recall": 1.0,
  "val_auc": 0.5,
  "val_ap": 0.5
}
2026-01-28 15:06:34,497 - INFO - 4) Running SHAP ...
2026-01-28 15:06:36,085 - WARNING - Error generating Parkinson-specific SHAP plots: name 'cbar' is not defined
2026-01-28 15:06:36,095 - INFO - SHAP outputs saved to: results/shap
2026-01-28 15:06:36,095 - INFO - Done. Total time: 6.47s
2026-01-28 15:06:36,096 - INFO - Output dir: results
2026-01-28 15:06:56,524 - INFO - Using device: cuda
2026-01-28 15:06:56,524 - INFO - Hyperparameters: {
  "batch_size": 8,
  "learning_rate": 0.0005,
  "num_epochs": 200,
  "hidden_dim": 512,
  "num_blocks": 4,
  "dropout": 0.1,
  "feature_type": "ALL",
  "zscore_normalize": false,
  "response_threshold": 5,
  "val_ratio": 0.05,
  "early_stop_patience": 100,
  "early_stop_min_epochs": 100
}
2026-01-28 15:06:56,524 - INFO - 1) Parsing Excel data ...
2026-01-28 15:06:56,694 - INFO - Parsing patient data from Excel (grouped by 姓名 + 日期)...
2026-01-28 15:06:56,773 - WARNING - Missing diff files for name=鞠喆, date=2025-11-24 00:00:00
2026-01-28 15:06:56,774 - WARNING - Missing diff files for name=鞠喆, date=2025-12-08 00:00:00
2026-01-28 15:06:56,788 - INFO - Found 52 valid pre-treatment samples with complete data
2026-01-28 15:06:56,788 - INFO - 2) Preparing data matrix ...
2026-01-28 15:06:56,788 - INFO - Preparing features and labels (sample_type=all, zscore_normalize=False)...
2026-01-28 15:06:56,819 - INFO - Final dataset: 52 samples, 365 features
2026-01-28 15:06:56,820 - INFO - Class distribution: [31 21]
2026-01-28 15:06:56,820 - INFO - 3) Training final model on all data (with train/val split) ...
2026-01-28 15:06:57,441 - INFO - Start training final model. Train=49, Val=3
2026-01-28 15:06:57,579 - INFO - Epoch 1/200 | train loss=0.792202 | val loss=0.704258 | best=inf
2026-01-28 15:06:57,750 - INFO - Epoch 10/200 | train loss=0.000257 | val loss=3.307279 | best=inf
2026-01-28 15:06:57,940 - INFO - Epoch 20/200 | train loss=0.000034 | val loss=4.464045 | best=inf
2026-01-28 15:06:58,129 - INFO - Epoch 30/200 | train loss=0.000029 | val loss=5.127625 | best=inf
2026-01-28 15:06:58,318 - INFO - Epoch 40/200 | train loss=0.000019 | val loss=5.392291 | best=inf
2026-01-28 15:06:58,507 - INFO - Epoch 50/200 | train loss=0.000019 | val loss=5.577689 | best=inf
2026-01-28 15:06:58,697 - INFO - Epoch 60/200 | train loss=0.000011 | val loss=5.742306 | best=inf
2026-01-28 15:06:58,886 - INFO - Epoch 70/200 | train loss=0.000009 | val loss=5.875782 | best=inf
2026-01-28 15:06:59,075 - INFO - Epoch 80/200 | train loss=0.000008 | val loss=5.996091 | best=inf
2026-01-28 15:06:59,264 - INFO - Epoch 90/200 | train loss=0.000008 | val loss=6.106405 | best=inf
2026-01-28 15:06:59,453 - INFO - Epoch 100/200 | train loss=0.000007 | val loss=6.194408 | best=inf
2026-01-28 15:06:59,658 - INFO - Epoch 110/200 | train loss=0.000007 | val loss=6.304778 | best=6.207124
2026-01-28 15:06:59,847 - INFO - Epoch 120/200 | train loss=0.000005 | val loss=6.401349 | best=6.207124
2026-01-28 15:07:00,037 - INFO - Epoch 130/200 | train loss=0.000004 | val loss=6.487206 | best=6.207124
2026-01-28 15:07:00,226 - INFO - Epoch 140/200 | train loss=0.000004 | val loss=6.568814 | best=6.207124
2026-01-28 15:07:00,415 - INFO - Epoch 150/200 | train loss=0.000003 | val loss=6.643760 | best=6.207124
2026-01-28 15:07:00,604 - INFO - Epoch 160/200 | train loss=0.000004 | val loss=6.716513 | best=6.207124
2026-01-28 15:07:00,792 - INFO - Epoch 170/200 | train loss=0.000003 | val loss=6.795127 | best=6.207124
2026-01-28 15:07:00,980 - INFO - Epoch 180/200 | train loss=0.000004 | val loss=6.849361 | best=6.207124
2026-01-28 15:07:01,168 - INFO - Epoch 190/200 | train loss=0.000002 | val loss=6.925273 | best=6.207124
2026-01-28 15:07:01,358 - INFO - Epoch 200/200 | train loss=0.000002 | val loss=6.986869 | best=6.207124
2026-01-28 15:07:01,369 - INFO - Loaded best model from results/model/best_model.pth (epoch 101)
2026-01-28 15:07:01,382 - INFO - Saved final model to: results/model/final_model_20260128_150701.pth
2026-01-28 15:07:01,391 - INFO - Validation metrics: {
  "val_threshold": 0.0007460570777766407,
  "val_acc": 0.6666666666666666,
  "val_f1": 0.6666666666666666,
  "val_precision": 0.5,
  "val_recall": 1.0,
  "val_auc": 0.5,
  "val_ap": 0.5
}
2026-01-28 15:07:01,393 - INFO - 4) Running SHAP ...
2026-01-28 15:07:03,880 - INFO - SHAP outputs saved to: results/shap
2026-01-28 15:07:03,880 - INFO - Done. Total time: 7.36s
2026-01-28 15:07:03,881 - INFO - Output dir: results
2026-01-28 15:09:45,184 - INFO - Using device: cuda
2026-01-28 15:09:45,185 - INFO - Hyperparameters: {
  "batch_size": 8,
  "learning_rate": 0.0005,
  "num_epochs": 200,
  "hidden_dim": 512,
  "num_blocks": 4,
  "dropout": 0.1,
  "feature_type": "ALL",
  "zscore_normalize": false,
  "response_threshold": 5,
  "val_ratio": 0.05,
  "early_stop_patience": 100,
  "early_stop_min_epochs": 100
}
2026-01-28 15:09:45,185 - INFO - 1) Parsing Excel data ...
2026-01-28 15:09:45,356 - INFO - Parsing patient data from Excel (grouped by 姓名 + 日期)...
2026-01-28 15:09:45,433 - WARNING - Missing diff files for name=鞠喆, date=2025-11-24 00:00:00
2026-01-28 15:09:45,435 - WARNING - Missing diff files for name=鞠喆, date=2025-12-08 00:00:00
2026-01-28 15:09:45,448 - INFO - Found 52 valid pre-treatment samples with complete data
2026-01-28 15:09:45,448 - INFO - 2) Preparing data matrix ...
2026-01-28 15:09:45,449 - INFO - Preparing features and labels (sample_type=all, zscore_normalize=False)...
2026-01-28 15:09:45,488 - INFO - Final dataset: 52 samples, 365 features
2026-01-28 15:09:45,488 - INFO - Class distribution: [31 21]
2026-01-28 15:09:45,488 - INFO - 3) Training final model on all data (with train/val split) ...
2026-01-28 15:09:46,118 - INFO - Start training final model. Train=49, Val=3
2026-01-28 15:09:46,254 - INFO - Epoch 1/200 | train loss=0.792202 | val loss=0.704258 | best=inf
2026-01-28 15:09:46,426 - INFO - Epoch 10/200 | train loss=0.000257 | val loss=3.307279 | best=inf
2026-01-28 15:09:46,616 - INFO - Epoch 20/200 | train loss=0.000034 | val loss=4.464045 | best=inf
2026-01-28 15:09:46,806 - INFO - Epoch 30/200 | train loss=0.000029 | val loss=5.127625 | best=inf
2026-01-28 15:09:46,996 - INFO - Epoch 40/200 | train loss=0.000019 | val loss=5.392291 | best=inf
2026-01-28 15:09:47,186 - INFO - Epoch 50/200 | train loss=0.000019 | val loss=5.577689 | best=inf
2026-01-28 15:09:47,376 - INFO - Epoch 60/200 | train loss=0.000011 | val loss=5.742306 | best=inf
2026-01-28 15:09:47,565 - INFO - Epoch 70/200 | train loss=0.000009 | val loss=5.875782 | best=inf
2026-01-28 15:09:47,755 - INFO - Epoch 80/200 | train loss=0.000008 | val loss=5.996091 | best=inf
2026-01-28 15:09:47,945 - INFO - Epoch 90/200 | train loss=0.000008 | val loss=6.106405 | best=inf
2026-01-28 15:09:48,135 - INFO - Epoch 100/200 | train loss=0.000007 | val loss=6.194408 | best=inf
2026-01-28 15:09:48,340 - INFO - Epoch 110/200 | train loss=0.000007 | val loss=6.304778 | best=6.207124
2026-01-28 15:09:48,529 - INFO - Epoch 120/200 | train loss=0.000005 | val loss=6.401349 | best=6.207124
2026-01-28 15:09:48,720 - INFO - Epoch 130/200 | train loss=0.000004 | val loss=6.487206 | best=6.207124
2026-01-28 15:09:48,910 - INFO - Epoch 140/200 | train loss=0.000004 | val loss=6.568814 | best=6.207124
2026-01-28 15:09:49,100 - INFO - Epoch 150/200 | train loss=0.000003 | val loss=6.643760 | best=6.207124
2026-01-28 15:09:49,289 - INFO - Epoch 160/200 | train loss=0.000004 | val loss=6.716513 | best=6.207124
2026-01-28 15:09:49,478 - INFO - Epoch 170/200 | train loss=0.000003 | val loss=6.795127 | best=6.207124
2026-01-28 15:09:49,667 - INFO - Epoch 180/200 | train loss=0.000004 | val loss=6.849361 | best=6.207124
2026-01-28 15:09:49,855 - INFO - Epoch 190/200 | train loss=0.000002 | val loss=6.925273 | best=6.207124
2026-01-28 15:09:50,046 - INFO - Epoch 200/200 | train loss=0.000002 | val loss=6.986869 | best=6.207124
2026-01-28 15:09:50,056 - INFO - Loaded best model from results/model/best_model.pth (epoch 101)
2026-01-28 15:09:50,067 - INFO - Saved final model to: results/model/final_model_20260128_150950.pth
2026-01-28 15:09:50,076 - INFO - Validation metrics: {
  "val_threshold": 0.0007460570777766407,
  "val_acc": 0.6666666666666666,
  "val_f1": 0.6666666666666666,
  "val_precision": 0.5,
  "val_recall": 1.0,
  "val_auc": 0.5,
  "val_ap": 0.5
}
2026-01-28 15:09:50,078 - INFO - 4) Running SHAP ...
2026-01-28 15:09:51,753 - WARNING - Error generating Parkinson-specific SHAP plots: name 'cbar_ax' is not defined
2026-01-28 15:09:51,762 - INFO - SHAP outputs saved to: results/shap
2026-01-28 15:09:51,762 - INFO - Done. Total time: 6.58s
2026-01-28 15:09:51,762 - INFO - Output dir: results
2026-01-28 15:12:20,776 - INFO - Using device: cuda
2026-01-28 15:12:20,776 - INFO - Hyperparameters: {
  "batch_size": 8,
  "learning_rate": 0.0005,
  "num_epochs": 200,
  "hidden_dim": 512,
  "num_blocks": 4,
  "dropout": 0.1,
  "feature_type": "ALL",
  "zscore_normalize": false,
  "response_threshold": 5,
  "val_ratio": 0.05,
  "early_stop_patience": 100,
  "early_stop_min_epochs": 100
}
2026-01-28 15:12:20,776 - INFO - 1) Parsing Excel data ...
2026-01-28 15:12:20,947 - INFO - Parsing patient data from Excel (grouped by 姓名 + 日期)...
2026-01-28 15:12:21,024 - WARNING - Missing diff files for name=鞠喆, date=2025-11-24 00:00:00
2026-01-28 15:12:21,026 - WARNING - Missing diff files for name=鞠喆, date=2025-12-08 00:00:00
2026-01-28 15:12:21,039 - INFO - Found 52 valid pre-treatment samples with complete data
2026-01-28 15:12:21,039 - INFO - 2) Preparing data matrix ...
2026-01-28 15:12:21,039 - INFO - Preparing features and labels (sample_type=all, zscore_normalize=False)...
2026-01-28 15:12:21,070 - INFO - Final dataset: 52 samples, 365 features
2026-01-28 15:12:21,071 - INFO - Class distribution: [31 21]
2026-01-28 15:12:21,071 - INFO - 3) Training final model on all data (with train/val split) ...
2026-01-28 15:12:21,703 - INFO - Start training final model. Train=49, Val=3
2026-01-28 15:12:21,838 - INFO - Epoch 1/200 | train loss=0.792202 | val loss=0.704258 | best=inf
2026-01-28 15:12:22,014 - INFO - Epoch 10/200 | train loss=0.000257 | val loss=3.307279 | best=inf
2026-01-28 15:12:22,208 - INFO - Epoch 20/200 | train loss=0.000034 | val loss=4.464045 | best=inf
2026-01-28 15:12:22,401 - INFO - Epoch 30/200 | train loss=0.000029 | val loss=5.127625 | best=inf
2026-01-28 15:12:22,595 - INFO - Epoch 40/200 | train loss=0.000019 | val loss=5.392291 | best=inf
2026-01-28 15:12:22,789 - INFO - Epoch 50/200 | train loss=0.000019 | val loss=5.577689 | best=inf
2026-01-28 15:12:22,983 - INFO - Epoch 60/200 | train loss=0.000011 | val loss=5.742306 | best=inf
2026-01-28 15:12:23,177 - INFO - Epoch 70/200 | train loss=0.000009 | val loss=5.875782 | best=inf
2026-01-28 15:12:23,371 - INFO - Epoch 80/200 | train loss=0.000008 | val loss=5.996091 | best=inf
2026-01-28 15:12:23,565 - INFO - Epoch 90/200 | train loss=0.000008 | val loss=6.106405 | best=inf
2026-01-28 15:12:23,759 - INFO - Epoch 100/200 | train loss=0.000007 | val loss=6.194408 | best=inf
2026-01-28 15:12:23,967 - INFO - Epoch 110/200 | train loss=0.000007 | val loss=6.304778 | best=6.207124
2026-01-28 15:12:24,160 - INFO - Epoch 120/200 | train loss=0.000005 | val loss=6.401349 | best=6.207124
2026-01-28 15:12:24,355 - INFO - Epoch 130/200 | train loss=0.000004 | val loss=6.487206 | best=6.207124
2026-01-28 15:12:24,548 - INFO - Epoch 140/200 | train loss=0.000004 | val loss=6.568814 | best=6.207124
2026-01-28 15:12:24,742 - INFO - Epoch 150/200 | train loss=0.000003 | val loss=6.643760 | best=6.207124
2026-01-28 15:12:24,935 - INFO - Epoch 160/200 | train loss=0.000004 | val loss=6.716513 | best=6.207124
2026-01-28 15:12:25,128 - INFO - Epoch 170/200 | train loss=0.000003 | val loss=6.795127 | best=6.207124
2026-01-28 15:12:25,320 - INFO - Epoch 180/200 | train loss=0.000004 | val loss=6.849361 | best=6.207124
2026-01-28 15:12:25,514 - INFO - Epoch 190/200 | train loss=0.000002 | val loss=6.925273 | best=6.207124
2026-01-28 15:12:25,707 - INFO - Epoch 200/200 | train loss=0.000002 | val loss=6.986869 | best=6.207124
2026-01-28 15:12:25,717 - INFO - Loaded best model from results/model/best_model.pth (epoch 101)
2026-01-28 15:12:25,729 - INFO - Saved final model to: results/model/final_model_20260128_151225.pth
2026-01-28 15:12:25,738 - INFO - Validation metrics: {
  "val_threshold": 0.0007460570777766407,
  "val_acc": 0.6666666666666666,
  "val_f1": 0.6666666666666666,
  "val_precision": 0.5,
  "val_recall": 1.0,
  "val_auc": 0.5,
  "val_ap": 0.5
}
2026-01-28 15:12:25,739 - INFO - 4) Running SHAP ...
2026-01-28 15:12:28,262 - INFO - SHAP outputs saved to: results/shap
2026-01-28 15:12:28,262 - INFO - Done. Total time: 7.49s
2026-01-28 15:12:28,262 - INFO - Output dir: results
2026-01-28 15:12:49,648 - INFO - Using device: cuda
2026-01-28 15:12:49,649 - INFO - Hyperparameters: {
  "batch_size": 8,
  "learning_rate": 0.0005,
  "num_epochs": 200,
  "hidden_dim": 512,
  "num_blocks": 4,
  "dropout": 0.1,
  "feature_type": "ALL",
  "zscore_normalize": false,
  "response_threshold": 5,
  "val_ratio": 0.05,
  "early_stop_patience": 100,
  "early_stop_min_epochs": 100
}
2026-01-28 15:12:49,649 - INFO - 1) Parsing Excel data ...
2026-01-28 15:12:49,817 - INFO - Parsing patient data from Excel (grouped by 姓名 + 日期)...
2026-01-28 15:12:49,895 - WARNING - Missing diff files for name=鞠喆, date=2025-11-24 00:00:00
2026-01-28 15:12:49,896 - WARNING - Missing diff files for name=鞠喆, date=2025-12-08 00:00:00
2026-01-28 15:12:49,910 - INFO - Found 52 valid pre-treatment samples with complete data
2026-01-28 15:12:49,910 - INFO - 2) Preparing data matrix ...
2026-01-28 15:12:49,910 - INFO - Preparing features and labels (sample_type=all, zscore_normalize=False)...
2026-01-28 15:12:49,941 - INFO - Final dataset: 52 samples, 365 features
2026-01-28 15:12:49,941 - INFO - Class distribution: [31 21]
2026-01-28 15:12:49,941 - INFO - 3) Training final model on all data (with train/val split) ...
2026-01-28 15:12:50,557 - INFO - Start training final model. Train=49, Val=3
2026-01-28 15:12:50,692 - INFO - Epoch 1/200 | train loss=0.792202 | val loss=0.704258 | best=inf
2026-01-28 15:12:50,863 - INFO - Epoch 10/200 | train loss=0.000257 | val loss=3.307279 | best=inf
2026-01-28 15:12:51,053 - INFO - Epoch 20/200 | train loss=0.000034 | val loss=4.464045 | best=inf
2026-01-28 15:12:51,242 - INFO - Epoch 30/200 | train loss=0.000029 | val loss=5.127625 | best=inf
2026-01-28 15:12:51,431 - INFO - Epoch 40/200 | train loss=0.000019 | val loss=5.392291 | best=inf
2026-01-28 15:12:51,620 - INFO - Epoch 50/200 | train loss=0.000019 | val loss=5.577689 | best=inf
2026-01-28 15:12:51,809 - INFO - Epoch 60/200 | train loss=0.000011 | val loss=5.742306 | best=inf
2026-01-28 15:12:51,998 - INFO - Epoch 70/200 | train loss=0.000009 | val loss=5.875782 | best=inf
2026-01-28 15:12:52,187 - INFO - Epoch 80/200 | train loss=0.000008 | val loss=5.996091 | best=inf
2026-01-28 15:12:52,376 - INFO - Epoch 90/200 | train loss=0.000008 | val loss=6.106405 | best=inf
2026-01-28 15:12:52,565 - INFO - Epoch 100/200 | train loss=0.000007 | val loss=6.194408 | best=inf
2026-01-28 15:12:52,771 - INFO - Epoch 110/200 | train loss=0.000007 | val loss=6.304778 | best=6.207124
2026-01-28 15:12:52,959 - INFO - Epoch 120/200 | train loss=0.000005 | val loss=6.401349 | best=6.207124
2026-01-28 15:12:53,148 - INFO - Epoch 130/200 | train loss=0.000004 | val loss=6.487206 | best=6.207124
2026-01-28 15:12:53,338 - INFO - Epoch 140/200 | train loss=0.000004 | val loss=6.568814 | best=6.207124
2026-01-28 15:12:53,530 - INFO - Epoch 150/200 | train loss=0.000003 | val loss=6.643760 | best=6.207124
2026-01-28 15:12:53,718 - INFO - Epoch 160/200 | train loss=0.000004 | val loss=6.716513 | best=6.207124
2026-01-28 15:12:53,906 - INFO - Epoch 170/200 | train loss=0.000003 | val loss=6.795127 | best=6.207124
2026-01-28 15:12:54,093 - INFO - Epoch 180/200 | train loss=0.000004 | val loss=6.849361 | best=6.207124
2026-01-28 15:12:54,281 - INFO - Epoch 190/200 | train loss=0.000002 | val loss=6.925273 | best=6.207124
2026-01-28 15:12:54,471 - INFO - Epoch 200/200 | train loss=0.000002 | val loss=6.986869 | best=6.207124
2026-01-28 15:12:54,481 - INFO - Loaded best model from results/model/best_model.pth (epoch 101)
2026-01-28 15:12:54,681 - INFO - Saved final model to: results/model/final_model_20260128_151254.pth
2026-01-28 15:12:54,690 - INFO - Validation metrics: {
  "val_threshold": 0.0007460570777766407,
  "val_acc": 0.6666666666666666,
  "val_f1": 0.6666666666666666,
  "val_precision": 0.5,
  "val_recall": 1.0,
  "val_auc": 0.5,
  "val_ap": 0.5
}
2026-01-28 15:12:54,697 - INFO - 4) Running SHAP ...
2026-01-28 15:12:57,239 - INFO - SHAP outputs saved to: results/shap
2026-01-28 15:12:57,240 - INFO - Done. Total time: 7.59s
2026-01-28 15:12:57,240 - INFO - Output dir: results
2026-01-28 15:19:19,797 - INFO - Using device: cuda
2026-01-28 15:19:19,797 - INFO - Hyperparameters: {
  "batch_size": 8,
  "learning_rate": 0.0005,
  "num_epochs": 200,
  "hidden_dim": 512,
  "num_blocks": 4,
  "dropout": 0.1,
  "feature_type": "ALL",
  "zscore_normalize": false,
  "response_threshold": 5,
  "val_ratio": 0.05,
  "early_stop_patience": 100,
  "early_stop_min_epochs": 100
}
2026-01-28 15:19:19,798 - INFO - 1) Parsing Excel data ...
2026-01-28 15:19:19,970 - INFO - Parsing patient data from Excel (grouped by 姓名 + 日期)...
2026-01-28 15:19:20,047 - WARNING - Missing diff files for name=鞠喆, date=2025-11-24 00:00:00
2026-01-28 15:19:20,049 - WARNING - Missing diff files for name=鞠喆, date=2025-12-08 00:00:00
2026-01-28 15:19:20,062 - INFO - Found 52 valid pre-treatment samples with complete data
2026-01-28 15:19:20,063 - INFO - 2) Preparing data matrix ...
2026-01-28 15:19:20,063 - INFO - Preparing features and labels (sample_type=all, zscore_normalize=False)...
2026-01-28 15:19:20,096 - INFO - Final dataset: 52 samples, 365 features
2026-01-28 15:19:20,096 - INFO - Class distribution: [31 21]
2026-01-28 15:19:20,096 - INFO - 3) Training final model on all data (with train/val split) ...
2026-01-28 15:19:20,723 - INFO - Start training final model. Train=49, Val=3
2026-01-28 15:19:20,858 - INFO - Epoch 1/200 | train loss=0.792202 | val loss=0.704258 | best=inf
2026-01-28 15:19:21,029 - INFO - Epoch 10/200 | train loss=0.000257 | val loss=3.307279 | best=inf
2026-01-28 15:19:21,218 - INFO - Epoch 20/200 | train loss=0.000034 | val loss=4.464045 | best=inf
2026-01-28 15:19:21,408 - INFO - Epoch 30/200 | train loss=0.000029 | val loss=5.127625 | best=inf
2026-01-28 15:19:21,597 - INFO - Epoch 40/200 | train loss=0.000019 | val loss=5.392291 | best=inf
2026-01-28 15:19:21,785 - INFO - Epoch 50/200 | train loss=0.000019 | val loss=5.577689 | best=inf
2026-01-28 15:19:21,974 - INFO - Epoch 60/200 | train loss=0.000011 | val loss=5.742306 | best=inf
2026-01-28 15:19:22,163 - INFO - Epoch 70/200 | train loss=0.000009 | val loss=5.875782 | best=inf
2026-01-28 15:19:22,353 - INFO - Epoch 80/200 | train loss=0.000008 | val loss=5.996091 | best=inf
2026-01-28 15:19:22,542 - INFO - Epoch 90/200 | train loss=0.000008 | val loss=6.106405 | best=inf
2026-01-28 15:19:22,731 - INFO - Epoch 100/200 | train loss=0.000007 | val loss=6.194408 | best=inf
2026-01-28 15:19:22,941 - INFO - Epoch 110/200 | train loss=0.000007 | val loss=6.304778 | best=6.207124
2026-01-28 15:19:23,130 - INFO - Epoch 120/200 | train loss=0.000005 | val loss=6.401349 | best=6.207124
2026-01-28 15:19:23,320 - INFO - Epoch 130/200 | train loss=0.000004 | val loss=6.487206 | best=6.207124
2026-01-28 15:19:23,510 - INFO - Epoch 140/200 | train loss=0.000004 | val loss=6.568814 | best=6.207124
2026-01-28 15:19:23,698 - INFO - Epoch 150/200 | train loss=0.000003 | val loss=6.643760 | best=6.207124
2026-01-28 15:19:23,887 - INFO - Epoch 160/200 | train loss=0.000004 | val loss=6.716513 | best=6.207124
2026-01-28 15:19:24,075 - INFO - Epoch 170/200 | train loss=0.000003 | val loss=6.795127 | best=6.207124
2026-01-28 15:19:24,263 - INFO - Epoch 180/200 | train loss=0.000004 | val loss=6.849361 | best=6.207124
2026-01-28 15:19:24,450 - INFO - Epoch 190/200 | train loss=0.000002 | val loss=6.925273 | best=6.207124
2026-01-28 15:19:24,640 - INFO - Epoch 200/200 | train loss=0.000002 | val loss=6.986869 | best=6.207124
2026-01-28 15:19:24,650 - INFO - Loaded best model from results/model/best_model.pth (epoch 101)
2026-01-28 15:19:24,662 - INFO - Saved final model to: results/model/final_model_20260128_151924.pth
2026-01-28 15:19:24,671 - INFO - Validation metrics: {
  "val_threshold": 0.0007460570777766407,
  "val_acc": 0.6666666666666666,
  "val_f1": 0.6666666666666666,
  "val_precision": 0.5,
  "val_recall": 1.0,
  "val_auc": 0.5,
  "val_ap": 0.5
}
2026-01-28 15:19:24,673 - INFO - 4) Running SHAP ...
2026-01-28 15:19:27,151 - INFO - SHAP outputs saved to: results/shap
2026-01-28 15:19:27,152 - INFO - Done. Total time: 7.35s
2026-01-28 15:19:27,152 - INFO - Output dir: results
2026-01-28 15:20:40,801 - INFO - Using device: cuda
2026-01-28 15:20:40,801 - INFO - Hyperparameters: {
  "batch_size": 8,
  "learning_rate": 0.0005,
  "num_epochs": 200,
  "hidden_dim": 512,
  "num_blocks": 4,
  "dropout": 0.1,
  "feature_type": "ALL",
  "zscore_normalize": false,
  "response_threshold": 5,
  "val_ratio": 0.05,
  "early_stop_patience": 100,
  "early_stop_min_epochs": 100
}
2026-01-28 15:20:40,801 - INFO - 1) Parsing Excel data ...
2026-01-28 15:20:40,973 - INFO - Parsing patient data from Excel (grouped by 姓名 + 日期)...
2026-01-28 15:20:41,050 - WARNING - Missing diff files for name=鞠喆, date=2025-11-24 00:00:00
2026-01-28 15:20:41,052 - WARNING - Missing diff files for name=鞠喆, date=2025-12-08 00:00:00
2026-01-28 15:20:41,065 - INFO - Found 52 valid pre-treatment samples with complete data
2026-01-28 15:20:41,065 - INFO - 2) Preparing data matrix ...
2026-01-28 15:20:41,065 - INFO - Preparing features and labels (sample_type=all, zscore_normalize=False)...
2026-01-28 15:20:41,096 - INFO - Final dataset: 52 samples, 365 features
2026-01-28 15:20:41,096 - INFO - Class distribution: [31 21]
2026-01-28 15:20:41,096 - INFO - 3) Training final model on all data (with train/val split) ...
2026-01-28 15:20:41,737 - INFO - Start training final model. Train=49, Val=3
2026-01-28 15:20:41,871 - INFO - Epoch 1/200 | train loss=0.792202 | val loss=0.704258 | best=inf
2026-01-28 15:20:42,044 - INFO - Epoch 10/200 | train loss=0.000257 | val loss=3.307279 | best=inf
2026-01-28 15:20:42,236 - INFO - Epoch 20/200 | train loss=0.000034 | val loss=4.464045 | best=inf
2026-01-28 15:20:42,427 - INFO - Epoch 30/200 | train loss=0.000029 | val loss=5.127625 | best=inf
2026-01-28 15:20:42,619 - INFO - Epoch 40/200 | train loss=0.000019 | val loss=5.392291 | best=inf
2026-01-28 15:20:42,811 - INFO - Epoch 50/200 | train loss=0.000019 | val loss=5.577689 | best=inf
2026-01-28 15:20:43,003 - INFO - Epoch 60/200 | train loss=0.000011 | val loss=5.742306 | best=inf
2026-01-28 15:20:43,194 - INFO - Epoch 70/200 | train loss=0.000009 | val loss=5.875782 | best=inf
2026-01-28 15:20:43,386 - INFO - Epoch 80/200 | train loss=0.000008 | val loss=5.996091 | best=inf
2026-01-28 15:20:43,577 - INFO - Epoch 90/200 | train loss=0.000008 | val loss=6.106405 | best=inf
2026-01-28 15:20:43,769 - INFO - Epoch 100/200 | train loss=0.000007 | val loss=6.194408 | best=inf
2026-01-28 15:20:43,978 - INFO - Epoch 110/200 | train loss=0.000007 | val loss=6.304778 | best=6.207124
2026-01-28 15:20:44,169 - INFO - Epoch 120/200 | train loss=0.000005 | val loss=6.401349 | best=6.207124
2026-01-28 15:20:44,362 - INFO - Epoch 130/200 | train loss=0.000004 | val loss=6.487206 | best=6.207124
2026-01-28 15:20:44,553 - INFO - Epoch 140/200 | train loss=0.000004 | val loss=6.568814 | best=6.207124
2026-01-28 15:20:44,745 - INFO - Epoch 150/200 | train loss=0.000003 | val loss=6.643760 | best=6.207124
2026-01-28 15:20:44,935 - INFO - Epoch 160/200 | train loss=0.000004 | val loss=6.716513 | best=6.207124
2026-01-28 15:20:45,126 - INFO - Epoch 170/200 | train loss=0.000003 | val loss=6.795127 | best=6.207124
2026-01-28 15:20:45,316 - INFO - Epoch 180/200 | train loss=0.000004 | val loss=6.849361 | best=6.207124
2026-01-28 15:20:45,506 - INFO - Epoch 190/200 | train loss=0.000002 | val loss=6.925273 | best=6.207124
2026-01-28 15:20:45,699 - INFO - Epoch 200/200 | train loss=0.000002 | val loss=6.986869 | best=6.207124
2026-01-28 15:20:45,709 - INFO - Loaded best model from results/model/best_model.pth (epoch 101)
2026-01-28 15:20:45,721 - INFO - Saved final model to: results/model/final_model_20260128_152045.pth
2026-01-28 15:20:45,730 - INFO - Validation metrics: {
  "val_threshold": 0.0007460570777766407,
  "val_acc": 0.6666666666666666,
  "val_f1": 0.6666666666666666,
  "val_precision": 0.5,
  "val_recall": 1.0,
  "val_auc": 0.5,
  "val_ap": 0.5
}
2026-01-28 15:20:45,732 - INFO - 4) Running SHAP ...
2026-01-28 15:20:48,968 - INFO - SHAP outputs saved to: results/shap
2026-01-28 15:20:48,968 - INFO - Done. Total time: 8.17s
2026-01-28 15:20:48,969 - INFO - Output dir: results
2026-01-28 15:41:53,882 - INFO - Using device: cuda
2026-01-28 15:41:53,882 - INFO - Hyperparameters: {
  "batch_size": 8,
  "learning_rate": 0.0005,
  "num_epochs": 200,
  "hidden_dim": 512,
  "num_blocks": 4,
  "dropout": 0.1,
  "feature_type": "ALL",
  "zscore_normalize": false,
  "response_threshold": 5,
  "val_ratio": 0.05,
  "early_stop_patience": 100,
  "early_stop_min_epochs": 100
}
2026-01-28 15:41:53,882 - INFO - 1) Parsing Excel data ...
2026-01-28 15:41:54,054 - INFO - Parsing patient data from Excel (grouped by 姓名 + 日期)...
2026-01-28 15:41:54,133 - WARNING - Missing diff files for name=鞠喆, date=2025-11-24 00:00:00
2026-01-28 15:41:54,134 - WARNING - Missing diff files for name=鞠喆, date=2025-12-08 00:00:00
2026-01-28 15:41:54,148 - INFO - Found 52 valid pre-treatment samples with complete data
2026-01-28 15:41:54,148 - INFO - 2) Preparing data matrix ...
2026-01-28 15:41:54,148 - INFO - Preparing features and labels (sample_type=all, zscore_normalize=False)...
2026-01-28 15:41:54,184 - INFO - Final dataset: 52 samples, 365 features
2026-01-28 15:41:54,184 - INFO - Class distribution: [31 21]
2026-01-28 15:41:54,184 - INFO - 3) Training final model on all data (with train/val split) ...
2026-01-28 15:41:54,812 - INFO - Start training final model. Train=49, Val=3
2026-01-28 15:41:54,954 - INFO - Epoch 1/200 | train loss=0.792202 | val loss=0.704258 | best=inf
2026-01-28 15:41:55,126 - INFO - Epoch 10/200 | train loss=0.000257 | val loss=3.307279 | best=inf
2026-01-28 15:41:55,317 - INFO - Epoch 20/200 | train loss=0.000034 | val loss=4.464045 | best=inf
2026-01-28 15:41:55,508 - INFO - Epoch 30/200 | train loss=0.000029 | val loss=5.127625 | best=inf
2026-01-28 15:41:55,699 - INFO - Epoch 40/200 | train loss=0.000019 | val loss=5.392291 | best=inf
2026-01-28 15:41:55,890 - INFO - Epoch 50/200 | train loss=0.000019 | val loss=5.577689 | best=inf
2026-01-28 15:41:56,080 - INFO - Epoch 60/200 | train loss=0.000011 | val loss=5.742306 | best=inf
2026-01-28 15:41:56,270 - INFO - Epoch 70/200 | train loss=0.000009 | val loss=5.875782 | best=inf
2026-01-28 15:41:56,461 - INFO - Epoch 80/200 | train loss=0.000008 | val loss=5.996091 | best=inf
2026-01-28 15:41:56,653 - INFO - Epoch 90/200 | train loss=0.000008 | val loss=6.106405 | best=inf
2026-01-28 15:41:56,844 - INFO - Epoch 100/200 | train loss=0.000007 | val loss=6.194408 | best=inf
2026-01-28 15:41:57,052 - INFO - Epoch 110/200 | train loss=0.000007 | val loss=6.304778 | best=6.207124
2026-01-28 15:41:57,242 - INFO - Epoch 120/200 | train loss=0.000005 | val loss=6.401349 | best=6.207124
2026-01-28 15:41:57,432 - INFO - Epoch 130/200 | train loss=0.000004 | val loss=6.487206 | best=6.207124
2026-01-28 15:41:57,622 - INFO - Epoch 140/200 | train loss=0.000004 | val loss=6.568814 | best=6.207124
2026-01-28 15:41:57,812 - INFO - Epoch 150/200 | train loss=0.000003 | val loss=6.643760 | best=6.207124
2026-01-28 15:41:58,003 - INFO - Epoch 160/200 | train loss=0.000004 | val loss=6.716513 | best=6.207124
2026-01-28 15:41:58,192 - INFO - Epoch 170/200 | train loss=0.000003 | val loss=6.795127 | best=6.207124
2026-01-28 15:41:58,381 - INFO - Epoch 180/200 | train loss=0.000004 | val loss=6.849361 | best=6.207124
2026-01-28 15:41:58,570 - INFO - Epoch 190/200 | train loss=0.000002 | val loss=6.925273 | best=6.207124
2026-01-28 15:41:58,758 - INFO - Epoch 200/200 | train loss=0.000002 | val loss=6.986869 | best=6.207124
2026-01-28 15:41:58,769 - INFO - Loaded best model from results/model/best_model.pth (epoch 101)
2026-01-28 15:41:58,781 - INFO - Saved final model to: results/model/final_model_20260128_154158.pth
2026-01-28 15:41:58,790 - INFO - Validation metrics: {
  "val_threshold": 0.0007460570777766407,
  "val_acc": 0.6666666666666666,
  "val_f1": 0.6666666666666666,
  "val_precision": 0.5,
  "val_recall": 1.0,
  "val_auc": 0.5,
  "val_ap": 0.5
}
2026-01-28 15:41:58,792 - INFO - 4) Running SHAP ...
2026-01-28 15:42:01,232 - INFO - SHAP outputs saved to: results/shap
2026-01-28 15:42:01,232 - INFO - Done. Total time: 7.35s
2026-01-28 15:42:01,232 - INFO - Output dir: results
2026-01-28 15:46:31,032 - INFO - Using device: cuda
2026-01-28 15:46:31,035 - INFO - Hyperparameters: {
  "batch_size": 8,
  "learning_rate": 0.0005,
  "num_epochs": 200,
  "hidden_dim": 512,
  "num_blocks": 4,
  "dropout": 0.1,
  "feature_type": "ALL",
  "zscore_normalize": false,
  "response_threshold": 5,
  "val_ratio": 0.05,
  "early_stop_patience": 100,
  "early_stop_min_epochs": 100
}
2026-01-28 15:46:31,035 - INFO - 1) Parsing Excel data ...
2026-01-28 15:46:31,214 - INFO - Parsing patient data from Excel (grouped by 姓名 + 日期)...
2026-01-28 15:46:31,292 - WARNING - Missing diff files for name=鞠喆, date=2025-11-24 00:00:00
2026-01-28 15:46:31,293 - WARNING - Missing diff files for name=鞠喆, date=2025-12-08 00:00:00
2026-01-28 15:46:31,307 - INFO - Found 52 valid pre-treatment samples with complete data
2026-01-28 15:46:31,307 - INFO - 2) Preparing data matrix ...
2026-01-28 15:46:31,307 - INFO - Preparing features and labels (sample_type=all, zscore_normalize=False)...
2026-01-28 15:46:31,339 - INFO - Final dataset: 52 samples, 365 features
2026-01-28 15:46:31,339 - INFO - Class distribution: [31 21]
2026-01-28 15:46:31,339 - INFO - 3) Training final model on all data (with train/val split) ...
2026-01-28 15:46:31,976 - INFO - Start training final model. Train=49, Val=3
2026-01-28 15:46:32,113 - INFO - Epoch 1/200 | train loss=0.792202 | val loss=0.704258 | best=inf
2026-01-28 15:46:32,285 - INFO - Epoch 10/200 | train loss=0.000257 | val loss=3.307279 | best=inf
2026-01-28 15:46:32,476 - INFO - Epoch 20/200 | train loss=0.000034 | val loss=4.464045 | best=inf
2026-01-28 15:46:32,667 - INFO - Epoch 30/200 | train loss=0.000029 | val loss=5.127625 | best=inf
2026-01-28 15:46:32,858 - INFO - Epoch 40/200 | train loss=0.000019 | val loss=5.392291 | best=inf
2026-01-28 15:46:33,049 - INFO - Epoch 50/200 | train loss=0.000019 | val loss=5.577689 | best=inf
2026-01-28 15:46:33,240 - INFO - Epoch 60/200 | train loss=0.000011 | val loss=5.742306 | best=inf
2026-01-28 15:46:33,432 - INFO - Epoch 70/200 | train loss=0.000009 | val loss=5.875782 | best=inf
2026-01-28 15:46:33,623 - INFO - Epoch 80/200 | train loss=0.000008 | val loss=5.996091 | best=inf
2026-01-28 15:46:33,814 - INFO - Epoch 90/200 | train loss=0.000008 | val loss=6.106405 | best=inf
2026-01-28 15:46:34,005 - INFO - Epoch 100/200 | train loss=0.000007 | val loss=6.194408 | best=inf
2026-01-28 15:46:34,228 - INFO - Epoch 110/200 | train loss=0.000007 | val loss=6.304778 | best=6.207124
2026-01-28 15:46:34,419 - INFO - Epoch 120/200 | train loss=0.000005 | val loss=6.401349 | best=6.207124
2026-01-28 15:46:34,611 - INFO - Epoch 130/200 | train loss=0.000004 | val loss=6.487206 | best=6.207124
2026-01-28 15:46:34,801 - INFO - Epoch 140/200 | train loss=0.000004 | val loss=6.568814 | best=6.207124
2026-01-28 15:46:34,990 - INFO - Epoch 150/200 | train loss=0.000003 | val loss=6.643760 | best=6.207124
2026-01-28 15:46:35,180 - INFO - Epoch 160/200 | train loss=0.000004 | val loss=6.716513 | best=6.207124
2026-01-28 15:46:35,370 - INFO - Epoch 170/200 | train loss=0.000003 | val loss=6.795127 | best=6.207124
2026-01-28 15:46:35,559 - INFO - Epoch 180/200 | train loss=0.000004 | val loss=6.849361 | best=6.207124
2026-01-28 15:46:35,748 - INFO - Epoch 190/200 | train loss=0.000002 | val loss=6.925273 | best=6.207124
2026-01-28 15:46:35,939 - INFO - Epoch 200/200 | train loss=0.000002 | val loss=6.986869 | best=6.207124
2026-01-28 15:46:35,950 - INFO - Loaded best model from results/model/best_model.pth (epoch 101)
2026-01-28 15:46:35,964 - INFO - Saved final model to: results/model/final_model_20260128_154635.pth
2026-01-28 15:46:35,973 - INFO - Validation metrics: {
  "val_threshold": 0.0007460570777766407,
  "val_acc": 0.6666666666666666,
  "val_f1": 0.6666666666666666,
  "val_precision": 0.5,
  "val_recall": 1.0,
  "val_auc": 0.5,
  "val_ap": 0.5
}
2026-01-28 15:46:35,976 - INFO - 4) Running SHAP ...
2026-01-28 15:46:38,929 - INFO - SHAP outputs saved to: results/shap
2026-01-28 15:46:38,929 - INFO - Done. Total time: 7.89s
2026-01-28 15:46:38,929 - INFO - Output dir: results
2026-02-07 20:10:37,788 - INFO - Using device: cuda
2026-02-07 20:10:37,789 - INFO - Hyperparameters: {
  "batch_size": 8,
  "learning_rate": 0.0005,
  "num_epochs": 200,
  "hidden_dim": 512,
  "num_blocks": 4,
  "dropout": 0.1,
  "feature_type": "ALL",
  "zscore_normalize": false,
  "response_threshold": 5,
  "val_ratio": 0.05,
  "early_stop_patience": 100,
  "early_stop_min_epochs": 100
}
2026-02-07 20:10:37,790 - INFO - 1) Parsing Excel data ...
2026-02-07 20:10:37,970 - INFO - Parsing patient data from Excel (grouped by 姓名 + 日期)...
2026-02-07 20:10:44,046 - WARNING - Missing diff files for name=鞠喆, date=2025-11-24 00:00:00
2026-02-07 20:10:44,048 - WARNING - Missing diff files for name=鞠喆, date=2025-12-08 00:00:00
2026-02-07 20:10:44,930 - INFO - Found 52 valid pre-treatment samples with complete data
2026-02-07 20:10:44,930 - INFO - 2) Preparing data matrix ...
2026-02-07 20:10:44,930 - INFO - Preparing features and labels (sample_type=all, zscore_normalize=False)...
2026-02-07 20:10:46,775 - INFO - Final dataset: 52 samples, 365 features
2026-02-07 20:10:46,775 - INFO - Class distribution: [31 21]
2026-02-07 20:10:46,775 - INFO - 3) Training final model on all data (with train/val split) ...
2026-02-07 20:10:47,513 - INFO - Start training final model. Train=49, Val=3
2026-02-07 20:10:47,656 - INFO - Epoch 1/200 | train loss=0.792202 | val loss=0.704258 | best=inf
2026-02-07 20:10:47,829 - INFO - Epoch 10/200 | train loss=0.000257 | val loss=3.307279 | best=inf
2026-02-07 20:10:48,020 - INFO - Epoch 20/200 | train loss=0.000034 | val loss=4.464045 | best=inf
2026-02-07 20:10:48,212 - INFO - Epoch 30/200 | train loss=0.000029 | val loss=5.127625 | best=inf
2026-02-07 20:10:48,403 - INFO - Epoch 40/200 | train loss=0.000019 | val loss=5.392291 | best=inf
2026-02-07 20:10:48,595 - INFO - Epoch 50/200 | train loss=0.000019 | val loss=5.577689 | best=inf
2026-02-07 20:10:48,786 - INFO - Epoch 60/200 | train loss=0.000011 | val loss=5.742306 | best=inf
2026-02-07 20:10:48,980 - INFO - Epoch 70/200 | train loss=0.000009 | val loss=5.875782 | best=inf
2026-02-07 20:10:49,170 - INFO - Epoch 80/200 | train loss=0.000008 | val loss=5.996091 | best=inf
2026-02-07 20:10:49,360 - INFO - Epoch 90/200 | train loss=0.000008 | val loss=6.106405 | best=inf
2026-02-07 20:10:49,550 - INFO - Epoch 100/200 | train loss=0.000007 | val loss=6.194408 | best=inf
2026-02-07 20:10:49,751 - INFO - Epoch 110/200 | train loss=0.000007 | val loss=6.304778 | best=6.207124
2026-02-07 20:10:49,943 - INFO - Epoch 120/200 | train loss=0.000005 | val loss=6.401349 | best=6.207124
2026-02-07 20:10:50,132 - INFO - Epoch 130/200 | train loss=0.000004 | val loss=6.487206 | best=6.207124
2026-02-07 20:10:50,322 - INFO - Epoch 140/200 | train loss=0.000004 | val loss=6.568814 | best=6.207124
2026-02-07 20:10:50,511 - INFO - Epoch 150/200 | train loss=0.000003 | val loss=6.643760 | best=6.207124
2026-02-07 20:10:50,700 - INFO - Epoch 160/200 | train loss=0.000004 | val loss=6.716513 | best=6.207124
2026-02-07 20:10:50,891 - INFO - Epoch 170/200 | train loss=0.000003 | val loss=6.795127 | best=6.207124
2026-02-07 20:10:51,081 - INFO - Epoch 180/200 | train loss=0.000004 | val loss=6.849361 | best=6.207124
2026-02-07 20:10:51,272 - INFO - Epoch 190/200 | train loss=0.000002 | val loss=6.925273 | best=6.207124
2026-02-07 20:10:51,461 - INFO - Epoch 200/200 | train loss=0.000002 | val loss=6.986869 | best=6.207124
2026-02-07 20:10:51,472 - INFO - Loaded best model from results/model/best_model.pth (epoch 101)
2026-02-07 20:10:51,483 - INFO - Saved final model to: results/model/final_model_20260207_201051.pth
2026-02-07 20:10:51,493 - INFO - Validation metrics: {
  "val_threshold": 0.0007460570777766407,
  "val_acc": 0.6666666666666666,
  "val_f1": 0.6666666666666666,
  "val_precision": 0.5,
  "val_recall": 1.0,
  "val_auc": 0.5,
  "val_ap": 0.5
}
2026-02-07 20:10:51,496 - INFO - 4) Running SHAP ...
2026-02-07 20:10:54,136 - INFO - SHAP outputs saved to: results/shap
2026-02-07 20:10:54,136 - INFO - Done. Total time: 16.35s
2026-02-07 20:10:54,136 - INFO - Output dir: results
2026-02-07 20:11:32,313 - INFO - Using device: cuda
2026-02-07 20:11:32,313 - INFO - Hyperparameters: {
  "batch_size": 8,
  "learning_rate": 0.0005,
  "num_epochs": 200,
  "hidden_dim": 512,
  "num_blocks": 4,
  "dropout": 0.1,
  "feature_type": "ALL",
  "zscore_normalize": false,
  "response_threshold": 5,
  "val_ratio": 0.05,
  "early_stop_patience": 100,
  "early_stop_min_epochs": 100
}
2026-02-07 20:11:32,314 - INFO - 1) Parsing Excel data ...
2026-02-07 20:11:32,477 - INFO - Parsing patient data from Excel (grouped by 姓名 + 日期)...
2026-02-07 20:11:32,554 - WARNING - Missing diff files for name=鞠喆, date=2025-11-24 00:00:00
2026-02-07 20:11:32,556 - WARNING - Missing diff files for name=鞠喆, date=2025-12-08 00:00:00
2026-02-07 20:11:32,569 - INFO - Found 52 valid pre-treatment samples with complete data
2026-02-07 20:11:32,569 - INFO - 2) Preparing data matrix ...
2026-02-07 20:11:32,569 - INFO - Preparing features and labels (sample_type=all, zscore_normalize=False)...
2026-02-07 20:11:32,599 - INFO - Final dataset: 52 samples, 365 features
2026-02-07 20:11:32,599 - INFO - Class distribution: [31 21]
2026-02-07 20:11:32,599 - INFO - 3) Training final model on all data (with train/val split) ...
2026-02-07 20:11:33,311 - INFO - Start training final model. Train=49, Val=3
2026-02-07 20:11:33,453 - INFO - Epoch 1/200 | train loss=0.792202 | val loss=0.704258 | best=inf
2026-02-07 20:11:33,624 - INFO - Epoch 10/200 | train loss=0.000257 | val loss=3.307279 | best=inf
2026-02-07 20:11:33,814 - INFO - Epoch 20/200 | train loss=0.000034 | val loss=4.464045 | best=inf
2026-02-07 20:11:34,007 - INFO - Epoch 30/200 | train loss=0.000029 | val loss=5.127625 | best=inf
2026-02-07 20:11:34,196 - INFO - Epoch 40/200 | train loss=0.000019 | val loss=5.392291 | best=inf
2026-02-07 20:11:34,386 - INFO - Epoch 50/200 | train loss=0.000019 | val loss=5.577689 | best=inf
2026-02-07 20:11:34,575 - INFO - Epoch 60/200 | train loss=0.000011 | val loss=5.742306 | best=inf
2026-02-07 20:11:34,764 - INFO - Epoch 70/200 | train loss=0.000009 | val loss=5.875782 | best=inf
2026-02-07 20:11:34,956 - INFO - Epoch 80/200 | train loss=0.000008 | val loss=5.996091 | best=inf
2026-02-07 20:11:35,145 - INFO - Epoch 90/200 | train loss=0.000008 | val loss=6.106405 | best=inf
2026-02-07 20:11:35,334 - INFO - Epoch 100/200 | train loss=0.000007 | val loss=6.194408 | best=inf
2026-02-07 20:11:35,537 - INFO - Epoch 110/200 | train loss=0.000007 | val loss=6.304778 | best=6.207124
2026-02-07 20:11:35,725 - INFO - Epoch 120/200 | train loss=0.000005 | val loss=6.401349 | best=6.207124
2026-02-07 20:11:35,914 - INFO - Epoch 130/200 | train loss=0.000004 | val loss=6.487206 | best=6.207124
2026-02-07 20:11:36,102 - INFO - Epoch 140/200 | train loss=0.000004 | val loss=6.568814 | best=6.207124
2026-02-07 20:11:36,292 - INFO - Epoch 150/200 | train loss=0.000003 | val loss=6.643760 | best=6.207124
2026-02-07 20:11:36,480 - INFO - Epoch 160/200 | train loss=0.000004 | val loss=6.716513 | best=6.207124
2026-02-07 20:11:36,668 - INFO - Epoch 170/200 | train loss=0.000003 | val loss=6.795127 | best=6.207124
2026-02-07 20:11:36,856 - INFO - Epoch 180/200 | train loss=0.000004 | val loss=6.849361 | best=6.207124
2026-02-07 20:11:37,044 - INFO - Epoch 190/200 | train loss=0.000002 | val loss=6.925273 | best=6.207124
2026-02-07 20:11:37,232 - INFO - Epoch 200/200 | train loss=0.000002 | val loss=6.986869 | best=6.207124
2026-02-07 20:11:37,242 - INFO - Loaded best model from results/model/best_model.pth (epoch 101)
2026-02-07 20:11:37,254 - INFO - Saved final model to: results/model/final_model_20260207_201137.pth
2026-02-07 20:11:37,263 - INFO - Validation metrics: {
  "val_threshold": 0.0007460570777766407,
  "val_acc": 0.6666666666666666,
  "val_f1": 0.6666666666666666,
  "val_precision": 0.5,
  "val_recall": 1.0,
  "val_auc": 0.5,
  "val_ap": 0.5
}
2026-02-07 20:11:37,264 - INFO - 4) Running SHAP ...
2026-02-07 20:11:39,698 - INFO - SHAP outputs saved to: results/shap
2026-02-07 20:11:39,699 - INFO - Done. Total time: 7.39s
2026-02-07 20:11:39,699 - INFO - Output dir: results
2026-02-07 20:37:33,263 - INFO - Using device: cuda
2026-02-07 20:37:33,263 - INFO - Hyperparameters: {
  "batch_size": 8,
  "learning_rate": 0.0005,
  "num_epochs": 200,
  "hidden_dim": 512,
  "num_blocks": 4,
  "dropout": 0.1,
  "feature_type": "ALL",
  "zscore_normalize": false,
  "response_threshold": 5,
  "val_ratio": 0.1,
  "early_stop_patience": 100,
  "early_stop_min_epochs": 100
}
2026-02-07 20:37:33,264 - INFO - 1) Parsing Excel data ...
2026-02-07 20:37:33,435 - INFO - Parsing patient data from Excel (grouped by 姓名 + 日期)...
2026-02-07 20:37:33,513 - WARNING - Missing diff files for name=鞠喆, date=2025-11-24 00:00:00
2026-02-07 20:37:33,514 - WARNING - Missing diff files for name=鞠喆, date=2025-12-08 00:00:00
2026-02-07 20:37:33,528 - INFO - Found 52 valid pre-treatment samples with complete data
2026-02-07 20:37:33,528 - INFO - 2) Preparing data matrix ...
2026-02-07 20:37:33,528 - INFO - Preparing features and labels (sample_type=all, zscore_normalize=False)...
2026-02-07 20:37:33,558 - INFO - Final dataset: 52 samples, 365 features
2026-02-07 20:37:33,559 - INFO - Class distribution: [31 21]
2026-02-07 20:37:33,559 - INFO - 3) Training final model on all data (with train/val split) ...
2026-02-07 20:37:34,289 - INFO - Start training final model. Train=46, Val=6
2026-02-07 20:37:34,428 - INFO - Epoch 1/200 | train loss=0.827074 | val loss=0.826446 | best=inf
2026-02-07 20:37:34,575 - INFO - Epoch 10/200 | train loss=0.123278 | val loss=1.312124 | best=inf
2026-02-07 20:37:34,739 - INFO - Epoch 20/200 | train loss=0.000061 | val loss=4.389129 | best=inf
2026-02-07 20:37:34,902 - INFO - Epoch 30/200 | train loss=0.000044 | val loss=4.497713 | best=inf
2026-02-07 20:37:35,065 - INFO - Epoch 40/200 | train loss=0.000029 | val loss=4.594866 | best=inf
2026-02-07 20:37:35,229 - INFO - Epoch 50/200 | train loss=0.000031 | val loss=4.695392 | best=inf
2026-02-07 20:37:35,392 - INFO - Epoch 60/200 | train loss=0.000020 | val loss=4.790217 | best=inf
2026-02-07 20:37:35,555 - INFO - Epoch 70/200 | train loss=0.000016 | val loss=4.872882 | best=inf
2026-02-07 20:37:35,718 - INFO - Epoch 80/200 | train loss=0.000016 | val loss=4.955894 | best=inf
2026-02-07 20:37:35,881 - INFO - Epoch 90/200 | train loss=0.000014 | val loss=5.029601 | best=inf
2026-02-07 20:37:36,047 - INFO - Epoch 100/200 | train loss=0.000011 | val loss=5.103703 | best=inf
2026-02-07 20:37:36,231 - INFO - Epoch 110/200 | train loss=0.000010 | val loss=5.166809 | best=5.109582
2026-02-07 20:37:36,394 - INFO - Epoch 120/200 | train loss=0.000009 | val loss=5.230342 | best=5.109582
2026-02-07 20:37:36,557 - INFO - Epoch 130/200 | train loss=0.000008 | val loss=5.288278 | best=5.109582
2026-02-07 20:37:36,720 - INFO - Epoch 140/200 | train loss=0.000007 | val loss=5.342708 | best=5.109582
2026-02-07 20:37:36,882 - INFO - Epoch 150/200 | train loss=0.000007 | val loss=5.397676 | best=5.109582
2026-02-07 20:37:37,045 - INFO - Epoch 160/200 | train loss=0.000005 | val loss=5.451359 | best=5.109582
2026-02-07 20:37:37,209 - INFO - Epoch 170/200 | train loss=0.000005 | val loss=5.497795 | best=5.109582
2026-02-07 20:37:37,372 - INFO - Epoch 180/200 | train loss=0.000005 | val loss=5.543832 | best=5.109582
2026-02-07 20:37:37,534 - INFO - Epoch 190/200 | train loss=0.000003 | val loss=5.593431 | best=5.109582
2026-02-07 20:37:37,696 - INFO - Epoch 200/200 | train loss=0.000004 | val loss=5.631268 | best=5.109582
2026-02-07 20:37:37,706 - INFO - Loaded best model from results/model/best_model.pth (epoch 101)
2026-02-07 20:37:37,718 - INFO - Saved final model to: results/model/final_model_20260207_203737.pth
2026-02-07 20:37:37,727 - INFO - Validation metrics: {
  "val_threshold": Infinity,
  "val_acc": 0.6666666666666666,
  "val_f1": 0.0,
  "val_precision": 0.0,
  "val_recall": 0.0,
  "val_auc": 0.25,
  "val_ap": 0.3333333333333333
}
2026-02-07 20:37:37,729 - INFO - 4) Running SHAP ...
2026-02-07 20:37:40,098 - INFO - SHAP outputs saved to: results/shap
2026-02-07 20:37:40,098 - INFO - Done. Total time: 6.83s
2026-02-07 20:37:40,098 - INFO - Output dir: results
2026-02-07 20:39:30,075 - INFO - Using device: cuda
2026-02-07 20:39:30,075 - INFO - Hyperparameters: {
  "batch_size": 8,
  "learning_rate": 0.0005,
  "num_epochs": 200,
  "hidden_dim": 512,
  "num_blocks": 4,
  "dropout": 0.1,
  "feature_type": "ALL",
  "zscore_normalize": false,
  "response_threshold": 7,
  "val_ratio": 0.1,
  "early_stop_patience": 100,
  "early_stop_min_epochs": 100
}
2026-02-07 20:39:30,075 - INFO - 1) Parsing Excel data ...
2026-02-07 20:39:30,246 - INFO - Parsing patient data from Excel (grouped by 姓名 + 日期)...
2026-02-07 20:39:30,323 - WARNING - Missing diff files for name=鞠喆, date=2025-11-24 00:00:00
2026-02-07 20:39:30,324 - WARNING - Missing diff files for name=鞠喆, date=2025-12-08 00:00:00
2026-02-07 20:39:30,337 - INFO - Found 52 valid pre-treatment samples with complete data
2026-02-07 20:39:30,338 - INFO - 2) Preparing data matrix ...
2026-02-07 20:39:30,338 - INFO - Preparing features and labels (sample_type=all, zscore_normalize=False)...
2026-02-07 20:39:30,368 - INFO - Final dataset: 52 samples, 365 features
2026-02-07 20:39:30,368 - INFO - Class distribution: [36 16]
2026-02-07 20:39:30,368 - INFO - 3) Training final model on all data (with train/val split) ...
2026-02-07 20:39:31,082 - INFO - Start training final model. Train=46, Val=6
2026-02-07 20:39:31,219 - INFO - Epoch 1/200 | train loss=0.713183 | val loss=0.620293 | best=inf
2026-02-07 20:39:31,366 - INFO - Epoch 10/200 | train loss=0.000464 | val loss=2.583668 | best=inf
2026-02-07 20:39:31,529 - INFO - Epoch 20/200 | train loss=0.000169 | val loss=4.309216 | best=inf
2026-02-07 20:39:31,693 - INFO - Epoch 30/200 | train loss=0.000070 | val loss=4.393470 | best=inf
2026-02-07 20:39:31,856 - INFO - Epoch 40/200 | train loss=0.000040 | val loss=4.465726 | best=inf
2026-02-07 20:39:32,019 - INFO - Epoch 50/200 | train loss=0.000037 | val loss=4.540889 | best=inf
2026-02-07 20:39:32,182 - INFO - Epoch 60/200 | train loss=0.000022 | val loss=4.621868 | best=inf
2026-02-07 20:39:32,345 - INFO - Epoch 70/200 | train loss=0.000018 | val loss=4.681227 | best=inf
2026-02-07 20:39:32,507 - INFO - Epoch 80/200 | train loss=0.000014 | val loss=4.724760 | best=inf
2026-02-07 20:39:32,670 - INFO - Epoch 90/200 | train loss=0.000012 | val loss=4.765245 | best=inf
2026-02-07 20:39:32,835 - INFO - Epoch 100/200 | train loss=0.000011 | val loss=4.806432 | best=inf
2026-02-07 20:39:33,017 - INFO - Epoch 110/200 | train loss=0.000010 | val loss=4.844475 | best=4.809913
2026-02-07 20:39:33,180 - INFO - Epoch 120/200 | train loss=0.000006 | val loss=4.888919 | best=4.809913
2026-02-07 20:39:33,343 - INFO - Epoch 130/200 | train loss=0.000007 | val loss=4.927413 | best=4.809913
2026-02-07 20:39:33,505 - INFO - Epoch 140/200 | train loss=0.000005 | val loss=4.953223 | best=4.809913
2026-02-07 20:39:33,667 - INFO - Epoch 150/200 | train loss=0.000005 | val loss=4.979939 | best=4.809913
2026-02-07 20:39:33,830 - INFO - Epoch 160/200 | train loss=0.000005 | val loss=5.003561 | best=4.809913
2026-02-07 20:39:33,992 - INFO - Epoch 170/200 | train loss=0.000004 | val loss=5.032782 | best=4.809913
2026-02-07 20:39:34,156 - INFO - Epoch 180/200 | train loss=0.000003 | val loss=5.061154 | best=4.809913
2026-02-07 20:39:34,317 - INFO - Epoch 190/200 | train loss=0.000003 | val loss=5.084148 | best=4.809913
2026-02-07 20:39:34,479 - INFO - Epoch 200/200 | train loss=0.000004 | val loss=5.110121 | best=4.809913
2026-02-07 20:39:34,490 - INFO - Loaded best model from results/model/best_model.pth (epoch 101)
2026-02-07 20:39:34,501 - INFO - Saved final model to: results/model/final_model_20260207_203934.pth
2026-02-07 20:39:34,510 - INFO - Validation metrics: {
  "val_threshold": 0.999723494052887,
  "val_acc": 0.6666666666666666,
  "val_f1": 0.5,
  "val_precision": 0.5,
  "val_recall": 0.5,
  "val_auc": 0.5,
  "val_ap": 0.45
}
2026-02-07 20:39:34,511 - INFO - 4) Running SHAP ...
2026-02-07 20:39:36,917 - INFO - SHAP outputs saved to: results/shap
2026-02-07 20:39:36,917 - INFO - Done. Total time: 6.84s
2026-02-07 20:39:36,917 - INFO - Output dir: results
2026-02-07 20:39:46,730 - INFO - Using device: cuda
2026-02-07 20:39:46,730 - INFO - Hyperparameters: {
  "batch_size": 8,
  "learning_rate": 0.0005,
  "num_epochs": 200,
  "hidden_dim": 512,
  "num_blocks": 4,
  "dropout": 0.1,
  "feature_type": "DIFF",
  "zscore_normalize": false,
  "response_threshold": 5,
  "val_ratio": 0.1,
  "early_stop_patience": 100,
  "early_stop_min_epochs": 100
}
2026-02-07 20:39:46,731 - INFO - 1) Parsing Excel data ...
2026-02-07 20:39:46,910 - INFO - Parsing patient data from Excel (grouped by 姓名 + 日期)...
2026-02-07 20:39:46,989 - WARNING - Missing diff files for name=鞠喆, date=2025-11-24 00:00:00
2026-02-07 20:39:46,990 - WARNING - Missing diff files for name=鞠喆, date=2025-12-08 00:00:00
2026-02-07 20:39:47,004 - INFO - Found 52 valid pre-treatment samples with complete data
2026-02-07 20:39:47,004 - INFO - 2) Preparing data matrix ...
2026-02-07 20:39:47,004 - INFO - Preparing features and labels (sample_type=diff, zscore_normalize=False)...
2026-02-07 20:39:47,035 - INFO - Final dataset: 52 samples, 332 features
2026-02-07 20:39:47,035 - INFO - Class distribution: [31 21]
2026-02-07 20:39:47,035 - INFO - 3) Training final model on all data (with train/val split) ...
2026-02-07 20:39:47,699 - INFO - Start training final model. Train=46, Val=6
2026-02-07 20:39:47,838 - INFO - Epoch 1/200 | train loss=0.782800 | val loss=0.607103 | best=inf
2026-02-07 20:39:47,988 - INFO - Epoch 10/200 | train loss=0.004328 | val loss=1.711748 | best=inf
2026-02-07 20:39:48,154 - INFO - Epoch 20/200 | train loss=0.000086 | val loss=3.424615 | best=inf
2026-02-07 20:39:48,320 - INFO - Epoch 30/200 | train loss=0.000045 | val loss=3.288110 | best=inf
2026-02-07 20:39:48,486 - INFO - Epoch 40/200 | train loss=0.000045 | val loss=3.430976 | best=inf
2026-02-07 20:39:48,652 - INFO - Epoch 50/200 | train loss=0.000027 | val loss=3.509113 | best=inf
2026-02-07 20:39:48,817 - INFO - Epoch 60/200 | train loss=0.000018 | val loss=3.512789 | best=inf
2026-02-07 20:39:48,987 - INFO - Epoch 70/200 | train loss=0.000013 | val loss=3.560562 | best=inf
2026-02-07 20:39:49,153 - INFO - Epoch 80/200 | train loss=0.000012 | val loss=3.596823 | best=inf
2026-02-07 20:39:49,318 - INFO - Epoch 90/200 | train loss=0.449691 | val loss=1.607147 | best=inf
2026-02-07 20:39:49,484 - INFO - Epoch 100/200 | train loss=0.000398 | val loss=3.345129 | best=inf
2026-02-07 20:39:49,666 - INFO - Epoch 110/200 | train loss=0.000080 | val loss=3.638786 | best=3.464138
2026-02-07 20:39:49,831 - INFO - Epoch 120/200 | train loss=0.000050 | val loss=3.667567 | best=3.464138
2026-02-07 20:39:49,998 - INFO - Epoch 130/200 | train loss=0.000035 | val loss=3.692344 | best=3.464138
2026-02-07 20:39:50,167 - INFO - Epoch 140/200 | train loss=0.000024 | val loss=3.717106 | best=3.464138
2026-02-07 20:39:50,333 - INFO - Epoch 150/200 | train loss=0.000024 | val loss=3.754405 | best=3.464138
2026-02-07 20:39:50,499 - INFO - Epoch 160/200 | train loss=0.000025 | val loss=3.776123 | best=3.464138
2026-02-07 20:39:50,664 - INFO - Epoch 170/200 | train loss=0.000026 | val loss=3.796771 | best=3.464138
2026-02-07 20:39:50,830 - INFO - Epoch 180/200 | train loss=0.000013 | val loss=3.815920 | best=3.464138
2026-02-07 20:39:50,995 - INFO - Epoch 190/200 | train loss=0.000014 | val loss=3.839953 | best=3.464138
2026-02-07 20:39:51,162 - INFO - Epoch 200/200 | train loss=0.000010 | val loss=3.859888 | best=3.464138
2026-02-07 20:39:51,172 - INFO - Loaded best model from results/model/best_model.pth (epoch 101)
2026-02-07 20:39:51,184 - INFO - Saved final model to: results/model/final_model_20260207_203951.pth
2026-02-07 20:39:51,193 - INFO - Validation metrics: {
  "val_threshold": 3.496795397950336e-05,
  "val_acc": 0.6666666666666666,
  "val_f1": 0.6666666666666666,
  "val_precision": 0.5,
  "val_recall": 1.0,
  "val_auc": 0.5,
  "val_ap": 0.41666666666666663
}
2026-02-07 20:39:51,195 - INFO - 4) Running SHAP ...
2026-02-07 20:39:52,634 - INFO - SHAP outputs saved to: results/shap
2026-02-07 20:39:52,634 - INFO - Done. Total time: 5.90s
2026-02-07 20:39:52,634 - INFO - Output dir: results
2026-02-07 20:40:08,001 - INFO - Using device: cuda
2026-02-07 20:40:08,001 - INFO - Hyperparameters: {
  "batch_size": 8,
  "learning_rate": 0.005,
  "num_epochs": 200,
  "hidden_dim": 512,
  "num_blocks": 4,
  "dropout": 0.1,
  "feature_type": "DIFF",
  "zscore_normalize": false,
  "response_threshold": 5,
  "val_ratio": 0.1,
  "early_stop_patience": 100,
  "early_stop_min_epochs": 100
}
2026-02-07 20:40:08,001 - INFO - 1) Parsing Excel data ...
2026-02-07 20:40:08,180 - INFO - Parsing patient data from Excel (grouped by 姓名 + 日期)...
2026-02-07 20:40:08,258 - WARNING - Missing diff files for name=鞠喆, date=2025-11-24 00:00:00
2026-02-07 20:40:08,259 - WARNING - Missing diff files for name=鞠喆, date=2025-12-08 00:00:00
2026-02-07 20:40:08,273 - INFO - Found 52 valid pre-treatment samples with complete data
2026-02-07 20:40:08,273 - INFO - 2) Preparing data matrix ...
2026-02-07 20:40:08,273 - INFO - Preparing features and labels (sample_type=diff, zscore_normalize=False)...
2026-02-07 20:40:08,303 - INFO - Final dataset: 52 samples, 332 features
2026-02-07 20:40:08,303 - INFO - Class distribution: [31 21]
2026-02-07 20:40:08,303 - INFO - 3) Training final model on all data (with train/val split) ...
2026-02-07 20:40:08,973 - INFO - Start training final model. Train=46, Val=6
2026-02-07 20:40:09,113 - INFO - Epoch 1/200 | train loss=35.053114 | val loss=66.666672 | best=inf
2026-02-07 20:40:09,262 - INFO - Epoch 10/200 | train loss=58.695653 | val loss=66.666672 | best=inf
2026-02-07 20:40:09,428 - INFO - Epoch 20/200 | train loss=58.695652 | val loss=66.666672 | best=inf
2026-02-07 20:40:09,595 - INFO - Epoch 30/200 | train loss=58.695652 | val loss=66.666672 | best=inf
2026-02-07 20:40:09,761 - INFO - Epoch 40/200 | train loss=58.695652 | val loss=66.666672 | best=inf
2026-02-07 20:40:09,927 - INFO - Epoch 50/200 | train loss=58.695653 | val loss=66.666672 | best=inf
2026-02-07 20:40:10,093 - INFO - Epoch 60/200 | train loss=58.695653 | val loss=66.666672 | best=inf
2026-02-07 20:40:10,260 - INFO - Epoch 70/200 | train loss=58.695652 | val loss=66.666672 | best=inf
2026-02-07 20:40:10,425 - INFO - Epoch 80/200 | train loss=58.695653 | val loss=66.666672 | best=inf
2026-02-07 20:40:10,591 - INFO - Epoch 90/200 | train loss=58.695652 | val loss=66.666672 | best=inf
2026-02-07 20:40:10,757 - INFO - Epoch 100/200 | train loss=58.695653 | val loss=66.666672 | best=inf
2026-02-07 20:40:10,937 - INFO - Epoch 110/200 | train loss=58.695653 | val loss=66.666672 | best=66.666672
2026-02-07 20:40:11,103 - INFO - Epoch 120/200 | train loss=58.695652 | val loss=66.666672 | best=66.666672
2026-02-07 20:40:11,268 - INFO - Epoch 130/200 | train loss=58.695652 | val loss=66.666672 | best=66.666672
2026-02-07 20:40:11,436 - INFO - Epoch 140/200 | train loss=58.695653 | val loss=66.666672 | best=66.666672
2026-02-07 20:40:11,602 - INFO - Epoch 150/200 | train loss=58.695652 | val loss=66.666672 | best=66.666672
2026-02-07 20:40:11,768 - INFO - Epoch 160/200 | train loss=58.695653 | val loss=66.666672 | best=66.666672
2026-02-07 20:40:11,933 - INFO - Epoch 170/200 | train loss=58.695653 | val loss=66.666672 | best=66.666672
2026-02-07 20:40:12,098 - INFO - Epoch 180/200 | train loss=58.695653 | val loss=66.666672 | best=66.666672
2026-02-07 20:40:12,263 - INFO - Epoch 190/200 | train loss=58.695653 | val loss=66.666672 | best=66.666672
2026-02-07 20:40:12,430 - INFO - Epoch 200/200 | train loss=58.695653 | val loss=66.666672 | best=66.666672
2026-02-07 20:40:12,440 - INFO - Loaded best model from results/model/best_model.pth (epoch 101)
2026-02-07 20:40:12,451 - INFO - Saved final model to: results/model/final_model_20260207_204012.pth
2026-02-07 20:40:12,460 - INFO - Validation metrics: {
  "val_threshold": Infinity,
  "val_acc": 0.6666666666666666,
  "val_f1": 0.0,
  "val_precision": 0.0,
  "val_recall": 0.0,
  "val_auc": 0.5,
  "val_ap": 0.3333333333333333
}
2026-02-07 20:40:12,462 - INFO - 4) Running SHAP ...
2026-02-07 20:40:13,899 - INFO - SHAP outputs saved to: results/shap
2026-02-07 20:40:13,899 - INFO - Done. Total time: 5.90s
2026-02-07 20:40:13,900 - INFO - Output dir: results
2026-02-07 20:40:20,960 - INFO - Using device: cuda
2026-02-07 20:40:20,960 - INFO - Hyperparameters: {
  "batch_size": 8,
  "learning_rate": 0.0005,
  "num_epochs": 200,
  "hidden_dim": 512,
  "num_blocks": 4,
  "dropout": 0.1,
  "feature_type": "DIFF",
  "zscore_normalize": false,
  "response_threshold": 5,
  "val_ratio": 0.1,
  "early_stop_patience": 100,
  "early_stop_min_epochs": 100
}
2026-02-07 20:40:20,960 - INFO - 1) Parsing Excel data ...
2026-02-07 20:40:21,140 - INFO - Parsing patient data from Excel (grouped by 姓名 + 日期)...
2026-02-07 20:40:21,217 - WARNING - Missing diff files for name=鞠喆, date=2025-11-24 00:00:00
2026-02-07 20:40:21,218 - WARNING - Missing diff files for name=鞠喆, date=2025-12-08 00:00:00
2026-02-07 20:40:21,232 - INFO - Found 52 valid pre-treatment samples with complete data
2026-02-07 20:40:21,232 - INFO - 2) Preparing data matrix ...
2026-02-07 20:40:21,232 - INFO - Preparing features and labels (sample_type=diff, zscore_normalize=False)...
2026-02-07 20:40:21,262 - INFO - Final dataset: 52 samples, 332 features
2026-02-07 20:40:21,263 - INFO - Class distribution: [31 21]
2026-02-07 20:40:21,263 - INFO - 3) Training final model on all data (with train/val split) ...
2026-02-07 20:40:21,921 - INFO - Start training final model. Train=46, Val=6
2026-02-07 20:40:22,061 - INFO - Epoch 1/200 | train loss=0.782800 | val loss=0.607103 | best=inf
2026-02-07 20:40:22,209 - INFO - Epoch 10/200 | train loss=0.004328 | val loss=1.711748 | best=inf
2026-02-07 20:40:22,374 - INFO - Epoch 20/200 | train loss=0.000086 | val loss=3.424615 | best=inf
2026-02-07 20:40:22,538 - INFO - Epoch 30/200 | train loss=0.000045 | val loss=3.288110 | best=inf
2026-02-07 20:40:22,702 - INFO - Epoch 40/200 | train loss=0.000045 | val loss=3.430976 | best=inf
2026-02-07 20:40:22,867 - INFO - Epoch 50/200 | train loss=0.000027 | val loss=3.509113 | best=inf
2026-02-07 20:40:23,031 - INFO - Epoch 60/200 | train loss=0.000018 | val loss=3.512789 | best=inf
2026-02-07 20:40:23,195 - INFO - Epoch 70/200 | train loss=0.000013 | val loss=3.560562 | best=inf
2026-02-07 20:40:23,359 - INFO - Epoch 80/200 | train loss=0.000012 | val loss=3.596823 | best=inf
2026-02-07 20:40:23,523 - INFO - Epoch 90/200 | train loss=0.449691 | val loss=1.607147 | best=inf
2026-02-07 20:40:23,687 - INFO - Epoch 100/200 | train loss=0.000398 | val loss=3.345129 | best=inf
2026-02-07 20:40:23,865 - INFO - Epoch 110/200 | train loss=0.000080 | val loss=3.638786 | best=3.464138
2026-02-07 20:40:24,029 - INFO - Epoch 120/200 | train loss=0.000050 | val loss=3.667567 | best=3.464138
2026-02-07 20:40:24,192 - INFO - Epoch 130/200 | train loss=0.000035 | val loss=3.692344 | best=3.464138
2026-02-07 20:40:24,358 - INFO - Epoch 140/200 | train loss=0.000024 | val loss=3.717106 | best=3.464138
2026-02-07 20:40:24,522 - INFO - Epoch 150/200 | train loss=0.000024 | val loss=3.754405 | best=3.464138
2026-02-07 20:40:24,685 - INFO - Epoch 160/200 | train loss=0.000025 | val loss=3.776123 | best=3.464138
2026-02-07 20:40:24,849 - INFO - Epoch 170/200 | train loss=0.000026 | val loss=3.796771 | best=3.464138
2026-02-07 20:40:25,012 - INFO - Epoch 180/200 | train loss=0.000013 | val loss=3.815920 | best=3.464138
2026-02-07 20:40:25,175 - INFO - Epoch 190/200 | train loss=0.000014 | val loss=3.839953 | best=3.464138
2026-02-07 20:40:25,340 - INFO - Epoch 200/200 | train loss=0.000010 | val loss=3.859888 | best=3.464138
2026-02-07 20:40:25,350 - INFO - Loaded best model from results/model/best_model.pth (epoch 101)
2026-02-07 20:40:25,361 - INFO - Saved final model to: results/model/final_model_20260207_204025.pth
2026-02-07 20:40:25,370 - INFO - Validation metrics: {
  "val_threshold": 3.496795397950336e-05,
  "val_acc": 0.6666666666666666,
  "val_f1": 0.6666666666666666,
  "val_precision": 0.5,
  "val_recall": 1.0,
  "val_auc": 0.5,
  "val_ap": 0.41666666666666663
}
2026-02-07 20:40:25,373 - INFO - 4) Running SHAP ...
2026-02-07 20:40:26,872 - INFO - SHAP outputs saved to: results/shap
2026-02-07 20:40:26,872 - INFO - Done. Total time: 5.91s
2026-02-07 20:40:26,872 - INFO - Output dir: results
2026-02-07 20:41:02,945 - INFO - Using device: cuda
2026-02-07 20:41:02,945 - INFO - Hyperparameters: {
  "batch_size": 8,
  "learning_rate": 5e-05,
  "num_epochs": 200,
  "hidden_dim": 512,
  "num_blocks": 4,
  "dropout": 0.1,
  "feature_type": "DIFF",
  "zscore_normalize": false,
  "response_threshold": 5,
  "val_ratio": 0.2,
  "early_stop_patience": 100,
  "early_stop_min_epochs": 100
}
2026-02-07 20:41:02,945 - INFO - 1) Parsing Excel data ...
2026-02-07 20:41:03,115 - INFO - Parsing patient data from Excel (grouped by 姓名 + 日期)...
2026-02-07 20:41:03,191 - WARNING - Missing diff files for name=鞠喆, date=2025-11-24 00:00:00
2026-02-07 20:41:03,193 - WARNING - Missing diff files for name=鞠喆, date=2025-12-08 00:00:00
2026-02-07 20:41:03,206 - INFO - Found 52 valid pre-treatment samples with complete data
2026-02-07 20:41:03,206 - INFO - 2) Preparing data matrix ...
2026-02-07 20:41:03,206 - INFO - Preparing features and labels (sample_type=diff, zscore_normalize=False)...
2026-02-07 20:41:03,238 - INFO - Final dataset: 52 samples, 332 features
2026-02-07 20:41:03,238 - INFO - Class distribution: [31 21]
2026-02-07 20:41:03,238 - INFO - 3) Training final model on all data (with train/val split) ...
2026-02-07 20:41:03,950 - INFO - Start training final model. Train=41, Val=11
2026-02-07 20:41:04,091 - INFO - Epoch 1/200 | train loss=0.690190 | val loss=0.646657 | best=inf
2026-02-07 20:41:04,245 - INFO - Epoch 10/200 | train loss=0.352819 | val loss=0.596116 | best=inf
2026-02-07 20:41:04,416 - INFO - Epoch 20/200 | train loss=0.029470 | val loss=0.888284 | best=inf
2026-02-07 20:41:04,586 - INFO - Epoch 30/200 | train loss=0.004902 | val loss=0.957568 | best=inf
2026-02-07 20:41:04,757 - INFO - Epoch 40/200 | train loss=0.002407 | val loss=1.053455 | best=inf
2026-02-07 20:41:04,928 - INFO - Epoch 50/200 | train loss=0.001462 | val loss=1.168493 | best=inf
2026-02-07 20:41:05,098 - INFO - Epoch 60/200 | train loss=0.000812 | val loss=1.191634 | best=inf
2026-02-07 20:41:05,268 - INFO - Epoch 70/200 | train loss=0.000706 | val loss=1.271271 | best=inf
2026-02-07 20:41:05,438 - INFO - Epoch 80/200 | train loss=0.000644 | val loss=1.351329 | best=inf
2026-02-07 20:41:05,611 - INFO - Epoch 90/200 | train loss=0.000550 | val loss=1.395280 | best=inf
2026-02-07 20:41:05,781 - INFO - Epoch 100/200 | train loss=0.000481 | val loss=1.444626 | best=inf
2026-02-07 20:41:05,965 - INFO - Epoch 110/200 | train loss=0.000310 | val loss=1.489976 | best=1.448576
2026-02-07 20:41:06,135 - INFO - Epoch 120/200 | train loss=0.000276 | val loss=1.518422 | best=1.448576
2026-02-07 20:41:06,304 - INFO - Epoch 130/200 | train loss=0.000279 | val loss=1.553499 | best=1.448576
2026-02-07 20:41:06,474 - INFO - Epoch 140/200 | train loss=0.000209 | val loss=1.582103 | best=1.448576
2026-02-07 20:41:06,643 - INFO - Epoch 150/200 | train loss=0.000189 | val loss=1.612277 | best=1.448576
2026-02-07 20:41:06,813 - INFO - Epoch 160/200 | train loss=0.000167 | val loss=1.618470 | best=1.448576
2026-02-07 20:41:06,984 - INFO - Epoch 170/200 | train loss=0.000155 | val loss=1.649998 | best=1.448576
2026-02-07 20:41:07,153 - INFO - Epoch 180/200 | train loss=0.000121 | val loss=1.680561 | best=1.448576
2026-02-07 20:41:07,322 - INFO - Epoch 190/200 | train loss=0.000096 | val loss=1.700162 | best=1.448576
2026-02-07 20:41:07,491 - INFO - Epoch 200/200 | train loss=0.000121 | val loss=1.733165 | best=1.448576
2026-02-07 20:41:07,501 - INFO - Loaded best model from results/model/best_model.pth (epoch 101)
2026-02-07 20:41:07,512 - INFO - Saved final model to: results/model/final_model_20260207_204107.pth
2026-02-07 20:41:07,521 - INFO - Validation metrics: {
  "val_threshold": 0.003123617498204112,
  "val_acc": 0.7272727272727273,
  "val_f1": 0.7272727272727273,
  "val_precision": 0.5714285714285714,
  "val_recall": 1.0,
  "val_auc": 0.75,
  "val_ap": 0.6678571428571429
}
2026-02-07 20:41:07,523 - INFO - 4) Running SHAP ...
2026-02-07 20:41:09,007 - INFO - SHAP outputs saved to: results/shap
2026-02-07 20:41:09,007 - INFO - Done. Total time: 6.06s
2026-02-07 20:41:09,007 - INFO - Output dir: results
2026-02-07 20:41:33,862 - INFO - Using device: cuda
2026-02-07 20:41:33,862 - INFO - Hyperparameters: {
  "batch_size": 8,
  "learning_rate": 1e-05,
  "num_epochs": 200,
  "hidden_dim": 512,
  "num_blocks": 4,
  "dropout": 0.1,
  "feature_type": "DIFF",
  "zscore_normalize": false,
  "response_threshold": 5,
  "val_ratio": 0.2,
  "early_stop_patience": 100,
  "early_stop_min_epochs": 100
}
2026-02-07 20:41:33,862 - INFO - 1) Parsing Excel data ...
2026-02-07 20:41:34,032 - INFO - Parsing patient data from Excel (grouped by 姓名 + 日期)...
2026-02-07 20:41:34,109 - WARNING - Missing diff files for name=鞠喆, date=2025-11-24 00:00:00
2026-02-07 20:41:34,111 - WARNING - Missing diff files for name=鞠喆, date=2025-12-08 00:00:00
2026-02-07 20:41:34,124 - INFO - Found 52 valid pre-treatment samples with complete data
2026-02-07 20:41:34,125 - INFO - 2) Preparing data matrix ...
2026-02-07 20:41:34,125 - INFO - Preparing features and labels (sample_type=diff, zscore_normalize=False)...
2026-02-07 20:41:34,155 - INFO - Final dataset: 52 samples, 332 features
2026-02-07 20:41:34,155 - INFO - Class distribution: [31 21]
2026-02-07 20:41:34,155 - INFO - 3) Training final model on all data (with train/val split) ...
2026-02-07 20:41:34,875 - INFO - Start training final model. Train=41, Val=11
2026-02-07 20:41:35,013 - INFO - Epoch 1/200 | train loss=0.685480 | val loss=0.676035 | best=inf
2026-02-07 20:41:35,165 - INFO - Epoch 10/200 | train loss=0.620234 | val loss=0.645255 | best=inf
2026-02-07 20:41:35,333 - INFO - Epoch 20/200 | train loss=0.546574 | val loss=0.626776 | best=inf
2026-02-07 20:41:35,501 - INFO - Epoch 30/200 | train loss=0.480647 | val loss=0.603746 | best=inf
2026-02-07 20:41:35,669 - INFO - Epoch 40/200 | train loss=0.369657 | val loss=0.572009 | best=inf
2026-02-07 20:41:35,838 - INFO - Epoch 50/200 | train loss=0.285582 | val loss=0.556830 | best=inf
2026-02-07 20:41:36,006 - INFO - Epoch 60/200 | train loss=0.148651 | val loss=0.557224 | best=inf
2026-02-07 20:41:36,174 - INFO - Epoch 70/200 | train loss=0.093897 | val loss=0.609572 | best=inf
2026-02-07 20:41:36,342 - INFO - Epoch 80/200 | train loss=0.063762 | val loss=0.670456 | best=inf
2026-02-07 20:41:36,510 - INFO - Epoch 90/200 | train loss=0.047079 | val loss=0.698496 | best=inf
2026-02-07 20:41:36,680 - INFO - Epoch 100/200 | train loss=0.027505 | val loss=0.742251 | best=inf
2026-02-07 20:41:36,862 - INFO - Epoch 110/200 | train loss=0.013522 | val loss=0.785324 | best=0.745375
2026-02-07 20:41:37,030 - INFO - Epoch 120/200 | train loss=0.010436 | val loss=0.792004 | best=0.745375
2026-02-07 20:41:37,197 - INFO - Epoch 130/200 | train loss=0.009039 | val loss=0.832080 | best=0.745375
2026-02-07 20:41:37,365 - INFO - Epoch 140/200 | train loss=0.006243 | val loss=0.849456 | best=0.745375
2026-02-07 20:41:37,532 - INFO - Epoch 150/200 | train loss=0.006195 | val loss=0.884072 | best=0.745375
2026-02-07 20:41:37,700 - INFO - Epoch 160/200 | train loss=0.005085 | val loss=0.890582 | best=0.745375
2026-02-07 20:41:37,869 - INFO - Epoch 170/200 | train loss=0.004138 | val loss=0.923209 | best=0.745375
2026-02-07 20:41:38,036 - INFO - Epoch 180/200 | train loss=0.003908 | val loss=0.956456 | best=0.745375
2026-02-07 20:41:38,203 - INFO - Epoch 190/200 | train loss=0.002196 | val loss=0.997404 | best=0.745375
2026-02-07 20:41:38,370 - INFO - Epoch 200/200 | train loss=0.002363 | val loss=1.005584 | best=0.745375
2026-02-07 20:41:38,381 - INFO - Loaded best model from results/model/best_model.pth (epoch 101)
2026-02-07 20:41:38,393 - INFO - Saved final model to: results/model/final_model_20260207_204138.pth
2026-02-07 20:41:38,403 - INFO - Validation metrics: {
  "val_threshold": 0.0714445635676384,
  "val_acc": 0.7272727272727273,
  "val_f1": 0.7272727272727273,
  "val_precision": 0.5714285714285714,
  "val_recall": 1.0,
  "val_auc": 0.75,
  "val_ap": 0.6678571428571429
}
2026-02-07 20:41:38,404 - INFO - 4) Running SHAP ...
2026-02-07 20:41:39,847 - INFO - SHAP outputs saved to: results/shap
2026-02-07 20:41:39,847 - INFO - Done. Total time: 5.99s
2026-02-07 20:41:39,847 - INFO - Output dir: results
2026-02-07 20:42:05,099 - INFO - Using device: cuda
2026-02-07 20:42:05,099 - INFO - Hyperparameters: {
  "batch_size": 8,
  "learning_rate": 1e-05,
  "num_epochs": 200,
  "hidden_dim": 512,
  "num_blocks": 4,
  "dropout": 0.1,
  "feature_type": "DIFF",
  "zscore_normalize": false,
  "response_threshold": 5,
  "val_ratio": 0.2,
  "early_stop_patience": 100,
  "early_stop_min_epochs": 50
}
2026-02-07 20:42:05,099 - INFO - 1) Parsing Excel data ...
2026-02-07 20:42:05,264 - INFO - Parsing patient data from Excel (grouped by 姓名 + 日期)...
2026-02-07 20:42:05,342 - WARNING - Missing diff files for name=鞠喆, date=2025-11-24 00:00:00
2026-02-07 20:42:05,343 - WARNING - Missing diff files for name=鞠喆, date=2025-12-08 00:00:00
2026-02-07 20:42:05,356 - INFO - Found 52 valid pre-treatment samples with complete data
2026-02-07 20:42:05,356 - INFO - 2) Preparing data matrix ...
2026-02-07 20:42:05,357 - INFO - Preparing features and labels (sample_type=diff, zscore_normalize=False)...
2026-02-07 20:42:05,387 - INFO - Final dataset: 52 samples, 332 features
2026-02-07 20:42:05,387 - INFO - Class distribution: [31 21]
2026-02-07 20:42:05,387 - INFO - 3) Training final model on all data (with train/val split) ...
2026-02-07 20:42:06,102 - INFO - Start training final model. Train=41, Val=11
2026-02-07 20:42:06,243 - INFO - Epoch 1/200 | train loss=0.685480 | val loss=0.676035 | best=inf
2026-02-07 20:42:06,397 - INFO - Epoch 10/200 | train loss=0.620234 | val loss=0.645255 | best=inf
2026-02-07 20:42:06,569 - INFO - Epoch 20/200 | train loss=0.546574 | val loss=0.626776 | best=inf
2026-02-07 20:42:06,740 - INFO - Epoch 30/200 | train loss=0.480647 | val loss=0.603746 | best=inf
2026-02-07 20:42:06,911 - INFO - Epoch 40/200 | train loss=0.369657 | val loss=0.572009 | best=inf
2026-02-07 20:42:07,083 - INFO - Epoch 50/200 | train loss=0.285582 | val loss=0.556830 | best=inf
2026-02-07 20:42:07,305 - INFO - Epoch 60/200 | train loss=0.148651 | val loss=0.557224 | best=0.547734
2026-02-07 20:42:07,476 - INFO - Epoch 70/200 | train loss=0.093897 | val loss=0.609572 | best=0.547734
2026-02-07 20:42:07,647 - INFO - Epoch 80/200 | train loss=0.063762 | val loss=0.670456 | best=0.547734
2026-02-07 20:42:07,820 - INFO - Epoch 90/200 | train loss=0.047079 | val loss=0.698496 | best=0.547734
2026-02-07 20:42:07,990 - INFO - Epoch 100/200 | train loss=0.027505 | val loss=0.742251 | best=0.547734
2026-02-07 20:42:08,161 - INFO - Epoch 110/200 | train loss=0.013522 | val loss=0.785324 | best=0.547734
2026-02-07 20:42:08,332 - INFO - Epoch 120/200 | train loss=0.010436 | val loss=0.792004 | best=0.547734
2026-02-07 20:42:08,502 - INFO - Epoch 130/200 | train loss=0.009039 | val loss=0.832080 | best=0.547734
2026-02-07 20:42:08,672 - INFO - Epoch 140/200 | train loss=0.006243 | val loss=0.849456 | best=0.547734
2026-02-07 20:42:08,842 - INFO - Epoch 150/200 | train loss=0.006195 | val loss=0.884072 | best=0.547734
2026-02-07 20:42:08,912 - INFO - Early stopping at epoch 154, best epoch=54, best val loss=0.547734
2026-02-07 20:42:08,923 - INFO - Loaded best model from results/model/best_model.pth (epoch 54)
2026-02-07 20:42:08,933 - INFO - Saved final model to: results/model/final_model_20260207_204208.pth
2026-02-07 20:42:08,943 - INFO - Validation metrics: {
  "val_threshold": 0.2852002680301666,
  "val_acc": 0.8181818181818182,
  "val_f1": 0.8,
  "val_precision": 0.6666666666666666,
  "val_recall": 1.0,
  "val_auc": 0.7857142857142857,
  "val_ap": 0.6916666666666667
}
2026-02-07 20:42:08,945 - INFO - 4) Running SHAP ...
2026-02-07 20:42:10,388 - INFO - SHAP outputs saved to: results/shap
2026-02-07 20:42:10,389 - INFO - Done. Total time: 5.29s
2026-02-07 20:42:10,389 - INFO - Output dir: results
2026-02-07 20:42:27,524 - INFO - Using device: cuda
2026-02-07 20:42:27,524 - INFO - Hyperparameters: {
  "batch_size": 8,
  "learning_rate": 5e-05,
  "num_epochs": 200,
  "hidden_dim": 512,
  "num_blocks": 4,
  "dropout": 0.1,
  "feature_type": "DIFF",
  "zscore_normalize": false,
  "response_threshold": 5,
  "val_ratio": 0.2,
  "early_stop_patience": 100,
  "early_stop_min_epochs": 30
}
2026-02-07 20:42:27,524 - INFO - 1) Parsing Excel data ...
2026-02-07 20:42:27,702 - INFO - Parsing patient data from Excel (grouped by 姓名 + 日期)...
2026-02-07 20:42:27,782 - WARNING - Missing diff files for name=鞠喆, date=2025-11-24 00:00:00
2026-02-07 20:42:27,784 - WARNING - Missing diff files for name=鞠喆, date=2025-12-08 00:00:00
2026-02-07 20:42:27,798 - INFO - Found 52 valid pre-treatment samples with complete data
2026-02-07 20:42:27,798 - INFO - 2) Preparing data matrix ...
2026-02-07 20:42:27,798 - INFO - Preparing features and labels (sample_type=diff, zscore_normalize=False)...
2026-02-07 20:42:27,829 - INFO - Final dataset: 52 samples, 332 features
2026-02-07 20:42:27,829 - INFO - Class distribution: [31 21]
2026-02-07 20:42:27,829 - INFO - 3) Training final model on all data (with train/val split) ...
2026-02-07 20:42:28,493 - INFO - Start training final model. Train=41, Val=11
2026-02-07 20:42:28,634 - INFO - Epoch 1/200 | train loss=0.690190 | val loss=0.646657 | best=inf
2026-02-07 20:42:28,789 - INFO - Epoch 10/200 | train loss=0.352819 | val loss=0.596116 | best=inf
2026-02-07 20:42:28,960 - INFO - Epoch 20/200 | train loss=0.029470 | val loss=0.888284 | best=inf
2026-02-07 20:42:29,132 - INFO - Epoch 30/200 | train loss=0.004902 | val loss=0.957568 | best=inf
2026-02-07 20:42:29,317 - INFO - Epoch 40/200 | train loss=0.002407 | val loss=1.053455 | best=0.975398
2026-02-07 20:42:29,488 - INFO - Epoch 50/200 | train loss=0.001462 | val loss=1.168493 | best=0.975398
2026-02-07 20:42:29,659 - INFO - Epoch 60/200 | train loss=0.000812 | val loss=1.191634 | best=0.975398
2026-02-07 20:42:29,829 - INFO - Epoch 70/200 | train loss=0.000706 | val loss=1.271271 | best=0.975398
2026-02-07 20:42:30,000 - INFO - Epoch 80/200 | train loss=0.000644 | val loss=1.351329 | best=0.975398
2026-02-07 20:42:30,171 - INFO - Epoch 90/200 | train loss=0.000550 | val loss=1.395280 | best=0.975398
2026-02-07 20:42:30,341 - INFO - Epoch 100/200 | train loss=0.000481 | val loss=1.444626 | best=0.975398
2026-02-07 20:42:30,512 - INFO - Epoch 110/200 | train loss=0.000310 | val loss=1.489976 | best=0.975398
2026-02-07 20:42:30,683 - INFO - Epoch 120/200 | train loss=0.000276 | val loss=1.518422 | best=0.975398
2026-02-07 20:42:30,853 - INFO - Epoch 130/200 | train loss=0.000279 | val loss=1.553499 | best=0.975398
2026-02-07 20:42:30,870 - INFO - Early stopping at epoch 131, best epoch=31, best val loss=0.975398
2026-02-07 20:42:30,881 - INFO - Loaded best model from results/model/best_model.pth (epoch 31)
2026-02-07 20:42:30,892 - INFO - Saved final model to: results/model/final_model_20260207_204230.pth
2026-02-07 20:42:30,901 - INFO - Validation metrics: {
  "val_threshold": 0.02689187601208687,
  "val_acc": 0.7272727272727273,
  "val_f1": 0.7272727272727273,
  "val_precision": 0.5714285714285714,
  "val_recall": 1.0,
  "val_auc": 0.75,
  "val_ap": 0.6678571428571429
}
2026-02-07 20:42:30,903 - INFO - 4) Running SHAP ...
2026-02-07 20:42:32,416 - INFO - SHAP outputs saved to: results/shap
2026-02-07 20:42:32,416 - INFO - Done. Total time: 4.89s
2026-02-07 20:42:32,416 - INFO - Output dir: results
2026-02-07 20:42:40,166 - INFO - Using device: cuda
2026-02-07 20:42:40,166 - INFO - Hyperparameters: {
  "batch_size": 8,
  "learning_rate": 0.0005,
  "num_epochs": 200,
  "hidden_dim": 512,
  "num_blocks": 4,
  "dropout": 0.1,
  "feature_type": "DIFF",
  "zscore_normalize": false,
  "response_threshold": 5,
  "val_ratio": 0.2,
  "early_stop_patience": 100,
  "early_stop_min_epochs": 30
}
2026-02-07 20:42:40,166 - INFO - 1) Parsing Excel data ...
2026-02-07 20:42:40,345 - INFO - Parsing patient data from Excel (grouped by 姓名 + 日期)...
2026-02-07 20:42:40,423 - WARNING - Missing diff files for name=鞠喆, date=2025-11-24 00:00:00
2026-02-07 20:42:40,424 - WARNING - Missing diff files for name=鞠喆, date=2025-12-08 00:00:00
2026-02-07 20:42:40,438 - INFO - Found 52 valid pre-treatment samples with complete data
2026-02-07 20:42:40,438 - INFO - 2) Preparing data matrix ...
2026-02-07 20:42:40,438 - INFO - Preparing features and labels (sample_type=diff, zscore_normalize=False)...
2026-02-07 20:42:40,469 - INFO - Final dataset: 52 samples, 332 features
2026-02-07 20:42:40,469 - INFO - Class distribution: [31 21]
2026-02-07 20:42:40,469 - INFO - 3) Training final model on all data (with train/val split) ...
2026-02-07 20:42:41,122 - INFO - Start training final model. Train=41, Val=11
2026-02-07 20:42:41,262 - INFO - Epoch 1/200 | train loss=0.881895 | val loss=0.640245 | best=inf
2026-02-07 20:42:41,416 - INFO - Epoch 10/200 | train loss=0.128445 | val loss=1.644876 | best=inf
2026-02-07 20:42:41,586 - INFO - Epoch 20/200 | train loss=0.432539 | val loss=1.549600 | best=inf
2026-02-07 20:42:41,756 - INFO - Epoch 30/200 | train loss=0.000118 | val loss=5.055276 | best=inf
2026-02-07 20:42:41,941 - INFO - Epoch 40/200 | train loss=0.000054 | val loss=5.321083 | best=5.107145
2026-02-07 20:42:42,111 - INFO - Epoch 50/200 | train loss=0.000043 | val loss=5.419782 | best=5.107145
2026-02-07 20:42:42,280 - INFO - Epoch 60/200 | train loss=0.000019 | val loss=5.499247 | best=5.107145
2026-02-07 20:42:42,450 - INFO - Epoch 70/200 | train loss=0.000017 | val loss=5.566144 | best=5.107145
2026-02-07 20:42:42,619 - INFO - Epoch 80/200 | train loss=0.000010 | val loss=5.620017 | best=5.107145
2026-02-07 20:42:42,788 - INFO - Epoch 90/200 | train loss=0.000019 | val loss=5.660280 | best=5.107145
2026-02-07 20:42:42,958 - INFO - Epoch 100/200 | train loss=0.000012 | val loss=5.696061 | best=5.107145
2026-02-07 20:42:43,127 - INFO - Epoch 110/200 | train loss=0.000011 | val loss=5.726737 | best=5.107145
2026-02-07 20:42:43,297 - INFO - Epoch 120/200 | train loss=0.000008 | val loss=5.750806 | best=5.107145
2026-02-07 20:42:43,466 - INFO - Epoch 130/200 | train loss=0.000007 | val loss=5.777018 | best=5.107145
2026-02-07 20:42:43,483 - INFO - Early stopping at epoch 131, best epoch=31, best val loss=5.107145
2026-02-07 20:42:43,493 - INFO - Loaded best model from results/model/best_model.pth (epoch 31)
2026-02-07 20:42:43,504 - INFO - Saved final model to: results/model/final_model_20260207_204243.pth
2026-02-07 20:42:43,515 - INFO - Validation metrics: {
  "val_threshold": 0.0005110420752316713,
  "val_acc": 0.5454545454545454,
  "val_f1": 0.6153846153846154,
  "val_precision": 0.4444444444444444,
  "val_recall": 1.0,
  "val_auc": 0.4642857142857143,
  "val_ap": 0.38819444444444445
}
2026-02-07 20:42:43,517 - INFO - 4) Running SHAP ...
2026-02-07 20:42:44,982 - INFO - SHAP outputs saved to: results/shap
2026-02-07 20:42:44,982 - INFO - Done. Total time: 4.82s
2026-02-07 20:42:44,982 - INFO - Output dir: results
2026-02-07 20:42:54,995 - INFO - Using device: cuda
2026-02-07 20:42:54,996 - INFO - Hyperparameters: {
  "batch_size": 8,
  "learning_rate": 5e-05,
  "num_epochs": 200,
  "hidden_dim": 512,
  "num_blocks": 4,
  "dropout": 0.1,
  "feature_type": "DIFF",
  "zscore_normalize": false,
  "response_threshold": 5,
  "val_ratio": 0.2,
  "early_stop_patience": 100,
  "early_stop_min_epochs": 30
}
2026-02-07 20:42:54,996 - INFO - 1) Parsing Excel data ...
2026-02-07 20:42:55,174 - INFO - Parsing patient data from Excel (grouped by 姓名 + 日期)...
2026-02-07 20:42:55,252 - WARNING - Missing diff files for name=鞠喆, date=2025-11-24 00:00:00
2026-02-07 20:42:55,253 - WARNING - Missing diff files for name=鞠喆, date=2025-12-08 00:00:00
2026-02-07 20:42:55,267 - INFO - Found 52 valid pre-treatment samples with complete data
2026-02-07 20:42:55,267 - INFO - 2) Preparing data matrix ...
2026-02-07 20:42:55,267 - INFO - Preparing features and labels (sample_type=diff, zscore_normalize=False)...
2026-02-07 20:42:55,296 - INFO - Final dataset: 52 samples, 332 features
2026-02-07 20:42:55,297 - INFO - Class distribution: [31 21]
2026-02-07 20:42:55,297 - INFO - 3) Training final model on all data (with train/val split) ...
2026-02-07 20:42:55,960 - INFO - Start training final model. Train=41, Val=11
2026-02-07 20:42:56,098 - INFO - Epoch 1/200 | train loss=0.690190 | val loss=0.646657 | best=inf
2026-02-07 20:42:56,251 - INFO - Epoch 10/200 | train loss=0.352819 | val loss=0.596116 | best=inf
2026-02-07 20:42:56,422 - INFO - Epoch 20/200 | train loss=0.029470 | val loss=0.888284 | best=inf
2026-02-07 20:42:56,592 - INFO - Epoch 30/200 | train loss=0.004902 | val loss=0.957568 | best=inf
2026-02-07 20:42:56,776 - INFO - Epoch 40/200 | train loss=0.002407 | val loss=1.053455 | best=0.975398
2026-02-07 20:42:56,946 - INFO - Epoch 50/200 | train loss=0.001462 | val loss=1.168493 | best=0.975398
2026-02-07 20:42:57,116 - INFO - Epoch 60/200 | train loss=0.000812 | val loss=1.191634 | best=0.975398
2026-02-07 20:42:57,285 - INFO - Epoch 70/200 | train loss=0.000706 | val loss=1.271271 | best=0.975398
2026-02-07 20:42:57,454 - INFO - Epoch 80/200 | train loss=0.000644 | val loss=1.351329 | best=0.975398
2026-02-07 20:42:57,623 - INFO - Epoch 90/200 | train loss=0.000550 | val loss=1.395280 | best=0.975398
2026-02-07 20:42:57,792 - INFO - Epoch 100/200 | train loss=0.000481 | val loss=1.444626 | best=0.975398
2026-02-07 20:42:57,962 - INFO - Epoch 110/200 | train loss=0.000310 | val loss=1.489976 | best=0.975398
2026-02-07 20:42:58,131 - INFO - Epoch 120/200 | train loss=0.000276 | val loss=1.518422 | best=0.975398
2026-02-07 20:42:58,300 - INFO - Epoch 130/200 | train loss=0.000279 | val loss=1.553499 | best=0.975398
2026-02-07 20:42:58,317 - INFO - Early stopping at epoch 131, best epoch=31, best val loss=0.975398
2026-02-07 20:42:58,326 - INFO - Loaded best model from results/model/best_model.pth (epoch 31)
2026-02-07 20:42:58,338 - INFO - Saved final model to: results/model/final_model_20260207_204258.pth
2026-02-07 20:42:58,349 - INFO - Validation metrics: {
  "val_threshold": 0.02689187601208687,
  "val_acc": 0.7272727272727273,
  "val_f1": 0.7272727272727273,
  "val_precision": 0.5714285714285714,
  "val_recall": 1.0,
  "val_auc": 0.75,
  "val_ap": 0.6678571428571429
}
2026-02-07 20:42:58,351 - INFO - 4) Running SHAP ...
2026-02-07 20:42:59,780 - INFO - SHAP outputs saved to: results/shap
2026-02-07 20:42:59,780 - INFO - Done. Total time: 4.78s
2026-02-07 20:42:59,780 - INFO - Output dir: results
2026-02-07 20:43:21,231 - INFO - Using device: cuda
2026-02-07 20:43:21,231 - INFO - Hyperparameters: {
  "batch_size": 8,
  "learning_rate": 0.0005,
  "num_epochs": 200,
  "hidden_dim": 512,
  "num_blocks": 4,
  "dropout": 0.1,
  "feature_type": "DIFF",
  "zscore_normalize": false,
  "response_threshold": 5,
  "val_ratio": 0.2,
  "early_stop_patience": 100,
  "early_stop_min_epochs": 30
}
2026-02-07 20:43:21,231 - INFO - 1) Parsing Excel data ...
2026-02-07 20:43:21,408 - INFO - Parsing patient data from Excel (grouped by 姓名 + 日期)...
2026-02-07 20:43:21,485 - WARNING - Missing diff files for name=鞠喆, date=2025-11-24 00:00:00
2026-02-07 20:43:21,487 - WARNING - Missing diff files for name=鞠喆, date=2025-12-08 00:00:00
2026-02-07 20:43:21,500 - INFO - Found 52 valid pre-treatment samples with complete data
2026-02-07 20:43:21,501 - INFO - 2) Preparing data matrix ...
2026-02-07 20:43:21,501 - INFO - Preparing features and labels (sample_type=diff, zscore_normalize=False)...
2026-02-07 20:43:21,531 - INFO - Final dataset: 52 samples, 332 features
2026-02-07 20:43:21,531 - INFO - Class distribution: [31 21]
2026-02-07 20:43:21,531 - INFO - 3) Training final model on all data (with train/val split) ...
2026-02-07 20:43:22,194 - INFO - Start training final model. Train=41, Val=11
2026-02-07 20:43:22,334 - INFO - Epoch 1/200 | train loss=0.881895 | val loss=0.640245 | best=inf
2026-02-07 20:43:22,489 - INFO - Epoch 10/200 | train loss=0.128445 | val loss=1.644876 | best=inf
2026-02-07 20:43:22,661 - INFO - Epoch 20/200 | train loss=0.432539 | val loss=1.549600 | best=inf
2026-02-07 20:43:22,833 - INFO - Epoch 30/200 | train loss=0.000118 | val loss=5.055276 | best=inf
2026-02-07 20:43:23,018 - INFO - Epoch 40/200 | train loss=0.000054 | val loss=5.321083 | best=5.107145
2026-02-07 20:43:23,190 - INFO - Epoch 50/200 | train loss=0.000043 | val loss=5.419782 | best=5.107145
2026-02-07 20:43:23,361 - INFO - Epoch 60/200 | train loss=0.000019 | val loss=5.499247 | best=5.107145
2026-02-07 20:43:23,532 - INFO - Epoch 70/200 | train loss=0.000017 | val loss=5.566144 | best=5.107145
2026-02-07 20:43:23,704 - INFO - Epoch 80/200 | train loss=0.000010 | val loss=5.620017 | best=5.107145
2026-02-07 20:43:23,875 - INFO - Epoch 90/200 | train loss=0.000019 | val loss=5.660280 | best=5.107145
2026-02-07 20:43:24,046 - INFO - Epoch 100/200 | train loss=0.000012 | val loss=5.696061 | best=5.107145
2026-02-07 20:43:24,217 - INFO - Epoch 110/200 | train loss=0.000011 | val loss=5.726737 | best=5.107145
2026-02-07 20:43:24,389 - INFO - Epoch 120/200 | train loss=0.000008 | val loss=5.750806 | best=5.107145
2026-02-07 20:43:24,562 - INFO - Epoch 130/200 | train loss=0.000007 | val loss=5.777018 | best=5.107145
2026-02-07 20:43:24,579 - INFO - Early stopping at epoch 131, best epoch=31, best val loss=5.107145
2026-02-07 20:43:24,589 - INFO - Loaded best model from results/model/best_model.pth (epoch 31)
2026-02-07 20:43:24,600 - INFO - Saved final model to: results/model/final_model_20260207_204324.pth
2026-02-07 20:43:24,609 - INFO - Validation metrics: {
  "val_threshold": 0.0005110420752316713,
  "val_acc": 0.5454545454545454,
  "val_f1": 0.6153846153846154,
  "val_precision": 0.4444444444444444,
  "val_recall": 1.0,
  "val_auc": 0.4642857142857143,
  "val_ap": 0.38819444444444445
}
2026-02-07 20:43:24,611 - INFO - 4) Running SHAP ...
2026-02-07 20:43:26,110 - INFO - SHAP outputs saved to: results/shap
2026-02-07 20:43:26,110 - INFO - Done. Total time: 4.88s
2026-02-07 20:43:26,110 - INFO - Output dir: results
2026-02-07 20:43:35,838 - INFO - Using device: cuda
2026-02-07 20:43:35,839 - INFO - Hyperparameters: {
  "batch_size": 8,
  "learning_rate": 1e-05,
  "num_epochs": 200,
  "hidden_dim": 512,
  "num_blocks": 4,
  "dropout": 0.1,
  "feature_type": "DIFF",
  "zscore_normalize": false,
  "response_threshold": 5,
  "val_ratio": 0.2,
  "early_stop_patience": 100,
  "early_stop_min_epochs": 30
}
2026-02-07 20:43:35,839 - INFO - 1) Parsing Excel data ...
2026-02-07 20:43:36,011 - INFO - Parsing patient data from Excel (grouped by 姓名 + 日期)...
2026-02-07 20:43:36,088 - WARNING - Missing diff files for name=鞠喆, date=2025-11-24 00:00:00
2026-02-07 20:43:36,089 - WARNING - Missing diff files for name=鞠喆, date=2025-12-08 00:00:00
2026-02-07 20:43:36,103 - INFO - Found 52 valid pre-treatment samples with complete data
2026-02-07 20:43:36,103 - INFO - 2) Preparing data matrix ...
2026-02-07 20:43:36,103 - INFO - Preparing features and labels (sample_type=diff, zscore_normalize=False)...
2026-02-07 20:43:36,133 - INFO - Final dataset: 52 samples, 332 features
2026-02-07 20:43:36,134 - INFO - Class distribution: [31 21]
2026-02-07 20:43:36,134 - INFO - 3) Training final model on all data (with train/val split) ...
2026-02-07 20:43:36,786 - INFO - Start training final model. Train=41, Val=11
2026-02-07 20:43:36,924 - INFO - Epoch 1/200 | train loss=0.685480 | val loss=0.676035 | best=inf
2026-02-07 20:43:37,077 - INFO - Epoch 10/200 | train loss=0.620234 | val loss=0.645255 | best=inf
2026-02-07 20:43:37,246 - INFO - Epoch 20/200 | train loss=0.546574 | val loss=0.626776 | best=inf
2026-02-07 20:43:37,416 - INFO - Epoch 30/200 | train loss=0.480647 | val loss=0.603746 | best=inf
2026-02-07 20:43:37,705 - INFO - Epoch 40/200 | train loss=0.369657 | val loss=0.572009 | best=0.572009
2026-02-07 20:43:37,955 - INFO - Epoch 50/200 | train loss=0.285582 | val loss=0.556830 | best=0.550337
2026-02-07 20:43:38,147 - INFO - Epoch 60/200 | train loss=0.148651 | val loss=0.557224 | best=0.547734
2026-02-07 20:43:38,317 - INFO - Epoch 70/200 | train loss=0.093897 | val loss=0.609572 | best=0.547734
2026-02-07 20:43:38,486 - INFO - Epoch 80/200 | train loss=0.063762 | val loss=0.670456 | best=0.547734
2026-02-07 20:43:38,655 - INFO - Epoch 90/200 | train loss=0.047079 | val loss=0.698496 | best=0.547734
2026-02-07 20:43:38,824 - INFO - Epoch 100/200 | train loss=0.027505 | val loss=0.742251 | best=0.547734
2026-02-07 20:43:38,993 - INFO - Epoch 110/200 | train loss=0.013522 | val loss=0.785324 | best=0.547734
2026-02-07 20:43:39,162 - INFO - Epoch 120/200 | train loss=0.010436 | val loss=0.792004 | best=0.547734
2026-02-07 20:43:39,333 - INFO - Epoch 130/200 | train loss=0.009039 | val loss=0.832080 | best=0.547734
2026-02-07 20:43:39,502 - INFO - Epoch 140/200 | train loss=0.006243 | val loss=0.849456 | best=0.547734
2026-02-07 20:43:39,671 - INFO - Epoch 150/200 | train loss=0.006195 | val loss=0.884072 | best=0.547734
2026-02-07 20:43:39,739 - INFO - Early stopping at epoch 154, best epoch=54, best val loss=0.547734
2026-02-07 20:43:39,748 - INFO - Loaded best model from results/model/best_model.pth (epoch 54)
2026-02-07 20:43:39,760 - INFO - Saved final model to: results/model/final_model_20260207_204339.pth
2026-02-07 20:43:39,769 - INFO - Validation metrics: {
  "val_threshold": 0.2852002680301666,
  "val_acc": 0.8181818181818182,
  "val_f1": 0.8,
  "val_precision": 0.6666666666666666,
  "val_recall": 1.0,
  "val_auc": 0.7857142857142857,
  "val_ap": 0.6916666666666667
}
2026-02-07 20:43:39,771 - INFO - 4) Running SHAP ...
2026-02-07 20:43:41,193 - INFO - SHAP outputs saved to: results/shap
2026-02-07 20:43:41,193 - INFO - Done. Total time: 5.35s
2026-02-07 20:43:41,193 - INFO - Output dir: results
2026-02-07 20:43:49,262 - INFO - Using device: cuda
2026-02-07 20:43:49,262 - INFO - Hyperparameters: {
  "batch_size": 8,
  "learning_rate": 5e-06,
  "num_epochs": 200,
  "hidden_dim": 512,
  "num_blocks": 4,
  "dropout": 0.1,
  "feature_type": "DIFF",
  "zscore_normalize": false,
  "response_threshold": 5,
  "val_ratio": 0.2,
  "early_stop_patience": 100,
  "early_stop_min_epochs": 30
}
2026-02-07 20:43:49,262 - INFO - 1) Parsing Excel data ...
2026-02-07 20:43:49,441 - INFO - Parsing patient data from Excel (grouped by 姓名 + 日期)...
2026-02-07 20:43:49,518 - WARNING - Missing diff files for name=鞠喆, date=2025-11-24 00:00:00
2026-02-07 20:43:49,519 - WARNING - Missing diff files for name=鞠喆, date=2025-12-08 00:00:00
2026-02-07 20:43:49,533 - INFO - Found 52 valid pre-treatment samples with complete data
2026-02-07 20:43:49,533 - INFO - 2) Preparing data matrix ...
2026-02-07 20:43:49,533 - INFO - Preparing features and labels (sample_type=diff, zscore_normalize=False)...
2026-02-07 20:43:49,563 - INFO - Final dataset: 52 samples, 332 features
2026-02-07 20:43:49,563 - INFO - Class distribution: [31 21]
2026-02-07 20:43:49,563 - INFO - 3) Training final model on all data (with train/val split) ...
2026-02-07 20:43:50,232 - INFO - Start training final model. Train=41, Val=11
2026-02-07 20:43:50,372 - INFO - Epoch 1/200 | train loss=0.685889 | val loss=0.683591 | best=inf
2026-02-07 20:43:50,527 - INFO - Epoch 10/200 | train loss=0.654289 | val loss=0.659482 | best=inf
2026-02-07 20:43:50,698 - INFO - Epoch 20/200 | train loss=0.612115 | val loss=0.646857 | best=inf
2026-02-07 20:43:50,870 - INFO - Epoch 30/200 | train loss=0.589212 | val loss=0.633510 | best=inf
2026-02-07 20:43:51,162 - INFO - Epoch 40/200 | train loss=0.543234 | val loss=0.619974 | best=0.619974
2026-02-07 20:43:51,450 - INFO - Epoch 50/200 | train loss=0.512057 | val loss=0.605103 | best=0.605103
2026-02-07 20:43:51,741 - INFO - Epoch 60/200 | train loss=0.446059 | val loss=0.591713 | best=0.591713
2026-02-07 20:43:52,024 - INFO - Epoch 70/200 | train loss=0.414241 | val loss=0.581632 | best=0.581356
2026-02-07 20:43:52,288 - INFO - Epoch 80/200 | train loss=0.366051 | val loss=0.574669 | best=0.574669
2026-02-07 20:43:52,555 - INFO - Epoch 90/200 | train loss=0.320590 | val loss=0.566000 | best=0.566000
2026-02-07 20:43:52,808 - INFO - Epoch 100/200 | train loss=0.273427 | val loss=0.560557 | best=0.560557
2026-02-07 20:43:53,014 - INFO - Epoch 110/200 | train loss=0.205693 | val loss=0.559292 | best=0.558596
2026-02-07 20:43:53,220 - INFO - Epoch 120/200 | train loss=0.147080 | val loss=0.552977 | best=0.552977
2026-02-07 20:43:53,414 - INFO - Epoch 130/200 | train loss=0.120802 | val loss=0.562957 | best=0.546580
2026-02-07 20:43:53,585 - INFO - Epoch 140/200 | train loss=0.082411 | val loss=0.581372 | best=0.546580
2026-02-07 20:43:53,757 - INFO - Epoch 150/200 | train loss=0.067097 | val loss=0.580110 | best=0.546580
2026-02-07 20:43:53,928 - INFO - Epoch 160/200 | train loss=0.047102 | val loss=0.596014 | best=0.546580
2026-02-07 20:43:54,098 - INFO - Epoch 170/200 | train loss=0.037578 | val loss=0.616713 | best=0.546580
2026-02-07 20:43:54,268 - INFO - Epoch 180/200 | train loss=0.035926 | val loss=0.645980 | best=0.546580
2026-02-07 20:43:54,438 - INFO - Epoch 190/200 | train loss=0.016780 | val loss=0.659862 | best=0.546580
2026-02-07 20:43:54,610 - INFO - Epoch 200/200 | train loss=0.016990 | val loss=0.692273 | best=0.546580
2026-02-07 20:43:54,621 - INFO - Loaded best model from results/model/best_model.pth (epoch 122)
2026-02-07 20:43:54,632 - INFO - Saved final model to: results/model/final_model_20260207_204354.pth
2026-02-07 20:43:54,642 - INFO - Validation metrics: {
  "val_threshold": 0.24168279767036438,
  "val_acc": 0.8181818181818182,
  "val_f1": 0.8,
  "val_precision": 0.6666666666666666,
  "val_recall": 1.0,
  "val_auc": 0.7857142857142857,
  "val_ap": 0.6916666666666667
}
2026-02-07 20:43:54,644 - INFO - 4) Running SHAP ...
2026-02-07 20:43:56,090 - INFO - SHAP outputs saved to: results/shap
2026-02-07 20:43:56,091 - INFO - Done. Total time: 6.83s
2026-02-07 20:43:56,091 - INFO - Output dir: results
2026-02-07 20:44:05,115 - INFO - Using device: cuda
2026-02-07 20:44:05,115 - INFO - Hyperparameters: {
  "batch_size": 8,
  "learning_rate": 5e-06,
  "num_epochs": 200,
  "hidden_dim": 512,
  "num_blocks": 4,
  "dropout": 0.1,
  "feature_type": "DIFF",
  "zscore_normalize": false,
  "response_threshold": 5,
  "val_ratio": 0.2,
  "early_stop_patience": 150,
  "early_stop_min_epochs": 1
}
2026-02-07 20:44:05,115 - INFO - 1) Parsing Excel data ...
2026-02-07 20:44:05,293 - INFO - Parsing patient data from Excel (grouped by 姓名 + 日期)...
2026-02-07 20:44:05,370 - WARNING - Missing diff files for name=鞠喆, date=2025-11-24 00:00:00
2026-02-07 20:44:05,372 - WARNING - Missing diff files for name=鞠喆, date=2025-12-08 00:00:00
2026-02-07 20:44:05,385 - INFO - Found 52 valid pre-treatment samples with complete data
2026-02-07 20:44:05,385 - INFO - 2) Preparing data matrix ...
2026-02-07 20:44:05,385 - INFO - Preparing features and labels (sample_type=diff, zscore_normalize=False)...
2026-02-07 20:44:05,415 - INFO - Final dataset: 52 samples, 332 features
2026-02-07 20:44:05,415 - INFO - Class distribution: [31 21]
2026-02-07 20:44:05,415 - INFO - 3) Training final model on all data (with train/val split) ...
2026-02-07 20:44:06,076 - INFO - Start training final model. Train=41, Val=11
2026-02-07 20:44:06,214 - INFO - Epoch 1/200 | train loss=0.685889 | val loss=0.683591 | best=inf
2026-02-07 20:44:06,475 - INFO - Epoch 10/200 | train loss=0.654289 | val loss=0.659482 | best=0.659482
2026-02-07 20:44:06,749 - INFO - Epoch 20/200 | train loss=0.612115 | val loss=0.646857 | best=0.646750
2026-02-07 20:44:07,023 - INFO - Epoch 30/200 | train loss=0.589212 | val loss=0.633510 | best=0.633510
2026-02-07 20:44:07,308 - INFO - Epoch 40/200 | train loss=0.543234 | val loss=0.619974 | best=0.619974
2026-02-07 20:44:07,594 - INFO - Epoch 50/200 | train loss=0.512057 | val loss=0.605103 | best=0.605103
2026-02-07 20:44:07,878 - INFO - Epoch 60/200 | train loss=0.446059 | val loss=0.591713 | best=0.591713
2026-02-07 20:44:08,151 - INFO - Epoch 70/200 | train loss=0.414241 | val loss=0.581632 | best=0.581356
2026-02-07 20:44:08,416 - INFO - Epoch 80/200 | train loss=0.366051 | val loss=0.574669 | best=0.574669
2026-02-07 20:44:08,678 - INFO - Epoch 90/200 | train loss=0.320590 | val loss=0.566000 | best=0.566000
2026-02-07 20:44:08,929 - INFO - Epoch 100/200 | train loss=0.273427 | val loss=0.560557 | best=0.560557
2026-02-07 20:44:09,133 - INFO - Epoch 110/200 | train loss=0.205693 | val loss=0.559292 | best=0.558596
2026-02-07 20:44:09,337 - INFO - Epoch 120/200 | train loss=0.147080 | val loss=0.552977 | best=0.552977
2026-02-07 20:44:09,531 - INFO - Epoch 130/200 | train loss=0.120802 | val loss=0.562957 | best=0.546580
2026-02-07 20:44:09,700 - INFO - Epoch 140/200 | train loss=0.082411 | val loss=0.581372 | best=0.546580
2026-02-07 20:44:09,868 - INFO - Epoch 150/200 | train loss=0.067097 | val loss=0.580110 | best=0.546580
2026-02-07 20:44:10,037 - INFO - Epoch 160/200 | train loss=0.047102 | val loss=0.596014 | best=0.546580
2026-02-07 20:44:10,206 - INFO - Epoch 170/200 | train loss=0.037578 | val loss=0.616713 | best=0.546580
2026-02-07 20:44:10,374 - INFO - Epoch 180/200 | train loss=0.035926 | val loss=0.645980 | best=0.546580
2026-02-07 20:44:10,542 - INFO - Epoch 190/200 | train loss=0.016780 | val loss=0.659862 | best=0.546580
2026-02-07 20:44:10,712 - INFO - Epoch 200/200 | train loss=0.016990 | val loss=0.692273 | best=0.546580
2026-02-07 20:44:10,723 - INFO - Loaded best model from results/model/best_model.pth (epoch 122)
2026-02-07 20:44:10,735 - INFO - Saved final model to: results/model/final_model_20260207_204410.pth
2026-02-07 20:44:10,745 - INFO - Validation metrics: {
  "val_threshold": 0.24168279767036438,
  "val_acc": 0.8181818181818182,
  "val_f1": 0.8,
  "val_precision": 0.6666666666666666,
  "val_recall": 1.0,
  "val_auc": 0.7857142857142857,
  "val_ap": 0.6916666666666667
}
2026-02-07 20:44:10,747 - INFO - 4) Running SHAP ...
2026-02-07 20:44:12,180 - INFO - SHAP outputs saved to: results/shap
2026-02-07 20:44:12,180 - INFO - Done. Total time: 7.06s
2026-02-07 20:44:12,180 - INFO - Output dir: results
2026-02-07 20:44:23,829 - INFO - Using device: cuda
2026-02-07 20:44:23,830 - INFO - Hyperparameters: {
  "batch_size": 8,
  "learning_rate": 5e-05,
  "num_epochs": 200,
  "hidden_dim": 512,
  "num_blocks": 4,
  "dropout": 0.1,
  "feature_type": "DIFF",
  "zscore_normalize": false,
  "response_threshold": 5,
  "val_ratio": 0.2,
  "early_stop_patience": 150,
  "early_stop_min_epochs": 1
}
2026-02-07 20:44:23,830 - INFO - 1) Parsing Excel data ...
2026-02-07 20:44:24,008 - INFO - Parsing patient data from Excel (grouped by 姓名 + 日期)...
2026-02-07 20:44:24,085 - WARNING - Missing diff files for name=鞠喆, date=2025-11-24 00:00:00
2026-02-07 20:44:24,086 - WARNING - Missing diff files for name=鞠喆, date=2025-12-08 00:00:00
2026-02-07 20:44:24,100 - INFO - Found 52 valid pre-treatment samples with complete data
2026-02-07 20:44:24,100 - INFO - 2) Preparing data matrix ...
2026-02-07 20:44:24,100 - INFO - Preparing features and labels (sample_type=diff, zscore_normalize=False)...
2026-02-07 20:44:24,130 - INFO - Final dataset: 52 samples, 332 features
2026-02-07 20:44:24,130 - INFO - Class distribution: [31 21]
2026-02-07 20:44:24,130 - INFO - 3) Training final model on all data (with train/val split) ...
2026-02-07 20:44:24,799 - INFO - Start training final model. Train=41, Val=11
2026-02-07 20:44:24,939 - INFO - Epoch 1/200 | train loss=0.690190 | val loss=0.646657 | best=inf
2026-02-07 20:44:25,168 - INFO - Epoch 10/200 | train loss=0.352819 | val loss=0.596116 | best=0.595662
2026-02-07 20:44:25,375 - INFO - Epoch 20/200 | train loss=0.029470 | val loss=0.888284 | best=0.525106
2026-02-07 20:44:25,547 - INFO - Epoch 30/200 | train loss=0.004902 | val loss=0.957568 | best=0.525106
2026-02-07 20:44:25,719 - INFO - Epoch 40/200 | train loss=0.002407 | val loss=1.053455 | best=0.525106
2026-02-07 20:44:25,891 - INFO - Epoch 50/200 | train loss=0.001462 | val loss=1.168493 | best=0.525106
2026-02-07 20:44:26,062 - INFO - Epoch 60/200 | train loss=0.000812 | val loss=1.191634 | best=0.525106
2026-02-07 20:44:26,234 - INFO - Epoch 70/200 | train loss=0.000706 | val loss=1.271271 | best=0.525106
2026-02-07 20:44:26,406 - INFO - Epoch 80/200 | train loss=0.000644 | val loss=1.351329 | best=0.525106
2026-02-07 20:44:26,577 - INFO - Epoch 90/200 | train loss=0.000550 | val loss=1.395280 | best=0.525106
2026-02-07 20:44:26,749 - INFO - Epoch 100/200 | train loss=0.000481 | val loss=1.444626 | best=0.525106
2026-02-07 20:44:26,920 - INFO - Epoch 110/200 | train loss=0.000310 | val loss=1.489976 | best=0.525106
2026-02-07 20:44:27,092 - INFO - Epoch 120/200 | train loss=0.000276 | val loss=1.518422 | best=0.525106
2026-02-07 20:44:27,266 - INFO - Epoch 130/200 | train loss=0.000279 | val loss=1.553499 | best=0.525106
2026-02-07 20:44:27,437 - INFO - Epoch 140/200 | train loss=0.000209 | val loss=1.582103 | best=0.525106
2026-02-07 20:44:27,609 - INFO - Epoch 150/200 | train loss=0.000189 | val loss=1.612277 | best=0.525106
2026-02-07 20:44:27,780 - INFO - Epoch 160/200 | train loss=0.000167 | val loss=1.618470 | best=0.525106
2026-02-07 20:44:27,831 - INFO - Early stopping at epoch 163, best epoch=13, best val loss=0.525106
2026-02-07 20:44:27,841 - INFO - Loaded best model from results/model/best_model.pth (epoch 13)
2026-02-07 20:44:27,853 - INFO - Saved final model to: results/model/final_model_20260207_204427.pth
2026-02-07 20:44:27,862 - INFO - Validation metrics: {
  "val_threshold": 0.2763907015323639,
  "val_acc": 0.7272727272727273,
  "val_f1": 0.7272727272727273,
  "val_precision": 0.5714285714285714,
  "val_recall": 1.0,
  "val_auc": 0.7857142857142857,
  "val_ap": 0.7678571428571428
}
2026-02-07 20:44:27,864 - INFO - 4) Running SHAP ...
2026-02-07 20:44:29,329 - INFO - SHAP outputs saved to: results/shap
2026-02-07 20:44:29,329 - INFO - Done. Total time: 5.50s
2026-02-07 20:44:29,329 - INFO - Output dir: results
2026-02-07 20:44:41,869 - INFO - Using device: cuda
2026-02-07 20:44:41,870 - INFO - Hyperparameters: {
  "batch_size": 8,
  "learning_rate": 0.0005,
  "num_epochs": 200,
  "hidden_dim": 512,
  "num_blocks": 4,
  "dropout": 0.1,
  "feature_type": "DIFF",
  "zscore_normalize": false,
  "response_threshold": 5,
  "val_ratio": 0.2,
  "early_stop_patience": 150,
  "early_stop_min_epochs": 1
}
2026-02-07 20:44:41,870 - INFO - 1) Parsing Excel data ...
2026-02-07 20:44:42,048 - INFO - Parsing patient data from Excel (grouped by 姓名 + 日期)...
2026-02-07 20:44:42,125 - WARNING - Missing diff files for name=鞠喆, date=2025-11-24 00:00:00
2026-02-07 20:44:42,126 - WARNING - Missing diff files for name=鞠喆, date=2025-12-08 00:00:00
2026-02-07 20:44:42,140 - INFO - Found 52 valid pre-treatment samples with complete data
2026-02-07 20:44:42,140 - INFO - 2) Preparing data matrix ...
2026-02-07 20:44:42,140 - INFO - Preparing features and labels (sample_type=diff, zscore_normalize=False)...
2026-02-07 20:44:42,169 - INFO - Final dataset: 52 samples, 332 features
2026-02-07 20:44:42,169 - INFO - Class distribution: [31 21]
2026-02-07 20:44:42,170 - INFO - 3) Training final model on all data (with train/val split) ...
2026-02-07 20:44:42,835 - INFO - Start training final model. Train=41, Val=11
2026-02-07 20:44:42,975 - INFO - Epoch 1/200 | train loss=0.881895 | val loss=0.640245 | best=inf
2026-02-07 20:44:43,178 - INFO - Epoch 10/200 | train loss=0.128445 | val loss=1.644876 | best=0.583187
2026-02-07 20:44:43,349 - INFO - Epoch 20/200 | train loss=0.432539 | val loss=1.549600 | best=0.583187
2026-02-07 20:44:43,520 - INFO - Epoch 30/200 | train loss=0.000118 | val loss=5.055276 | best=0.583187
2026-02-07 20:44:43,691 - INFO - Epoch 40/200 | train loss=0.000054 | val loss=5.321083 | best=0.583187
2026-02-07 20:44:43,861 - INFO - Epoch 50/200 | train loss=0.000043 | val loss=5.419782 | best=0.583187
2026-02-07 20:44:44,032 - INFO - Epoch 60/200 | train loss=0.000019 | val loss=5.499247 | best=0.583187
2026-02-07 20:44:44,202 - INFO - Epoch 70/200 | train loss=0.000017 | val loss=5.566144 | best=0.583187
2026-02-07 20:44:44,372 - INFO - Epoch 80/200 | train loss=0.000010 | val loss=5.620017 | best=0.583187
2026-02-07 20:44:44,543 - INFO - Epoch 90/200 | train loss=0.000019 | val loss=5.660280 | best=0.583187
2026-02-07 20:44:44,713 - INFO - Epoch 100/200 | train loss=0.000012 | val loss=5.696061 | best=0.583187
2026-02-07 20:44:44,884 - INFO - Epoch 110/200 | train loss=0.000011 | val loss=5.726737 | best=0.583187
2026-02-07 20:44:45,054 - INFO - Epoch 120/200 | train loss=0.000008 | val loss=5.750806 | best=0.583187
2026-02-07 20:44:45,224 - INFO - Epoch 130/200 | train loss=0.000007 | val loss=5.777018 | best=0.583187
2026-02-07 20:44:45,397 - INFO - Epoch 140/200 | train loss=0.000005 | val loss=5.801589 | best=0.583187
2026-02-07 20:44:45,567 - INFO - Epoch 150/200 | train loss=0.000005 | val loss=5.828977 | best=0.583187
2026-02-07 20:44:45,669 - INFO - Early stopping at epoch 156, best epoch=6, best val loss=0.583187
2026-02-07 20:44:45,680 - INFO - Loaded best model from results/model/best_model.pth (epoch 6)
2026-02-07 20:44:45,691 - INFO - Saved final model to: results/model/final_model_20260207_204445.pth
2026-02-07 20:44:45,700 - INFO - Validation metrics: {
  "val_threshold": 0.228103905916214,
  "val_acc": 0.7272727272727273,
  "val_f1": 0.7272727272727273,
  "val_precision": 0.5714285714285714,
  "val_recall": 1.0,
  "val_auc": 0.7857142857142857,
  "val_ap": 0.7678571428571428
}
2026-02-07 20:44:45,702 - INFO - 4) Running SHAP ...
2026-02-07 20:44:47,125 - INFO - SHAP outputs saved to: results/shap
2026-02-07 20:44:47,126 - INFO - Done. Total time: 5.26s
2026-02-07 20:44:47,126 - INFO - Output dir: results
2026-02-07 20:45:03,678 - INFO - Using device: cuda
2026-02-07 20:45:03,679 - INFO - Hyperparameters: {
  "batch_size": 8,
  "learning_rate": 0.005,
  "num_epochs": 200,
  "hidden_dim": 512,
  "num_blocks": 4,
  "dropout": 0.1,
  "feature_type": "DIFF",
  "zscore_normalize": false,
  "response_threshold": 5,
  "val_ratio": 0.2,
  "early_stop_patience": 150,
  "early_stop_min_epochs": 1
}
2026-02-07 20:45:03,679 - INFO - 1) Parsing Excel data ...
2026-02-07 20:45:03,860 - INFO - Parsing patient data from Excel (grouped by 姓名 + 日期)...
2026-02-07 20:45:03,938 - WARNING - Missing diff files for name=鞠喆, date=2025-11-24 00:00:00
2026-02-07 20:45:03,939 - WARNING - Missing diff files for name=鞠喆, date=2025-12-08 00:00:00
2026-02-07 20:45:03,953 - INFO - Found 52 valid pre-treatment samples with complete data
2026-02-07 20:45:03,953 - INFO - 2) Preparing data matrix ...
2026-02-07 20:45:03,953 - INFO - Preparing features and labels (sample_type=diff, zscore_normalize=False)...
2026-02-07 20:45:03,984 - INFO - Final dataset: 52 samples, 332 features
2026-02-07 20:45:03,984 - INFO - Class distribution: [31 21]
2026-02-07 20:45:03,984 - INFO - 3) Training final model on all data (with train/val split) ...
2026-02-07 20:45:04,654 - INFO - Start training final model. Train=41, Val=11
2026-02-07 20:45:04,795 - INFO - Epoch 1/200 | train loss=2.141141 | val loss=1.961415 | best=inf
2026-02-07 20:45:05,022 - INFO - Epoch 10/200 | train loss=0.636095 | val loss=0.725796 | best=0.657040
2026-02-07 20:45:05,216 - INFO - Epoch 20/200 | train loss=0.614489 | val loss=0.653380 | best=0.640981
2026-02-07 20:45:05,398 - INFO - Epoch 30/200 | train loss=0.702674 | val loss=0.748116 | best=0.612809
2026-02-07 20:45:05,568 - INFO - Epoch 40/200 | train loss=0.502982 | val loss=9.778236 | best=0.612809
2026-02-07 20:45:05,737 - INFO - Epoch 50/200 | train loss=0.055939 | val loss=11.389144 | best=0.612809
2026-02-07 20:45:05,907 - INFO - Epoch 60/200 | train loss=0.000635 | val loss=13.634118 | best=0.612809
2026-02-07 20:45:06,076 - INFO - Epoch 70/200 | train loss=0.000144 | val loss=16.149260 | best=0.612809
2026-02-07 20:45:06,245 - INFO - Epoch 80/200 | train loss=0.000009 | val loss=23.935609 | best=0.612809
2026-02-07 20:45:06,415 - INFO - Epoch 90/200 | train loss=0.000508 | val loss=24.103549 | best=0.612809
2026-02-07 20:45:06,584 - INFO - Epoch 100/200 | train loss=0.000058 | val loss=24.363614 | best=0.612809
2026-02-07 20:45:06,753 - INFO - Epoch 110/200 | train loss=0.000000 | val loss=17.372833 | best=0.612809
2026-02-07 20:45:06,922 - INFO - Epoch 120/200 | train loss=0.000000 | val loss=17.457383 | best=0.612809
2026-02-07 20:45:07,091 - INFO - Epoch 130/200 | train loss=0.000000 | val loss=17.469385 | best=0.612809
2026-02-07 20:45:07,262 - INFO - Epoch 140/200 | train loss=0.000000 | val loss=17.472634 | best=0.612809
2026-02-07 20:45:07,431 - INFO - Epoch 150/200 | train loss=0.000000 | val loss=17.440637 | best=0.612809
2026-02-07 20:45:07,600 - INFO - Epoch 160/200 | train loss=7.994075 | val loss=32.111706 | best=0.612809
2026-02-07 20:45:07,769 - INFO - Epoch 170/200 | train loss=20.038372 | val loss=26.281107 | best=0.612809
2026-02-07 20:45:07,820 - INFO - Early stopping at epoch 173, best epoch=23, best val loss=0.612809
2026-02-07 20:45:07,830 - INFO - Loaded best model from results/model/best_model.pth (epoch 23)
2026-02-07 20:45:07,841 - INFO - Saved final model to: results/model/final_model_20260207_204507.pth
2026-02-07 20:45:07,850 - INFO - Validation metrics: {
  "val_threshold": 0.356067419052124,
  "val_acc": 0.8181818181818182,
  "val_f1": 0.8,
  "val_precision": 0.6666666666666666,
  "val_recall": 1.0,
  "val_auc": 0.8571428571428572,
  "val_ap": 0.8166666666666667
}
2026-02-07 20:45:07,856 - INFO - 4) Running SHAP ...
2026-02-07 20:45:09,291 - INFO - SHAP outputs saved to: results/shap
2026-02-07 20:45:09,292 - INFO - Done. Total time: 5.61s
2026-02-07 20:45:09,292 - INFO - Output dir: results
2026-02-07 20:45:18,212 - INFO - Using device: cuda
2026-02-07 20:45:18,213 - INFO - Hyperparameters: {
  "batch_size": 8,
  "learning_rate": 0.05,
  "num_epochs": 200,
  "hidden_dim": 512,
  "num_blocks": 4,
  "dropout": 0.1,
  "feature_type": "DIFF",
  "zscore_normalize": false,
  "response_threshold": 5,
  "val_ratio": 0.2,
  "early_stop_patience": 150,
  "early_stop_min_epochs": 1
}
2026-02-07 20:45:18,213 - INFO - 1) Parsing Excel data ...
2026-02-07 20:45:18,391 - INFO - Parsing patient data from Excel (grouped by 姓名 + 日期)...
2026-02-07 20:45:18,469 - WARNING - Missing diff files for name=鞠喆, date=2025-11-24 00:00:00
2026-02-07 20:45:18,470 - WARNING - Missing diff files for name=鞠喆, date=2025-12-08 00:00:00
2026-02-07 20:45:18,484 - INFO - Found 52 valid pre-treatment samples with complete data
2026-02-07 20:45:18,484 - INFO - 2) Preparing data matrix ...
2026-02-07 20:45:18,484 - INFO - Preparing features and labels (sample_type=diff, zscore_normalize=False)...
2026-02-07 20:45:18,514 - INFO - Final dataset: 52 samples, 332 features
2026-02-07 20:45:18,514 - INFO - Class distribution: [31 21]
2026-02-07 20:45:18,514 - INFO - 3) Training final model on all data (with train/val split) ...
2026-02-07 20:45:19,174 - INFO - Start training final model. Train=41, Val=11
2026-02-07 20:45:19,315 - INFO - Epoch 1/200 | train loss=38.949960 | val loss=63.636364 | best=inf
2026-02-07 20:45:19,484 - INFO - Epoch 10/200 | train loss=58.536585 | val loss=63.636364 | best=63.636364
2026-02-07 20:45:19,656 - INFO - Epoch 20/200 | train loss=58.536585 | val loss=63.636364 | best=63.636364
2026-02-07 20:45:19,827 - INFO - Epoch 30/200 | train loss=58.536585 | val loss=63.636364 | best=63.636364
2026-02-07 20:45:19,999 - INFO - Epoch 40/200 | train loss=58.536585 | val loss=63.636364 | best=63.636364
2026-02-07 20:45:20,170 - INFO - Epoch 50/200 | train loss=58.536585 | val loss=63.636364 | best=63.636364
2026-02-07 20:45:20,342 - INFO - Epoch 60/200 | train loss=58.536585 | val loss=63.636364 | best=63.636364
2026-02-07 20:45:20,513 - INFO - Epoch 70/200 | train loss=58.536585 | val loss=63.636364 | best=63.636364
2026-02-07 20:45:20,684 - INFO - Epoch 80/200 | train loss=58.536585 | val loss=63.636364 | best=63.636364
2026-02-07 20:45:20,856 - INFO - Epoch 90/200 | train loss=58.536585 | val loss=63.636364 | best=63.636364
2026-02-07 20:45:21,027 - INFO - Epoch 100/200 | train loss=58.536585 | val loss=63.636364 | best=63.636364
2026-02-07 20:45:21,198 - INFO - Epoch 110/200 | train loss=58.536585 | val loss=63.636364 | best=63.636364
2026-02-07 20:45:21,369 - INFO - Epoch 120/200 | train loss=58.536585 | val loss=63.636364 | best=63.636364
2026-02-07 20:45:21,540 - INFO - Epoch 130/200 | train loss=58.536585 | val loss=63.636364 | best=63.636364
2026-02-07 20:45:21,713 - INFO - Epoch 140/200 | train loss=58.536585 | val loss=63.636364 | best=63.636364
2026-02-07 20:45:21,884 - INFO - Epoch 150/200 | train loss=58.536585 | val loss=63.636364 | best=63.636364
2026-02-07 20:45:21,919 - INFO - Early stopping at epoch 152, best epoch=2, best val loss=63.636364
2026-02-07 20:45:21,929 - INFO - Loaded best model from results/model/best_model.pth (epoch 2)
2026-02-07 20:45:21,940 - INFO - Saved final model to: results/model/final_model_20260207_204521.pth
2026-02-07 20:45:21,949 - INFO - Validation metrics: {
  "val_threshold": Infinity,
  "val_acc": 0.6363636363636364,
  "val_f1": 0.0,
  "val_precision": 0.0,
  "val_recall": 0.0,
  "val_auc": 0.5,
  "val_ap": 0.36363636363636365
}
2026-02-07 20:45:21,951 - INFO - 4) Running SHAP ...
2026-02-07 20:45:23,481 - INFO - SHAP outputs saved to: results/shap
2026-02-07 20:45:23,481 - INFO - Done. Total time: 5.27s
2026-02-07 20:45:23,481 - INFO - Output dir: results
2026-02-07 20:45:31,711 - INFO - Using device: cuda
2026-02-07 20:45:31,711 - INFO - Hyperparameters: {
  "batch_size": 8,
  "learning_rate": 0.001,
  "num_epochs": 200,
  "hidden_dim": 512,
  "num_blocks": 4,
  "dropout": 0.1,
  "feature_type": "DIFF",
  "zscore_normalize": false,
  "response_threshold": 5,
  "val_ratio": 0.2,
  "early_stop_patience": 150,
  "early_stop_min_epochs": 1
}
2026-02-07 20:45:31,711 - INFO - 1) Parsing Excel data ...
2026-02-07 20:45:31,889 - INFO - Parsing patient data from Excel (grouped by 姓名 + 日期)...
2026-02-07 20:45:31,966 - WARNING - Missing diff files for name=鞠喆, date=2025-11-24 00:00:00
2026-02-07 20:45:31,968 - WARNING - Missing diff files for name=鞠喆, date=2025-12-08 00:00:00
2026-02-07 20:45:31,981 - INFO - Found 52 valid pre-treatment samples with complete data
2026-02-07 20:45:31,981 - INFO - 2) Preparing data matrix ...
2026-02-07 20:45:31,981 - INFO - Preparing features and labels (sample_type=diff, zscore_normalize=False)...
2026-02-07 20:45:32,011 - INFO - Final dataset: 52 samples, 332 features
2026-02-07 20:45:32,011 - INFO - Class distribution: [31 21]
2026-02-07 20:45:32,011 - INFO - 3) Training final model on all data (with train/val split) ...
2026-02-07 20:45:32,675 - INFO - Start training final model. Train=41, Val=11
2026-02-07 20:45:32,815 - INFO - Epoch 1/200 | train loss=1.055978 | val loss=0.695341 | best=inf
2026-02-07 20:45:32,995 - INFO - Epoch 10/200 | train loss=0.022907 | val loss=1.886769 | best=0.667704
2026-02-07 20:45:33,166 - INFO - Epoch 20/200 | train loss=0.000148 | val loss=3.558321 | best=0.667704
2026-02-07 20:45:33,336 - INFO - Epoch 30/200 | train loss=0.000066 | val loss=3.800131 | best=0.667704
2026-02-07 20:45:33,506 - INFO - Epoch 40/200 | train loss=0.000043 | val loss=3.939264 | best=0.667704
2026-02-07 20:45:33,677 - INFO - Epoch 50/200 | train loss=0.000055 | val loss=4.067734 | best=0.667704
2026-02-07 20:45:33,849 - INFO - Epoch 60/200 | train loss=0.000022 | val loss=4.182312 | best=0.667704
2026-02-07 20:45:34,020 - INFO - Epoch 70/200 | train loss=0.000015 | val loss=4.262575 | best=0.667704
2026-02-07 20:45:34,190 - INFO - Epoch 80/200 | train loss=0.000013 | val loss=4.321496 | best=0.667704
2026-02-07 20:45:34,360 - INFO - Epoch 90/200 | train loss=0.000020 | val loss=4.376204 | best=0.667704
2026-02-07 20:45:34,531 - INFO - Epoch 100/200 | train loss=0.000010 | val loss=4.442702 | best=0.667704
2026-02-07 20:45:34,701 - INFO - Epoch 110/200 | train loss=0.000009 | val loss=4.486457 | best=0.667704
2026-02-07 20:45:34,871 - INFO - Epoch 120/200 | train loss=0.000010 | val loss=4.533944 | best=0.667704
2026-02-07 20:45:35,041 - INFO - Epoch 130/200 | train loss=0.000006 | val loss=4.578818 | best=0.667704
2026-02-07 20:45:35,213 - INFO - Epoch 140/200 | train loss=0.000007 | val loss=4.613258 | best=0.667704
2026-02-07 20:45:35,383 - INFO - Epoch 150/200 | train loss=0.000005 | val loss=4.652876 | best=0.667704
2026-02-07 20:45:35,435 - INFO - Early stopping at epoch 153, best epoch=3, best val loss=0.667704
2026-02-07 20:45:35,445 - INFO - Loaded best model from results/model/best_model.pth (epoch 3)
2026-02-07 20:45:35,456 - INFO - Saved final model to: results/model/final_model_20260207_204535.pth
2026-02-07 20:45:35,465 - INFO - Validation metrics: {
  "val_threshold": 0.21735893189907074,
  "val_acc": 0.7272727272727273,
  "val_f1": 0.7272727272727273,
  "val_precision": 0.5714285714285714,
  "val_recall": 1.0,
  "val_auc": 0.6785714285714285,
  "val_ap": 0.6178571428571429
}
2026-02-07 20:45:35,467 - INFO - 4) Running SHAP ...
2026-02-07 20:45:36,918 - INFO - SHAP outputs saved to: results/shap
2026-02-07 20:45:36,918 - INFO - Done. Total time: 5.21s
2026-02-07 20:45:36,918 - INFO - Output dir: results
2026-02-07 20:45:45,806 - INFO - Using device: cuda
2026-02-07 20:45:45,806 - INFO - Hyperparameters: {
  "batch_size": 8,
  "learning_rate": 0.005,
  "num_epochs": 200,
  "hidden_dim": 512,
  "num_blocks": 4,
  "dropout": 0.1,
  "feature_type": "DIFF",
  "zscore_normalize": false,
  "response_threshold": 5,
  "val_ratio": 0.2,
  "early_stop_patience": 150,
  "early_stop_min_epochs": 1
}
2026-02-07 20:45:45,806 - INFO - 1) Parsing Excel data ...
2026-02-07 20:45:45,985 - INFO - Parsing patient data from Excel (grouped by 姓名 + 日期)...
2026-02-07 20:45:46,063 - WARNING - Missing diff files for name=鞠喆, date=2025-11-24 00:00:00
2026-02-07 20:45:46,065 - WARNING - Missing diff files for name=鞠喆, date=2025-12-08 00:00:00
2026-02-07 20:45:46,079 - INFO - Found 52 valid pre-treatment samples with complete data
2026-02-07 20:45:46,079 - INFO - 2) Preparing data matrix ...
2026-02-07 20:45:46,079 - INFO - Preparing features and labels (sample_type=diff, zscore_normalize=False)...
2026-02-07 20:45:46,109 - INFO - Final dataset: 52 samples, 332 features
2026-02-07 20:45:46,109 - INFO - Class distribution: [31 21]
2026-02-07 20:45:46,109 - INFO - 3) Training final model on all data (with train/val split) ...
2026-02-07 20:45:46,766 - INFO - Start training final model. Train=41, Val=11
2026-02-07 20:45:46,906 - INFO - Epoch 1/200 | train loss=2.141141 | val loss=1.961415 | best=inf
2026-02-07 20:45:47,141 - INFO - Epoch 10/200 | train loss=0.636095 | val loss=0.725796 | best=0.657040
2026-02-07 20:45:47,337 - INFO - Epoch 20/200 | train loss=0.614489 | val loss=0.653380 | best=0.640981
2026-02-07 20:45:47,518 - INFO - Epoch 30/200 | train loss=0.702674 | val loss=0.748116 | best=0.612809
2026-02-07 20:45:47,688 - INFO - Epoch 40/200 | train loss=0.502982 | val loss=9.778236 | best=0.612809
2026-02-07 20:45:47,858 - INFO - Epoch 50/200 | train loss=0.055939 | val loss=11.389144 | best=0.612809
2026-02-07 20:45:48,028 - INFO - Epoch 60/200 | train loss=0.000635 | val loss=13.634118 | best=0.612809
2026-02-07 20:45:48,198 - INFO - Epoch 70/200 | train loss=0.000144 | val loss=16.149260 | best=0.612809
2026-02-07 20:45:48,368 - INFO - Epoch 80/200 | train loss=0.000009 | val loss=23.935609 | best=0.612809
2026-02-07 20:45:48,537 - INFO - Epoch 90/200 | train loss=0.000508 | val loss=24.103549 | best=0.612809
2026-02-07 20:45:48,707 - INFO - Epoch 100/200 | train loss=0.000058 | val loss=24.363614 | best=0.612809
2026-02-07 20:45:48,880 - INFO - Epoch 110/200 | train loss=0.000000 | val loss=17.372833 | best=0.612809
2026-02-07 20:45:49,050 - INFO - Epoch 120/200 | train loss=0.000000 | val loss=17.457383 | best=0.612809
2026-02-07 20:45:49,220 - INFO - Epoch 130/200 | train loss=0.000000 | val loss=17.469385 | best=0.612809
2026-02-07 20:45:49,392 - INFO - Epoch 140/200 | train loss=0.000000 | val loss=17.472634 | best=0.612809
2026-02-07 20:45:49,562 - INFO - Epoch 150/200 | train loss=0.000000 | val loss=17.440637 | best=0.612809
2026-02-07 20:45:49,731 - INFO - Epoch 160/200 | train loss=7.994075 | val loss=32.111706 | best=0.612809
2026-02-07 20:45:49,901 - INFO - Epoch 170/200 | train loss=20.038372 | val loss=26.281107 | best=0.612809
2026-02-07 20:45:49,952 - INFO - Early stopping at epoch 173, best epoch=23, best val loss=0.612809
2026-02-07 20:45:49,963 - INFO - Loaded best model from results/model/best_model.pth (epoch 23)
2026-02-07 20:45:49,974 - INFO - Saved final model to: results/model/final_model_20260207_204549.pth
2026-02-07 20:45:49,983 - INFO - Validation metrics: {
  "val_threshold": 0.356067419052124,
  "val_acc": 0.8181818181818182,
  "val_f1": 0.8,
  "val_precision": 0.6666666666666666,
  "val_recall": 1.0,
  "val_auc": 0.8571428571428572,
  "val_ap": 0.8166666666666667
}
2026-02-07 20:45:49,985 - INFO - 4) Running SHAP ...
2026-02-07 20:45:51,423 - INFO - SHAP outputs saved to: results/shap
2026-02-07 20:45:51,423 - INFO - Done. Total time: 5.62s
2026-02-07 20:45:51,423 - INFO - Output dir: results
2026-02-07 20:46:00,802 - INFO - Using device: cuda
2026-02-07 20:46:00,802 - INFO - Hyperparameters: {
  "batch_size": 8,
  "learning_rate": 0.01,
  "num_epochs": 200,
  "hidden_dim": 512,
  "num_blocks": 4,
  "dropout": 0.1,
  "feature_type": "DIFF",
  "zscore_normalize": false,
  "response_threshold": 5,
  "val_ratio": 0.2,
  "early_stop_patience": 150,
  "early_stop_min_epochs": 1
}
2026-02-07 20:46:00,803 - INFO - 1) Parsing Excel data ...
2026-02-07 20:46:00,980 - INFO - Parsing patient data from Excel (grouped by 姓名 + 日期)...
2026-02-07 20:46:01,057 - WARNING - Missing diff files for name=鞠喆, date=2025-11-24 00:00:00
2026-02-07 20:46:01,059 - WARNING - Missing diff files for name=鞠喆, date=2025-12-08 00:00:00
2026-02-07 20:46:01,072 - INFO - Found 52 valid pre-treatment samples with complete data
2026-02-07 20:46:01,073 - INFO - 2) Preparing data matrix ...
2026-02-07 20:46:01,073 - INFO - Preparing features and labels (sample_type=diff, zscore_normalize=False)...
2026-02-07 20:46:01,102 - INFO - Final dataset: 52 samples, 332 features
2026-02-07 20:46:01,102 - INFO - Class distribution: [31 21]
2026-02-07 20:46:01,102 - INFO - 3) Training final model on all data (with train/val split) ...
2026-02-07 20:46:01,773 - INFO - Start training final model. Train=41, Val=11
2026-02-07 20:46:01,912 - INFO - Epoch 1/200 | train loss=3.744482 | val loss=8.893517 | best=inf
2026-02-07 20:46:02,079 - INFO - Epoch 10/200 | train loss=58.536585 | val loss=63.636364 | best=63.636364
2026-02-07 20:46:02,249 - INFO - Epoch 20/200 | train loss=58.536585 | val loss=63.636364 | best=63.636364
2026-02-07 20:46:02,419 - INFO - Epoch 30/200 | train loss=58.536585 | val loss=63.636364 | best=63.636364
2026-02-07 20:46:02,589 - INFO - Epoch 40/200 | train loss=58.536585 | val loss=63.636364 | best=63.636364
2026-02-07 20:46:02,758 - INFO - Epoch 50/200 | train loss=58.536585 | val loss=63.636364 | best=63.636364
2026-02-07 20:46:02,927 - INFO - Epoch 60/200 | train loss=58.536585 | val loss=63.636364 | best=63.636364
2026-02-07 20:46:03,096 - INFO - Epoch 70/200 | train loss=58.536585 | val loss=63.636364 | best=63.636364
2026-02-07 20:46:03,265 - INFO - Epoch 80/200 | train loss=58.536585 | val loss=63.636364 | best=63.636364
2026-02-07 20:46:03,435 - INFO - Epoch 90/200 | train loss=58.536585 | val loss=63.636364 | best=63.636364
2026-02-07 20:46:03,604 - INFO - Epoch 100/200 | train loss=58.536585 | val loss=63.636364 | best=63.636364
2026-02-07 20:46:03,773 - INFO - Epoch 110/200 | train loss=58.536585 | val loss=63.636364 | best=63.636364
2026-02-07 20:46:03,943 - INFO - Epoch 120/200 | train loss=58.536585 | val loss=63.636364 | best=63.636364
2026-02-07 20:46:04,111 - INFO - Epoch 130/200 | train loss=58.536585 | val loss=63.636364 | best=63.636364
2026-02-07 20:46:04,281 - INFO - Epoch 140/200 | train loss=58.536585 | val loss=63.636364 | best=63.636364
2026-02-07 20:46:04,450 - INFO - Epoch 150/200 | train loss=58.536585 | val loss=63.636364 | best=63.636364
2026-02-07 20:46:04,484 - INFO - Early stopping at epoch 152, best epoch=2, best val loss=63.636364
2026-02-07 20:46:04,493 - INFO - Loaded best model from results/model/best_model.pth (epoch 2)
2026-02-07 20:46:04,504 - INFO - Saved final model to: results/model/final_model_20260207_204604.pth
2026-02-07 20:46:04,513 - INFO - Validation metrics: {
  "val_threshold": Infinity,
  "val_acc": 0.6363636363636364,
  "val_f1": 0.0,
  "val_precision": 0.0,
  "val_recall": 0.0,
  "val_auc": 0.5,
  "val_ap": 0.36363636363636365
}
2026-02-07 20:46:04,515 - INFO - 4) Running SHAP ...
2026-02-07 20:46:05,939 - INFO - SHAP outputs saved to: results/shap
2026-02-07 20:46:05,939 - INFO - Done. Total time: 5.14s
2026-02-07 20:46:05,939 - INFO - Output dir: results
2026-02-07 20:46:12,764 - INFO - Using device: cuda
2026-02-07 20:46:12,764 - INFO - Hyperparameters: {
  "batch_size": 8,
  "learning_rate": 0.005,
  "num_epochs": 200,
  "hidden_dim": 512,
  "num_blocks": 4,
  "dropout": 0.1,
  "feature_type": "DIFF",
  "zscore_normalize": false,
  "response_threshold": 5,
  "val_ratio": 0.2,
  "early_stop_patience": 150,
  "early_stop_min_epochs": 1
}
2026-02-07 20:46:12,764 - INFO - 1) Parsing Excel data ...
2026-02-07 20:46:12,943 - INFO - Parsing patient data from Excel (grouped by 姓名 + 日期)...
2026-02-07 20:46:13,021 - WARNING - Missing diff files for name=鞠喆, date=2025-11-24 00:00:00
2026-02-07 20:46:13,023 - WARNING - Missing diff files for name=鞠喆, date=2025-12-08 00:00:00
2026-02-07 20:46:13,036 - INFO - Found 52 valid pre-treatment samples with complete data
2026-02-07 20:46:13,037 - INFO - 2) Preparing data matrix ...
2026-02-07 20:46:13,037 - INFO - Preparing features and labels (sample_type=diff, zscore_normalize=False)...
2026-02-07 20:46:13,067 - INFO - Final dataset: 52 samples, 332 features
2026-02-07 20:46:13,067 - INFO - Class distribution: [31 21]
2026-02-07 20:46:13,067 - INFO - 3) Training final model on all data (with train/val split) ...
2026-02-07 20:46:13,727 - INFO - Start training final model. Train=41, Val=11
2026-02-07 20:46:13,867 - INFO - Epoch 1/200 | train loss=2.141141 | val loss=1.961415 | best=inf
2026-02-07 20:46:14,094 - INFO - Epoch 10/200 | train loss=0.636095 | val loss=0.725796 | best=0.657040
2026-02-07 20:46:14,288 - INFO - Epoch 20/200 | train loss=0.614489 | val loss=0.653380 | best=0.640981
2026-02-07 20:46:14,470 - INFO - Epoch 30/200 | train loss=0.702674 | val loss=0.748116 | best=0.612809
2026-02-07 20:46:14,640 - INFO - Epoch 40/200 | train loss=0.502982 | val loss=9.778236 | best=0.612809
2026-02-07 20:46:14,811 - INFO - Epoch 50/200 | train loss=0.055939 | val loss=11.389144 | best=0.612809
2026-02-07 20:46:14,981 - INFO - Epoch 60/200 | train loss=0.000635 | val loss=13.634118 | best=0.612809
2026-02-07 20:46:15,151 - INFO - Epoch 70/200 | train loss=0.000144 | val loss=16.149260 | best=0.612809
2026-02-07 20:46:15,321 - INFO - Epoch 80/200 | train loss=0.000009 | val loss=23.935609 | best=0.612809
2026-02-07 20:46:15,491 - INFO - Epoch 90/200 | train loss=0.000508 | val loss=24.103549 | best=0.612809
2026-02-07 20:46:15,661 - INFO - Epoch 100/200 | train loss=0.000058 | val loss=24.363614 | best=0.612809
2026-02-07 20:46:15,831 - INFO - Epoch 110/200 | train loss=0.000000 | val loss=17.372833 | best=0.612809
2026-02-07 20:46:16,001 - INFO - Epoch 120/200 | train loss=0.000000 | val loss=17.457383 | best=0.612809
2026-02-07 20:46:16,173 - INFO - Epoch 130/200 | train loss=0.000000 | val loss=17.469385 | best=0.612809
2026-02-07 20:46:16,342 - INFO - Epoch 140/200 | train loss=0.000000 | val loss=17.472634 | best=0.612809
2026-02-07 20:46:16,512 - INFO - Epoch 150/200 | train loss=0.000000 | val loss=17.440637 | best=0.612809
2026-02-07 20:46:16,682 - INFO - Epoch 160/200 | train loss=7.994075 | val loss=32.111706 | best=0.612809
2026-02-07 20:46:16,852 - INFO - Epoch 170/200 | train loss=20.038372 | val loss=26.281107 | best=0.612809
2026-02-07 20:46:16,903 - INFO - Early stopping at epoch 173, best epoch=23, best val loss=0.612809
2026-02-07 20:46:16,913 - INFO - Loaded best model from results/model/best_model.pth (epoch 23)
2026-02-07 20:46:16,924 - INFO - Saved final model to: results/model/final_model_20260207_204616.pth
2026-02-07 20:46:16,933 - INFO - Validation metrics: {
  "val_threshold": 0.356067419052124,
  "val_acc": 0.8181818181818182,
  "val_f1": 0.8,
  "val_precision": 0.6666666666666666,
  "val_recall": 1.0,
  "val_auc": 0.8571428571428572,
  "val_ap": 0.8166666666666667
}
2026-02-07 20:46:16,935 - INFO - 4) Running SHAP ...
2026-02-07 20:46:18,397 - INFO - SHAP outputs saved to: results/shap
2026-02-07 20:46:18,397 - INFO - Done. Total time: 5.63s
2026-02-07 20:46:18,397 - INFO - Output dir: results
2026-02-07 20:46:54,553 - INFO - Using device: cuda
2026-02-07 20:46:54,553 - INFO - Hyperparameters: {
  "batch_size": 8,
  "learning_rate": 0.005,
  "num_epochs": 200,
  "hidden_dim": 512,
  "num_blocks": 4,
  "dropout": 0.1,
  "feature_type": "DIFF",
  "zscore_normalize": false,
  "response_threshold": 5,
  "val_ratio": 0.2,
  "early_stop_patience": 150,
  "early_stop_min_epochs": 1
}
2026-02-07 20:46:54,554 - INFO - 1) Parsing Excel data ...
2026-02-07 20:46:54,720 - INFO - Parsing patient data from Excel (grouped by 姓名 + 日期)...
2026-02-07 20:46:54,797 - WARNING - Missing diff files for name=鞠喆, date=2025-11-24 00:00:00
2026-02-07 20:46:54,799 - WARNING - Missing diff files for name=鞠喆, date=2025-12-08 00:00:00
2026-02-07 20:46:54,812 - INFO - Found 52 valid pre-treatment samples with complete data
2026-02-07 20:46:54,813 - INFO - 2) Preparing data matrix ...
2026-02-07 20:46:54,813 - INFO - Preparing features and labels (sample_type=diff, zscore_normalize=False)...
2026-02-07 20:46:54,843 - INFO - Final dataset: 52 samples, 332 features
2026-02-07 20:46:54,843 - INFO - Class distribution: [31 21]
2026-02-07 20:46:54,843 - INFO - 3) Training final model on all data (with train/val split) ...
2026-02-07 20:46:55,559 - INFO - Start training final model. Train=41, Val=11
2026-02-07 20:46:55,700 - INFO - Epoch 1/200 | train loss=2.141141 | val loss=1.961415 | best=inf
2026-02-07 20:46:55,925 - INFO - Epoch 10/200 | train loss=0.636095 | val loss=0.725796 | best=0.657040
2026-02-07 20:46:56,120 - INFO - Epoch 20/200 | train loss=0.614489 | val loss=0.653380 | best=0.640981
2026-02-07 20:46:56,302 - INFO - Epoch 30/200 | train loss=0.702674 | val loss=0.748116 | best=0.612809
2026-02-07 20:46:56,473 - INFO - Epoch 40/200 | train loss=0.502982 | val loss=9.778236 | best=0.612809
2026-02-07 20:46:56,643 - INFO - Epoch 50/200 | train loss=0.055939 | val loss=11.389144 | best=0.612809
2026-02-07 20:46:56,814 - INFO - Epoch 60/200 | train loss=0.000635 | val loss=13.634118 | best=0.612809
2026-02-07 20:46:56,984 - INFO - Epoch 70/200 | train loss=0.000144 | val loss=16.149260 | best=0.612809
2026-02-07 20:46:57,156 - INFO - Epoch 80/200 | train loss=0.000009 | val loss=23.935609 | best=0.612809
2026-02-07 20:46:57,326 - INFO - Epoch 90/200 | train loss=0.000508 | val loss=24.103549 | best=0.612809
2026-02-07 20:46:57,496 - INFO - Epoch 100/200 | train loss=0.000058 | val loss=24.363614 | best=0.612809
2026-02-07 20:46:57,667 - INFO - Epoch 110/200 | train loss=0.000000 | val loss=17.372833 | best=0.612809
2026-02-07 20:46:57,836 - INFO - Epoch 120/200 | train loss=0.000000 | val loss=17.457383 | best=0.612809
2026-02-07 20:46:58,006 - INFO - Epoch 130/200 | train loss=0.000000 | val loss=17.469385 | best=0.612809
2026-02-07 20:46:58,176 - INFO - Epoch 140/200 | train loss=0.000000 | val loss=17.472634 | best=0.612809
2026-02-07 20:46:58,347 - INFO - Epoch 150/200 | train loss=0.000000 | val loss=17.440637 | best=0.612809
2026-02-07 20:46:58,517 - INFO - Epoch 160/200 | train loss=7.994075 | val loss=32.111706 | best=0.612809
2026-02-07 20:46:58,687 - INFO - Epoch 170/200 | train loss=20.038372 | val loss=26.281107 | best=0.612809
2026-02-07 20:46:58,738 - INFO - Early stopping at epoch 173, best epoch=23, best val loss=0.612809
2026-02-07 20:46:58,748 - INFO - Loaded best model from results/model/best_model.pth (epoch 23)
2026-02-07 20:46:58,758 - INFO - Saved final model to: results/model/final_model_20260207_204658.pth
2026-02-07 20:46:58,768 - INFO - Validation metrics: {
  "val_threshold": 0.356067419052124,
  "val_acc": 0.8181818181818182,
  "val_f1": 0.8,
  "val_precision": 0.6666666666666666,
  "val_recall": 1.0,
  "val_auc": 0.8571428571428572,
  "val_ap": 0.8166666666666667
}
2026-02-07 20:46:58,768 - INFO - 4) Running SHAP ...
2026-02-07 20:47:00,232 - INFO - SHAP outputs saved to: results/shap
2026-02-07 20:47:00,232 - INFO - Done. Total time: 5.68s
2026-02-07 20:47:00,232 - INFO - Output dir: results
2026-02-07 20:47:33,716 - INFO - Using device: cuda
2026-02-07 20:47:33,717 - INFO - Hyperparameters: {
  "batch_size": 8,
  "learning_rate": 0.005,
  "num_epochs": 200,
  "hidden_dim": 512,
  "num_blocks": 4,
  "dropout": 0.1,
  "feature_type": "DIFF",
  "zscore_normalize": false,
  "response_threshold": 5,
  "val_ratio": 0.2,
  "early_stop_patience": 150,
  "early_stop_min_epochs": 1
}
2026-02-07 20:47:33,717 - INFO - 1) Parsing Excel data ...
2026-02-07 20:47:33,888 - INFO - Parsing patient data from Excel (grouped by 姓名 + 日期)...
2026-02-07 20:47:33,965 - WARNING - Missing diff files for name=鞠喆, date=2025-11-24 00:00:00
2026-02-07 20:47:33,966 - WARNING - Missing diff files for name=鞠喆, date=2025-12-08 00:00:00
2026-02-07 20:47:33,979 - INFO - Found 52 valid pre-treatment samples with complete data
2026-02-07 20:47:33,980 - INFO - 2) Preparing data matrix ...
2026-02-07 20:47:33,980 - INFO - Preparing features and labels (sample_type=diff, zscore_normalize=False)...
2026-02-07 20:47:34,010 - INFO - Final dataset: 52 samples, 332 features
2026-02-07 20:47:34,010 - INFO - Class distribution: [31 21]
2026-02-07 20:47:34,010 - INFO - 3) Training final model on all data (with train/val split) ...
2026-02-07 20:47:34,721 - INFO - Start training final model. Train=41, Val=11
2026-02-07 20:47:34,863 - INFO - Epoch 1/200 | train loss=2.141141 | val loss=1.961415 | best=inf
2026-02-07 20:47:35,090 - INFO - Epoch 10/200 | train loss=0.636095 | val loss=0.725796 | best=0.657040
2026-02-07 20:47:35,283 - INFO - Epoch 20/200 | train loss=0.614489 | val loss=0.653380 | best=0.640981
2026-02-07 20:47:35,465 - INFO - Epoch 30/200 | train loss=0.702674 | val loss=0.748116 | best=0.612809
2026-02-07 20:47:35,635 - INFO - Epoch 40/200 | train loss=0.502982 | val loss=9.778236 | best=0.612809
2026-02-07 20:47:35,805 - INFO - Epoch 50/200 | train loss=0.055939 | val loss=11.389144 | best=0.612809
2026-02-07 20:47:35,975 - INFO - Epoch 60/200 | train loss=0.000635 | val loss=13.634118 | best=0.612809
2026-02-07 20:47:36,144 - INFO - Epoch 70/200 | train loss=0.000144 | val loss=16.149260 | best=0.612809
2026-02-07 20:47:36,316 - INFO - Epoch 80/200 | train loss=0.000009 | val loss=23.935609 | best=0.612809
2026-02-07 20:47:36,486 - INFO - Epoch 90/200 | train loss=0.000508 | val loss=24.103549 | best=0.612809
2026-02-07 20:47:36,656 - INFO - Epoch 100/200 | train loss=0.000058 | val loss=24.363614 | best=0.612809
2026-02-07 20:47:36,825 - INFO - Epoch 110/200 | train loss=0.000000 | val loss=17.372833 | best=0.612809
2026-02-07 20:47:36,995 - INFO - Epoch 120/200 | train loss=0.000000 | val loss=17.457383 | best=0.612809
2026-02-07 20:47:37,164 - INFO - Epoch 130/200 | train loss=0.000000 | val loss=17.469385 | best=0.612809
2026-02-07 20:47:37,333 - INFO - Epoch 140/200 | train loss=0.000000 | val loss=17.472634 | best=0.612809
2026-02-07 20:47:37,503 - INFO - Epoch 150/200 | train loss=0.000000 | val loss=17.440637 | best=0.612809
2026-02-07 20:47:37,673 - INFO - Epoch 160/200 | train loss=7.994075 | val loss=32.111706 | best=0.612809
2026-02-07 20:47:37,842 - INFO - Epoch 170/200 | train loss=20.038372 | val loss=26.281107 | best=0.612809
2026-02-07 20:47:37,893 - INFO - Early stopping at epoch 173, best epoch=23, best val loss=0.612809
2026-02-07 20:47:37,905 - INFO - Loaded best model from results/model/best_model.pth (epoch 23)
2026-02-07 20:47:37,918 - INFO - Saved final model to: results/model/final_model_20260207_204737.pth
2026-02-07 20:47:37,928 - INFO - Validation metrics: {
  "val_threshold": 0.356067419052124,
  "val_acc": 0.8181818181818182,
  "val_f1": 0.8,
  "val_precision": 0.6666666666666666,
  "val_recall": 1.0,
  "val_auc": 0.8571428571428572,
  "val_ap": 0.8166666666666667
}
2026-02-07 20:47:37,931 - INFO - 4) Running SHAP ...
2026-02-07 20:47:39,359 - INFO - SHAP outputs saved to: results/shap
2026-02-07 20:47:39,359 - INFO - Done. Total time: 5.64s
2026-02-07 20:47:39,359 - INFO - Output dir: results
2026-02-07 20:48:56,145 - INFO - Using device: cuda
2026-02-07 20:48:56,145 - INFO - Hyperparameters: {
  "batch_size": 8,
  "learning_rate": 0.005,
  "num_epochs": 200,
  "hidden_dim": 512,
  "num_blocks": 4,
  "dropout": 0.1,
  "feature_type": "DIFF",
  "zscore_normalize": false,
  "response_threshold": 5,
  "val_ratio": 0.2,
  "early_stop_patience": 150,
  "early_stop_min_epochs": 1
}
2026-02-07 20:48:56,145 - INFO - 1) Parsing Excel data ...
2026-02-07 20:48:56,317 - INFO - Parsing patient data from Excel (grouped by 姓名 + 日期)...
2026-02-07 20:48:56,395 - WARNING - Missing diff files for name=鞠喆, date=2025-11-24 00:00:00
2026-02-07 20:48:56,396 - WARNING - Missing diff files for name=鞠喆, date=2025-12-08 00:00:00
2026-02-07 20:48:56,410 - INFO - Found 52 valid pre-treatment samples with complete data
2026-02-07 20:48:56,410 - INFO - 2) Preparing data matrix ...
2026-02-07 20:48:56,410 - INFO - Preparing features and labels (sample_type=diff, zscore_normalize=False)...
2026-02-07 20:48:56,440 - INFO - Final dataset: 52 samples, 332 features
2026-02-07 20:48:56,440 - INFO - Class distribution: [31 21]
2026-02-07 20:48:56,440 - INFO - 3) Training final model on all data (with train/val split) ...
2026-02-07 20:48:57,158 - INFO - Start training final model. Train=41, Val=11
2026-02-07 20:48:57,297 - INFO - Epoch 1/200 | train loss=2.141141 | val loss=1.961415 | best=inf
2026-02-07 20:48:57,532 - INFO - Epoch 10/200 | train loss=0.636095 | val loss=0.725796 | best=0.657040
2026-02-07 20:48:57,726 - INFO - Epoch 20/200 | train loss=0.614489 | val loss=0.653380 | best=0.640981
2026-02-07 20:48:57,907 - INFO - Epoch 30/200 | train loss=0.702674 | val loss=0.748116 | best=0.612809
2026-02-07 20:48:58,077 - INFO - Epoch 40/200 | train loss=0.502982 | val loss=9.778236 | best=0.612809
2026-02-07 20:48:58,246 - INFO - Epoch 50/200 | train loss=0.055939 | val loss=11.389144 | best=0.612809
2026-02-07 20:48:58,415 - INFO - Epoch 60/200 | train loss=0.000635 | val loss=13.634118 | best=0.612809
2026-02-07 20:48:58,585 - INFO - Epoch 70/200 | train loss=0.000144 | val loss=16.149260 | best=0.612809
2026-02-07 20:48:58,756 - INFO - Epoch 80/200 | train loss=0.000009 | val loss=23.935609 | best=0.612809
2026-02-07 20:48:58,925 - INFO - Epoch 90/200 | train loss=0.000508 | val loss=24.103549 | best=0.612809
2026-02-07 20:48:59,094 - INFO - Epoch 100/200 | train loss=0.000058 | val loss=24.363614 | best=0.612809
2026-02-07 20:48:59,263 - INFO - Epoch 110/200 | train loss=0.000000 | val loss=17.372833 | best=0.612809
2026-02-07 20:48:59,432 - INFO - Epoch 120/200 | train loss=0.000000 | val loss=17.457383 | best=0.612809
2026-02-07 20:48:59,601 - INFO - Epoch 130/200 | train loss=0.000000 | val loss=17.469385 | best=0.612809
2026-02-07 20:48:59,769 - INFO - Epoch 140/200 | train loss=0.000000 | val loss=17.472634 | best=0.612809
2026-02-07 20:48:59,938 - INFO - Epoch 150/200 | train loss=0.000000 | val loss=17.440637 | best=0.612809
2026-02-07 20:49:00,109 - INFO - Epoch 160/200 | train loss=7.994075 | val loss=32.111706 | best=0.612809
2026-02-07 20:49:00,277 - INFO - Epoch 170/200 | train loss=20.038372 | val loss=26.281107 | best=0.612809
2026-02-07 20:49:00,328 - INFO - Early stopping at epoch 173, best epoch=23, best val loss=0.612809
2026-02-07 20:49:00,339 - INFO - Loaded best model from results/model/best_model.pth (epoch 23)
2026-02-07 20:49:00,350 - INFO - Saved final model to: results/model/final_model_20260207_204900.pth
2026-02-07 20:49:00,360 - INFO - Validation metrics: {
  "val_threshold": 0.356067419052124,
  "val_acc": 0.8181818181818182,
  "val_f1": 0.8,
  "val_precision": 0.6666666666666666,
  "val_recall": 1.0,
  "val_auc": 0.8571428571428572,
  "val_ap": 0.8166666666666667
}
2026-02-07 20:49:00,362 - INFO - 4) Running SHAP ...
2026-02-07 20:49:01,793 - INFO - SHAP outputs saved to: results/shap
2026-02-07 20:49:01,793 - INFO - Done. Total time: 5.65s
2026-02-07 20:49:01,794 - INFO - Output dir: results
2026-02-07 20:49:32,463 - INFO - Using device: cuda
2026-02-07 20:49:32,463 - INFO - Hyperparameters: {
  "batch_size": 8,
  "learning_rate": 0.005,
  "num_epochs": 200,
  "hidden_dim": 512,
  "num_blocks": 4,
  "dropout": 0.1,
  "feature_type": "DIFF",
  "zscore_normalize": false,
  "response_threshold": 5,
  "val_ratio": 0.2,
  "early_stop_patience": 150,
  "early_stop_min_epochs": 1
}
2026-02-07 20:49:32,464 - INFO - 1) Parsing Excel data ...
2026-02-07 20:49:32,633 - INFO - Parsing patient data from Excel (grouped by 姓名 + 日期)...
2026-02-07 20:49:32,710 - WARNING - Missing diff files for name=鞠喆, date=2025-11-24 00:00:00
2026-02-07 20:49:32,711 - WARNING - Missing diff files for name=鞠喆, date=2025-12-08 00:00:00
2026-02-07 20:49:32,725 - INFO - Found 52 valid pre-treatment samples with complete data
2026-02-07 20:49:32,725 - INFO - 2) Preparing data matrix ...
2026-02-07 20:49:32,725 - INFO - Preparing features and labels (sample_type=diff, zscore_normalize=False)...
2026-02-07 20:49:32,755 - INFO - Final dataset: 52 samples, 332 features
2026-02-07 20:49:32,755 - INFO - Class distribution: [31 21]
2026-02-07 20:49:32,755 - INFO - 3) Training final model on all data (with train/val split) ...
2026-02-07 20:49:33,460 - INFO - Start training final model. Train=41, Val=11
2026-02-07 20:49:33,600 - INFO - Epoch 1/200 | train loss=2.141141 | val loss=1.961415 | best=inf
2026-02-07 20:49:33,833 - INFO - Epoch 10/200 | train loss=0.636095 | val loss=0.725796 | best=0.657040
2026-02-07 20:49:34,028 - INFO - Epoch 20/200 | train loss=0.614489 | val loss=0.653380 | best=0.640981
2026-02-07 20:49:34,211 - INFO - Epoch 30/200 | train loss=0.702674 | val loss=0.748116 | best=0.612809
2026-02-07 20:49:34,381 - INFO - Epoch 40/200 | train loss=0.502982 | val loss=9.778236 | best=0.612809
2026-02-07 20:49:34,551 - INFO - Epoch 50/200 | train loss=0.055939 | val loss=11.389144 | best=0.612809
2026-02-07 20:49:34,721 - INFO - Epoch 60/200 | train loss=0.000635 | val loss=13.634118 | best=0.612809
2026-02-07 20:49:34,892 - INFO - Epoch 70/200 | train loss=0.000144 | val loss=16.149260 | best=0.612809
2026-02-07 20:49:35,064 - INFO - Epoch 80/200 | train loss=0.000009 | val loss=23.935609 | best=0.612809
2026-02-07 20:49:35,234 - INFO - Epoch 90/200 | train loss=0.000508 | val loss=24.103549 | best=0.612809
2026-02-07 20:49:35,405 - INFO - Epoch 100/200 | train loss=0.000058 | val loss=24.363614 | best=0.612809
2026-02-07 20:49:35,575 - INFO - Epoch 110/200 | train loss=0.000000 | val loss=17.372833 | best=0.612809
2026-02-07 20:49:35,745 - INFO - Epoch 120/200 | train loss=0.000000 | val loss=17.457383 | best=0.612809
2026-02-07 20:49:35,916 - INFO - Epoch 130/200 | train loss=0.000000 | val loss=17.469385 | best=0.612809
2026-02-07 20:49:36,086 - INFO - Epoch 140/200 | train loss=0.000000 | val loss=17.472634 | best=0.612809
2026-02-07 20:49:36,256 - INFO - Epoch 150/200 | train loss=0.000000 | val loss=17.440637 | best=0.612809
2026-02-07 20:49:36,427 - INFO - Epoch 160/200 | train loss=7.994075 | val loss=32.111706 | best=0.612809
2026-02-07 20:49:36,597 - INFO - Epoch 170/200 | train loss=20.038372 | val loss=26.281107 | best=0.612809
2026-02-07 20:49:36,648 - INFO - Early stopping at epoch 173, best epoch=23, best val loss=0.612809
2026-02-07 20:49:36,658 - INFO - Loaded best model from results/model/best_model.pth (epoch 23)
2026-02-07 20:49:36,670 - INFO - Saved final model to: results/model/final_model_20260207_204936.pth
2026-02-07 20:49:36,680 - INFO - Validation metrics: {
  "val_threshold": 0.356067419052124,
  "val_acc": 0.8181818181818182,
  "val_f1": 0.8,
  "val_precision": 0.6666666666666666,
  "val_recall": 1.0,
  "val_auc": 0.8571428571428572,
  "val_ap": 0.8166666666666667
}
2026-02-07 20:49:36,681 - INFO - 4) Running SHAP ...
2026-02-07 20:49:39,075 - INFO - SHAP outputs saved to: results/shap
2026-02-07 20:49:39,076 - INFO - Done. Total time: 6.61s
2026-02-07 20:49:39,076 - INFO - Output dir: results
2026-02-07 20:51:02,602 - INFO - Using device: cuda
2026-02-07 20:51:02,602 - INFO - Hyperparameters: {
  "batch_size": 8,
  "learning_rate": 0.005,
  "num_epochs": 200,
  "hidden_dim": 512,
  "num_blocks": 4,
  "dropout": 0.1,
  "feature_type": "ALL",
  "zscore_normalize": false,
  "response_threshold": 5,
  "val_ratio": 0.2,
  "early_stop_patience": 150,
  "early_stop_min_epochs": 1
}
2026-02-07 20:51:02,603 - INFO - 1) Parsing Excel data ...
2026-02-07 20:51:02,776 - INFO - Parsing patient data from Excel (grouped by 姓名 + 日期)...
2026-02-07 20:51:02,852 - WARNING - Missing diff files for name=鞠喆, date=2025-11-24 00:00:00
2026-02-07 20:51:02,854 - WARNING - Missing diff files for name=鞠喆, date=2025-12-08 00:00:00
2026-02-07 20:51:02,867 - INFO - Found 52 valid pre-treatment samples with complete data
2026-02-07 20:51:02,867 - INFO - 2) Preparing data matrix ...
2026-02-07 20:51:02,867 - INFO - Preparing features and labels (sample_type=all, zscore_normalize=False)...
2026-02-07 20:51:02,898 - INFO - Final dataset: 52 samples, 365 features
2026-02-07 20:51:02,899 - INFO - Class distribution: [31 21]
2026-02-07 20:51:02,899 - INFO - 3) Training final model on all data (with train/val split) ...
2026-02-07 20:51:03,613 - INFO - Start training final model. Train=41, Val=11
2026-02-07 20:51:03,753 - INFO - Epoch 1/200 | train loss=3.763779 | val loss=0.828319 | best=inf
2026-02-07 20:51:03,947 - INFO - Epoch 10/200 | train loss=0.690370 | val loss=0.687846 | best=0.678577
2026-02-07 20:51:04,129 - INFO - Epoch 20/200 | train loss=0.684996 | val loss=0.678254 | best=0.678254
2026-02-07 20:51:04,394 - INFO - Epoch 30/200 | train loss=0.683182 | val loss=0.675206 | best=0.675206
2026-02-07 20:51:04,683 - INFO - Epoch 40/200 | train loss=0.680270 | val loss=0.669110 | best=0.669110
2026-02-07 20:51:04,889 - INFO - Epoch 50/200 | train loss=0.680181 | val loss=0.668439 | best=0.668157
2026-02-07 20:51:05,167 - INFO - Epoch 60/200 | train loss=0.679310 | val loss=0.665752 | best=0.665532
2026-02-07 20:51:05,396 - INFO - Epoch 70/200 | train loss=0.679036 | val loss=0.664338 | best=0.664338
2026-02-07 20:51:05,661 - INFO - Epoch 80/200 | train loss=0.678595 | val loss=0.661520 | best=0.661412
2026-02-07 20:51:05,926 - INFO - Epoch 90/200 | train loss=0.678479 | val loss=0.660065 | best=0.660065
2026-02-07 20:51:06,143 - INFO - Epoch 100/200 | train loss=0.678664 | val loss=0.659679 | best=0.659318
2026-02-07 20:51:06,316 - INFO - Epoch 110/200 | train loss=0.678592 | val loss=0.659555 | best=0.659318
2026-02-07 20:51:06,486 - INFO - Epoch 120/200 | train loss=0.678685 | val loss=0.660168 | best=0.659318
2026-02-07 20:51:06,656 - INFO - Epoch 130/200 | train loss=0.679139 | val loss=0.660254 | best=0.659318
2026-02-07 20:51:06,826 - INFO - Epoch 140/200 | train loss=0.678671 | val loss=0.659628 | best=0.659318
2026-02-07 20:51:07,033 - INFO - Epoch 150/200 | train loss=0.678589 | val loss=0.659902 | best=0.658928
2026-02-07 20:51:07,203 - INFO - Epoch 160/200 | train loss=0.678491 | val loss=0.660659 | best=0.658928
2026-02-07 20:51:07,373 - INFO - Epoch 170/200 | train loss=0.678552 | val loss=0.660347 | best=0.658928
2026-02-07 20:51:07,545 - INFO - Epoch 180/200 | train loss=0.678523 | val loss=0.659918 | best=0.658928
2026-02-07 20:51:07,714 - INFO - Epoch 190/200 | train loss=0.678762 | val loss=0.663153 | best=0.658928
2026-02-07 20:51:07,884 - INFO - Epoch 200/200 | train loss=0.678653 | val loss=0.662801 | best=0.658928
2026-02-07 20:51:07,894 - INFO - Loaded best model from results/model/best_model.pth (epoch 144)
2026-02-07 20:51:07,906 - INFO - Saved final model to: results/model/final_model_20260207_205107.pth
2026-02-07 20:51:07,916 - INFO - Validation metrics: {
  "val_threshold": Infinity,
  "val_acc": 0.6363636363636364,
  "val_f1": 0.0,
  "val_precision": 0.0,
  "val_recall": 0.0,
  "val_auc": 0.5,
  "val_ap": 0.36363636363636365
}
2026-02-07 20:51:07,918 - INFO - 4) Running SHAP ...
2026-02-07 20:51:10,312 - INFO - SHAP outputs saved to: results/shap
2026-02-07 20:51:10,313 - INFO - Done. Total time: 7.71s
2026-02-07 20:51:10,313 - INFO - Output dir: results
2026-02-07 20:51:32,872 - INFO - Using device: cuda
2026-02-07 20:51:32,872 - INFO - Hyperparameters: {
  "batch_size": 8,
  "learning_rate": 0.0005,
  "num_epochs": 200,
  "hidden_dim": 512,
  "num_blocks": 4,
  "dropout": 0.1,
  "feature_type": "ALL",
  "zscore_normalize": false,
  "response_threshold": 5,
  "val_ratio": 0.2,
  "early_stop_patience": 150,
  "early_stop_min_epochs": 1
}
2026-02-07 20:51:32,872 - INFO - 1) Parsing Excel data ...
2026-02-07 20:51:33,036 - INFO - Parsing patient data from Excel (grouped by 姓名 + 日期)...
2026-02-07 20:51:33,113 - WARNING - Missing diff files for name=鞠喆, date=2025-11-24 00:00:00
2026-02-07 20:51:33,115 - WARNING - Missing diff files for name=鞠喆, date=2025-12-08 00:00:00
2026-02-07 20:51:33,128 - INFO - Found 52 valid pre-treatment samples with complete data
2026-02-07 20:51:33,128 - INFO - 2) Preparing data matrix ...
2026-02-07 20:51:33,129 - INFO - Preparing features and labels (sample_type=all, zscore_normalize=False)...
2026-02-07 20:51:33,159 - INFO - Final dataset: 52 samples, 365 features
2026-02-07 20:51:33,160 - INFO - Class distribution: [31 21]
2026-02-07 20:51:33,160 - INFO - 3) Training final model on all data (with train/val split) ...
2026-02-07 20:51:33,870 - INFO - Start training final model. Train=41, Val=11
2026-02-07 20:51:34,013 - INFO - Epoch 1/200 | train loss=0.849501 | val loss=0.779561 | best=inf
2026-02-07 20:51:34,193 - INFO - Epoch 10/200 | train loss=0.093787 | val loss=2.017062 | best=0.606617
2026-02-07 20:51:34,363 - INFO - Epoch 20/200 | train loss=0.000450 | val loss=2.586059 | best=0.606617
2026-02-07 20:51:34,533 - INFO - Epoch 30/200 | train loss=0.000183 | val loss=2.807887 | best=0.606617
2026-02-07 20:51:34,703 - INFO - Epoch 40/200 | train loss=0.000112 | val loss=2.967815 | best=0.606617
2026-02-07 20:51:34,873 - INFO - Epoch 50/200 | train loss=0.000088 | val loss=3.093928 | best=0.606617
2026-02-07 20:51:35,042 - INFO - Epoch 60/200 | train loss=0.000067 | val loss=3.194248 | best=0.606617
2026-02-07 20:51:35,212 - INFO - Epoch 70/200 | train loss=0.000053 | val loss=3.288236 | best=0.606617
2026-02-07 20:51:35,382 - INFO - Epoch 80/200 | train loss=0.000035 | val loss=3.375619 | best=0.606617
2026-02-07 20:51:35,554 - INFO - Epoch 90/200 | train loss=0.000033 | val loss=3.449706 | best=0.606617
2026-02-07 20:51:35,724 - INFO - Epoch 100/200 | train loss=0.000030 | val loss=3.515630 | best=0.606617
2026-02-07 20:51:35,894 - INFO - Epoch 110/200 | train loss=0.000023 | val loss=3.578234 | best=0.606617
2026-02-07 20:51:36,064 - INFO - Epoch 120/200 | train loss=0.000014 | val loss=3.636029 | best=0.606617
2026-02-07 20:51:36,234 - INFO - Epoch 130/200 | train loss=0.000015 | val loss=3.685846 | best=0.606617
2026-02-07 20:51:36,404 - INFO - Epoch 140/200 | train loss=0.000013 | val loss=3.731537 | best=0.606617
2026-02-07 20:51:36,573 - INFO - Epoch 150/200 | train loss=0.000013 | val loss=3.773195 | best=0.606617
2026-02-07 20:51:36,624 - INFO - Early stopping at epoch 153, best epoch=3, best val loss=0.606617
2026-02-07 20:51:36,634 - INFO - Loaded best model from results/model/best_model.pth (epoch 3)
2026-02-07 20:51:36,647 - INFO - Saved final model to: results/model/final_model_20260207_205136.pth
2026-02-07 20:51:36,658 - INFO - Validation metrics: {
  "val_threshold": 0.30445101857185364,
  "val_acc": 0.7272727272727273,
  "val_f1": 0.7272727272727273,
  "val_precision": 0.5714285714285714,
  "val_recall": 1.0,
  "val_auc": 0.6785714285714285,
  "val_ap": 0.5011904761904762
}
2026-02-07 20:51:36,660 - INFO - 4) Running SHAP ...
2026-02-07 20:51:39,109 - INFO - SHAP outputs saved to: results/shap
2026-02-07 20:51:39,109 - INFO - Done. Total time: 6.24s
2026-02-07 20:51:39,109 - INFO - Output dir: results
2026-02-07 20:51:50,322 - INFO - Using device: cuda
2026-02-07 20:51:50,322 - INFO - Hyperparameters: {
  "batch_size": 8,
  "learning_rate": 5e-05,
  "num_epochs": 200,
  "hidden_dim": 512,
  "num_blocks": 4,
  "dropout": 0.1,
  "feature_type": "ALL",
  "zscore_normalize": false,
  "response_threshold": 5,
  "val_ratio": 0.2,
  "early_stop_patience": 150,
  "early_stop_min_epochs": 1
}
2026-02-07 20:51:50,322 - INFO - 1) Parsing Excel data ...
2026-02-07 20:51:50,501 - INFO - Parsing patient data from Excel (grouped by 姓名 + 日期)...
2026-02-07 20:51:50,578 - WARNING - Missing diff files for name=鞠喆, date=2025-11-24 00:00:00
2026-02-07 20:51:50,580 - WARNING - Missing diff files for name=鞠喆, date=2025-12-08 00:00:00
2026-02-07 20:51:50,594 - INFO - Found 52 valid pre-treatment samples with complete data
2026-02-07 20:51:50,594 - INFO - 2) Preparing data matrix ...
2026-02-07 20:51:50,594 - INFO - Preparing features and labels (sample_type=all, zscore_normalize=False)...
2026-02-07 20:51:50,625 - INFO - Final dataset: 52 samples, 365 features
2026-02-07 20:51:50,625 - INFO - Class distribution: [31 21]
2026-02-07 20:51:50,625 - INFO - 3) Training final model on all data (with train/val split) ...
2026-02-07 20:51:51,292 - INFO - Start training final model. Train=41, Val=11
2026-02-07 20:51:51,432 - INFO - Epoch 1/200 | train loss=0.690069 | val loss=0.678127 | best=inf
2026-02-07 20:51:51,612 - INFO - Epoch 10/200 | train loss=0.292732 | val loss=0.680443 | best=0.663068
2026-02-07 20:51:51,782 - INFO - Epoch 20/200 | train loss=0.013861 | val loss=1.128204 | best=0.663068
2026-02-07 20:51:51,953 - INFO - Epoch 30/200 | train loss=0.004396 | val loss=1.329559 | best=0.663068
2026-02-07 20:51:52,124 - INFO - Epoch 40/200 | train loss=0.001757 | val loss=1.457006 | best=0.663068
2026-02-07 20:51:52,294 - INFO - Epoch 50/200 | train loss=0.001178 | val loss=1.559033 | best=0.663068
2026-02-07 20:51:52,464 - INFO - Epoch 60/200 | train loss=0.001716 | val loss=1.635175 | best=0.663068
2026-02-07 20:51:52,634 - INFO - Epoch 70/200 | train loss=0.000534 | val loss=1.701039 | best=0.663068
2026-02-07 20:51:52,805 - INFO - Epoch 80/200 | train loss=0.000425 | val loss=1.763483 | best=0.663068
2026-02-07 20:51:52,975 - INFO - Epoch 90/200 | train loss=0.000369 | val loss=1.821657 | best=0.663068
2026-02-07 20:51:53,146 - INFO - Epoch 100/200 | train loss=0.000277 | val loss=1.872748 | best=0.663068
2026-02-07 20:51:53,315 - INFO - Epoch 110/200 | train loss=0.000294 | val loss=1.921704 | best=0.663068
2026-02-07 20:51:53,484 - INFO - Epoch 120/200 | train loss=0.000197 | val loss=1.959991 | best=0.663068
2026-02-07 20:51:53,653 - INFO - Epoch 130/200 | train loss=0.000204 | val loss=1.993255 | best=0.663068
2026-02-07 20:51:53,824 - INFO - Epoch 140/200 | train loss=0.000140 | val loss=2.036270 | best=0.663068
2026-02-07 20:51:53,993 - INFO - Epoch 150/200 | train loss=0.000157 | val loss=2.079681 | best=0.663068
2026-02-07 20:51:54,146 - INFO - Early stopping at epoch 159, best epoch=9, best val loss=0.663068
2026-02-07 20:51:54,156 - INFO - Loaded best model from results/model/best_model.pth (epoch 9)
2026-02-07 20:51:54,166 - INFO - Saved final model to: results/model/final_model_20260207_205154.pth
2026-02-07 20:51:54,175 - INFO - Validation metrics: {
  "val_threshold": 0.30010807514190674,
  "val_acc": 0.7272727272727273,
  "val_f1": 0.7272727272727273,
  "val_precision": 0.5714285714285714,
  "val_recall": 1.0,
  "val_auc": 0.6428571428571428,
  "val_ap": 0.47619047619047616
}
2026-02-07 20:51:54,177 - INFO - 4) Running SHAP ...
2026-02-07 20:51:56,583 - INFO - SHAP outputs saved to: results/shap
2026-02-07 20:51:56,583 - INFO - Done. Total time: 6.26s
2026-02-07 20:51:56,583 - INFO - Output dir: results
2026-02-07 20:52:37,800 - INFO - Using device: cuda
2026-02-07 20:52:37,800 - INFO - Hyperparameters: {
  "batch_size": 8,
  "learning_rate": 0.001,
  "num_epochs": 200,
  "hidden_dim": 512,
  "num_blocks": 4,
  "dropout": 0.1,
  "feature_type": "ALL",
  "zscore_normalize": false,
  "response_threshold": 5,
  "val_ratio": 0.2,
  "early_stop_patience": 150,
  "early_stop_min_epochs": 1
}
2026-02-07 20:52:37,801 - INFO - 1) Parsing Excel data ...
2026-02-07 20:52:37,971 - INFO - Parsing patient data from Excel (grouped by 姓名 + 日期)...
2026-02-07 20:52:38,048 - WARNING - Missing diff files for name=鞠喆, date=2025-11-24 00:00:00
2026-02-07 20:52:38,049 - WARNING - Missing diff files for name=鞠喆, date=2025-12-08 00:00:00
2026-02-07 20:52:38,063 - INFO - Found 52 valid pre-treatment samples with complete data
2026-02-07 20:52:38,063 - INFO - 2) Preparing data matrix ...
2026-02-07 20:52:38,063 - INFO - Preparing features and labels (sample_type=all, zscore_normalize=False)...
2026-02-07 20:52:38,093 - INFO - Final dataset: 52 samples, 365 features
2026-02-07 20:52:38,093 - INFO - Class distribution: [31 21]
2026-02-07 20:52:38,093 - INFO - 3) Training final model on all data (with train/val split) ...
2026-02-07 20:52:38,805 - INFO - Start training final model. Train=41, Val=11
2026-02-07 20:52:38,943 - INFO - Epoch 1/200 | train loss=1.085880 | val loss=0.718150 | best=inf
2026-02-07 20:52:39,135 - INFO - Epoch 10/200 | train loss=0.238637 | val loss=2.477750 | best=0.606791
2026-02-07 20:52:39,305 - INFO - Epoch 20/200 | train loss=0.003992 | val loss=2.875441 | best=0.606791
2026-02-07 20:52:39,476 - INFO - Epoch 30/200 | train loss=0.000034 | val loss=3.978574 | best=0.606791
2026-02-07 20:52:39,646 - INFO - Epoch 40/200 | train loss=0.000086 | val loss=4.439216 | best=0.606791
2026-02-07 20:52:39,817 - INFO - Epoch 50/200 | train loss=0.000024 | val loss=4.510813 | best=0.606791
2026-02-07 20:52:39,987 - INFO - Epoch 60/200 | train loss=0.000017 | val loss=4.581387 | best=0.606791
2026-02-07 20:52:40,157 - INFO - Epoch 70/200 | train loss=0.000013 | val loss=4.642993 | best=0.606791
2026-02-07 20:52:40,328 - INFO - Epoch 80/200 | train loss=0.000013 | val loss=4.707970 | best=0.606791
2026-02-07 20:52:40,500 - INFO - Epoch 90/200 | train loss=0.000018 | val loss=4.770924 | best=0.606791
2026-02-07 20:52:40,671 - INFO - Epoch 100/200 | train loss=0.000007 | val loss=4.840408 | best=0.606791
2026-02-07 20:52:40,841 - INFO - Epoch 110/200 | train loss=0.000006 | val loss=4.890358 | best=0.606791
2026-02-07 20:52:41,012 - INFO - Epoch 120/200 | train loss=0.000006 | val loss=4.950106 | best=0.606791
2026-02-07 20:52:41,182 - INFO - Epoch 130/200 | train loss=0.000005 | val loss=5.005993 | best=0.606791
2026-02-07 20:52:41,352 - INFO - Epoch 140/200 | train loss=0.000008 | val loss=5.055645 | best=0.606791
2026-02-07 20:52:41,522 - INFO - Epoch 150/200 | train loss=0.000003 | val loss=5.098942 | best=0.606791
2026-02-07 20:52:41,624 - INFO - Early stopping at epoch 156, best epoch=6, best val loss=0.606791
2026-02-07 20:52:41,636 - INFO - Loaded best model from results/model/best_model.pth (epoch 6)
2026-02-07 20:52:41,649 - INFO - Saved final model to: results/model/final_model_20260207_205241.pth
2026-02-07 20:52:41,659 - INFO - Validation metrics: {
  "val_threshold": 0.3131059408187866,
  "val_acc": 0.6363636363636364,
  "val_f1": 0.6666666666666666,
  "val_precision": 0.5,
  "val_recall": 1.0,
  "val_auc": 0.6785714285714286,
  "val_ap": 0.6488095238095238
}
2026-02-07 20:52:41,661 - INFO - 4) Running SHAP ...
2026-02-07 20:52:44,063 - INFO - SHAP outputs saved to: results/shap
2026-02-07 20:52:44,063 - INFO - Done. Total time: 6.26s
2026-02-07 20:52:44,063 - INFO - Output dir: results
2026-02-07 20:53:13,204 - INFO - Using device: cuda
2026-02-07 20:53:13,205 - INFO - Hyperparameters: {
  "batch_size": 8,
  "learning_rate": 0.005,
  "num_epochs": 200,
  "hidden_dim": 512,
  "num_blocks": 4,
  "dropout": 0.1,
  "feature_type": "ALL",
  "zscore_normalize": false,
  "response_threshold": 5,
  "val_ratio": 0.2,
  "early_stop_patience": 150,
  "early_stop_min_epochs": 1
}
2026-02-07 20:53:13,205 - INFO - 1) Parsing Excel data ...
2026-02-07 20:53:13,371 - INFO - Parsing patient data from Excel (grouped by 姓名 + 日期)...
2026-02-07 20:53:13,447 - WARNING - Missing diff files for name=鞠喆, date=2025-11-24 00:00:00
2026-02-07 20:53:13,449 - WARNING - Missing diff files for name=鞠喆, date=2025-12-08 00:00:00
2026-02-07 20:53:13,462 - INFO - Found 52 valid pre-treatment samples with complete data
2026-02-07 20:53:13,462 - INFO - 2) Preparing data matrix ...
2026-02-07 20:53:13,462 - INFO - Preparing features and labels (sample_type=all, zscore_normalize=False)...
2026-02-07 20:53:13,492 - INFO - Final dataset: 52 samples, 365 features
2026-02-07 20:53:13,492 - INFO - Class distribution: [31 21]
2026-02-07 20:53:13,492 - INFO - 3) Training final model on all data (with train/val split) ...
2026-02-07 20:53:14,209 - INFO - Start training final model. Train=41, Val=11
2026-02-07 20:53:14,351 - INFO - Epoch 1/200 | train loss=3.763779 | val loss=0.828319 | best=inf
2026-02-07 20:53:14,542 - INFO - Epoch 10/200 | train loss=0.690370 | val loss=0.687846 | best=0.678577
2026-02-07 20:53:14,723 - INFO - Epoch 20/200 | train loss=0.684996 | val loss=0.678254 | best=0.678254
2026-02-07 20:53:14,986 - INFO - Epoch 30/200 | train loss=0.683182 | val loss=0.675206 | best=0.675206
2026-02-07 20:53:15,272 - INFO - Epoch 40/200 | train loss=0.680270 | val loss=0.669110 | best=0.669110
2026-02-07 20:53:15,477 - INFO - Epoch 50/200 | train loss=0.680181 | val loss=0.668439 | best=0.668157
2026-02-07 20:53:15,764 - INFO - Epoch 60/200 | train loss=0.679310 | val loss=0.665752 | best=0.665532
2026-02-07 20:53:15,992 - INFO - Epoch 70/200 | train loss=0.679036 | val loss=0.664338 | best=0.664338
2026-02-07 20:53:16,256 - INFO - Epoch 80/200 | train loss=0.678595 | val loss=0.661520 | best=0.661412
2026-02-07 20:53:16,519 - INFO - Epoch 90/200 | train loss=0.678479 | val loss=0.660065 | best=0.660065
2026-02-07 20:53:16,737 - INFO - Epoch 100/200 | train loss=0.678664 | val loss=0.659679 | best=0.659318
2026-02-07 20:53:16,908 - INFO - Epoch 110/200 | train loss=0.678592 | val loss=0.659555 | best=0.659318
2026-02-07 20:53:17,077 - INFO - Epoch 120/200 | train loss=0.678685 | val loss=0.660168 | best=0.659318
2026-02-07 20:53:17,245 - INFO - Epoch 130/200 | train loss=0.679139 | val loss=0.660254 | best=0.659318
2026-02-07 20:53:17,414 - INFO - Epoch 140/200 | train loss=0.678671 | val loss=0.659628 | best=0.659318
2026-02-07 20:53:17,619 - INFO - Epoch 150/200 | train loss=0.678589 | val loss=0.659902 | best=0.658928
2026-02-07 20:53:17,788 - INFO - Epoch 160/200 | train loss=0.678491 | val loss=0.660659 | best=0.658928
2026-02-07 20:53:17,957 - INFO - Epoch 170/200 | train loss=0.678552 | val loss=0.660347 | best=0.658928
2026-02-07 20:53:18,128 - INFO - Epoch 180/200 | train loss=0.678523 | val loss=0.659918 | best=0.658928
2026-02-07 20:53:18,296 - INFO - Epoch 190/200 | train loss=0.678762 | val loss=0.663153 | best=0.658928
2026-02-07 20:53:18,465 - INFO - Epoch 200/200 | train loss=0.678653 | val loss=0.662801 | best=0.658928
2026-02-07 20:53:18,475 - INFO - Loaded best model from results/model/best_model.pth (epoch 144)
2026-02-07 20:53:18,486 - INFO - Saved final model to: results/model/final_model_20260207_205318.pth
2026-02-07 20:53:18,497 - INFO - Validation metrics: {
  "val_threshold": Infinity,
  "val_acc": 0.6363636363636364,
  "val_f1": 0.0,
  "val_precision": 0.0,
  "val_recall": 0.0,
  "val_auc": 0.5,
  "val_ap": 0.36363636363636365
}
2026-02-07 20:53:18,498 - INFO - 4) Running SHAP ...
2026-02-07 20:53:20,872 - INFO - SHAP outputs saved to: results/shap
2026-02-07 20:53:20,872 - INFO - Done. Total time: 7.67s
2026-02-07 20:53:20,872 - INFO - Output dir: results
2026-02-07 20:53:27,606 - INFO - Using device: cuda
2026-02-07 20:53:27,606 - INFO - Hyperparameters: {
  "batch_size": 8,
  "learning_rate": 0.0005,
  "num_epochs": 200,
  "hidden_dim": 512,
  "num_blocks": 4,
  "dropout": 0.1,
  "feature_type": "ALL",
  "zscore_normalize": false,
  "response_threshold": 5,
  "val_ratio": 0.2,
  "early_stop_patience": 150,
  "early_stop_min_epochs": 1
}
2026-02-07 20:53:27,606 - INFO - 1) Parsing Excel data ...
2026-02-07 20:53:27,786 - INFO - Parsing patient data from Excel (grouped by 姓名 + 日期)...
2026-02-07 20:53:27,864 - WARNING - Missing diff files for name=鞠喆, date=2025-11-24 00:00:00
2026-02-07 20:53:27,865 - WARNING - Missing diff files for name=鞠喆, date=2025-12-08 00:00:00
2026-02-07 20:53:27,879 - INFO - Found 52 valid pre-treatment samples with complete data
2026-02-07 20:53:27,879 - INFO - 2) Preparing data matrix ...
2026-02-07 20:53:27,879 - INFO - Preparing features and labels (sample_type=all, zscore_normalize=False)...
2026-02-07 20:53:27,909 - INFO - Final dataset: 52 samples, 365 features
2026-02-07 20:53:27,909 - INFO - Class distribution: [31 21]
2026-02-07 20:53:27,909 - INFO - 3) Training final model on all data (with train/val split) ...
2026-02-07 20:53:28,575 - INFO - Start training final model. Train=41, Val=11
2026-02-07 20:53:28,716 - INFO - Epoch 1/200 | train loss=0.849501 | val loss=0.779561 | best=inf
2026-02-07 20:53:28,896 - INFO - Epoch 10/200 | train loss=0.093787 | val loss=2.017062 | best=0.606617
2026-02-07 20:53:29,066 - INFO - Epoch 20/200 | train loss=0.000450 | val loss=2.586059 | best=0.606617
2026-02-07 20:53:29,237 - INFO - Epoch 30/200 | train loss=0.000183 | val loss=2.807887 | best=0.606617
2026-02-07 20:53:29,408 - INFO - Epoch 40/200 | train loss=0.000112 | val loss=2.967815 | best=0.606617
2026-02-07 20:53:29,578 - INFO - Epoch 50/200 | train loss=0.000088 | val loss=3.093928 | best=0.606617
2026-02-07 20:53:29,748 - INFO - Epoch 60/200 | train loss=0.000067 | val loss=3.194248 | best=0.606617
2026-02-07 20:53:29,918 - INFO - Epoch 70/200 | train loss=0.000053 | val loss=3.288236 | best=0.606617
2026-02-07 20:53:30,089 - INFO - Epoch 80/200 | train loss=0.000035 | val loss=3.375619 | best=0.606617
2026-02-07 20:53:30,259 - INFO - Epoch 90/200 | train loss=0.000033 | val loss=3.449706 | best=0.606617
2026-02-07 20:53:30,429 - INFO - Epoch 100/200 | train loss=0.000030 | val loss=3.515630 | best=0.606617
2026-02-07 20:53:30,599 - INFO - Epoch 110/200 | train loss=0.000023 | val loss=3.578234 | best=0.606617
2026-02-07 20:53:30,769 - INFO - Epoch 120/200 | train loss=0.000014 | val loss=3.636029 | best=0.606617
2026-02-07 20:53:30,939 - INFO - Epoch 130/200 | train loss=0.000015 | val loss=3.685846 | best=0.606617
2026-02-07 20:53:31,111 - INFO - Epoch 140/200 | train loss=0.000013 | val loss=3.731537 | best=0.606617
2026-02-07 20:53:31,281 - INFO - Epoch 150/200 | train loss=0.000013 | val loss=3.773195 | best=0.606617
2026-02-07 20:53:31,332 - INFO - Early stopping at epoch 153, best epoch=3, best val loss=0.606617
2026-02-07 20:53:31,342 - INFO - Loaded best model from results/model/best_model.pth (epoch 3)
2026-02-07 20:53:31,354 - INFO - Saved final model to: results/model/final_model_20260207_205331.pth
2026-02-07 20:53:31,363 - INFO - Validation metrics: {
  "val_threshold": 0.30445101857185364,
  "val_acc": 0.7272727272727273,
  "val_f1": 0.7272727272727273,
  "val_precision": 0.5714285714285714,
  "val_recall": 1.0,
  "val_auc": 0.6785714285714285,
  "val_ap": 0.5011904761904762
}
2026-02-07 20:53:31,365 - INFO - 4) Running SHAP ...
2026-02-07 20:53:33,823 - INFO - SHAP outputs saved to: results/shap
2026-02-07 20:53:33,823 - INFO - Done. Total time: 6.22s
2026-02-07 20:53:33,823 - INFO - Output dir: results
2026-02-07 20:53:46,247 - INFO - Using device: cuda
2026-02-07 20:53:46,247 - INFO - Hyperparameters: {
  "batch_size": 8,
  "learning_rate": 5e-05,
  "num_epochs": 200,
  "hidden_dim": 512,
  "num_blocks": 4,
  "dropout": 0.1,
  "feature_type": "ALL",
  "zscore_normalize": false,
  "response_threshold": 5,
  "val_ratio": 0.2,
  "early_stop_patience": 150,
  "early_stop_min_epochs": 1
}
2026-02-07 20:53:46,247 - INFO - 1) Parsing Excel data ...
2026-02-07 20:53:46,409 - INFO - Parsing patient data from Excel (grouped by 姓名 + 日期)...
2026-02-07 20:53:46,488 - WARNING - Missing diff files for name=鞠喆, date=2025-11-24 00:00:00
2026-02-07 20:53:46,489 - WARNING - Missing diff files for name=鞠喆, date=2025-12-08 00:00:00
2026-02-07 20:53:46,503 - INFO - Found 52 valid pre-treatment samples with complete data
2026-02-07 20:53:46,503 - INFO - 2) Preparing data matrix ...
2026-02-07 20:53:46,503 - INFO - Preparing features and labels (sample_type=all, zscore_normalize=False)...
2026-02-07 20:53:46,534 - INFO - Final dataset: 52 samples, 365 features
2026-02-07 20:53:46,534 - INFO - Class distribution: [31 21]
2026-02-07 20:53:46,534 - INFO - 3) Training final model on all data (with train/val split) ...
2026-02-07 20:53:47,248 - INFO - Start training final model. Train=41, Val=11
2026-02-07 20:53:47,388 - INFO - Epoch 1/200 | train loss=0.690069 | val loss=0.678127 | best=inf
2026-02-07 20:53:47,571 - INFO - Epoch 10/200 | train loss=0.292732 | val loss=0.680443 | best=0.663068
2026-02-07 20:53:47,742 - INFO - Epoch 20/200 | train loss=0.013861 | val loss=1.128204 | best=0.663068
2026-02-07 20:53:47,913 - INFO - Epoch 30/200 | train loss=0.004396 | val loss=1.329559 | best=0.663068
2026-02-07 20:53:48,084 - INFO - Epoch 40/200 | train loss=0.001757 | val loss=1.457006 | best=0.663068
2026-02-07 20:53:48,255 - INFO - Epoch 50/200 | train loss=0.001178 | val loss=1.559033 | best=0.663068
2026-02-07 20:53:48,426 - INFO - Epoch 60/200 | train loss=0.001716 | val loss=1.635175 | best=0.663068
2026-02-07 20:53:48,598 - INFO - Epoch 70/200 | train loss=0.000534 | val loss=1.701039 | best=0.663068
2026-02-07 20:53:48,769 - INFO - Epoch 80/200 | train loss=0.000425 | val loss=1.763483 | best=0.663068
2026-02-07 20:53:48,942 - INFO - Epoch 90/200 | train loss=0.000369 | val loss=1.821657 | best=0.663068
2026-02-07 20:53:49,113 - INFO - Epoch 100/200 | train loss=0.000277 | val loss=1.872748 | best=0.663068
2026-02-07 20:53:49,284 - INFO - Epoch 110/200 | train loss=0.000294 | val loss=1.921704 | best=0.663068
2026-02-07 20:53:49,454 - INFO - Epoch 120/200 | train loss=0.000197 | val loss=1.959991 | best=0.663068
2026-02-07 20:53:49,625 - INFO - Epoch 130/200 | train loss=0.000204 | val loss=1.993255 | best=0.663068
2026-02-07 20:53:49,795 - INFO - Epoch 140/200 | train loss=0.000140 | val loss=2.036270 | best=0.663068
2026-02-07 20:53:49,966 - INFO - Epoch 150/200 | train loss=0.000157 | val loss=2.079681 | best=0.663068
2026-02-07 20:53:50,121 - INFO - Early stopping at epoch 159, best epoch=9, best val loss=0.663068
2026-02-07 20:53:50,131 - INFO - Loaded best model from results/model/best_model.pth (epoch 9)
2026-02-07 20:53:50,143 - INFO - Saved final model to: results/model/final_model_20260207_205350.pth
2026-02-07 20:53:50,152 - INFO - Validation metrics: {
  "val_threshold": 0.30010807514190674,
  "val_acc": 0.7272727272727273,
  "val_f1": 0.7272727272727273,
  "val_precision": 0.5714285714285714,
  "val_recall": 1.0,
  "val_auc": 0.6428571428571428,
  "val_ap": 0.47619047619047616
}
2026-02-07 20:53:50,154 - INFO - 4) Running SHAP ...
2026-02-07 20:53:52,572 - INFO - SHAP outputs saved to: results/shap
2026-02-07 20:53:52,572 - INFO - Done. Total time: 6.33s
2026-02-07 20:53:52,572 - INFO - Output dir: results
2026-02-07 20:54:25,375 - INFO - Using device: cuda
2026-02-07 20:54:25,375 - INFO - Hyperparameters: {
  "batch_size": 8,
  "learning_rate": 5e-05,
  "num_epochs": 200,
  "hidden_dim": 512,
  "num_blocks": 4,
  "dropout": 0.1,
  "feature_type": "ALL",
  "zscore_normalize": false,
  "response_threshold": 5,
  "val_ratio": 0.2,
  "early_stop_patience": 150,
  "early_stop_min_epochs": 1
}
2026-02-07 20:54:25,375 - INFO - 1) Parsing Excel data ...
2026-02-07 20:54:25,542 - INFO - Parsing patient data from Excel (grouped by 姓名 + 日期)...
2026-02-07 20:54:25,620 - WARNING - Missing diff files for name=鞠喆, date=2025-11-24 00:00:00
2026-02-07 20:54:25,622 - WARNING - Missing diff files for name=鞠喆, date=2025-12-08 00:00:00
2026-02-07 20:54:25,636 - INFO - Found 52 valid pre-treatment samples with complete data
2026-02-07 20:54:25,636 - INFO - 2) Preparing data matrix ...
2026-02-07 20:54:25,636 - INFO - Preparing features and labels (sample_type=all, zscore_normalize=False)...
2026-02-07 20:54:25,666 - INFO - Final dataset: 52 samples, 365 features
2026-02-07 20:54:25,666 - INFO - Class distribution: [31 21]
2026-02-07 20:54:25,666 - INFO - 3) Training final model on all data (with train/val split) ...
2026-02-07 20:54:26,378 - INFO - Start training final model. Train=41, Val=11
2026-02-07 20:54:26,517 - INFO - Epoch 1/200 | train loss=0.690069 | val loss=0.678127 | best=inf
2026-02-07 20:54:26,699 - INFO - Epoch 10/200 | train loss=0.292732 | val loss=0.680443 | best=0.663068
2026-02-07 20:54:26,870 - INFO - Epoch 20/200 | train loss=0.013861 | val loss=1.128204 | best=0.663068
2026-02-07 20:54:27,042 - INFO - Epoch 30/200 | train loss=0.004396 | val loss=1.329559 | best=0.663068
2026-02-07 20:54:27,214 - INFO - Epoch 40/200 | train loss=0.001757 | val loss=1.457006 | best=0.663068
2026-02-07 20:54:27,385 - INFO - Epoch 50/200 | train loss=0.001178 | val loss=1.559033 | best=0.663068
2026-02-07 20:54:27,557 - INFO - Epoch 60/200 | train loss=0.001716 | val loss=1.635175 | best=0.663068
2026-02-07 20:54:27,728 - INFO - Epoch 70/200 | train loss=0.000534 | val loss=1.701039 | best=0.663068
2026-02-07 20:54:27,900 - INFO - Epoch 80/200 | train loss=0.000425 | val loss=1.763483 | best=0.663068
2026-02-07 20:54:28,073 - INFO - Epoch 90/200 | train loss=0.000369 | val loss=1.821657 | best=0.663068
2026-02-07 20:54:28,245 - INFO - Epoch 100/200 | train loss=0.000277 | val loss=1.872748 | best=0.663068
2026-02-07 20:54:28,416 - INFO - Epoch 110/200 | train loss=0.000294 | val loss=1.921704 | best=0.663068
2026-02-07 20:54:28,587 - INFO - Epoch 120/200 | train loss=0.000197 | val loss=1.959991 | best=0.663068
2026-02-07 20:54:28,758 - INFO - Epoch 130/200 | train loss=0.000204 | val loss=1.993255 | best=0.663068
2026-02-07 20:54:28,929 - INFO - Epoch 140/200 | train loss=0.000140 | val loss=2.036270 | best=0.663068
2026-02-07 20:54:29,100 - INFO - Epoch 150/200 | train loss=0.000157 | val loss=2.079681 | best=0.663068
2026-02-07 20:54:29,256 - INFO - Early stopping at epoch 159, best epoch=9, best val loss=0.663068
2026-02-07 20:54:29,267 - INFO - Loaded best model from results/model/best_model.pth (epoch 9)
2026-02-07 20:54:29,279 - INFO - Saved final model to: results/model/final_model_20260207_205429.pth
2026-02-07 20:54:29,289 - INFO - Validation metrics: {
  "val_threshold": 0.30010807514190674,
  "val_acc": 0.7272727272727273,
  "val_f1": 0.7272727272727273,
  "val_precision": 0.5714285714285714,
  "val_recall": 1.0,
  "val_auc": 0.6428571428571428,
  "val_ap": 0.47619047619047616
}
2026-02-07 20:54:29,291 - INFO - 4) Running SHAP ...
2026-02-07 20:54:31,766 - INFO - SHAP outputs saved to: results/shap
2026-02-07 20:54:31,766 - INFO - Done. Total time: 6.39s
2026-02-07 20:54:31,766 - INFO - Output dir: results
2026-02-07 20:54:51,117 - INFO - Using device: cuda
2026-02-07 20:54:51,117 - INFO - Hyperparameters: {
  "batch_size": 8,
  "learning_rate": 0.005,
  "num_epochs": 200,
  "hidden_dim": 512,
  "num_blocks": 4,
  "dropout": 0.1,
  "feature_type": "DIFF",
  "zscore_normalize": false,
  "response_threshold": 5,
  "val_ratio": 0.2,
  "early_stop_patience": 150,
  "early_stop_min_epochs": 1
}
2026-02-07 20:54:51,117 - INFO - 1) Parsing Excel data ...
2026-02-07 20:54:51,296 - INFO - Parsing patient data from Excel (grouped by 姓名 + 日期)...
2026-02-07 20:54:51,374 - WARNING - Missing diff files for name=鞠喆, date=2025-11-24 00:00:00
2026-02-07 20:54:51,376 - WARNING - Missing diff files for name=鞠喆, date=2025-12-08 00:00:00
2026-02-07 20:54:51,389 - INFO - Found 52 valid pre-treatment samples with complete data
2026-02-07 20:54:51,390 - INFO - 2) Preparing data matrix ...
2026-02-07 20:54:51,390 - INFO - Preparing features and labels (sample_type=diff, zscore_normalize=False)...
2026-02-07 20:54:51,420 - INFO - Final dataset: 52 samples, 332 features
2026-02-07 20:54:51,420 - INFO - Class distribution: [31 21]
2026-02-07 20:54:51,420 - INFO - 3) Training final model on all data (with train/val split) ...
2026-02-07 20:54:52,087 - INFO - Start training final model. Train=41, Val=11
2026-02-07 20:54:52,228 - INFO - Epoch 1/200 | train loss=2.141141 | val loss=1.961415 | best=inf
2026-02-07 20:54:52,455 - INFO - Epoch 10/200 | train loss=0.636095 | val loss=0.725796 | best=0.657040
2026-02-07 20:54:52,650 - INFO - Epoch 20/200 | train loss=0.614489 | val loss=0.653380 | best=0.640981
2026-02-07 20:54:52,833 - INFO - Epoch 30/200 | train loss=0.702674 | val loss=0.748116 | best=0.612809
2026-02-07 20:54:53,004 - INFO - Epoch 40/200 | train loss=0.502982 | val loss=9.778236 | best=0.612809
2026-02-07 20:54:53,174 - INFO - Epoch 50/200 | train loss=0.055939 | val loss=11.389144 | best=0.612809
2026-02-07 20:54:53,344 - INFO - Epoch 60/200 | train loss=0.000635 | val loss=13.634118 | best=0.612809
2026-02-07 20:54:53,515 - INFO - Epoch 70/200 | train loss=0.000144 | val loss=16.149260 | best=0.612809
2026-02-07 20:54:53,685 - INFO - Epoch 80/200 | train loss=0.000009 | val loss=23.935609 | best=0.612809
2026-02-07 20:54:53,856 - INFO - Epoch 90/200 | train loss=0.000508 | val loss=24.103549 | best=0.612809
2026-02-07 20:54:54,026 - INFO - Epoch 100/200 | train loss=0.000058 | val loss=24.363614 | best=0.612809
2026-02-07 20:54:54,196 - INFO - Epoch 110/200 | train loss=0.000000 | val loss=17.372833 | best=0.612809
2026-02-07 20:54:54,366 - INFO - Epoch 120/200 | train loss=0.000000 | val loss=17.457383 | best=0.612809
2026-02-07 20:54:54,539 - INFO - Epoch 130/200 | train loss=0.000000 | val loss=17.469385 | best=0.612809
2026-02-07 20:54:54,709 - INFO - Epoch 140/200 | train loss=0.000000 | val loss=17.472634 | best=0.612809
2026-02-07 20:54:54,880 - INFO - Epoch 150/200 | train loss=0.000000 | val loss=17.440637 | best=0.612809
2026-02-07 20:54:55,050 - INFO - Epoch 160/200 | train loss=7.994075 | val loss=32.111706 | best=0.612809
2026-02-07 20:54:55,220 - INFO - Epoch 170/200 | train loss=20.038372 | val loss=26.281107 | best=0.612809
2026-02-07 20:54:55,271 - INFO - Early stopping at epoch 173, best epoch=23, best val loss=0.612809
2026-02-07 20:54:55,281 - INFO - Loaded best model from results/model/best_model.pth (epoch 23)
2026-02-07 20:54:55,293 - INFO - Saved final model to: results/model/final_model_20260207_205455.pth
2026-02-07 20:54:55,302 - INFO - Validation metrics: {
  "val_threshold": 0.356067419052124,
  "val_acc": 0.8181818181818182,
  "val_f1": 0.8,
  "val_precision": 0.6666666666666666,
  "val_recall": 1.0,
  "val_auc": 0.8571428571428572,
  "val_ap": 0.8166666666666667
}
2026-02-07 20:54:55,303 - INFO - 4) Running SHAP ...
2026-02-07 20:54:56,778 - INFO - SHAP outputs saved to: results/shap
2026-02-07 20:54:56,779 - INFO - Done. Total time: 5.66s
2026-02-07 20:54:56,779 - INFO - Output dir: results
2026-02-07 20:55:27,531 - INFO - Using device: cuda
2026-02-07 20:55:27,531 - INFO - Hyperparameters: {
  "batch_size": 8,
  "learning_rate": 0.005,
  "num_epochs": 200,
  "hidden_dim": 512,
  "num_blocks": 4,
  "dropout": 0.1,
  "feature_type": "DIFF",
  "zscore_normalize": false,
  "response_threshold": 5,
  "val_ratio": 0.2,
  "early_stop_patience": 150,
  "early_stop_min_epochs": 1
}
2026-02-07 20:55:27,531 - INFO - 1) Parsing Excel data ...
2026-02-07 20:55:27,701 - INFO - Parsing patient data from Excel (grouped by 姓名 + 日期)...
2026-02-07 20:55:27,778 - WARNING - Missing diff files for name=鞠喆, date=2025-11-24 00:00:00
2026-02-07 20:55:27,780 - WARNING - Missing diff files for name=鞠喆, date=2025-12-08 00:00:00
2026-02-07 20:55:27,793 - INFO - Found 52 valid pre-treatment samples with complete data
2026-02-07 20:55:27,793 - INFO - 2) Preparing data matrix ...
2026-02-07 20:55:27,793 - INFO - Preparing features and labels (sample_type=diff, zscore_normalize=False)...
2026-02-07 20:55:27,824 - INFO - Final dataset: 52 samples, 332 features
2026-02-07 20:55:27,824 - INFO - Class distribution: [31 21]
2026-02-07 20:55:27,824 - INFO - 3) Training final model on all data (with train/val split) ...
2026-02-07 20:55:28,550 - INFO - Start training final model. Train=41, Val=11
2026-02-07 20:55:28,689 - INFO - Epoch 1/200 | train loss=2.141141 | val loss=1.961415 | best=inf
2026-02-07 20:55:28,917 - INFO - Epoch 10/200 | train loss=0.636095 | val loss=0.725796 | best=0.657040
2026-02-07 20:55:29,112 - INFO - Epoch 20/200 | train loss=0.614489 | val loss=0.653380 | best=0.640981
2026-02-07 20:55:29,295 - INFO - Epoch 30/200 | train loss=0.702674 | val loss=0.748116 | best=0.612809
2026-02-07 20:55:29,466 - INFO - Epoch 40/200 | train loss=0.502982 | val loss=9.778236 | best=0.612809
2026-02-07 20:55:29,636 - INFO - Epoch 50/200 | train loss=0.055939 | val loss=11.389144 | best=0.612809
2026-02-07 20:55:29,807 - INFO - Epoch 60/200 | train loss=0.000635 | val loss=13.634118 | best=0.612809
2026-02-07 20:55:29,978 - INFO - Epoch 70/200 | train loss=0.000144 | val loss=16.149260 | best=0.612809
2026-02-07 20:55:30,151 - INFO - Epoch 80/200 | train loss=0.000009 | val loss=23.935609 | best=0.612809
2026-02-07 20:55:30,321 - INFO - Epoch 90/200 | train loss=0.000508 | val loss=24.103549 | best=0.612809
2026-02-07 20:55:30,492 - INFO - Epoch 100/200 | train loss=0.000058 | val loss=24.363614 | best=0.612809
2026-02-07 20:55:30,663 - INFO - Epoch 110/200 | train loss=0.000000 | val loss=17.372833 | best=0.612809
2026-02-07 20:55:30,834 - INFO - Epoch 120/200 | train loss=0.000000 | val loss=17.457383 | best=0.612809
2026-02-07 20:55:31,005 - INFO - Epoch 130/200 | train loss=0.000000 | val loss=17.469385 | best=0.612809
2026-02-07 20:55:31,175 - INFO - Epoch 140/200 | train loss=0.000000 | val loss=17.472634 | best=0.612809
2026-02-07 20:55:31,346 - INFO - Epoch 150/200 | train loss=0.000000 | val loss=17.440637 | best=0.612809
2026-02-07 20:55:31,518 - INFO - Epoch 160/200 | train loss=7.994075 | val loss=32.111706 | best=0.612809
2026-02-07 20:55:31,689 - INFO - Epoch 170/200 | train loss=20.038372 | val loss=26.281107 | best=0.612809
2026-02-07 20:55:31,740 - INFO - Early stopping at epoch 173, best epoch=23, best val loss=0.612809
2026-02-07 20:55:31,751 - INFO - Loaded best model from results/model/best_model.pth (epoch 23)
2026-02-07 20:55:31,763 - INFO - Saved final model to: results/model/final_model_20260207_205531.pth
2026-02-07 20:55:31,772 - INFO - Validation metrics: {
  "val_threshold": 0.356067419052124,
  "val_acc": 0.8181818181818182,
  "val_f1": 0.8,
  "val_precision": 0.6666666666666666,
  "val_recall": 1.0,
  "val_auc": 0.8571428571428572,
  "val_ap": 0.8166666666666667
}
2026-02-07 20:55:31,774 - INFO - 4) Running SHAP ...
2026-02-07 20:55:33,209 - INFO - SHAP outputs saved to: results/shap
2026-02-07 20:55:33,210 - INFO - Done. Total time: 5.68s
2026-02-07 20:55:33,210 - INFO - Output dir: results
2026-02-07 20:55:52,343 - INFO - Using device: cuda
2026-02-07 20:55:52,343 - INFO - Hyperparameters: {
  "batch_size": 8,
  "learning_rate": 0.005,
  "num_epochs": 200,
  "hidden_dim": 512,
  "num_blocks": 4,
  "dropout": 0.1,
  "feature_type": "DIFF",
  "zscore_normalize": false,
  "response_threshold": 5,
  "val_ratio": 0.2,
  "early_stop_patience": 150,
  "early_stop_min_epochs": 1
}
2026-02-07 20:55:52,345 - INFO - 1) Parsing Excel data ...
2026-02-07 20:55:52,523 - INFO - Parsing patient data from Excel (grouped by 姓名 + 日期)...
2026-02-07 20:55:52,601 - WARNING - Missing diff files for name=鞠喆, date=2025-11-24 00:00:00
2026-02-07 20:55:52,602 - WARNING - Missing diff files for name=鞠喆, date=2025-12-08 00:00:00
2026-02-07 20:55:52,616 - INFO - Found 52 valid pre-treatment samples with complete data
2026-02-07 20:55:52,616 - INFO - 2) Preparing data matrix ...
2026-02-07 20:55:52,616 - INFO - Preparing features and labels (sample_type=diff, zscore_normalize=False)...
2026-02-07 20:55:52,647 - INFO - Final dataset: 52 samples, 332 features
2026-02-07 20:55:52,647 - INFO - Class distribution: [31 21]
2026-02-07 20:55:52,647 - INFO - 3) Training final model on all data (with train/val split) ...
2026-02-07 20:55:53,315 - INFO - Start training final model. Train=41, Val=11
2026-02-07 20:55:53,455 - INFO - Epoch 1/200 | train loss=2.141141 | val loss=1.961415 | best=inf
2026-02-07 20:55:53,682 - INFO - Epoch 10/200 | train loss=0.636095 | val loss=0.725796 | best=0.657040
2026-02-07 20:55:53,878 - INFO - Epoch 20/200 | train loss=0.614489 | val loss=0.653380 | best=0.640981
2026-02-07 20:55:54,062 - INFO - Epoch 30/200 | train loss=0.702674 | val loss=0.748116 | best=0.612809
2026-02-07 20:55:54,233 - INFO - Epoch 40/200 | train loss=0.502982 | val loss=9.778236 | best=0.612809
2026-02-07 20:55:54,405 - INFO - Epoch 50/200 | train loss=0.055939 | val loss=11.389144 | best=0.612809
2026-02-07 20:55:54,577 - INFO - Epoch 60/200 | train loss=0.000635 | val loss=13.634118 | best=0.612809
2026-02-07 20:55:54,748 - INFO - Epoch 70/200 | train loss=0.000144 | val loss=16.149260 | best=0.612809
2026-02-07 20:55:54,920 - INFO - Epoch 80/200 | train loss=0.000009 | val loss=23.935609 | best=0.612809
2026-02-07 20:55:55,091 - INFO - Epoch 90/200 | train loss=0.000508 | val loss=24.103549 | best=0.612809
2026-02-07 20:55:55,263 - INFO - Epoch 100/200 | train loss=0.000058 | val loss=24.363614 | best=0.612809
2026-02-07 20:55:55,434 - INFO - Epoch 110/200 | train loss=0.000000 | val loss=17.372833 | best=0.612809
2026-02-07 20:55:55,605 - INFO - Epoch 120/200 | train loss=0.000000 | val loss=17.457383 | best=0.612809
2026-02-07 20:55:55,778 - INFO - Epoch 130/200 | train loss=0.000000 | val loss=17.469385 | best=0.612809
2026-02-07 20:55:55,949 - INFO - Epoch 140/200 | train loss=0.000000 | val loss=17.472634 | best=0.612809
2026-02-07 20:55:56,121 - INFO - Epoch 150/200 | train loss=0.000000 | val loss=17.440637 | best=0.612809
2026-02-07 20:55:56,292 - INFO - Epoch 160/200 | train loss=7.994075 | val loss=32.111706 | best=0.612809
2026-02-07 20:55:56,462 - INFO - Epoch 170/200 | train loss=20.038372 | val loss=26.281107 | best=0.612809
2026-02-07 20:55:56,514 - INFO - Early stopping at epoch 173, best epoch=23, best val loss=0.612809
2026-02-07 20:55:56,524 - INFO - Loaded best model from results/model/best_model.pth (epoch 23)
2026-02-07 20:55:56,536 - INFO - Saved final model to: results/model/final_model_20260207_205556.pth
2026-02-07 20:55:56,545 - INFO - Validation metrics: {
  "val_threshold": 0.356067419052124,
  "val_acc": 0.8181818181818182,
  "val_f1": 0.8,
  "val_precision": 0.6666666666666666,
  "val_recall": 1.0,
  "val_auc": 0.8571428571428572,
  "val_ap": 0.8166666666666667
}
2026-02-07 20:55:56,547 - INFO - 4) Running SHAP ...
2026-02-07 20:55:58,067 - INFO - SHAP outputs saved to: results/shap
2026-02-07 20:55:58,067 - INFO - Done. Total time: 5.72s
2026-02-07 20:55:58,067 - INFO - Output dir: results
2026-02-07 20:56:36,172 - INFO - Using device: cuda
2026-02-07 20:56:36,172 - INFO - Hyperparameters: {
  "batch_size": 8,
  "learning_rate": 0.005,
  "num_epochs": 200,
  "hidden_dim": 512,
  "num_blocks": 4,
  "dropout": 0.1,
  "feature_type": "DIFF",
  "zscore_normalize": false,
  "response_threshold": 5,
  "val_ratio": 0.2,
  "early_stop_patience": 150,
  "early_stop_min_epochs": 1
}
2026-02-07 20:56:36,173 - INFO - 1) Parsing Excel data ...
2026-02-07 20:56:36,343 - INFO - Parsing patient data from Excel (grouped by 姓名 + 日期)...
2026-02-07 20:56:36,421 - WARNING - Missing diff files for name=鞠喆, date=2025-11-24 00:00:00
2026-02-07 20:56:36,422 - WARNING - Missing diff files for name=鞠喆, date=2025-12-08 00:00:00
2026-02-07 20:56:36,436 - INFO - Found 52 valid pre-treatment samples with complete data
2026-02-07 20:56:36,436 - INFO - 2) Preparing data matrix ...
2026-02-07 20:56:36,436 - INFO - Preparing features and labels (sample_type=diff, zscore_normalize=False)...
2026-02-07 20:56:36,465 - INFO - Final dataset: 52 samples, 332 features
2026-02-07 20:56:36,466 - INFO - Class distribution: [31 21]
2026-02-07 20:56:36,466 - INFO - 3) Training final model on all data (with train/val split) ...
2026-02-07 20:56:37,178 - INFO - Start training final model. Train=41, Val=11
2026-02-07 20:56:37,318 - INFO - Epoch 1/200 | train loss=2.141141 | val loss=1.961415 | best=inf
2026-02-07 20:56:37,545 - INFO - Epoch 10/200 | train loss=0.636095 | val loss=0.725796 | best=0.657040
2026-02-07 20:56:37,740 - INFO - Epoch 20/200 | train loss=0.614489 | val loss=0.653380 | best=0.640981
2026-02-07 20:56:37,923 - INFO - Epoch 30/200 | train loss=0.702674 | val loss=0.748116 | best=0.612809
2026-02-07 20:56:38,094 - INFO - Epoch 40/200 | train loss=0.502982 | val loss=9.778236 | best=0.612809
2026-02-07 20:56:38,265 - INFO - Epoch 50/200 | train loss=0.055939 | val loss=11.389144 | best=0.612809
2026-02-07 20:56:38,436 - INFO - Epoch 60/200 | train loss=0.000635 | val loss=13.634118 | best=0.612809
2026-02-07 20:56:38,607 - INFO - Epoch 70/200 | train loss=0.000144 | val loss=16.149260 | best=0.612809
2026-02-07 20:56:38,781 - INFO - Epoch 80/200 | train loss=0.000009 | val loss=23.935609 | best=0.612809
2026-02-07 20:56:38,952 - INFO - Epoch 90/200 | train loss=0.000508 | val loss=24.103549 | best=0.612809
2026-02-07 20:56:39,123 - INFO - Epoch 100/200 | train loss=0.000058 | val loss=24.363614 | best=0.612809
2026-02-07 20:56:39,294 - INFO - Epoch 110/200 | train loss=0.000000 | val loss=17.372833 | best=0.612809
2026-02-07 20:56:39,465 - INFO - Epoch 120/200 | train loss=0.000000 | val loss=17.457383 | best=0.612809
2026-02-07 20:56:39,636 - INFO - Epoch 130/200 | train loss=0.000000 | val loss=17.469385 | best=0.612809
2026-02-07 20:56:39,807 - INFO - Epoch 140/200 | train loss=0.000000 | val loss=17.472634 | best=0.612809
2026-02-07 20:56:39,977 - INFO - Epoch 150/200 | train loss=0.000000 | val loss=17.440637 | best=0.612809
2026-02-07 20:56:40,150 - INFO - Epoch 160/200 | train loss=7.994075 | val loss=32.111706 | best=0.612809
2026-02-07 20:56:40,320 - INFO - Epoch 170/200 | train loss=20.038372 | val loss=26.281107 | best=0.612809
2026-02-07 20:56:40,371 - INFO - Early stopping at epoch 173, best epoch=23, best val loss=0.612809
2026-02-07 20:56:40,383 - INFO - Loaded best model from results/model/best_model.pth (epoch 23)
2026-02-07 20:56:40,394 - INFO - Saved final model to: results/model/final_model_20260207_205640.pth
2026-02-07 20:56:40,403 - INFO - Validation metrics: {
  "val_threshold": 0.356067419052124,
  "val_acc": 0.8181818181818182,
  "val_f1": 0.8,
  "val_precision": 0.6666666666666666,
  "val_recall": 1.0,
  "val_auc": 0.8571428571428572,
  "val_ap": 0.8166666666666667
}
2026-02-07 20:56:40,405 - INFO - 4) Running SHAP ...
2026-02-07 20:56:42,809 - INFO - SHAP outputs saved to: results/shap
2026-02-07 20:56:42,809 - INFO - Done. Total time: 6.64s
2026-02-07 20:56:42,809 - INFO - Output dir: results
2026-02-07 21:00:24,397 - INFO - Using device: cuda
2026-02-07 21:00:24,397 - INFO - Hyperparameters: {
  "batch_size": 8,
  "learning_rate": 0.005,
  "num_epochs": 200,
  "hidden_dim": 512,
  "num_blocks": 4,
  "dropout": 0.1,
  "feature_type": "DIFF",
  "zscore_normalize": false,
  "response_threshold": 5,
  "val_ratio": 0.2,
  "early_stop_patience": 150,
  "early_stop_min_epochs": 1
}
2026-02-07 21:00:24,398 - INFO - 1) Parsing Excel data ...
2026-02-07 21:00:24,570 - INFO - Parsing patient data from Excel (grouped by 姓名 + 日期)...
2026-02-07 21:00:24,648 - WARNING - Missing diff files for name=鞠喆, date=2025-11-24 00:00:00
2026-02-07 21:00:24,649 - WARNING - Missing diff files for name=鞠喆, date=2025-12-08 00:00:00
2026-02-07 21:00:24,663 - INFO - Found 52 valid pre-treatment samples with complete data
2026-02-07 21:00:24,663 - INFO - 2) Preparing data matrix ...
2026-02-07 21:00:24,663 - INFO - Preparing features and labels (sample_type=diff, zscore_normalize=False)...
2026-02-07 21:00:24,694 - INFO - Final dataset: 52 samples, 332 features
2026-02-07 21:00:24,695 - INFO - Class distribution: [31 21]
2026-02-07 21:00:24,695 - INFO - 3) Training final model on all data (with train/val split) ...
2026-02-07 21:00:25,409 - INFO - Start training final model. Train=41, Val=11
2026-02-07 21:00:25,548 - INFO - Epoch 1/200 | train loss=2.618603 | val loss=9.267652 | best=inf
2026-02-07 21:00:25,734 - INFO - Epoch 10/200 | train loss=0.668721 | val loss=1.243917 | best=0.613813
2026-02-07 21:00:25,904 - INFO - Epoch 20/200 | train loss=0.467998 | val loss=9.672818 | best=0.613813
2026-02-07 21:00:26,074 - INFO - Epoch 30/200 | train loss=0.588833 | val loss=0.626207 | best=0.613813
2026-02-07 21:00:26,244 - INFO - Epoch 40/200 | train loss=0.655374 | val loss=2.248376 | best=0.613813
2026-02-07 21:00:26,426 - INFO - Epoch 50/200 | train loss=1.117308 | val loss=0.556350 | best=0.556350
2026-02-07 21:00:26,619 - INFO - Epoch 60/200 | train loss=0.299230 | val loss=0.489292 | best=0.384282
2026-02-07 21:00:26,789 - INFO - Epoch 70/200 | train loss=3.757909 | val loss=20.216397 | best=0.384282
2026-02-07 21:00:26,958 - INFO - Epoch 80/200 | train loss=26.829268 | val loss=45.454546 | best=0.384282
2026-02-07 21:00:27,130 - INFO - Epoch 90/200 | train loss=31.592201 | val loss=63.636365 | best=0.384282
2026-02-07 21:00:27,300 - INFO - Epoch 100/200 | train loss=58.536585 | val loss=63.636365 | best=0.384282
2026-02-07 21:00:27,470 - INFO - Epoch 110/200 | train loss=58.536585 | val loss=63.636365 | best=0.384282
2026-02-07 21:00:27,640 - INFO - Epoch 120/200 | train loss=58.536585 | val loss=63.636365 | best=0.384282
2026-02-07 21:00:27,809 - INFO - Epoch 130/200 | train loss=58.536585 | val loss=63.636365 | best=0.384282
2026-02-07 21:00:27,979 - INFO - Epoch 140/200 | train loss=58.536585 | val loss=63.636365 | best=0.384282
2026-02-07 21:00:28,148 - INFO - Epoch 150/200 | train loss=58.536585 | val loss=63.636365 | best=0.384282
2026-02-07 21:00:28,319 - INFO - Epoch 160/200 | train loss=58.536585 | val loss=63.636365 | best=0.384282
2026-02-07 21:00:28,489 - INFO - Epoch 170/200 | train loss=58.536585 | val loss=63.636365 | best=0.384282
2026-02-07 21:00:28,657 - INFO - Epoch 180/200 | train loss=58.536585 | val loss=63.636365 | best=0.384282
2026-02-07 21:00:28,826 - INFO - Epoch 190/200 | train loss=58.536585 | val loss=63.636365 | best=0.384282
2026-02-07 21:00:28,995 - INFO - Epoch 200/200 | train loss=58.536585 | val loss=63.636365 | best=0.384282
2026-02-07 21:00:29,005 - INFO - Loaded best model from results/model/best_model.pth (epoch 53)
2026-02-07 21:00:29,017 - INFO - Saved final model to: results/model/final_model_20260207_210029.pth
2026-02-07 21:00:29,026 - INFO - Validation metrics: {
  "val_threshold": 0.5800540447235107,
  "val_acc": 0.9090909090909091,
  "val_f1": 0.8888888888888888,
  "val_precision": 0.8,
  "val_recall": 1.0,
  "val_auc": 0.9285714285714286,
  "val_ap": 0.8875
}
2026-02-07 21:00:29,028 - INFO - 4) Running SHAP ...
2026-02-07 21:00:31,406 - INFO - SHAP outputs saved to: results/shap
2026-02-07 21:00:31,406 - INFO - Done. Total time: 7.01s
2026-02-07 21:00:31,406 - INFO - Output dir: results
2026-02-07 21:10:34,400 - INFO - Using device: cuda
2026-02-07 21:10:34,401 - INFO - Hyperparameters: {
  "batch_size": 8,
  "learning_rate": 0.005,
  "num_epochs": 200,
  "hidden_dim": 512,
  "num_blocks": 4,
  "dropout": 0.1,
  "feature_type": "DIFF",
  "zscore_normalize": false,
  "response_threshold": 5,
  "val_ratio": 0.2,
  "early_stop_patience": 150,
  "early_stop_min_epochs": 1
}
2026-02-07 21:10:34,401 - INFO - 1) Parsing Excel data ...
2026-02-07 21:10:34,582 - INFO - Parsing patient data from Excel (grouped by 姓名 + 日期)...
2026-02-07 21:10:34,660 - WARNING - Missing diff files for name=鞠喆, date=2025-11-24 00:00:00
2026-02-07 21:10:34,662 - WARNING - Missing diff files for name=鞠喆, date=2025-12-08 00:00:00
2026-02-07 21:10:34,676 - INFO - Found 52 valid pre-treatment samples with complete data
2026-02-07 21:10:34,676 - INFO - 2) Preparing data matrix ...
2026-02-07 21:10:34,676 - INFO - Preparing features and labels (sample_type=diff, zscore_normalize=False)...
2026-02-07 21:10:34,706 - INFO - Final dataset: 52 samples, 332 features
2026-02-07 21:10:34,706 - INFO - Class distribution: [31 21]
2026-02-07 21:10:34,706 - INFO - 3) Training final model on all data (with train/val split) ...
2026-02-07 21:10:35,422 - INFO - Start training final model. Train=41, Val=11
2026-02-07 21:10:35,560 - INFO - Epoch 1/200 | train loss=2.618603 | val loss=9.267652 | best=inf
2026-02-07 21:10:35,748 - INFO - Epoch 10/200 | train loss=0.668721 | val loss=1.243917 | best=0.613813
2026-02-07 21:10:35,918 - INFO - Epoch 20/200 | train loss=0.467998 | val loss=9.672818 | best=0.613813
2026-02-07 21:10:36,089 - INFO - Epoch 30/200 | train loss=0.588833 | val loss=0.626207 | best=0.613813
2026-02-07 21:10:36,260 - INFO - Epoch 40/200 | train loss=0.655374 | val loss=2.248376 | best=0.613813
2026-02-07 21:10:36,442 - INFO - Epoch 50/200 | train loss=1.117308 | val loss=0.556350 | best=0.556350
2026-02-07 21:10:36,636 - INFO - Epoch 60/200 | train loss=0.299230 | val loss=0.489292 | best=0.384282
2026-02-07 21:10:36,807 - INFO - Epoch 70/200 | train loss=3.757909 | val loss=20.216397 | best=0.384282
2026-02-07 21:10:36,977 - INFO - Epoch 80/200 | train loss=26.829268 | val loss=45.454546 | best=0.384282
2026-02-07 21:10:37,147 - INFO - Epoch 90/200 | train loss=31.592201 | val loss=63.636365 | best=0.384282
2026-02-07 21:10:37,318 - INFO - Epoch 100/200 | train loss=58.536585 | val loss=63.636365 | best=0.384282
2026-02-07 21:10:37,488 - INFO - Epoch 110/200 | train loss=58.536585 | val loss=63.636365 | best=0.384282
2026-02-07 21:10:37,658 - INFO - Epoch 120/200 | train loss=58.536585 | val loss=63.636365 | best=0.384282
2026-02-07 21:10:37,831 - INFO - Epoch 130/200 | train loss=58.536585 | val loss=63.636365 | best=0.384282
2026-02-07 21:10:38,001 - INFO - Epoch 140/200 | train loss=58.536585 | val loss=63.636365 | best=0.384282
2026-02-07 21:10:38,171 - INFO - Epoch 150/200 | train loss=58.536585 | val loss=63.636365 | best=0.384282
2026-02-07 21:10:38,341 - INFO - Epoch 160/200 | train loss=58.536585 | val loss=63.636365 | best=0.384282
2026-02-07 21:10:38,511 - INFO - Epoch 170/200 | train loss=58.536585 | val loss=63.636365 | best=0.384282
2026-02-07 21:10:38,681 - INFO - Epoch 180/200 | train loss=58.536585 | val loss=63.636365 | best=0.384282
2026-02-07 21:10:38,851 - INFO - Epoch 190/200 | train loss=58.536585 | val loss=63.636365 | best=0.384282
2026-02-07 21:10:39,023 - INFO - Epoch 200/200 | train loss=58.536585 | val loss=63.636365 | best=0.384282
2026-02-07 21:10:39,034 - INFO - Loaded best model from results/model/best_model.pth (epoch 53)
2026-02-07 21:10:39,046 - INFO - Saved final model to: results/model/final_model_20260207_211039.pth
2026-02-07 21:10:39,056 - INFO - Validation metrics: {
  "val_threshold": 0.5800540447235107,
  "val_acc": 0.9090909090909091,
  "val_f1": 0.8888888888888888,
  "val_precision": 0.8,
  "val_recall": 1.0,
  "val_auc": 0.9285714285714286,
  "val_ap": 0.8875
}
2026-02-07 21:10:39,058 - INFO - 4) Running SHAP ...
2026-02-07 21:10:41,230 - INFO - SHAP outputs saved to: results/shap
2026-02-07 21:10:41,231 - INFO - Done. Total time: 6.83s
2026-02-07 21:10:41,231 - INFO - Output dir: results
2026-02-07 21:15:48,500 - INFO - Using device: cuda
2026-02-07 21:15:48,501 - INFO - Hyperparameters: {
  "batch_size": 8,
  "learning_rate": 0.005,
  "num_epochs": 200,
  "hidden_dim": 512,
  "num_blocks": 4,
  "dropout": 0.1,
  "feature_type": "DIFF",
  "zscore_normalize": false,
  "response_threshold": 5,
  "val_ratio": 0.2,
  "early_stop_patience": 150,
  "early_stop_min_epochs": 1
}
2026-02-07 21:15:48,501 - INFO - 1) Parsing Excel data ...
2026-02-07 21:15:48,676 - INFO - Parsing patient data from Excel (grouped by 姓名 + 日期)...
2026-02-07 21:15:48,791 - WARNING - Missing diff files for name=鞠喆, date=2025-11-24 00:00:00
2026-02-07 21:15:48,793 - WARNING - Missing diff files for name=鞠喆, date=2025-12-08 00:00:00
2026-02-07 21:15:48,812 - INFO - Found 52 valid pre-treatment samples with complete data
2026-02-07 21:15:48,812 - INFO - 2) Preparing data matrix ...
2026-02-07 21:15:48,812 - INFO - Preparing features and labels (sample_type=diff, zscore_normalize=False)...
2026-02-07 21:15:48,842 - INFO - Final dataset: 52 samples, 332 features
2026-02-07 21:15:48,842 - INFO - Class distribution: [31 21]
2026-02-07 21:15:48,842 - INFO - 3) Training final model on all data (with train/val split) ...
2026-02-07 21:15:49,564 - INFO - Start training final model. Train=41, Val=11
2026-02-07 21:15:49,704 - INFO - Epoch 1/200 | train loss=2.618603 | val loss=9.267652 | best=inf
2026-02-07 21:15:49,889 - INFO - Epoch 10/200 | train loss=0.668721 | val loss=1.243917 | best=0.613813
2026-02-07 21:15:50,059 - INFO - Epoch 20/200 | train loss=0.467998 | val loss=9.672818 | best=0.613813
2026-02-07 21:15:50,229 - INFO - Epoch 30/200 | train loss=0.588833 | val loss=0.626207 | best=0.613813
2026-02-07 21:15:50,398 - INFO - Epoch 40/200 | train loss=0.655374 | val loss=2.248376 | best=0.613813
2026-02-07 21:15:50,580 - INFO - Epoch 50/200 | train loss=1.117308 | val loss=0.556350 | best=0.556350
2026-02-07 21:15:50,773 - INFO - Epoch 60/200 | train loss=0.299230 | val loss=0.489292 | best=0.384282
2026-02-07 21:15:50,943 - INFO - Epoch 70/200 | train loss=3.757909 | val loss=20.216397 | best=0.384282
2026-02-07 21:15:51,112 - INFO - Epoch 80/200 | train loss=26.829268 | val loss=45.454546 | best=0.384282
2026-02-07 21:15:51,284 - INFO - Epoch 90/200 | train loss=31.592201 | val loss=63.636365 | best=0.384282
2026-02-07 21:15:51,454 - INFO - Epoch 100/200 | train loss=58.536585 | val loss=63.636365 | best=0.384282
2026-02-07 21:15:51,624 - INFO - Epoch 110/200 | train loss=58.536585 | val loss=63.636365 | best=0.384282
2026-02-07 21:15:51,793 - INFO - Epoch 120/200 | train loss=58.536585 | val loss=63.636365 | best=0.384282
2026-02-07 21:15:51,963 - INFO - Epoch 130/200 | train loss=58.536585 | val loss=63.636365 | best=0.384282
2026-02-07 21:15:52,132 - INFO - Epoch 140/200 | train loss=58.536585 | val loss=63.636365 | best=0.384282
2026-02-07 21:15:52,302 - INFO - Epoch 150/200 | train loss=58.536585 | val loss=63.636365 | best=0.384282
2026-02-07 21:15:52,472 - INFO - Epoch 160/200 | train loss=58.536585 | val loss=63.636365 | best=0.384282
2026-02-07 21:15:52,641 - INFO - Epoch 170/200 | train loss=58.536585 | val loss=63.636365 | best=0.384282
2026-02-07 21:15:52,810 - INFO - Epoch 180/200 | train loss=58.536585 | val loss=63.636365 | best=0.384282
2026-02-07 21:15:52,978 - INFO - Epoch 190/200 | train loss=58.536585 | val loss=63.636365 | best=0.384282
2026-02-07 21:15:53,147 - INFO - Epoch 200/200 | train loss=58.536585 | val loss=63.636365 | best=0.384282
2026-02-07 21:15:53,158 - INFO - Loaded best model from results/model/best_model.pth (epoch 53)
2026-02-07 21:15:53,170 - INFO - Saved final model to: results/model/final_model_20260207_211553.pth
2026-02-07 21:15:53,180 - INFO - Validation metrics: {
  "val_threshold": 0.5800540447235107,
  "val_acc": 0.9090909090909091,
  "val_f1": 0.8888888888888888,
  "val_precision": 0.8,
  "val_recall": 1.0,
  "val_auc": 0.9285714285714286,
  "val_ap": 0.8875
}
2026-02-07 21:15:53,181 - INFO - 4) Running SHAP ...
2026-02-07 21:15:55,416 - INFO - SHAP outputs saved to: results/shap
2026-02-07 21:15:55,416 - INFO - Done. Total time: 6.92s
2026-02-07 21:15:55,416 - INFO - Output dir: results
2026-02-07 21:16:11,279 - INFO - Using device: cuda
2026-02-07 21:16:11,279 - INFO - Hyperparameters: {
  "batch_size": 8,
  "learning_rate": 0.005,
  "num_epochs": 200,
  "hidden_dim": 512,
  "num_blocks": 4,
  "dropout": 0.1,
  "feature_type": "DIFF",
  "zscore_normalize": false,
  "response_threshold": 5,
  "val_ratio": 0.2,
  "early_stop_patience": 150,
  "early_stop_min_epochs": 1
}
2026-02-07 21:16:11,279 - INFO - 1) Parsing Excel data ...
2026-02-07 21:16:11,458 - INFO - Parsing patient data from Excel (grouped by 姓名 + 日期)...
2026-02-07 21:16:11,536 - WARNING - Missing diff files for name=鞠喆, date=2025-11-24 00:00:00
2026-02-07 21:16:11,537 - WARNING - Missing diff files for name=鞠喆, date=2025-12-08 00:00:00
2026-02-07 21:16:11,551 - INFO - Found 52 valid pre-treatment samples with complete data
2026-02-07 21:16:11,551 - INFO - 2) Preparing data matrix ...
2026-02-07 21:16:11,551 - INFO - Preparing features and labels (sample_type=diff, zscore_normalize=False)...
2026-02-07 21:16:11,583 - INFO - Final dataset: 52 samples, 332 features
2026-02-07 21:16:11,583 - INFO - Class distribution: [31 21]
2026-02-07 21:16:11,583 - INFO - 3) Training final model on all data (with train/val split) ...
2026-02-07 21:16:12,249 - INFO - Start training final model. Train=41, Val=11
2026-02-07 21:16:12,389 - INFO - Epoch 1/200 | train loss=2.618603 | val loss=9.267652 | best=inf
2026-02-07 21:16:12,569 - INFO - Epoch 10/200 | train loss=0.668721 | val loss=1.243917 | best=0.613813
2026-02-07 21:16:12,739 - INFO - Epoch 20/200 | train loss=0.467998 | val loss=9.672818 | best=0.613813
2026-02-07 21:16:12,909 - INFO - Epoch 30/200 | train loss=0.588833 | val loss=0.626207 | best=0.613813
2026-02-07 21:16:13,079 - INFO - Epoch 40/200 | train loss=0.655374 | val loss=2.248376 | best=0.613813
2026-02-07 21:16:13,260 - INFO - Epoch 50/200 | train loss=1.117308 | val loss=0.556350 | best=0.556350
2026-02-07 21:16:13,454 - INFO - Epoch 60/200 | train loss=0.299230 | val loss=0.489292 | best=0.384282
2026-02-07 21:16:13,624 - INFO - Epoch 70/200 | train loss=3.757909 | val loss=20.216397 | best=0.384282
2026-02-07 21:16:13,793 - INFO - Epoch 80/200 | train loss=26.829268 | val loss=45.454546 | best=0.384282
2026-02-07 21:16:13,962 - INFO - Epoch 90/200 | train loss=31.592201 | val loss=63.636365 | best=0.384282
2026-02-07 21:16:14,131 - INFO - Epoch 100/200 | train loss=58.536585 | val loss=63.636365 | best=0.384282
2026-02-07 21:16:14,300 - INFO - Epoch 110/200 | train loss=58.536585 | val loss=63.636365 | best=0.384282
2026-02-07 21:16:14,469 - INFO - Epoch 120/200 | train loss=58.536585 | val loss=63.636365 | best=0.384282
2026-02-07 21:16:14,638 - INFO - Epoch 130/200 | train loss=58.536585 | val loss=63.636365 | best=0.384282
2026-02-07 21:16:14,810 - INFO - Epoch 140/200 | train loss=58.536585 | val loss=63.636365 | best=0.384282
2026-02-07 21:16:14,979 - INFO - Epoch 150/200 | train loss=58.536585 | val loss=63.636365 | best=0.384282
2026-02-07 21:16:15,148 - INFO - Epoch 160/200 | train loss=58.536585 | val loss=63.636365 | best=0.384282
2026-02-07 21:16:15,317 - INFO - Epoch 170/200 | train loss=58.536585 | val loss=63.636365 | best=0.384282
2026-02-07 21:16:15,485 - INFO - Epoch 180/200 | train loss=58.536585 | val loss=63.636365 | best=0.384282
2026-02-07 21:16:15,654 - INFO - Epoch 190/200 | train loss=58.536585 | val loss=63.636365 | best=0.384282
2026-02-07 21:16:15,824 - INFO - Epoch 200/200 | train loss=58.536585 | val loss=63.636365 | best=0.384282
2026-02-07 21:16:15,835 - INFO - Loaded best model from results/model/best_model.pth (epoch 53)
2026-02-07 21:16:15,847 - INFO - Saved final model to: results/model/final_model_20260207_211615.pth
2026-02-07 21:16:15,857 - INFO - Validation metrics: {
  "val_threshold": 0.5800540447235107,
  "val_acc": 0.9090909090909091,
  "val_f1": 0.8888888888888888,
  "val_precision": 0.8,
  "val_recall": 1.0,
  "val_auc": 0.9285714285714286,
  "val_ap": 0.8875
}
2026-02-07 21:16:15,859 - INFO - 4) Running SHAP ...
2026-02-07 21:16:18,020 - INFO - SHAP outputs saved to: results/shap
2026-02-07 21:16:18,020 - INFO - Done. Total time: 6.74s
2026-02-07 21:16:18,020 - INFO - Output dir: results
2026-02-07 21:18:14,489 - INFO - Using device: cuda
2026-02-07 21:18:14,489 - INFO - Hyperparameters: {
  "batch_size": 8,
  "learning_rate": 0.005,
  "num_epochs": 200,
  "hidden_dim": 512,
  "num_blocks": 4,
  "dropout": 0.1,
  "feature_type": "DIFF",
  "zscore_normalize": false,
  "response_threshold": 5,
  "val_ratio": 0.2,
  "early_stop_patience": 150,
  "early_stop_min_epochs": 1
}
2026-02-07 21:18:14,489 - INFO - 1) Parsing Excel data ...
2026-02-07 21:18:14,662 - INFO - Parsing patient data from Excel (grouped by 姓名 + 日期)...
2026-02-07 21:18:14,740 - WARNING - Missing diff files for name=鞠喆, date=2025-11-24 00:00:00
2026-02-07 21:18:14,741 - WARNING - Missing diff files for name=鞠喆, date=2025-12-08 00:00:00
2026-02-07 21:18:14,755 - INFO - Found 52 valid pre-treatment samples with complete data
2026-02-07 21:18:14,755 - INFO - 2) Preparing data matrix ...
2026-02-07 21:18:14,755 - INFO - Preparing features and labels (sample_type=diff, zscore_normalize=False)...
2026-02-07 21:18:14,785 - INFO - Final dataset: 52 samples, 332 features
2026-02-07 21:18:14,785 - INFO - Class distribution: [31 21]
2026-02-07 21:18:14,785 - INFO - 3) Training final model on all data (with train/val split) ...
2026-02-07 21:18:15,506 - INFO - Start training final model. Train=41, Val=11
2026-02-07 21:18:15,645 - INFO - Epoch 1/200 | train loss=2.618603 | val loss=9.267652 | best=inf
2026-02-07 21:18:15,830 - INFO - Epoch 10/200 | train loss=0.668721 | val loss=1.243917 | best=0.613813
2026-02-07 21:18:16,000 - INFO - Epoch 20/200 | train loss=0.467998 | val loss=9.672818 | best=0.613813
2026-02-07 21:18:16,170 - INFO - Epoch 30/200 | train loss=0.588833 | val loss=0.626207 | best=0.613813
2026-02-07 21:18:16,340 - INFO - Epoch 40/200 | train loss=0.655374 | val loss=2.248376 | best=0.613813
2026-02-07 21:18:16,521 - INFO - Epoch 50/200 | train loss=1.117308 | val loss=0.556350 | best=0.556350
2026-02-07 21:18:16,714 - INFO - Epoch 60/200 | train loss=0.299230 | val loss=0.489292 | best=0.384282
2026-02-07 21:18:16,884 - INFO - Epoch 70/200 | train loss=3.757909 | val loss=20.216397 | best=0.384282
2026-02-07 21:18:17,054 - INFO - Epoch 80/200 | train loss=26.829268 | val loss=45.454546 | best=0.384282
2026-02-07 21:18:17,226 - INFO - Epoch 90/200 | train loss=31.592201 | val loss=63.636365 | best=0.384282
2026-02-07 21:18:17,396 - INFO - Epoch 100/200 | train loss=58.536585 | val loss=63.636365 | best=0.384282
2026-02-07 21:18:17,566 - INFO - Epoch 110/200 | train loss=58.536585 | val loss=63.636365 | best=0.384282
2026-02-07 21:18:17,735 - INFO - Epoch 120/200 | train loss=58.536585 | val loss=63.636365 | best=0.384282
2026-02-07 21:18:17,905 - INFO - Epoch 130/200 | train loss=58.536585 | val loss=63.636365 | best=0.384282
2026-02-07 21:18:18,087 - INFO - Epoch 140/200 | train loss=58.536585 | val loss=63.636365 | best=0.384282
2026-02-07 21:18:18,257 - INFO - Epoch 150/200 | train loss=58.536585 | val loss=63.636365 | best=0.384282
2026-02-07 21:18:18,428 - INFO - Epoch 160/200 | train loss=58.536585 | val loss=63.636365 | best=0.384282
2026-02-07 21:18:18,597 - INFO - Epoch 170/200 | train loss=58.536585 | val loss=63.636365 | best=0.384282
2026-02-07 21:18:18,768 - INFO - Epoch 180/200 | train loss=58.536585 | val loss=63.636365 | best=0.384282
2026-02-07 21:18:18,937 - INFO - Epoch 190/200 | train loss=58.536585 | val loss=63.636365 | best=0.384282
2026-02-07 21:18:19,106 - INFO - Epoch 200/200 | train loss=58.536585 | val loss=63.636365 | best=0.384282
2026-02-07 21:18:19,117 - INFO - Loaded best model from results/model/best_model.pth (epoch 53)
2026-02-07 21:18:19,128 - INFO - Saved final model to: results/model/final_model_20260207_211819.pth
2026-02-07 21:18:19,138 - INFO - Validation metrics: {
  "val_threshold": 0.5800540447235107,
  "val_acc": 0.9090909090909091,
  "val_f1": 0.8888888888888888,
  "val_precision": 0.8,
  "val_recall": 1.0,
  "val_auc": 0.9285714285714286,
  "val_ap": 0.8875
}
2026-02-07 21:18:19,140 - INFO - 4) Running SHAP ...
2026-02-07 21:18:21,313 - INFO - SHAP outputs saved to: results/shap
2026-02-07 21:18:21,313 - INFO - Done. Total time: 6.82s
2026-02-07 21:18:21,313 - INFO - Output dir: results
2026-02-07 21:19:29,798 - INFO - Using device: cuda
2026-02-07 21:19:29,798 - INFO - Hyperparameters: {
  "batch_size": 8,
  "learning_rate": 0.005,
  "num_epochs": 200,
  "hidden_dim": 512,
  "num_blocks": 4,
  "dropout": 0.1,
  "feature_type": "DIFF",
  "zscore_normalize": false,
  "response_threshold": 5,
  "val_ratio": 0.2,
  "early_stop_patience": 150,
  "early_stop_min_epochs": 1
}
2026-02-07 21:19:29,798 - INFO - 1) Parsing Excel data ...
2026-02-07 21:19:29,963 - INFO - Parsing patient data from Excel (grouped by 姓名 + 日期)...
2026-02-07 21:19:30,041 - WARNING - Missing diff files for name=鞠喆, date=2025-11-24 00:00:00
2026-02-07 21:19:30,042 - WARNING - Missing diff files for name=鞠喆, date=2025-12-08 00:00:00
2026-02-07 21:19:30,056 - INFO - Found 52 valid pre-treatment samples with complete data
2026-02-07 21:19:30,056 - INFO - 2) Preparing data matrix ...
2026-02-07 21:19:30,056 - INFO - Preparing features and labels (sample_type=diff, zscore_normalize=False)...
2026-02-07 21:19:30,086 - INFO - Final dataset: 52 samples, 332 features
2026-02-07 21:19:30,087 - INFO - Class distribution: [31 21]
2026-02-07 21:19:30,087 - INFO - 3) Training final model on all data (with train/val split) ...
2026-02-07 21:19:30,813 - INFO - Start training final model. Train=41, Val=11
2026-02-07 21:19:30,954 - INFO - Epoch 1/200 | train loss=2.618603 | val loss=9.267652 | best=inf
2026-02-07 21:19:31,140 - INFO - Epoch 10/200 | train loss=0.668721 | val loss=1.243917 | best=0.613813
2026-02-07 21:19:31,310 - INFO - Epoch 20/200 | train loss=0.467998 | val loss=9.672818 | best=0.613813
2026-02-07 21:19:31,480 - INFO - Epoch 30/200 | train loss=0.588833 | val loss=0.626207 | best=0.613813
2026-02-07 21:19:31,651 - INFO - Epoch 40/200 | train loss=0.655374 | val loss=2.248376 | best=0.613813
2026-02-07 21:19:31,834 - INFO - Epoch 50/200 | train loss=1.117308 | val loss=0.556350 | best=0.556350
2026-02-07 21:19:32,028 - INFO - Epoch 60/200 | train loss=0.299230 | val loss=0.489292 | best=0.384282
2026-02-07 21:19:32,198 - INFO - Epoch 70/200 | train loss=3.757909 | val loss=20.216397 | best=0.384282
2026-02-07 21:19:32,370 - INFO - Epoch 80/200 | train loss=26.829268 | val loss=45.454546 | best=0.384282
2026-02-07 21:19:32,540 - INFO - Epoch 90/200 | train loss=31.592201 | val loss=63.636365 | best=0.384282
2026-02-07 21:19:32,710 - INFO - Epoch 100/200 | train loss=58.536585 | val loss=63.636365 | best=0.384282
2026-02-07 21:19:32,880 - INFO - Epoch 110/200 | train loss=58.536585 | val loss=63.636365 | best=0.384282
2026-02-07 21:19:33,050 - INFO - Epoch 120/200 | train loss=58.536585 | val loss=63.636365 | best=0.384282
2026-02-07 21:19:33,219 - INFO - Epoch 130/200 | train loss=58.536585 | val loss=63.636365 | best=0.384282
2026-02-07 21:19:33,389 - INFO - Epoch 140/200 | train loss=58.536585 | val loss=63.636365 | best=0.384282
2026-02-07 21:19:33,558 - INFO - Epoch 150/200 | train loss=58.536585 | val loss=63.636365 | best=0.384282
2026-02-07 21:19:33,729 - INFO - Epoch 160/200 | train loss=58.536585 | val loss=63.636365 | best=0.384282
2026-02-07 21:19:33,901 - INFO - Epoch 170/200 | train loss=58.536585 | val loss=63.636365 | best=0.384282
2026-02-07 21:19:34,070 - INFO - Epoch 180/200 | train loss=58.536585 | val loss=63.636365 | best=0.384282
2026-02-07 21:19:34,239 - INFO - Epoch 190/200 | train loss=58.536585 | val loss=63.636365 | best=0.384282
2026-02-07 21:19:34,408 - INFO - Epoch 200/200 | train loss=58.536585 | val loss=63.636365 | best=0.384282
2026-02-07 21:19:34,419 - INFO - Loaded best model from results/model/best_model.pth (epoch 53)
2026-02-07 21:19:34,430 - INFO - Saved final model to: results/model/final_model_20260207_211934.pth
2026-02-07 21:19:34,440 - INFO - Validation metrics: {
  "val_threshold": 0.5800540447235107,
  "val_acc": 0.9090909090909091,
  "val_f1": 0.8888888888888888,
  "val_precision": 0.8,
  "val_recall": 1.0,
  "val_auc": 0.9285714285714286,
  "val_ap": 0.8875
}
2026-02-07 21:19:34,442 - INFO - 4) Running SHAP ...
2026-02-07 21:19:36,608 - INFO - SHAP outputs saved to: results/shap
2026-02-07 21:19:36,609 - INFO - Done. Total time: 6.81s
2026-02-07 21:19:36,609 - INFO - Output dir: results
2026-02-07 21:21:45,475 - INFO - Using device: cuda
2026-02-07 21:21:45,475 - INFO - Hyperparameters: {
  "batch_size": 8,
  "learning_rate": 0.005,
  "num_epochs": 200,
  "hidden_dim": 512,
  "num_blocks": 4,
  "dropout": 0.1,
  "feature_type": "DIFF",
  "zscore_normalize": false,
  "response_threshold": 5,
  "val_ratio": 0.2,
  "early_stop_patience": 150,
  "early_stop_min_epochs": 1
}
2026-02-07 21:21:45,476 - INFO - 1) Parsing Excel data ...
2026-02-07 21:21:45,649 - INFO - Parsing patient data from Excel (grouped by 姓名 + 日期)...
2026-02-07 21:21:45,726 - WARNING - Missing diff files for name=鞠喆, date=2025-11-24 00:00:00
2026-02-07 21:21:45,727 - WARNING - Missing diff files for name=鞠喆, date=2025-12-08 00:00:00
2026-02-07 21:21:45,741 - INFO - Found 52 valid pre-treatment samples with complete data
2026-02-07 21:21:45,741 - INFO - 2) Preparing data matrix ...
2026-02-07 21:21:45,741 - INFO - Preparing features and labels (sample_type=diff, zscore_normalize=False)...
2026-02-07 21:21:45,771 - INFO - Final dataset: 52 samples, 332 features
2026-02-07 21:21:45,771 - INFO - Class distribution: [31 21]
2026-02-07 21:21:45,771 - INFO - 3) Training final model on all data (with train/val split) ...
2026-02-07 21:21:46,488 - INFO - Start training final model. Train=41, Val=11
2026-02-07 21:21:46,627 - INFO - Epoch 1/200 | train loss=2.618603 | val loss=9.267652 | best=inf
2026-02-07 21:21:46,814 - INFO - Epoch 10/200 | train loss=0.668721 | val loss=1.243917 | best=0.613813
2026-02-07 21:21:46,984 - INFO - Epoch 20/200 | train loss=0.467998 | val loss=9.672818 | best=0.613813
2026-02-07 21:21:47,155 - INFO - Epoch 30/200 | train loss=0.588833 | val loss=0.626207 | best=0.613813
2026-02-07 21:21:47,326 - INFO - Epoch 40/200 | train loss=0.655374 | val loss=2.248376 | best=0.613813
2026-02-07 21:21:47,508 - INFO - Epoch 50/200 | train loss=1.117308 | val loss=0.556350 | best=0.556350
2026-02-07 21:21:47,703 - INFO - Epoch 60/200 | train loss=0.299230 | val loss=0.489292 | best=0.384282
2026-02-07 21:21:47,873 - INFO - Epoch 70/200 | train loss=3.757909 | val loss=20.216397 | best=0.384282
2026-02-07 21:21:48,043 - INFO - Epoch 80/200 | train loss=26.829268 | val loss=45.454546 | best=0.384282
2026-02-07 21:21:48,216 - INFO - Epoch 90/200 | train loss=31.592201 | val loss=63.636365 | best=0.384282
2026-02-07 21:21:48,386 - INFO - Epoch 100/200 | train loss=58.536585 | val loss=63.636365 | best=0.384282
2026-02-07 21:21:48,556 - INFO - Epoch 110/200 | train loss=58.536585 | val loss=63.636365 | best=0.384282
2026-02-07 21:21:48,726 - INFO - Epoch 120/200 | train loss=58.536585 | val loss=63.636365 | best=0.384282
2026-02-07 21:21:48,898 - INFO - Epoch 130/200 | train loss=58.536585 | val loss=63.636365 | best=0.384282
2026-02-07 21:21:49,068 - INFO - Epoch 140/200 | train loss=58.536585 | val loss=63.636365 | best=0.384282
2026-02-07 21:21:49,238 - INFO - Epoch 150/200 | train loss=58.536585 | val loss=63.636365 | best=0.384282
2026-02-07 21:21:49,410 - INFO - Epoch 160/200 | train loss=58.536585 | val loss=63.636365 | best=0.384282
2026-02-07 21:21:49,580 - INFO - Epoch 170/200 | train loss=58.536585 | val loss=63.636365 | best=0.384282
2026-02-07 21:21:49,749 - INFO - Epoch 180/200 | train loss=58.536585 | val loss=63.636365 | best=0.384282
2026-02-07 21:21:49,918 - INFO - Epoch 190/200 | train loss=58.536585 | val loss=63.636365 | best=0.384282
2026-02-07 21:21:50,087 - INFO - Epoch 200/200 | train loss=58.536585 | val loss=63.636365 | best=0.384282
2026-02-07 21:21:50,098 - INFO - Loaded best model from results/model/best_model.pth (epoch 53)
2026-02-07 21:21:50,112 - INFO - Saved final model to: results/model/final_model_20260207_212150.pth
2026-02-07 21:21:50,121 - INFO - Validation metrics: {
  "val_threshold": 0.5800540447235107,
  "val_acc": 0.9090909090909091,
  "val_f1": 0.8888888888888888,
  "val_precision": 0.8,
  "val_recall": 1.0,
  "val_auc": 0.9285714285714286,
  "val_ap": 0.8875
}
2026-02-07 21:21:50,124 - INFO - 4) Running SHAP ...
2026-02-07 21:21:52,281 - INFO - SHAP outputs saved to: results/shap
2026-02-07 21:21:52,281 - INFO - Done. Total time: 6.81s
2026-02-07 21:21:52,281 - INFO - Output dir: results
2026-02-07 21:22:42,634 - INFO - Using device: cuda
2026-02-07 21:22:42,634 - INFO - Hyperparameters: {
  "batch_size": 8,
  "learning_rate": 0.005,
  "num_epochs": 200,
  "hidden_dim": 512,
  "num_blocks": 4,
  "dropout": 0.1,
  "feature_type": "DIFF",
  "zscore_normalize": false,
  "response_threshold": 5,
  "val_ratio": 0.2,
  "early_stop_patience": 150,
  "early_stop_min_epochs": 1
}
2026-02-07 21:22:42,634 - INFO - 1) Parsing Excel data ...
2026-02-07 21:22:42,804 - INFO - Parsing patient data from Excel (grouped by 姓名 + 日期)...
2026-02-07 21:22:42,882 - WARNING - Missing diff files for name=鞠喆, date=2025-11-24 00:00:00
2026-02-07 21:22:42,884 - WARNING - Missing diff files for name=鞠喆, date=2025-12-08 00:00:00
2026-02-07 21:22:42,897 - INFO - Found 52 valid pre-treatment samples with complete data
2026-02-07 21:22:42,898 - INFO - 2) Preparing data matrix ...
2026-02-07 21:22:42,898 - INFO - Preparing features and labels (sample_type=diff, zscore_normalize=False)...
2026-02-07 21:22:42,927 - INFO - Final dataset: 52 samples, 332 features
2026-02-07 21:22:42,927 - INFO - Class distribution: [31 21]
2026-02-07 21:22:42,927 - INFO - 3) Training final model on all data (with train/val split) ...
2026-02-07 21:22:43,642 - INFO - Start training final model. Train=41, Val=11
2026-02-07 21:22:43,781 - INFO - Epoch 1/200 | train loss=2.618603 | val loss=9.267652 | best=inf
2026-02-07 21:22:43,960 - INFO - Epoch 10/200 | train loss=0.668721 | val loss=1.243917 | best=0.613813
2026-02-07 21:22:44,131 - INFO - Epoch 20/200 | train loss=0.467998 | val loss=9.672818 | best=0.613813
2026-02-07 21:22:44,301 - INFO - Epoch 30/200 | train loss=0.588833 | val loss=0.626207 | best=0.613813
2026-02-07 21:22:44,471 - INFO - Epoch 40/200 | train loss=0.655374 | val loss=2.248376 | best=0.613813
2026-02-07 21:22:44,653 - INFO - Epoch 50/200 | train loss=1.117308 | val loss=0.556350 | best=0.556350
2026-02-07 21:22:44,846 - INFO - Epoch 60/200 | train loss=0.299230 | val loss=0.489292 | best=0.384282
2026-02-07 21:22:45,016 - INFO - Epoch 70/200 | train loss=3.757909 | val loss=20.216397 | best=0.384282
2026-02-07 21:22:45,186 - INFO - Epoch 80/200 | train loss=26.829268 | val loss=45.454546 | best=0.384282
2026-02-07 21:22:45,358 - INFO - Epoch 90/200 | train loss=31.592201 | val loss=63.636365 | best=0.384282
2026-02-07 21:22:45,528 - INFO - Epoch 100/200 | train loss=58.536585 | val loss=63.636365 | best=0.384282
2026-02-07 21:22:45,698 - INFO - Epoch 110/200 | train loss=58.536585 | val loss=63.636365 | best=0.384282
2026-02-07 21:22:45,867 - INFO - Epoch 120/200 | train loss=58.536585 | val loss=63.636365 | best=0.384282
2026-02-07 21:22:46,037 - INFO - Epoch 130/200 | train loss=58.536585 | val loss=63.636365 | best=0.384282
2026-02-07 21:22:46,206 - INFO - Epoch 140/200 | train loss=58.536585 | val loss=63.636365 | best=0.384282
2026-02-07 21:22:46,376 - INFO - Epoch 150/200 | train loss=58.536585 | val loss=63.636365 | best=0.384282
2026-02-07 21:22:46,547 - INFO - Epoch 160/200 | train loss=58.536585 | val loss=63.636365 | best=0.384282
2026-02-07 21:22:46,716 - INFO - Epoch 170/200 | train loss=58.536585 | val loss=63.636365 | best=0.384282
2026-02-07 21:22:46,885 - INFO - Epoch 180/200 | train loss=58.536585 | val loss=63.636365 | best=0.384282
2026-02-07 21:22:47,054 - INFO - Epoch 190/200 | train loss=58.536585 | val loss=63.636365 | best=0.384282
2026-02-07 21:22:47,222 - INFO - Epoch 200/200 | train loss=58.536585 | val loss=63.636365 | best=0.384282
2026-02-07 21:22:47,233 - INFO - Loaded best model from results/model/best_model.pth (epoch 53)
2026-02-07 21:22:47,246 - INFO - Saved final model to: results/model/final_model_20260207_212247.pth
2026-02-07 21:22:47,255 - INFO - Validation metrics: {
  "val_threshold": 0.5800540447235107,
  "val_acc": 0.9090909090909091,
  "val_f1": 0.8888888888888888,
  "val_precision": 0.8,
  "val_recall": 1.0,
  "val_auc": 0.9285714285714286,
  "val_ap": 0.8875
}
2026-02-07 21:22:47,257 - INFO - 4) Running SHAP ...
2026-02-07 21:22:49,428 - INFO - SHAP outputs saved to: results/shap
2026-02-07 21:22:49,428 - INFO - Done. Total time: 6.79s
2026-02-07 21:22:49,428 - INFO - Output dir: results
2026-02-07 21:27:19,692 - INFO - Using device: cuda
2026-02-07 21:27:19,692 - INFO - Hyperparameters: {
  "batch_size": 8,
  "learning_rate": 0.005,
  "num_epochs": 200,
  "hidden_dim": 512,
  "num_blocks": 4,
  "dropout": 0.1,
  "feature_type": "DIFF",
  "zscore_normalize": false,
  "response_threshold": 5,
  "val_ratio": 0.2,
  "early_stop_patience": 150,
  "early_stop_min_epochs": 1
}
2026-02-07 21:27:19,692 - INFO - 1) Parsing Excel data ...
2026-02-07 21:27:19,860 - INFO - Parsing patient data from Excel (grouped by 姓名 + 日期)...
2026-02-07 21:27:19,937 - WARNING - Missing diff files for name=鞠喆, date=2025-11-24 00:00:00
2026-02-07 21:27:19,938 - WARNING - Missing diff files for name=鞠喆, date=2025-12-08 00:00:00
2026-02-07 21:27:19,952 - INFO - Found 52 valid pre-treatment samples with complete data
2026-02-07 21:27:19,952 - INFO - 2) Preparing data matrix ...
2026-02-07 21:27:19,952 - INFO - Preparing features and labels (sample_type=diff, zscore_normalize=False)...
2026-02-07 21:27:19,982 - INFO - Final dataset: 52 samples, 332 features
2026-02-07 21:27:19,982 - INFO - Class distribution: [31 21]
2026-02-07 21:27:19,982 - INFO - 3) Training final model on all data (with train/val split) ...
2026-02-07 21:27:20,690 - INFO - Start training final model. Train=41, Val=11
2026-02-07 21:27:20,829 - INFO - Epoch 1/200 | train loss=2.618603 | val loss=9.267652 | best=inf
2026-02-07 21:27:21,007 - INFO - Epoch 10/200 | train loss=0.668721 | val loss=1.243917 | best=0.613813
2026-02-07 21:27:21,176 - INFO - Epoch 20/200 | train loss=0.467998 | val loss=9.672818 | best=0.613813
2026-02-07 21:27:21,344 - INFO - Epoch 30/200 | train loss=0.588833 | val loss=0.626207 | best=0.613813
2026-02-07 21:27:21,513 - INFO - Epoch 40/200 | train loss=0.655374 | val loss=2.248376 | best=0.613813
2026-02-07 21:27:21,693 - INFO - Epoch 50/200 | train loss=1.117308 | val loss=0.556350 | best=0.556350
2026-02-07 21:27:21,886 - INFO - Epoch 60/200 | train loss=0.299230 | val loss=0.489292 | best=0.384282
2026-02-07 21:27:22,055 - INFO - Epoch 70/200 | train loss=3.757909 | val loss=20.216397 | best=0.384282
2026-02-07 21:27:22,223 - INFO - Epoch 80/200 | train loss=26.829268 | val loss=45.454546 | best=0.384282
2026-02-07 21:27:22,394 - INFO - Epoch 90/200 | train loss=31.592201 | val loss=63.636365 | best=0.384282
2026-02-07 21:27:22,563 - INFO - Epoch 100/200 | train loss=58.536585 | val loss=63.636365 | best=0.384282
2026-02-07 21:27:22,731 - INFO - Epoch 110/200 | train loss=58.536585 | val loss=63.636365 | best=0.384282
2026-02-07 21:27:22,900 - INFO - Epoch 120/200 | train loss=58.536585 | val loss=63.636365 | best=0.384282
2026-02-07 21:27:23,068 - INFO - Epoch 130/200 | train loss=58.536585 | val loss=63.636365 | best=0.384282
2026-02-07 21:27:23,236 - INFO - Epoch 140/200 | train loss=58.536585 | val loss=63.636365 | best=0.384282
2026-02-07 21:27:23,405 - INFO - Epoch 150/200 | train loss=58.536585 | val loss=63.636365 | best=0.384282
2026-02-07 21:27:23,574 - INFO - Epoch 160/200 | train loss=58.536585 | val loss=63.636365 | best=0.384282
2026-02-07 21:27:23,742 - INFO - Epoch 170/200 | train loss=58.536585 | val loss=63.636365 | best=0.384282
2026-02-07 21:27:23,909 - INFO - Epoch 180/200 | train loss=58.536585 | val loss=63.636365 | best=0.384282
2026-02-07 21:27:24,076 - INFO - Epoch 190/200 | train loss=58.536585 | val loss=63.636365 | best=0.384282
2026-02-07 21:27:24,244 - INFO - Epoch 200/200 | train loss=58.536585 | val loss=63.636365 | best=0.384282
2026-02-07 21:27:24,254 - INFO - Loaded best model from results/model/best_model.pth (epoch 53)
2026-02-07 21:27:24,266 - INFO - Saved final model to: results/model/final_model_20260207_212724.pth
2026-02-07 21:27:24,275 - INFO - Validation metrics: {
  "val_threshold": 0.5800540447235107,
  "val_acc": 0.9090909090909091,
  "val_f1": 0.8888888888888888,
  "val_precision": 0.8,
  "val_recall": 1.0,
  "val_auc": 0.9285714285714286,
  "val_ap": 0.8875
}
2026-02-07 21:27:24,278 - INFO - 4) Running SHAP ...
2026-02-07 21:27:26,458 - INFO - SHAP outputs saved to: results/shap
2026-02-07 21:27:26,458 - INFO - Done. Total time: 6.77s
2026-02-07 21:27:26,458 - INFO - Output dir: results
2026-02-07 21:30:16,079 - INFO - Using device: cuda
2026-02-07 21:30:16,079 - INFO - Hyperparameters: {
  "batch_size": 8,
  "learning_rate": 0.005,
  "num_epochs": 200,
  "hidden_dim": 512,
  "num_blocks": 4,
  "dropout": 0.1,
  "feature_type": "DIFF",
  "zscore_normalize": false,
  "response_threshold": 5,
  "val_ratio": 0.2,
  "early_stop_patience": 150,
  "early_stop_min_epochs": 1
}
2026-02-07 21:30:16,079 - INFO - 1) Parsing Excel data ...
2026-02-07 21:30:16,251 - INFO - Parsing patient data from Excel (grouped by 姓名 + 日期)...
2026-02-07 21:30:16,329 - WARNING - Missing diff files for name=鞠喆, date=2025-11-24 00:00:00
2026-02-07 21:30:16,330 - WARNING - Missing diff files for name=鞠喆, date=2025-12-08 00:00:00
2026-02-07 21:30:16,344 - INFO - Found 52 valid pre-treatment samples with complete data
2026-02-07 21:30:16,344 - INFO - 2) Preparing data matrix ...
2026-02-07 21:30:16,344 - INFO - Preparing features and labels (sample_type=diff, zscore_normalize=False)...
2026-02-07 21:30:16,375 - INFO - Final dataset: 52 samples, 332 features
2026-02-07 21:30:16,375 - INFO - Class distribution: [31 21]
2026-02-07 21:30:16,375 - INFO - 3) Training final model on all data (with train/val split) ...
2026-02-07 21:30:17,111 - INFO - Start training final model. Train=41, Val=11
2026-02-07 21:30:17,250 - INFO - Epoch 1/200 | train loss=2.618603 | val loss=9.267652 | best=inf
2026-02-07 21:30:17,438 - INFO - Epoch 10/200 | train loss=0.668721 | val loss=1.243917 | best=0.613813
2026-02-07 21:30:17,609 - INFO - Epoch 20/200 | train loss=0.467998 | val loss=9.672818 | best=0.613813
2026-02-07 21:30:17,780 - INFO - Epoch 30/200 | train loss=0.588833 | val loss=0.626207 | best=0.613813
2026-02-07 21:30:17,951 - INFO - Epoch 40/200 | train loss=0.655374 | val loss=2.248376 | best=0.613813
2026-02-07 21:30:18,133 - INFO - Epoch 50/200 | train loss=1.117308 | val loss=0.556350 | best=0.556350
2026-02-07 21:30:18,328 - INFO - Epoch 60/200 | train loss=0.299230 | val loss=0.489292 | best=0.384282
2026-02-07 21:30:18,499 - INFO - Epoch 70/200 | train loss=3.757909 | val loss=20.216397 | best=0.384282
2026-02-07 21:30:18,670 - INFO - Epoch 80/200 | train loss=26.829268 | val loss=45.454546 | best=0.384282
2026-02-07 21:30:18,843 - INFO - Epoch 90/200 | train loss=31.592201 | val loss=63.636365 | best=0.384282
2026-02-07 21:30:19,013 - INFO - Epoch 100/200 | train loss=58.536585 | val loss=63.636365 | best=0.384282
2026-02-07 21:30:19,184 - INFO - Epoch 110/200 | train loss=58.536585 | val loss=63.636365 | best=0.384282
2026-02-07 21:30:19,354 - INFO - Epoch 120/200 | train loss=58.536585 | val loss=63.636365 | best=0.384282
2026-02-07 21:30:19,525 - INFO - Epoch 130/200 | train loss=58.536585 | val loss=63.636365 | best=0.384282
2026-02-07 21:30:19,695 - INFO - Epoch 140/200 | train loss=58.536585 | val loss=63.636365 | best=0.384282
2026-02-07 21:30:19,865 - INFO - Epoch 150/200 | train loss=58.536585 | val loss=63.636365 | best=0.384282
2026-02-07 21:30:20,037 - INFO - Epoch 160/200 | train loss=58.536585 | val loss=63.636365 | best=0.384282
2026-02-07 21:30:20,207 - INFO - Epoch 170/200 | train loss=58.536585 | val loss=63.636365 | best=0.384282
2026-02-07 21:30:20,377 - INFO - Epoch 180/200 | train loss=58.536585 | val loss=63.636365 | best=0.384282
2026-02-07 21:30:20,546 - INFO - Epoch 190/200 | train loss=58.536585 | val loss=63.636365 | best=0.384282
2026-02-07 21:30:20,716 - INFO - Epoch 200/200 | train loss=58.536585 | val loss=63.636365 | best=0.384282
2026-02-07 21:30:20,727 - INFO - Loaded best model from results/model/best_model.pth (epoch 53)
2026-02-07 21:30:20,739 - INFO - Saved final model to: results/model/final_model_20260207_213020.pth
2026-02-07 21:30:20,748 - INFO - Validation metrics: {
  "val_threshold": 0.5800540447235107,
  "val_acc": 0.9090909090909091,
  "val_f1": 0.8888888888888888,
  "val_precision": 0.8,
  "val_recall": 1.0,
  "val_auc": 0.9285714285714286,
  "val_ap": 0.8875
}
2026-02-07 21:30:20,750 - INFO - 4) Running SHAP ...
2026-02-07 21:30:22,912 - INFO - SHAP outputs saved to: results/shap
2026-02-07 21:30:22,912 - INFO - Done. Total time: 6.83s
2026-02-07 21:30:22,912 - INFO - Output dir: results
2026-02-07 21:30:46,763 - INFO - Using device: cuda
2026-02-07 21:30:46,763 - INFO - Hyperparameters: {
  "batch_size": 8,
  "learning_rate": 0.005,
  "num_epochs": 200,
  "hidden_dim": 512,
  "num_blocks": 4,
  "dropout": 0.1,
  "feature_type": "DIFF",
  "zscore_normalize": false,
  "response_threshold": 5,
  "val_ratio": 0.2,
  "early_stop_patience": 150,
  "early_stop_min_epochs": 1
}
2026-02-07 21:30:46,764 - INFO - 1) Parsing Excel data ...
2026-02-07 21:30:46,933 - INFO - Parsing patient data from Excel (grouped by 姓名 + 日期)...
2026-02-07 21:30:47,011 - WARNING - Missing diff files for name=鞠喆, date=2025-11-24 00:00:00
2026-02-07 21:30:47,012 - WARNING - Missing diff files for name=鞠喆, date=2025-12-08 00:00:00
2026-02-07 21:30:47,026 - INFO - Found 52 valid pre-treatment samples with complete data
2026-02-07 21:30:47,026 - INFO - 2) Preparing data matrix ...
2026-02-07 21:30:47,026 - INFO - Preparing features and labels (sample_type=diff, zscore_normalize=False)...
2026-02-07 21:30:47,057 - INFO - Final dataset: 52 samples, 332 features
2026-02-07 21:30:47,057 - INFO - Class distribution: [31 21]
2026-02-07 21:30:47,057 - INFO - 3) Training final model on all data (with train/val split) ...
2026-02-07 21:30:47,774 - INFO - Start training final model. Train=41, Val=11
2026-02-07 21:30:47,912 - INFO - Epoch 1/200 | train loss=2.618603 | val loss=9.267652 | best=inf
2026-02-07 21:30:48,093 - INFO - Epoch 10/200 | train loss=0.668721 | val loss=1.243917 | best=0.613813
2026-02-07 21:30:48,264 - INFO - Epoch 20/200 | train loss=0.467998 | val loss=9.672818 | best=0.613813
2026-02-07 21:30:48,435 - INFO - Epoch 30/200 | train loss=0.588833 | val loss=0.626207 | best=0.613813
2026-02-07 21:30:48,607 - INFO - Epoch 40/200 | train loss=0.655374 | val loss=2.248376 | best=0.613813
2026-02-07 21:30:48,790 - INFO - Epoch 50/200 | train loss=1.117308 | val loss=0.556350 | best=0.556350
2026-02-07 21:30:48,984 - INFO - Epoch 60/200 | train loss=0.299230 | val loss=0.489292 | best=0.384282
2026-02-07 21:30:49,155 - INFO - Epoch 70/200 | train loss=3.757909 | val loss=20.216397 | best=0.384282
2026-02-07 21:30:49,325 - INFO - Epoch 80/200 | train loss=26.829268 | val loss=45.454546 | best=0.384282
2026-02-07 21:30:49,498 - INFO - Epoch 90/200 | train loss=31.592201 | val loss=63.636365 | best=0.384282
2026-02-07 21:30:49,668 - INFO - Epoch 100/200 | train loss=58.536585 | val loss=63.636365 | best=0.384282
2026-02-07 21:30:49,839 - INFO - Epoch 110/200 | train loss=58.536585 | val loss=63.636365 | best=0.384282
2026-02-07 21:30:50,009 - INFO - Epoch 120/200 | train loss=58.536585 | val loss=63.636365 | best=0.384282
2026-02-07 21:30:50,179 - INFO - Epoch 130/200 | train loss=58.536585 | val loss=63.636365 | best=0.384282
2026-02-07 21:30:50,349 - INFO - Epoch 140/200 | train loss=58.536585 | val loss=63.636365 | best=0.384282
2026-02-07 21:30:50,519 - INFO - Epoch 150/200 | train loss=58.536585 | val loss=63.636365 | best=0.384282
2026-02-07 21:30:50,690 - INFO - Epoch 160/200 | train loss=58.536585 | val loss=63.636365 | best=0.384282
2026-02-07 21:30:50,860 - INFO - Epoch 170/200 | train loss=58.536585 | val loss=63.636365 | best=0.384282
2026-02-07 21:30:51,029 - INFO - Epoch 180/200 | train loss=58.536585 | val loss=63.636365 | best=0.384282
2026-02-07 21:30:51,199 - INFO - Epoch 190/200 | train loss=58.536585 | val loss=63.636365 | best=0.384282
2026-02-07 21:30:51,368 - INFO - Epoch 200/200 | train loss=58.536585 | val loss=63.636365 | best=0.384282
2026-02-07 21:30:51,379 - INFO - Loaded best model from results/model/best_model.pth (epoch 53)
2026-02-07 21:30:51,391 - INFO - Saved final model to: results/model/final_model_20260207_213051.pth
2026-02-07 21:30:51,401 - INFO - Validation metrics: {
  "val_threshold": 0.5800540447235107,
  "val_acc": 0.9090909090909091,
  "val_f1": 0.8888888888888888,
  "val_precision": 0.8,
  "val_recall": 1.0,
  "val_auc": 0.9285714285714286,
  "val_ap": 0.8875
}
2026-02-07 21:30:51,403 - INFO - 4) Running SHAP ...
2026-02-07 21:30:53,564 - INFO - SHAP outputs saved to: results/shap
2026-02-07 21:30:53,564 - INFO - Done. Total time: 6.80s
2026-02-07 21:30:53,565 - INFO - Output dir: results
2026-02-07 21:31:22,221 - INFO - Using device: cuda
2026-02-07 21:31:22,222 - INFO - Hyperparameters: {
  "batch_size": 8,
  "learning_rate": 0.005,
  "num_epochs": 200,
  "hidden_dim": 512,
  "num_blocks": 4,
  "dropout": 0.1,
  "feature_type": "DIFF",
  "zscore_normalize": false,
  "response_threshold": 5,
  "val_ratio": 0.2,
  "early_stop_patience": 150,
  "early_stop_min_epochs": 1
}
2026-02-07 21:31:22,222 - INFO - 1) Parsing Excel data ...
2026-02-07 21:31:22,385 - INFO - Parsing patient data from Excel (grouped by 姓名 + 日期)...
2026-02-07 21:31:22,463 - WARNING - Missing diff files for name=鞠喆, date=2025-11-24 00:00:00
2026-02-07 21:31:22,464 - WARNING - Missing diff files for name=鞠喆, date=2025-12-08 00:00:00
2026-02-07 21:31:22,478 - INFO - Found 52 valid pre-treatment samples with complete data
2026-02-07 21:31:22,478 - INFO - 2) Preparing data matrix ...
2026-02-07 21:31:22,478 - INFO - Preparing features and labels (sample_type=diff, zscore_normalize=False)...
2026-02-07 21:31:22,509 - INFO - Final dataset: 52 samples, 332 features
2026-02-07 21:31:22,509 - INFO - Class distribution: [31 21]
2026-02-07 21:31:22,509 - INFO - 3) Training final model on all data (with train/val split) ...
2026-02-07 21:31:23,222 - INFO - Start training final model. Train=41, Val=11
2026-02-07 21:31:23,363 - INFO - Epoch 1/200 | train loss=2.618603 | val loss=9.267652 | best=inf
2026-02-07 21:31:23,543 - INFO - Epoch 10/200 | train loss=0.668721 | val loss=1.243917 | best=0.613813
2026-02-07 21:31:23,714 - INFO - Epoch 20/200 | train loss=0.467998 | val loss=9.672818 | best=0.613813
2026-02-07 21:31:23,885 - INFO - Epoch 30/200 | train loss=0.588833 | val loss=0.626207 | best=0.613813
2026-02-07 21:31:24,056 - INFO - Epoch 40/200 | train loss=0.655374 | val loss=2.248376 | best=0.613813
2026-02-07 21:31:24,238 - INFO - Epoch 50/200 | train loss=1.117308 | val loss=0.556350 | best=0.556350
2026-02-07 21:31:24,433 - INFO - Epoch 60/200 | train loss=0.299230 | val loss=0.489292 | best=0.384282
2026-02-07 21:31:24,604 - INFO - Epoch 70/200 | train loss=3.757909 | val loss=20.216397 | best=0.384282
2026-02-07 21:31:24,776 - INFO - Epoch 80/200 | train loss=26.829268 | val loss=45.454546 | best=0.384282
2026-02-07 21:31:24,947 - INFO - Epoch 90/200 | train loss=31.592201 | val loss=63.636365 | best=0.384282
2026-02-07 21:31:25,118 - INFO - Epoch 100/200 | train loss=58.536585 | val loss=63.636365 | best=0.384282
2026-02-07 21:31:25,289 - INFO - Epoch 110/200 | train loss=58.536585 | val loss=63.636365 | best=0.384282
2026-02-07 21:31:25,460 - INFO - Epoch 120/200 | train loss=58.536585 | val loss=63.636365 | best=0.384282
2026-02-07 21:31:25,630 - INFO - Epoch 130/200 | train loss=58.536585 | val loss=63.636365 | best=0.384282
2026-02-07 21:31:25,801 - INFO - Epoch 140/200 | train loss=58.536585 | val loss=63.636365 | best=0.384282
2026-02-07 21:31:25,972 - INFO - Epoch 150/200 | train loss=58.536585 | val loss=63.636365 | best=0.384282
2026-02-07 21:31:26,144 - INFO - Epoch 160/200 | train loss=58.536585 | val loss=63.636365 | best=0.384282
2026-02-07 21:31:26,314 - INFO - Epoch 170/200 | train loss=58.536585 | val loss=63.636365 | best=0.384282
2026-02-07 21:31:26,483 - INFO - Epoch 180/200 | train loss=58.536585 | val loss=63.636365 | best=0.384282
2026-02-07 21:31:26,653 - INFO - Epoch 190/200 | train loss=58.536585 | val loss=63.636365 | best=0.384282
2026-02-07 21:31:26,822 - INFO - Epoch 200/200 | train loss=58.536585 | val loss=63.636365 | best=0.384282
2026-02-07 21:31:26,833 - INFO - Loaded best model from results/model/best_model.pth (epoch 53)
2026-02-07 21:31:26,846 - INFO - Saved final model to: results/model/final_model_20260207_213126.pth
2026-02-07 21:31:26,855 - INFO - Validation metrics: {
  "val_threshold": 0.5800540447235107,
  "val_acc": 0.9090909090909091,
  "val_f1": 0.8888888888888888,
  "val_precision": 0.8,
  "val_recall": 1.0,
  "val_auc": 0.9285714285714286,
  "val_ap": 0.8875
}
2026-02-07 21:31:26,857 - INFO - 4) Running SHAP ...
2026-02-07 21:31:29,031 - INFO - SHAP outputs saved to: results/shap
2026-02-07 21:31:29,031 - INFO - Done. Total time: 6.81s
2026-02-07 21:31:29,031 - INFO - Output dir: results
2026-02-07 21:31:52,748 - INFO - Using device: cuda
2026-02-07 21:31:52,748 - INFO - Hyperparameters: {
  "batch_size": 8,
  "learning_rate": 0.005,
  "num_epochs": 200,
  "hidden_dim": 512,
  "num_blocks": 4,
  "dropout": 0.1,
  "feature_type": "DIFF",
  "zscore_normalize": false,
  "response_threshold": 5,
  "val_ratio": 0.2,
  "early_stop_patience": 150,
  "early_stop_min_epochs": 1
}
2026-02-07 21:31:52,748 - INFO - 1) Parsing Excel data ...
2026-02-07 21:31:52,919 - INFO - Parsing patient data from Excel (grouped by 姓名 + 日期)...
2026-02-07 21:31:52,997 - WARNING - Missing diff files for name=鞠喆, date=2025-11-24 00:00:00
2026-02-07 21:31:52,998 - WARNING - Missing diff files for name=鞠喆, date=2025-12-08 00:00:00
2026-02-07 21:31:53,012 - INFO - Found 52 valid pre-treatment samples with complete data
2026-02-07 21:31:53,012 - INFO - 2) Preparing data matrix ...
2026-02-07 21:31:53,012 - INFO - Preparing features and labels (sample_type=diff, zscore_normalize=False)...
2026-02-07 21:31:53,044 - INFO - Final dataset: 52 samples, 332 features
2026-02-07 21:31:53,044 - INFO - Class distribution: [31 21]
2026-02-07 21:31:53,044 - INFO - 3) Training final model on all data (with train/val split) ...
2026-02-07 21:31:53,763 - INFO - Start training final model. Train=41, Val=11
2026-02-07 21:31:53,904 - INFO - Epoch 1/200 | train loss=2.618603 | val loss=9.267652 | best=inf
2026-02-07 21:31:54,085 - INFO - Epoch 10/200 | train loss=0.668721 | val loss=1.243917 | best=0.613813
2026-02-07 21:31:54,257 - INFO - Epoch 20/200 | train loss=0.467998 | val loss=9.672818 | best=0.613813
2026-02-07 21:31:54,429 - INFO - Epoch 30/200 | train loss=0.588833 | val loss=0.626207 | best=0.613813
2026-02-07 21:31:54,601 - INFO - Epoch 40/200 | train loss=0.655374 | val loss=2.248376 | best=0.613813
2026-02-07 21:31:54,785 - INFO - Epoch 50/200 | train loss=1.117308 | val loss=0.556350 | best=0.556350
2026-02-07 21:31:54,982 - INFO - Epoch 60/200 | train loss=0.299230 | val loss=0.489292 | best=0.384282
2026-02-07 21:31:55,154 - INFO - Epoch 70/200 | train loss=3.757909 | val loss=20.216397 | best=0.384282
2026-02-07 21:31:55,328 - INFO - Epoch 80/200 | train loss=26.829268 | val loss=45.454546 | best=0.384282
2026-02-07 21:31:55,499 - INFO - Epoch 90/200 | train loss=31.592201 | val loss=63.636365 | best=0.384282
2026-02-07 21:31:55,671 - INFO - Epoch 100/200 | train loss=58.536585 | val loss=63.636365 | best=0.384282
2026-02-07 21:31:55,843 - INFO - Epoch 110/200 | train loss=58.536585 | val loss=63.636365 | best=0.384282
2026-02-07 21:31:56,015 - INFO - Epoch 120/200 | train loss=58.536585 | val loss=63.636365 | best=0.384282
2026-02-07 21:31:56,186 - INFO - Epoch 130/200 | train loss=58.536585 | val loss=63.636365 | best=0.384282
2026-02-07 21:31:56,358 - INFO - Epoch 140/200 | train loss=58.536585 | val loss=63.636365 | best=0.384282
2026-02-07 21:31:56,529 - INFO - Epoch 150/200 | train loss=58.536585 | val loss=63.636365 | best=0.384282
2026-02-07 21:31:56,702 - INFO - Epoch 160/200 | train loss=58.536585 | val loss=63.636365 | best=0.384282
2026-02-07 21:31:56,873 - INFO - Epoch 170/200 | train loss=58.536585 | val loss=63.636365 | best=0.384282
2026-02-07 21:31:57,044 - INFO - Epoch 180/200 | train loss=58.536585 | val loss=63.636365 | best=0.384282
2026-02-07 21:31:57,214 - INFO - Epoch 190/200 | train loss=58.536585 | val loss=63.636365 | best=0.384282
2026-02-07 21:31:57,385 - INFO - Epoch 200/200 | train loss=58.536585 | val loss=63.636365 | best=0.384282
2026-02-07 21:31:57,395 - INFO - Loaded best model from results/model/best_model.pth (epoch 53)
2026-02-07 21:31:57,407 - INFO - Saved final model to: results/model/final_model_20260207_213157.pth
2026-02-07 21:31:57,417 - INFO - Validation metrics: {
  "val_threshold": 0.5800540447235107,
  "val_acc": 0.9090909090909091,
  "val_f1": 0.8888888888888888,
  "val_precision": 0.8,
  "val_recall": 1.0,
  "val_auc": 0.9285714285714286,
  "val_ap": 0.8875
}
2026-02-07 21:31:57,419 - INFO - 4) Running SHAP ...
2026-02-07 21:31:59,647 - INFO - SHAP outputs saved to: results/shap
2026-02-07 21:31:59,647 - INFO - Done. Total time: 6.90s
2026-02-07 21:31:59,647 - INFO - Output dir: results
2026-02-07 21:32:50,077 - INFO - Using device: cuda
2026-02-07 21:32:50,077 - INFO - Hyperparameters: {
  "batch_size": 8,
  "learning_rate": 0.005,
  "num_epochs": 200,
  "hidden_dim": 512,
  "num_blocks": 4,
  "dropout": 0.1,
  "feature_type": "DIFF",
  "zscore_normalize": false,
  "response_threshold": 5,
  "val_ratio": 0.2,
  "early_stop_patience": 150,
  "early_stop_min_epochs": 1
}
2026-02-07 21:32:50,078 - INFO - 1) Parsing Excel data ...
2026-02-07 21:32:50,247 - INFO - Parsing patient data from Excel (grouped by 姓名 + 日期)...
2026-02-07 21:32:50,325 - WARNING - Missing diff files for name=鞠喆, date=2025-11-24 00:00:00
2026-02-07 21:32:50,327 - WARNING - Missing diff files for name=鞠喆, date=2025-12-08 00:00:00
2026-02-07 21:32:50,341 - INFO - Found 52 valid pre-treatment samples with complete data
2026-02-07 21:32:50,341 - INFO - 2) Preparing data matrix ...
2026-02-07 21:32:50,341 - INFO - Preparing features and labels (sample_type=diff, zscore_normalize=False)...
2026-02-07 21:32:50,372 - INFO - Final dataset: 52 samples, 332 features
2026-02-07 21:32:50,372 - INFO - Class distribution: [31 21]
2026-02-07 21:32:50,372 - INFO - 3) Training final model on all data (with train/val split) ...
2026-02-07 21:32:51,084 - INFO - Start training final model. Train=41, Val=11
2026-02-07 21:32:51,230 - INFO - Epoch 1/200 | train loss=2.618603 | val loss=9.267652 | best=inf
2026-02-07 21:32:51,412 - INFO - Epoch 10/200 | train loss=0.668721 | val loss=1.243917 | best=0.613813
2026-02-07 21:32:51,584 - INFO - Epoch 20/200 | train loss=0.467998 | val loss=9.672818 | best=0.613813
2026-02-07 21:32:51,756 - INFO - Epoch 30/200 | train loss=0.588833 | val loss=0.626207 | best=0.613813
2026-02-07 21:32:51,928 - INFO - Epoch 40/200 | train loss=0.655374 | val loss=2.248376 | best=0.613813
2026-02-07 21:32:52,112 - INFO - Epoch 50/200 | train loss=1.117308 | val loss=0.556350 | best=0.556350
2026-02-07 21:32:52,308 - INFO - Epoch 60/200 | train loss=0.299230 | val loss=0.489292 | best=0.384282
2026-02-07 21:32:52,480 - INFO - Epoch 70/200 | train loss=3.757909 | val loss=20.216397 | best=0.384282
2026-02-07 21:32:52,652 - INFO - Epoch 80/200 | train loss=26.829268 | val loss=45.454546 | best=0.384282
2026-02-07 21:32:52,826 - INFO - Epoch 90/200 | train loss=31.592201 | val loss=63.636365 | best=0.384282
2026-02-07 21:32:52,999 - INFO - Epoch 100/200 | train loss=58.536585 | val loss=63.636365 | best=0.384282
2026-02-07 21:32:53,171 - INFO - Epoch 110/200 | train loss=58.536585 | val loss=63.636365 | best=0.384282
2026-02-07 21:32:53,343 - INFO - Epoch 120/200 | train loss=58.536585 | val loss=63.636365 | best=0.384282
2026-02-07 21:32:53,515 - INFO - Epoch 130/200 | train loss=58.536585 | val loss=63.636365 | best=0.384282
2026-02-07 21:32:53,687 - INFO - Epoch 140/200 | train loss=58.536585 | val loss=63.636365 | best=0.384282
2026-02-07 21:32:53,858 - INFO - Epoch 150/200 | train loss=58.536585 | val loss=63.636365 | best=0.384282
2026-02-07 21:32:54,032 - INFO - Epoch 160/200 | train loss=58.536585 | val loss=63.636365 | best=0.384282
2026-02-07 21:32:54,204 - INFO - Epoch 170/200 | train loss=58.536585 | val loss=63.636365 | best=0.384282
2026-02-07 21:32:54,375 - INFO - Epoch 180/200 | train loss=58.536585 | val loss=63.636365 | best=0.384282
2026-02-07 21:32:54,546 - INFO - Epoch 190/200 | train loss=58.536585 | val loss=63.636365 | best=0.384282
2026-02-07 21:32:54,717 - INFO - Epoch 200/200 | train loss=58.536585 | val loss=63.636365 | best=0.384282
2026-02-07 21:32:54,728 - INFO - Loaded best model from results/model/best_model.pth (epoch 53)
2026-02-07 21:32:54,739 - INFO - Saved final model to: results/model/final_model_20260207_213254.pth
2026-02-07 21:32:54,749 - INFO - Validation metrics: {
  "val_threshold": 0.5800540447235107,
  "val_acc": 0.9090909090909091,
  "val_f1": 0.8888888888888888,
  "val_precision": 0.8,
  "val_recall": 1.0,
  "val_auc": 0.9285714285714286,
  "val_ap": 0.8875
}
2026-02-07 21:32:54,751 - INFO - 4) Running SHAP ...
2026-02-07 21:32:57,026 - INFO - SHAP outputs saved to: results/shap
2026-02-07 21:32:57,026 - INFO - Done. Total time: 6.95s
2026-02-07 21:32:57,026 - INFO - Output dir: results
2026-02-07 21:35:21,282 - INFO - Using device: cuda
2026-02-07 21:35:21,282 - INFO - Hyperparameters: {
  "batch_size": 8,
  "learning_rate": 0.005,
  "num_epochs": 200,
  "hidden_dim": 512,
  "num_blocks": 4,
  "dropout": 0.1,
  "feature_type": "DIFF",
  "zscore_normalize": false,
  "response_threshold": 5,
  "val_ratio": 0.2,
  "early_stop_patience": 150,
  "early_stop_min_epochs": 1
}
2026-02-07 21:35:21,282 - INFO - 1) Parsing Excel data ...
2026-02-07 21:35:21,445 - INFO - Parsing patient data from Excel (grouped by 姓名 + 日期)...
2026-02-07 21:35:21,523 - WARNING - Missing diff files for name=鞠喆, date=2025-11-24 00:00:00
2026-02-07 21:35:21,525 - WARNING - Missing diff files for name=鞠喆, date=2025-12-08 00:00:00
2026-02-07 21:35:21,538 - INFO - Found 52 valid pre-treatment samples with complete data
2026-02-07 21:35:21,538 - INFO - 2) Preparing data matrix ...
2026-02-07 21:35:21,538 - INFO - Preparing features and labels (sample_type=diff, zscore_normalize=False)...
2026-02-07 21:35:21,568 - INFO - Final dataset: 52 samples, 332 features
2026-02-07 21:35:21,569 - INFO - Class distribution: [31 21]
2026-02-07 21:35:21,569 - INFO - 3) Training final model on all data (with train/val split) ...
2026-02-07 21:35:22,287 - INFO - Start training final model. Train=41, Val=11
2026-02-07 21:35:22,426 - INFO - Epoch 1/200 | train loss=2.618603 | val loss=9.267652 | best=inf
2026-02-07 21:35:22,609 - INFO - Epoch 10/200 | train loss=0.668721 | val loss=1.243917 | best=0.613813
2026-02-07 21:35:22,779 - INFO - Epoch 20/200 | train loss=0.467998 | val loss=9.672818 | best=0.613813
2026-02-07 21:35:22,949 - INFO - Epoch 30/200 | train loss=0.588833 | val loss=0.626207 | best=0.613813
2026-02-07 21:35:23,119 - INFO - Epoch 40/200 | train loss=0.655374 | val loss=2.248376 | best=0.613813
2026-02-07 21:35:23,300 - INFO - Epoch 50/200 | train loss=1.117308 | val loss=0.556350 | best=0.556350
2026-02-07 21:35:23,493 - INFO - Epoch 60/200 | train loss=0.299230 | val loss=0.489292 | best=0.384282
2026-02-07 21:35:23,663 - INFO - Epoch 70/200 | train loss=3.757909 | val loss=20.216397 | best=0.384282
2026-02-07 21:35:23,835 - INFO - Epoch 80/200 | train loss=26.829268 | val loss=45.454546 | best=0.384282
2026-02-07 21:35:24,004 - INFO - Epoch 90/200 | train loss=31.592201 | val loss=63.636365 | best=0.384282
2026-02-07 21:35:24,174 - INFO - Epoch 100/200 | train loss=58.536585 | val loss=63.636365 | best=0.384282
2026-02-07 21:35:24,343 - INFO - Epoch 110/200 | train loss=58.536585 | val loss=63.636365 | best=0.384282
2026-02-07 21:35:24,512 - INFO - Epoch 120/200 | train loss=58.536585 | val loss=63.636365 | best=0.384282
2026-02-07 21:35:24,681 - INFO - Epoch 130/200 | train loss=58.536585 | val loss=63.636365 | best=0.384282
2026-02-07 21:35:24,850 - INFO - Epoch 140/200 | train loss=58.536585 | val loss=63.636365 | best=0.384282
2026-02-07 21:35:25,019 - INFO - Epoch 150/200 | train loss=58.536585 | val loss=63.636365 | best=0.384282
2026-02-07 21:35:25,189 - INFO - Epoch 160/200 | train loss=58.536585 | val loss=63.636365 | best=0.384282
2026-02-07 21:35:25,357 - INFO - Epoch 170/200 | train loss=58.536585 | val loss=63.636365 | best=0.384282
2026-02-07 21:35:25,526 - INFO - Epoch 180/200 | train loss=58.536585 | val loss=63.636365 | best=0.384282
2026-02-07 21:35:25,694 - INFO - Epoch 190/200 | train loss=58.536585 | val loss=63.636365 | best=0.384282
2026-02-07 21:35:25,863 - INFO - Epoch 200/200 | train loss=58.536585 | val loss=63.636365 | best=0.384282
2026-02-07 21:35:25,874 - INFO - Loaded best model from results/model/best_model.pth (epoch 53)
2026-02-07 21:35:25,885 - INFO - Saved final model to: results/model/final_model_20260207_213525.pth
2026-02-07 21:35:25,895 - INFO - Validation metrics: {
  "val_threshold": 0.5800540447235107,
  "val_acc": 0.9090909090909091,
  "val_f1": 0.8888888888888888,
  "val_precision": 0.8,
  "val_recall": 1.0,
  "val_auc": 0.9285714285714286,
  "val_ap": 0.8875
}
2026-02-07 21:35:25,897 - INFO - 4) Running SHAP ...
2026-02-07 21:35:28,116 - INFO - SHAP outputs saved to: results/shap
2026-02-07 21:35:28,116 - INFO - Done. Total time: 6.83s
2026-02-07 21:35:28,116 - INFO - Output dir: results
2026-02-07 21:36:33,069 - INFO - Using device: cuda
2026-02-07 21:36:33,069 - INFO - Hyperparameters: {
  "batch_size": 8,
  "learning_rate": 0.005,
  "num_epochs": 200,
  "hidden_dim": 512,
  "num_blocks": 4,
  "dropout": 0.1,
  "feature_type": "DIFF",
  "zscore_normalize": false,
  "response_threshold": 5,
  "val_ratio": 0.2,
  "early_stop_patience": 150,
  "early_stop_min_epochs": 1
}
2026-02-07 21:36:33,069 - INFO - 1) Parsing Excel data ...
2026-02-07 21:36:33,242 - INFO - Parsing patient data from Excel (grouped by 姓名 + 日期)...
2026-02-07 21:36:33,319 - WARNING - Missing diff files for name=鞠喆, date=2025-11-24 00:00:00
2026-02-07 21:36:33,321 - WARNING - Missing diff files for name=鞠喆, date=2025-12-08 00:00:00
2026-02-07 21:36:33,334 - INFO - Found 52 valid pre-treatment samples with complete data
2026-02-07 21:36:33,334 - INFO - 2) Preparing data matrix ...
2026-02-07 21:36:33,335 - INFO - Preparing features and labels (sample_type=diff, zscore_normalize=False)...
2026-02-07 21:36:33,365 - INFO - Final dataset: 52 samples, 332 features
2026-02-07 21:36:33,365 - INFO - Class distribution: [31 21]
2026-02-07 21:36:33,365 - INFO - 3) Training final model on all data (with train/val split) ...
2026-02-07 21:36:34,080 - INFO - Start training final model. Train=41, Val=11
2026-02-07 21:36:34,220 - INFO - Epoch 1/200 | train loss=2.618603 | val loss=9.267652 | best=inf
2026-02-07 21:36:34,408 - INFO - Epoch 10/200 | train loss=0.668721 | val loss=1.243917 | best=0.613813
2026-02-07 21:36:34,581 - INFO - Epoch 20/200 | train loss=0.467998 | val loss=9.672818 | best=0.613813
2026-02-07 21:36:34,754 - INFO - Epoch 30/200 | train loss=0.588833 | val loss=0.626207 | best=0.613813
2026-02-07 21:36:34,928 - INFO - Epoch 40/200 | train loss=0.655374 | val loss=2.248376 | best=0.613813
2026-02-07 21:36:35,113 - INFO - Epoch 50/200 | train loss=1.117308 | val loss=0.556350 | best=0.556350
2026-02-07 21:36:35,310 - INFO - Epoch 60/200 | train loss=0.299230 | val loss=0.489292 | best=0.384282
2026-02-07 21:36:35,483 - INFO - Epoch 70/200 | train loss=3.757909 | val loss=20.216397 | best=0.384282
2026-02-07 21:36:35,656 - INFO - Epoch 80/200 | train loss=26.829268 | val loss=45.454546 | best=0.384282
2026-02-07 21:36:35,831 - INFO - Epoch 90/200 | train loss=31.592201 | val loss=63.636365 | best=0.384282
2026-02-07 21:36:36,004 - INFO - Epoch 100/200 | train loss=58.536585 | val loss=63.636365 | best=0.384282
2026-02-07 21:36:36,177 - INFO - Epoch 110/200 | train loss=58.536585 | val loss=63.636365 | best=0.384282
2026-02-07 21:36:36,350 - INFO - Epoch 120/200 | train loss=58.536585 | val loss=63.636365 | best=0.384282
2026-02-07 21:36:36,522 - INFO - Epoch 130/200 | train loss=58.536585 | val loss=63.636365 | best=0.384282
2026-02-07 21:36:36,695 - INFO - Epoch 140/200 | train loss=58.536585 | val loss=63.636365 | best=0.384282
2026-02-07 21:36:36,868 - INFO - Epoch 150/200 | train loss=58.536585 | val loss=63.636365 | best=0.384282
2026-02-07 21:36:37,042 - INFO - Epoch 160/200 | train loss=58.536585 | val loss=63.636365 | best=0.384282
2026-02-07 21:36:37,214 - INFO - Epoch 170/200 | train loss=58.536585 | val loss=63.636365 | best=0.384282
2026-02-07 21:36:37,386 - INFO - Epoch 180/200 | train loss=58.536585 | val loss=63.636365 | best=0.384282
2026-02-07 21:36:37,558 - INFO - Epoch 190/200 | train loss=58.536585 | val loss=63.636365 | best=0.384282
2026-02-07 21:36:37,730 - INFO - Epoch 200/200 | train loss=58.536585 | val loss=63.636365 | best=0.384282
2026-02-07 21:36:37,741 - INFO - Loaded best model from results/model/best_model.pth (epoch 53)
2026-02-07 21:36:37,760 - INFO - Saved final model to: results/model/final_model_20260207_213637.pth
2026-02-07 21:36:37,769 - INFO - Validation metrics: {
  "val_threshold": 0.5800540447235107,
  "val_acc": 0.9090909090909091,
  "val_f1": 0.8888888888888888,
  "val_precision": 0.8,
  "val_recall": 1.0,
  "val_auc": 0.9285714285714286,
  "val_ap": 0.8875
}
2026-02-07 21:36:37,771 - INFO - 4) Running SHAP ...
2026-02-07 21:36:39,957 - INFO - SHAP outputs saved to: results/shap
2026-02-07 21:36:39,957 - INFO - Done. Total time: 6.89s
2026-02-07 21:36:39,957 - INFO - Output dir: results
2026-02-07 21:37:34,231 - INFO - Using device: cuda
2026-02-07 21:37:34,231 - INFO - Hyperparameters: {
  "batch_size": 8,
  "learning_rate": 0.005,
  "num_epochs": 200,
  "hidden_dim": 512,
  "num_blocks": 4,
  "dropout": 0.1,
  "feature_type": "DIFF",
  "zscore_normalize": false,
  "response_threshold": 5,
  "val_ratio": 0.2,
  "early_stop_patience": 150,
  "early_stop_min_epochs": 1
}
2026-02-07 21:37:34,231 - INFO - 1) Parsing Excel data ...
2026-02-07 21:37:34,406 - INFO - Parsing patient data from Excel (grouped by 姓名 + 日期)...
2026-02-07 21:37:34,482 - WARNING - Missing diff files for name=鞠喆, date=2025-11-24 00:00:00
2026-02-07 21:37:34,484 - WARNING - Missing diff files for name=鞠喆, date=2025-12-08 00:00:00
2026-02-07 21:37:34,497 - INFO - Found 52 valid pre-treatment samples with complete data
2026-02-07 21:37:34,497 - INFO - 2) Preparing data matrix ...
2026-02-07 21:37:34,497 - INFO - Preparing features and labels (sample_type=diff, zscore_normalize=False)...
2026-02-07 21:37:34,527 - INFO - Final dataset: 52 samples, 332 features
2026-02-07 21:37:34,527 - INFO - Class distribution: [31 21]
2026-02-07 21:37:34,527 - INFO - 3) Training final model on all data (with train/val split) ...
2026-02-07 21:37:35,242 - INFO - Start training final model. Train=41, Val=11
2026-02-07 21:37:35,382 - INFO - Epoch 1/200 | train loss=2.618603 | val loss=9.267652 | best=inf
2026-02-07 21:37:35,562 - INFO - Epoch 10/200 | train loss=0.668721 | val loss=1.243917 | best=0.613813
2026-02-07 21:37:35,733 - INFO - Epoch 20/200 | train loss=0.467998 | val loss=9.672818 | best=0.613813
2026-02-07 21:37:35,903 - INFO - Epoch 30/200 | train loss=0.588833 | val loss=0.626207 | best=0.613813
2026-02-07 21:37:36,073 - INFO - Epoch 40/200 | train loss=0.655374 | val loss=2.248376 | best=0.613813
2026-02-07 21:37:36,255 - INFO - Epoch 50/200 | train loss=1.117308 | val loss=0.556350 | best=0.556350
2026-02-07 21:37:36,448 - INFO - Epoch 60/200 | train loss=0.299230 | val loss=0.489292 | best=0.384282
2026-02-07 21:37:36,618 - INFO - Epoch 70/200 | train loss=3.757909 | val loss=20.216397 | best=0.384282
2026-02-07 21:37:36,788 - INFO - Epoch 80/200 | train loss=26.829268 | val loss=45.454546 | best=0.384282
2026-02-07 21:37:36,960 - INFO - Epoch 90/200 | train loss=31.592201 | val loss=63.636365 | best=0.384282
2026-02-07 21:37:37,130 - INFO - Epoch 100/200 | train loss=58.536585 | val loss=63.636365 | best=0.384282
2026-02-07 21:37:37,299 - INFO - Epoch 110/200 | train loss=58.536585 | val loss=63.636365 | best=0.384282
2026-02-07 21:37:37,469 - INFO - Epoch 120/200 | train loss=58.536585 | val loss=63.636365 | best=0.384282
2026-02-07 21:37:37,639 - INFO - Epoch 130/200 | train loss=58.536585 | val loss=63.636365 | best=0.384282
2026-02-07 21:37:37,808 - INFO - Epoch 140/200 | train loss=58.536585 | val loss=63.636365 | best=0.384282
2026-02-07 21:37:37,978 - INFO - Epoch 150/200 | train loss=58.536585 | val loss=63.636365 | best=0.384282
2026-02-07 21:37:38,149 - INFO - Epoch 160/200 | train loss=58.536585 | val loss=63.636365 | best=0.384282
2026-02-07 21:37:38,318 - INFO - Epoch 170/200 | train loss=58.536585 | val loss=63.636365 | best=0.384282
2026-02-07 21:37:38,487 - INFO - Epoch 180/200 | train loss=58.536585 | val loss=63.636365 | best=0.384282
2026-02-07 21:37:38,655 - INFO - Epoch 190/200 | train loss=58.536585 | val loss=63.636365 | best=0.384282
2026-02-07 21:37:38,824 - INFO - Epoch 200/200 | train loss=58.536585 | val loss=63.636365 | best=0.384282
2026-02-07 21:37:38,835 - INFO - Loaded best model from results/model/best_model.pth (epoch 53)
2026-02-07 21:37:38,846 - INFO - Saved final model to: results/model/final_model_20260207_213738.pth
2026-02-07 21:37:38,856 - INFO - Validation metrics: {
  "val_threshold": 0.5800540447235107,
  "val_acc": 0.9090909090909091,
  "val_f1": 0.8888888888888888,
  "val_precision": 0.8,
  "val_recall": 1.0,
  "val_auc": 0.9285714285714286,
  "val_ap": 0.8875
}
2026-02-07 21:37:38,858 - INFO - 4) Running SHAP ...
2026-02-07 21:37:41,028 - INFO - SHAP outputs saved to: results/shap
2026-02-07 21:37:41,028 - INFO - Done. Total time: 6.80s
2026-02-07 21:37:41,028 - INFO - Output dir: results
2026-02-07 21:38:24,664 - INFO - Using device: cuda
2026-02-07 21:38:24,664 - INFO - Hyperparameters: {
  "batch_size": 8,
  "learning_rate": 0.005,
  "num_epochs": 200,
  "hidden_dim": 512,
  "num_blocks": 4,
  "dropout": 0.1,
  "feature_type": "DIFF",
  "zscore_normalize": false,
  "response_threshold": 5,
  "val_ratio": 0.2,
  "early_stop_patience": 150,
  "early_stop_min_epochs": 1
}
2026-02-07 21:38:24,664 - INFO - 1) Parsing Excel data ...
2026-02-07 21:38:24,837 - INFO - Parsing patient data from Excel (grouped by 姓名 + 日期)...
2026-02-07 21:38:24,915 - WARNING - Missing diff files for name=鞠喆, date=2025-11-24 00:00:00
2026-02-07 21:38:24,917 - WARNING - Missing diff files for name=鞠喆, date=2025-12-08 00:00:00
2026-02-07 21:38:24,930 - INFO - Found 52 valid pre-treatment samples with complete data
2026-02-07 21:38:24,930 - INFO - 2) Preparing data matrix ...
2026-02-07 21:38:24,930 - INFO - Preparing features and labels (sample_type=diff, zscore_normalize=False)...
2026-02-07 21:38:24,961 - INFO - Final dataset: 52 samples, 332 features
2026-02-07 21:38:24,961 - INFO - Class distribution: [31 21]
2026-02-07 21:38:24,961 - INFO - 3) Training final model on all data (with train/val split) ...
2026-02-07 21:38:25,667 - INFO - Start training final model. Train=41, Val=11
2026-02-07 21:38:25,808 - INFO - Epoch 1/200 | train loss=2.618603 | val loss=9.267652 | best=inf
2026-02-07 21:38:25,988 - INFO - Epoch 10/200 | train loss=0.668721 | val loss=1.243917 | best=0.613813
2026-02-07 21:38:26,158 - INFO - Epoch 20/200 | train loss=0.467998 | val loss=9.672818 | best=0.613813
2026-02-07 21:38:26,328 - INFO - Epoch 30/200 | train loss=0.588833 | val loss=0.626207 | best=0.613813
2026-02-07 21:38:26,498 - INFO - Epoch 40/200 | train loss=0.655374 | val loss=2.248376 | best=0.613813
2026-02-07 21:38:26,680 - INFO - Epoch 50/200 | train loss=1.117308 | val loss=0.556350 | best=0.556350
2026-02-07 21:38:26,874 - INFO - Epoch 60/200 | train loss=0.299230 | val loss=0.489292 | best=0.384282
2026-02-07 21:38:27,044 - INFO - Epoch 70/200 | train loss=3.757909 | val loss=20.216397 | best=0.384282
2026-02-07 21:38:27,213 - INFO - Epoch 80/200 | train loss=26.829268 | val loss=45.454546 | best=0.384282
2026-02-07 21:38:27,385 - INFO - Epoch 90/200 | train loss=31.592201 | val loss=63.636365 | best=0.384282
2026-02-07 21:38:27,555 - INFO - Epoch 100/200 | train loss=58.536585 | val loss=63.636365 | best=0.384282
2026-02-07 21:38:27,724 - INFO - Epoch 110/200 | train loss=58.536585 | val loss=63.636365 | best=0.384282
2026-02-07 21:38:27,894 - INFO - Epoch 120/200 | train loss=58.536585 | val loss=63.636365 | best=0.384282
2026-02-07 21:38:28,063 - INFO - Epoch 130/200 | train loss=58.536585 | val loss=63.636365 | best=0.384282
2026-02-07 21:38:28,233 - INFO - Epoch 140/200 | train loss=58.536585 | val loss=63.636365 | best=0.384282
2026-02-07 21:38:28,402 - INFO - Epoch 150/200 | train loss=58.536585 | val loss=63.636365 | best=0.384282
2026-02-07 21:38:28,573 - INFO - Epoch 160/200 | train loss=58.536585 | val loss=63.636365 | best=0.384282
2026-02-07 21:38:28,742 - INFO - Epoch 170/200 | train loss=58.536585 | val loss=63.636365 | best=0.384282
2026-02-07 21:38:28,911 - INFO - Epoch 180/200 | train loss=58.536585 | val loss=63.636365 | best=0.384282
2026-02-07 21:38:29,079 - INFO - Epoch 190/200 | train loss=58.536585 | val loss=63.636365 | best=0.384282
2026-02-07 21:38:29,248 - INFO - Epoch 200/200 | train loss=58.536585 | val loss=63.636365 | best=0.384282
2026-02-07 21:38:29,259 - INFO - Loaded best model from results/model/best_model.pth (epoch 53)
2026-02-07 21:38:29,270 - INFO - Saved final model to: results/model/final_model_20260207_213829.pth
2026-02-07 21:38:29,279 - INFO - Validation metrics: {
  "val_threshold": 0.5800540447235107,
  "val_acc": 0.9090909090909091,
  "val_f1": 0.8888888888888888,
  "val_precision": 0.8,
  "val_recall": 1.0,
  "val_auc": 0.9285714285714286,
  "val_ap": 0.8875
}
2026-02-07 21:38:29,281 - INFO - 4) Running SHAP ...
2026-02-07 21:38:31,514 - INFO - SHAP outputs saved to: results/shap
2026-02-07 21:38:31,514 - INFO - Done. Total time: 6.85s
2026-02-07 21:38:31,514 - INFO - Output dir: results
2026-02-07 21:38:41,988 - INFO - Using device: cuda
2026-02-07 21:38:41,988 - INFO - Hyperparameters: {
  "batch_size": 8,
  "learning_rate": 0.005,
  "num_epochs": 200,
  "hidden_dim": 512,
  "num_blocks": 4,
  "dropout": 0.1,
  "feature_type": "DIFF",
  "zscore_normalize": false,
  "response_threshold": 5,
  "val_ratio": 0.2,
  "early_stop_patience": 150,
  "early_stop_min_epochs": 1
}
2026-02-07 21:38:41,989 - INFO - 1) Parsing Excel data ...
2026-02-07 21:38:42,168 - INFO - Parsing patient data from Excel (grouped by 姓名 + 日期)...
2026-02-07 21:38:42,245 - WARNING - Missing diff files for name=鞠喆, date=2025-11-24 00:00:00
2026-02-07 21:38:42,247 - WARNING - Missing diff files for name=鞠喆, date=2025-12-08 00:00:00
2026-02-07 21:38:42,261 - INFO - Found 52 valid pre-treatment samples with complete data
2026-02-07 21:38:42,261 - INFO - 2) Preparing data matrix ...
2026-02-07 21:38:42,261 - INFO - Preparing features and labels (sample_type=diff, zscore_normalize=False)...
2026-02-07 21:38:42,292 - INFO - Final dataset: 52 samples, 332 features
2026-02-07 21:38:42,293 - INFO - Class distribution: [31 21]
2026-02-07 21:38:42,293 - INFO - 3) Training final model on all data (with train/val split) ...
2026-02-07 21:38:42,957 - INFO - Start training final model. Train=41, Val=11
2026-02-07 21:38:43,097 - INFO - Epoch 1/200 | train loss=2.618603 | val loss=9.267652 | best=inf
2026-02-07 21:38:43,278 - INFO - Epoch 10/200 | train loss=0.668721 | val loss=1.243917 | best=0.613813
2026-02-07 21:38:43,449 - INFO - Epoch 20/200 | train loss=0.467998 | val loss=9.672818 | best=0.613813
2026-02-07 21:38:43,619 - INFO - Epoch 30/200 | train loss=0.588833 | val loss=0.626207 | best=0.613813
2026-02-07 21:38:43,790 - INFO - Epoch 40/200 | train loss=0.655374 | val loss=2.248376 | best=0.613813
2026-02-07 21:38:43,972 - INFO - Epoch 50/200 | train loss=1.117308 | val loss=0.556350 | best=0.556350
2026-02-07 21:38:44,166 - INFO - Epoch 60/200 | train loss=0.299230 | val loss=0.489292 | best=0.384282
2026-02-07 21:38:44,336 - INFO - Epoch 70/200 | train loss=3.757909 | val loss=20.216397 | best=0.384282
2026-02-07 21:38:44,506 - INFO - Epoch 80/200 | train loss=26.829268 | val loss=45.454546 | best=0.384282
2026-02-07 21:38:44,676 - INFO - Epoch 90/200 | train loss=31.592201 | val loss=63.636365 | best=0.384282
2026-02-07 21:38:44,847 - INFO - Epoch 100/200 | train loss=58.536585 | val loss=63.636365 | best=0.384282
2026-02-07 21:38:45,017 - INFO - Epoch 110/200 | train loss=58.536585 | val loss=63.636365 | best=0.384282
2026-02-07 21:38:45,187 - INFO - Epoch 120/200 | train loss=58.536585 | val loss=63.636365 | best=0.384282
2026-02-07 21:38:45,359 - INFO - Epoch 130/200 | train loss=58.536585 | val loss=63.636365 | best=0.384282
2026-02-07 21:38:45,529 - INFO - Epoch 140/200 | train loss=58.536585 | val loss=63.636365 | best=0.384282
2026-02-07 21:38:45,700 - INFO - Epoch 150/200 | train loss=58.536585 | val loss=63.636365 | best=0.384282
2026-02-07 21:38:45,870 - INFO - Epoch 160/200 | train loss=58.536585 | val loss=63.636365 | best=0.384282
2026-02-07 21:38:46,040 - INFO - Epoch 170/200 | train loss=58.536585 | val loss=63.636365 | best=0.384282
2026-02-07 21:38:46,209 - INFO - Epoch 180/200 | train loss=58.536585 | val loss=63.636365 | best=0.384282
2026-02-07 21:38:46,378 - INFO - Epoch 190/200 | train loss=58.536585 | val loss=63.636365 | best=0.384282
2026-02-07 21:38:46,549 - INFO - Epoch 200/200 | train loss=58.536585 | val loss=63.636365 | best=0.384282
2026-02-07 21:38:46,560 - INFO - Loaded best model from results/model/best_model.pth (epoch 53)
2026-02-07 21:38:46,572 - INFO - Saved final model to: results/model/final_model_20260207_213846.pth
2026-02-07 21:38:46,582 - INFO - Validation metrics: {
  "val_threshold": 0.5800540447235107,
  "val_acc": 0.9090909090909091,
  "val_f1": 0.8888888888888888,
  "val_precision": 0.8,
  "val_recall": 1.0,
  "val_auc": 0.9285714285714286,
  "val_ap": 0.8875
}
2026-02-07 21:38:46,584 - INFO - 4) Running SHAP ...
2026-02-07 21:38:48,796 - INFO - SHAP outputs saved to: results/shap
2026-02-07 21:38:48,796 - INFO - Done. Total time: 6.81s
2026-02-07 21:38:48,797 - INFO - Output dir: results
2026-02-07 21:39:08,718 - INFO - Using device: cuda
2026-02-07 21:39:08,718 - INFO - Hyperparameters: {
  "batch_size": 8,
  "learning_rate": 0.005,
  "num_epochs": 200,
  "hidden_dim": 512,
  "num_blocks": 4,
  "dropout": 0.1,
  "feature_type": "DIFF",
  "zscore_normalize": false,
  "response_threshold": 5,
  "val_ratio": 0.2,
  "early_stop_patience": 150,
  "early_stop_min_epochs": 1
}
2026-02-07 21:39:08,718 - INFO - 1) Parsing Excel data ...
2026-02-07 21:39:08,897 - INFO - Parsing patient data from Excel (grouped by 姓名 + 日期)...
2026-02-07 21:39:08,974 - WARNING - Missing diff files for name=鞠喆, date=2025-11-24 00:00:00
2026-02-07 21:39:08,975 - WARNING - Missing diff files for name=鞠喆, date=2025-12-08 00:00:00
2026-02-07 21:39:08,989 - INFO - Found 52 valid pre-treatment samples with complete data
2026-02-07 21:39:08,989 - INFO - 2) Preparing data matrix ...
2026-02-07 21:39:08,989 - INFO - Preparing features and labels (sample_type=diff, zscore_normalize=False)...
2026-02-07 21:39:09,019 - INFO - Final dataset: 52 samples, 332 features
2026-02-07 21:39:09,020 - INFO - Class distribution: [31 21]
2026-02-07 21:39:09,020 - INFO - 3) Training final model on all data (with train/val split) ...
2026-02-07 21:39:09,689 - INFO - Start training final model. Train=41, Val=11
2026-02-07 21:39:09,830 - INFO - Epoch 1/200 | train loss=2.618603 | val loss=9.267652 | best=inf
2026-02-07 21:39:10,010 - INFO - Epoch 10/200 | train loss=0.668721 | val loss=1.243917 | best=0.613813
2026-02-07 21:39:10,181 - INFO - Epoch 20/200 | train loss=0.467998 | val loss=9.672818 | best=0.613813
2026-02-07 21:39:10,351 - INFO - Epoch 30/200 | train loss=0.588833 | val loss=0.626207 | best=0.613813
2026-02-07 21:39:10,521 - INFO - Epoch 40/200 | train loss=0.655374 | val loss=2.248376 | best=0.613813
2026-02-07 21:39:10,704 - INFO - Epoch 50/200 | train loss=1.117308 | val loss=0.556350 | best=0.556350
2026-02-07 21:39:10,898 - INFO - Epoch 60/200 | train loss=0.299230 | val loss=0.489292 | best=0.384282
2026-02-07 21:39:11,069 - INFO - Epoch 70/200 | train loss=3.757909 | val loss=20.216397 | best=0.384282
2026-02-07 21:39:11,239 - INFO - Epoch 80/200 | train loss=26.829268 | val loss=45.454546 | best=0.384282
2026-02-07 21:39:11,409 - INFO - Epoch 90/200 | train loss=31.592201 | val loss=63.636365 | best=0.384282
2026-02-07 21:39:11,579 - INFO - Epoch 100/200 | train loss=58.536585 | val loss=63.636365 | best=0.384282
2026-02-07 21:39:11,749 - INFO - Epoch 110/200 | train loss=58.536585 | val loss=63.636365 | best=0.384282
2026-02-07 21:39:11,919 - INFO - Epoch 120/200 | train loss=58.536585 | val loss=63.636365 | best=0.384282
2026-02-07 21:39:12,091 - INFO - Epoch 130/200 | train loss=58.536585 | val loss=63.636365 | best=0.384282
2026-02-07 21:39:12,261 - INFO - Epoch 140/200 | train loss=58.536585 | val loss=63.636365 | best=0.384282
2026-02-07 21:39:12,431 - INFO - Epoch 150/200 | train loss=58.536585 | val loss=63.636365 | best=0.384282
2026-02-07 21:39:12,601 - INFO - Epoch 160/200 | train loss=58.536585 | val loss=63.636365 | best=0.384282
2026-02-07 21:39:12,771 - INFO - Epoch 170/200 | train loss=58.536585 | val loss=63.636365 | best=0.384282
2026-02-07 21:39:12,940 - INFO - Epoch 180/200 | train loss=58.536585 | val loss=63.636365 | best=0.384282
2026-02-07 21:39:13,110 - INFO - Epoch 190/200 | train loss=58.536585 | val loss=63.636365 | best=0.384282
2026-02-07 21:39:13,281 - INFO - Epoch 200/200 | train loss=58.536585 | val loss=63.636365 | best=0.384282
2026-02-07 21:39:13,292 - INFO - Loaded best model from results/model/best_model.pth (epoch 53)
2026-02-07 21:39:13,304 - INFO - Saved final model to: results/model/final_model_20260207_213913.pth
2026-02-07 21:39:13,314 - INFO - Validation metrics: {
  "val_threshold": 0.5800540447235107,
  "val_acc": 0.9090909090909091,
  "val_f1": 0.8888888888888888,
  "val_precision": 0.8,
  "val_recall": 1.0,
  "val_auc": 0.9285714285714286,
  "val_ap": 0.8875
}
2026-02-07 21:39:13,316 - INFO - 4) Running SHAP ...
2026-02-07 21:39:15,558 - INFO - SHAP outputs saved to: results/shap
2026-02-07 21:39:15,558 - INFO - Done. Total time: 6.84s
2026-02-07 21:39:15,558 - INFO - Output dir: results
2026-02-08 10:15:53,797 - INFO - Using device: cuda
2026-02-08 10:15:53,798 - INFO - Hyperparameters: {
  "batch_size": 8,
  "learning_rate": 0.005,
  "num_epochs": 200,
  "hidden_dim": 512,
  "num_blocks": 4,
  "dropout": 0.1,
  "feature_type": "DIFF",
  "zscore_normalize": false,
  "response_threshold": 5,
  "val_ratio": 0.2,
  "early_stop_patience": 150,
  "early_stop_min_epochs": 1
}
2026-02-08 10:15:53,798 - INFO - 1) Parsing Excel data ...
2026-02-08 10:15:54,136 - INFO - Parsing patient data from Excel (grouped by 姓名 + 日期)...
2026-02-08 10:15:59,930 - WARNING - Missing diff files for name=鞠喆, date=2025-11-24 00:00:00
2026-02-08 10:15:59,932 - WARNING - Missing diff files for name=鞠喆, date=2025-12-08 00:00:00
2026-02-08 10:16:00,625 - INFO - Found 52 valid pre-treatment samples with complete data
2026-02-08 10:16:00,625 - INFO - 2) Preparing data matrix ...
2026-02-08 10:16:00,626 - INFO - Preparing features and labels (sample_type=diff, zscore_normalize=False)...
2026-02-08 10:16:02,456 - INFO - Final dataset: 52 samples, 332 features
2026-02-08 10:16:02,456 - INFO - Class distribution: [31 21]
2026-02-08 10:16:02,456 - INFO - 3) Training final model on all data (with train/val split) ...
2026-02-08 10:16:03,573 - INFO - Start training final model. Train=41, Val=11
2026-02-08 10:16:03,975 - INFO - Epoch 1/200 | train loss=2.618603 | val loss=9.267652 | best=inf
2026-02-08 10:16:04,159 - INFO - Epoch 10/200 | train loss=0.668721 | val loss=1.243917 | best=0.613813
2026-02-08 10:16:04,329 - INFO - Epoch 20/200 | train loss=0.467998 | val loss=9.672818 | best=0.613813
2026-02-08 10:16:04,499 - INFO - Epoch 30/200 | train loss=0.588833 | val loss=0.626207 | best=0.613813
2026-02-08 10:16:04,669 - INFO - Epoch 40/200 | train loss=0.655374 | val loss=2.248376 | best=0.613813
2026-02-08 10:16:04,851 - INFO - Epoch 50/200 | train loss=1.117308 | val loss=0.556350 | best=0.556350
2026-02-08 10:16:05,047 - INFO - Epoch 60/200 | train loss=0.299230 | val loss=0.489292 | best=0.384282
2026-02-08 10:16:05,217 - INFO - Epoch 70/200 | train loss=3.757909 | val loss=20.216397 | best=0.384282
2026-02-08 10:16:05,387 - INFO - Epoch 80/200 | train loss=26.829268 | val loss=45.454546 | best=0.384282
2026-02-08 10:16:05,556 - INFO - Epoch 90/200 | train loss=31.592201 | val loss=63.636365 | best=0.384282
2026-02-08 10:16:05,726 - INFO - Epoch 100/200 | train loss=58.536585 | val loss=63.636365 | best=0.384282
2026-02-08 10:16:05,895 - INFO - Epoch 110/200 | train loss=58.536585 | val loss=63.636365 | best=0.384282
2026-02-08 10:16:06,065 - INFO - Epoch 120/200 | train loss=58.536585 | val loss=63.636365 | best=0.384282
2026-02-08 10:16:06,234 - INFO - Epoch 130/200 | train loss=58.536585 | val loss=63.636365 | best=0.384282
2026-02-08 10:16:06,403 - INFO - Epoch 140/200 | train loss=58.536585 | val loss=63.636365 | best=0.384282
2026-02-08 10:16:06,572 - INFO - Epoch 150/200 | train loss=58.536585 | val loss=63.636365 | best=0.384282
2026-02-08 10:16:06,741 - INFO - Epoch 160/200 | train loss=58.536585 | val loss=63.636365 | best=0.384282
2026-02-08 10:16:06,909 - INFO - Epoch 170/200 | train loss=58.536585 | val loss=63.636365 | best=0.384282
2026-02-08 10:16:07,078 - INFO - Epoch 180/200 | train loss=58.536585 | val loss=63.636365 | best=0.384282
2026-02-08 10:16:07,247 - INFO - Epoch 190/200 | train loss=58.536585 | val loss=63.636365 | best=0.384282
2026-02-08 10:16:07,415 - INFO - Epoch 200/200 | train loss=58.536585 | val loss=63.636365 | best=0.384282
2026-02-08 10:16:07,426 - INFO - Loaded best model from results/model/best_model.pth (epoch 53)
2026-02-08 10:16:07,438 - INFO - Saved final model to: results/model/final_model_20260208_101607.pth
2026-02-08 10:16:07,448 - INFO - Validation metrics: {
  "val_threshold": 0.5800540447235107,
  "val_acc": 0.9090909090909091,
  "val_f1": 0.8888888888888888,
  "val_precision": 0.8,
  "val_recall": 1.0,
  "val_auc": 0.9285714285714286,
  "val_ap": 0.8875
}
2026-02-08 10:16:07,450 - INFO - 4) Running SHAP ...
2026-02-08 10:16:09,695 - INFO - SHAP outputs saved to: results/shap
2026-02-08 10:16:09,695 - INFO - Done. Total time: 15.90s
2026-02-08 10:16:09,695 - INFO - Output dir: results
2026-02-08 10:16:54,894 - INFO - Using device: cuda
2026-02-08 10:16:54,894 - INFO - Hyperparameters: {
  "batch_size": 8,
  "learning_rate": 0.005,
  "num_epochs": 200,
  "hidden_dim": 512,
  "num_blocks": 4,
  "dropout": 0.1,
  "feature_type": "DIFF",
  "zscore_normalize": false,
  "response_threshold": 5,
  "val_ratio": 0.2,
  "early_stop_patience": 150,
  "early_stop_min_epochs": 1
}
2026-02-08 10:16:54,895 - INFO - 1) Parsing Excel data ...
2026-02-08 10:16:55,057 - INFO - Parsing patient data from Excel (grouped by 姓名 + 日期)...
2026-02-08 10:16:55,135 - WARNING - Missing diff files for name=鞠喆, date=2025-11-24 00:00:00
2026-02-08 10:16:55,138 - WARNING - Missing diff files for name=鞠喆, date=2025-12-08 00:00:00
2026-02-08 10:16:55,152 - INFO - Found 52 valid pre-treatment samples with complete data
2026-02-08 10:16:55,152 - INFO - 2) Preparing data matrix ...
2026-02-08 10:16:55,152 - INFO - Preparing features and labels (sample_type=diff, zscore_normalize=False)...
2026-02-08 10:16:55,182 - INFO - Final dataset: 52 samples, 332 features
2026-02-08 10:16:55,182 - INFO - Class distribution: [31 21]
2026-02-08 10:16:55,182 - INFO - 3) Training final model on all data (with train/val split) ...
2026-02-08 10:16:55,896 - INFO - Start training final model. Train=41, Val=11
2026-02-08 10:16:56,037 - INFO - Epoch 1/200 | train loss=2.618603 | val loss=9.267652 | best=inf
2026-02-08 10:16:56,216 - INFO - Epoch 10/200 | train loss=0.668721 | val loss=1.243917 | best=0.613813
2026-02-08 10:16:56,386 - INFO - Epoch 20/200 | train loss=0.467998 | val loss=9.672818 | best=0.613813
2026-02-08 10:16:56,555 - INFO - Epoch 30/200 | train loss=0.588833 | val loss=0.626207 | best=0.613813
2026-02-08 10:16:56,724 - INFO - Epoch 40/200 | train loss=0.655374 | val loss=2.248376 | best=0.613813
2026-02-08 10:16:56,904 - INFO - Epoch 50/200 | train loss=1.117308 | val loss=0.556350 | best=0.556350
2026-02-08 10:16:57,097 - INFO - Epoch 60/200 | train loss=0.299230 | val loss=0.489292 | best=0.384282
2026-02-08 10:16:57,268 - INFO - Epoch 70/200 | train loss=3.757909 | val loss=20.216397 | best=0.384282
2026-02-08 10:16:57,436 - INFO - Epoch 80/200 | train loss=26.829268 | val loss=45.454546 | best=0.384282
2026-02-08 10:16:57,604 - INFO - Epoch 90/200 | train loss=31.592201 | val loss=63.636365 | best=0.384282
2026-02-08 10:16:57,773 - INFO - Epoch 100/200 | train loss=58.536585 | val loss=63.636365 | best=0.384282
2026-02-08 10:16:57,941 - INFO - Epoch 110/200 | train loss=58.536585 | val loss=63.636365 | best=0.384282
2026-02-08 10:16:58,109 - INFO - Epoch 120/200 | train loss=58.536585 | val loss=63.636365 | best=0.384282
2026-02-08 10:16:58,277 - INFO - Epoch 130/200 | train loss=58.536585 | val loss=63.636365 | best=0.384282
2026-02-08 10:16:58,446 - INFO - Epoch 140/200 | train loss=58.536585 | val loss=63.636365 | best=0.384282
2026-02-08 10:16:58,613 - INFO - Epoch 150/200 | train loss=58.536585 | val loss=63.636365 | best=0.384282
2026-02-08 10:16:58,782 - INFO - Epoch 160/200 | train loss=58.536585 | val loss=63.636365 | best=0.384282
2026-02-08 10:16:58,949 - INFO - Epoch 170/200 | train loss=58.536585 | val loss=63.636365 | best=0.384282
2026-02-08 10:16:59,116 - INFO - Epoch 180/200 | train loss=58.536585 | val loss=63.636365 | best=0.384282
2026-02-08 10:16:59,284 - INFO - Epoch 190/200 | train loss=58.536585 | val loss=63.636365 | best=0.384282
2026-02-08 10:16:59,451 - INFO - Epoch 200/200 | train loss=58.536585 | val loss=63.636365 | best=0.384282
2026-02-08 10:16:59,462 - INFO - Loaded best model from results/model/best_model.pth (epoch 53)
2026-02-08 10:16:59,474 - INFO - Saved final model to: results/model/final_model_20260208_101659.pth
2026-02-08 10:16:59,484 - INFO - Validation metrics: {
  "val_threshold": 0.5800540447235107,
  "val_acc": 0.9090909090909091,
  "val_f1": 0.8888888888888888,
  "val_precision": 0.8,
  "val_recall": 1.0,
  "val_auc": 0.9285714285714286,
  "val_ap": 0.8875
}
2026-02-08 10:16:59,486 - INFO - 4) Running SHAP ...
2026-02-08 10:17:01,674 - INFO - SHAP outputs saved to: results/shap
2026-02-08 10:17:01,674 - INFO - Done. Total time: 6.78s
2026-02-08 10:17:01,674 - INFO - Output dir: results
