2026-02-10 20:21:22,606 - INFO - ================================================================================
2026-02-10 20:21:22,606 - INFO - Starting Integrated TI Analysis (FC + AI Model)
2026-02-10 20:21:22,606 - INFO - ================================================================================
2026-02-10 20:21:22,606 - INFO - 
[Step 1] Parsing TI Excel data...
2026-02-10 20:21:23,139 - INFO - Parsing patient data from Excel...
2026-02-10 20:21:24,379 - INFO - 
Improvement rate statistics:
2026-02-10 20:21:24,379 - INFO -   N samples: 52
2026-02-10 20:21:24,379 - INFO -   Min: -0.6429
2026-02-10 20:21:24,379 - INFO -   Max: 0.4545
2026-02-10 20:21:24,379 - INFO -   Mean: 0.0729
2026-02-10 20:21:24,380 - INFO -   Std: 0.2007
2026-02-10 20:21:24,380 - INFO -   Median: 0.0909
2026-02-10 20:21:24,380 - INFO - 
Found 52 valid patient samples with complete data
2026-02-10 20:21:24,380 - INFO - 
[Step 2] Computing FC and analyzing correlations...
2026-02-10 20:21:24,380 - INFO - 
================================================================================
2026-02-10 20:21:24,380 - INFO - FC-UPDRS III Improvement Rate Correlation Analysis (TI)
2026-02-10 20:21:24,380 - INFO - ================================================================================
2026-02-10 20:21:24,380 - INFO - 
Computing FC features for all patients...
2026-02-10 20:21:28,882 - INFO - 
Saved raw data to ti_fc_improvement_data.csv (N=52)
2026-02-10 20:21:28,882 - INFO - 
--------------------------------------------------------------------------------
2026-02-10 20:21:28,882 - INFO - Correlation Analysis Results:
2026-02-10 20:21:28,882 - INFO - --------------------------------------------------------------------------------
2026-02-10 20:21:28,885 - INFO - 
PAIR1: (215, 223)
2026-02-10 20:21:28,885 - INFO -   ROI1: [215]
2026-02-10 20:21:28,885 - INFO -   ROI2: [223]
2026-02-10 20:21:28,885 - INFO -   FC range: [0.4495, 0.9269]
2026-02-10 20:21:28,885 - INFO -   FC mean ± std: 0.7909 ± 0.1262
2026-02-10 20:21:28,885 - INFO -   Pearson  r = -0.0403, p = 7.7662e-01 ns
2026-02-10 20:21:28,885 - INFO -   Spearman r =  0.0030, p = 9.8322e-01 ns
2026-02-10 20:21:28,887 - INFO - 
PAIR2: (215, 225)
2026-02-10 20:21:28,887 - INFO -   ROI1: [215]
2026-02-10 20:21:28,887 - INFO -   ROI2: [225]
2026-02-10 20:21:28,887 - INFO -   FC range: [-0.4047, 0.8996]
2026-02-10 20:21:28,887 - INFO -   FC mean ± std: 0.6468 ± 0.2871
2026-02-10 20:21:28,887 - INFO -   Pearson  r = -0.0460, p = 7.4593e-01 ns
2026-02-10 20:21:28,887 - INFO -   Spearman r =  0.1053, p = 4.5737e-01 ns
2026-02-10 20:21:28,889 - INFO - 
PAIR3: ({215,216}, {55,56,63,64})
2026-02-10 20:21:28,889 - INFO -   ROI1: [215, 216]
2026-02-10 20:21:28,889 - INFO -   ROI2: [55, 56, 63, 64]
2026-02-10 20:21:28,889 - INFO -   FC range: [0.7857, 0.9744]
2026-02-10 20:21:28,890 - INFO -   FC mean ± std: 0.9141 ± 0.0433
2026-02-10 20:21:28,890 - INFO -   Pearson  r = -0.0747, p = 5.9868e-01 ns
2026-02-10 20:21:28,890 - INFO -   Spearman r =  0.0300, p = 8.3270e-01 ns
2026-02-10 20:21:28,891 - INFO - 
PAIR4: ({215,216}, {53,54,57-62,67,68})
2026-02-10 20:21:28,892 - INFO -   ROI1: [215, 216]
2026-02-10 20:21:28,892 - INFO -   ROI2: [53, 54, 57, 58, 59, 60, 61, 62, 67, 68]
2026-02-10 20:21:28,892 - INFO -   FC range: [0.7706, 0.9749]
2026-02-10 20:21:28,892 - INFO -   FC mean ± std: 0.9110 ± 0.0474
2026-02-10 20:21:28,892 - INFO -   Pearson  r = -0.1228, p = 3.8562e-01 ns
2026-02-10 20:21:28,892 - INFO -   Spearman r = -0.0363, p = 7.9862e-01 ns
2026-02-10 20:21:28,892 - INFO - 
================================================================================
2026-02-10 20:21:28,893 - INFO - 
Saved correlation results to ti_fc_correlation_results.json
2026-02-10 20:21:28,894 - INFO - 
[Step 3] Analyzing AI model predictions...
2026-02-10 20:21:28,894 - INFO - 
================================================================================
2026-02-10 20:21:28,894 - INFO - AI Model Prediction Analysis (TI)
2026-02-10 20:21:28,894 - INFO - ================================================================================
2026-02-10 20:21:28,896 - INFO - 
Loaded pooled data: 52 samples
2026-02-10 20:21:28,898 - INFO - 
Pooled Prediction Results:
2026-02-10 20:21:28,898 - INFO -   Spearman R = 0.293, P = 3.5210e-02
2026-02-10 20:21:28,898 - INFO -   Pearson R = 0.417, P = 2.1143e-03
2026-02-10 20:21:28,898 - INFO - 
[Step 4] Creating integrated visualizations...
2026-02-10 20:21:28,898 - INFO - 
Generating integrated visualizations...
2026-02-10 20:21:31,730 - INFO - Saved integrated visualization to ti_integrated_analysis.png and .pdf
2026-02-10 20:21:31,730 - INFO - 
[Step 5] Analyzing by target...
2026-02-10 20:21:31,731 - INFO - 
================================================================================
2026-02-10 20:21:31,731 - INFO - Target-Specific Correlation Analysis (TI)
2026-02-10 20:21:31,731 - INFO - ================================================================================
2026-02-10 20:21:31,732 - INFO - 
L_STN (N=14):
2026-02-10 20:21:31,732 - INFO - ----------------------------------------
2026-02-10 20:21:31,734 - INFO -   pair1: Pearson r=0.433 (p=1.223e-01), Spearman r=0.341 (p=2.333e-01)
2026-02-10 20:21:31,736 - INFO -   pair2: Pearson r=0.306 (p=2.877e-01), Spearman r=0.446 (p=1.098e-01)
2026-02-10 20:21:31,738 - INFO -   pair3: Pearson r=0.333 (p=2.445e-01), Spearman r=0.516 (p=5.864e-02)
2026-02-10 20:21:31,740 - INFO -   pair4: Pearson r=0.223 (p=4.445e-01), Spearman r=0.429 (p=1.263e-01)
2026-02-10 20:21:31,740 - INFO - 
L_Gpi (N=4):
2026-02-10 20:21:31,740 - INFO - ----------------------------------------
2026-02-10 20:21:31,742 - INFO -   pair1: Pearson r=-0.023 (p=9.768e-01), Spearman r=0.400 (p=6.000e-01)
2026-02-10 20:21:31,744 - INFO -   pair2: Pearson r=0.145 (p=8.549e-01), Spearman r=0.400 (p=6.000e-01)
2026-02-10 20:21:31,746 - INFO -   pair3: Pearson r=-0.465 (p=5.348e-01), Spearman r=-0.800 (p=2.000e-01)
2026-02-10 20:21:31,748 - INFO -   pair4: Pearson r=-0.420 (p=5.801e-01), Spearman r=-0.800 (p=2.000e-01)
2026-02-10 20:21:31,748 - INFO - 
R_GPi (N=5):
2026-02-10 20:21:31,748 - INFO - ----------------------------------------
2026-02-10 20:21:31,750 - INFO -   pair1: Pearson r=0.354 (p=5.590e-01), Spearman r=0.600 (p=2.848e-01)
2026-02-10 20:21:31,752 - INFO -   pair2: Pearson r=-0.674 (p=2.118e-01), Spearman r=-0.200 (p=7.471e-01)
2026-02-10 20:21:31,754 - INFO -   pair3: Pearson r=-0.632 (p=2.529e-01), Spearman r=-0.700 (p=1.881e-01)
2026-02-10 20:21:31,756 - INFO -   pair4: Pearson r=-0.731 (p=1.608e-01), Spearman r=-0.700 (p=1.881e-01)
2026-02-10 20:21:31,756 - INFO - 
R_STN (N=14):
2026-02-10 20:21:31,756 - INFO - ----------------------------------------
2026-02-10 20:21:31,758 - INFO -   pair1: Pearson r=-0.235 (p=4.190e-01), Spearman r=-0.148 (p=6.138e-01)
2026-02-10 20:21:31,760 - INFO -   pair2: Pearson r=0.024 (p=9.346e-01), Spearman r=0.210 (p=4.718e-01)
2026-02-10 20:21:31,762 - INFO -   pair3: Pearson r=0.111 (p=7.050e-01), Spearman r=0.170 (p=5.613e-01)
2026-02-10 20:21:31,764 - INFO -   pair4: Pearson r=0.038 (p=8.965e-01), Spearman r=0.201 (p=4.911e-01)
2026-02-10 20:21:31,764 - INFO - 
R_Gpi (N=3):
2026-02-10 20:21:31,764 - INFO - ----------------------------------------
2026-02-10 20:21:31,766 - INFO -   pair1: Pearson r=0.848 (p=3.561e-01), Spearman r=0.500 (p=6.667e-01)
2026-02-10 20:21:31,768 - INFO -   pair2: Pearson r=0.999 (p=2.045e-02), Spearman r=1.000 (p=0.000e+00)
2026-02-10 20:21:31,770 - INFO -   pair3: Pearson r=-0.914 (p=2.659e-01), Spearman r=-1.000 (p=0.000e+00)
2026-02-10 20:21:31,771 - INFO -   pair4: Pearson r=-0.993 (p=7.403e-02), Spearman r=-1.000 (p=0.000e+00)
2026-02-10 20:21:31,772 - INFO - 
L_GPi (N=12):
2026-02-10 20:21:31,772 - INFO - ----------------------------------------
2026-02-10 20:21:31,774 - INFO -   pair1: Pearson r=-0.030 (p=9.271e-01), Spearman r=-0.168 (p=6.021e-01)
2026-02-10 20:21:31,776 - INFO -   pair2: Pearson r=-0.048 (p=8.825e-01), Spearman r=-0.336 (p=2.861e-01)
2026-02-10 20:21:31,777 - INFO -   pair3: Pearson r=0.049 (p=8.794e-01), Spearman r=0.105 (p=7.456e-01)
2026-02-10 20:21:31,779 - INFO -   pair4: Pearson r=0.042 (p=8.966e-01), Spearman r=0.196 (p=5.419e-01)
2026-02-10 20:21:31,780 - INFO - 
Saved target-specific results to ti_fc_correlation_by_target.json
2026-02-10 20:21:31,780 - INFO - 
================================================================================
2026-02-10 20:21:31,780 - INFO - Analysis Complete!
2026-02-10 20:21:31,780 - INFO - ================================================================================
2026-02-10 20:21:31,780 - INFO - 
Generated files:
2026-02-10 20:21:31,780 - INFO -   - ti_fc_improvement_data.csv          : Raw FC and improvement rate data
2026-02-10 20:21:31,780 - INFO -   - ti_fc_correlation_results.json      : FC correlation statistics
2026-02-10 20:21:31,780 - INFO -   - ti_fc_correlation_by_target.json    : Target-specific FC correlation
2026-02-10 20:21:31,780 - INFO -   - ti_integrated_analysis.png/pdf      : Integrated visualization (FC + AI)
2026-02-10 20:21:31,780 - INFO -   - ti_integrated_analysis.log          : Detailed log file
2026-02-10 20:21:31,780 - INFO - 
================================================================================
2026-02-10 20:33:51,516 - INFO - ================================================================================
2026-02-10 20:33:51,530 - INFO - Starting Integrated TI Analysis (FC + AI Model)
2026-02-10 20:33:51,530 - INFO - ================================================================================
2026-02-10 20:33:51,530 - INFO - 
[Step 1] Parsing TI Excel data...
2026-02-10 20:33:51,653 - INFO - Parsing patient data from Excel...
2026-02-10 20:33:51,690 - INFO - 
Improvement rate statistics:
2026-02-10 20:33:51,690 - INFO -   N samples: 52
2026-02-10 20:33:51,690 - INFO -   N negative (set to 0): 12
2026-02-10 20:33:51,690 - INFO -   Min: 0.0000
2026-02-10 20:33:51,690 - INFO -   Max: 0.4545
2026-02-10 20:33:51,690 - INFO -   Mean: 0.1182
2026-02-10 20:33:51,690 - INFO -   Std: 0.1256
2026-02-10 20:33:51,690 - INFO -   Median: 0.0909
2026-02-10 20:33:51,690 - INFO - 
Found 52 valid patient samples with complete data
2026-02-10 20:33:51,690 - INFO - 
[Step 2] Computing FC and analyzing correlations...
2026-02-10 20:33:51,690 - INFO - 
================================================================================
2026-02-10 20:33:51,690 - INFO - FC-UPDRS III Improvement Rate Correlation Analysis (TI)
2026-02-10 20:33:51,690 - INFO - ================================================================================
2026-02-10 20:33:51,690 - INFO - 
Computing FC features for all patients...
2026-02-10 20:33:52,996 - INFO - 
Saved raw data to ti_fc_improvement_data.csv (N=52)
2026-02-10 20:33:52,996 - INFO - 
--------------------------------------------------------------------------------
2026-02-10 20:33:52,997 - INFO - Correlation Analysis Results:
2026-02-10 20:33:52,997 - INFO - --------------------------------------------------------------------------------
2026-02-10 20:33:52,999 - INFO - 
PAIR1: (215, 223)
2026-02-10 20:33:52,999 - INFO -   ROI1: [215]
2026-02-10 20:33:52,999 - INFO -   ROI2: [223]
2026-02-10 20:33:52,999 - INFO -   FC range: [0.4495, 0.9269]
2026-02-10 20:33:52,999 - INFO -   FC mean ± std: 0.7909 ± 0.1262
2026-02-10 20:33:52,999 - INFO -   Pearson  r =  0.0271, p = 8.4882e-01 ns
2026-02-10 20:33:52,999 - INFO -   Spearman r =  0.0383, p = 7.8727e-01 ns
2026-02-10 20:33:53,001 - INFO - 
PAIR2: (215, 225)
2026-02-10 20:33:53,001 - INFO -   ROI1: [215]
2026-02-10 20:33:53,002 - INFO -   ROI2: [225]
2026-02-10 20:33:53,002 - INFO -   FC range: [-0.4047, 0.8996]
2026-02-10 20:33:53,002 - INFO -   FC mean ± std: 0.6468 ± 0.2871
2026-02-10 20:33:53,002 - INFO -   Pearson  r = -0.0512, p = 7.1849e-01 ns
2026-02-10 20:33:53,002 - INFO -   Spearman r =  0.1104, p = 4.3596e-01 ns
2026-02-10 20:33:53,004 - INFO - 
PAIR3: ({215,216}, {55,56,63,64})
2026-02-10 20:33:53,004 - INFO -   ROI1: [215, 216]
2026-02-10 20:33:53,004 - INFO -   ROI2: [55, 56, 63, 64]
2026-02-10 20:33:53,004 - INFO -   FC range: [0.7857, 0.9744]
2026-02-10 20:33:53,004 - INFO -   FC mean ± std: 0.9141 ± 0.0433
2026-02-10 20:33:53,004 - INFO -   Pearson  r = -0.0023, p = 9.8687e-01 ns
2026-02-10 20:33:53,004 - INFO -   Spearman r =  0.0268, p = 8.5032e-01 ns
2026-02-10 20:33:53,006 - INFO - 
PAIR4: ({215,216}, {53,54,57-62,67,68})
2026-02-10 20:33:53,006 - INFO -   ROI1: [215, 216]
2026-02-10 20:33:53,006 - INFO -   ROI2: [53, 54, 57, 58, 59, 60, 61, 62, 67, 68]
2026-02-10 20:33:53,006 - INFO -   FC range: [0.7706, 0.9749]
2026-02-10 20:33:53,006 - INFO -   FC mean ± std: 0.9110 ± 0.0474
2026-02-10 20:33:53,006 - INFO -   Pearson  r = -0.0301, p = 8.3220e-01 ns
2026-02-10 20:33:53,006 - INFO -   Spearman r = -0.0327, p = 8.1794e-01 ns
2026-02-10 20:33:53,006 - INFO - 
================================================================================
2026-02-10 20:33:53,008 - INFO - 
Saved correlation results to ti_fc_correlation_results.json
2026-02-10 20:33:53,009 - INFO - 
[Step 3] Analyzing AI model predictions...
2026-02-10 20:33:53,009 - INFO - 
================================================================================
2026-02-10 20:33:53,009 - INFO - AI Model Prediction Analysis (TI)
2026-02-10 20:33:53,009 - INFO - ================================================================================
2026-02-10 20:33:53,010 - INFO - 
Loaded pooled data: 52 samples
2026-02-10 20:33:53,013 - INFO - 
Pooled Prediction Results:
2026-02-10 20:33:53,013 - INFO -   Spearman R = 0.293, P = 3.5210e-02
2026-02-10 20:33:53,013 - INFO -   Pearson R = 0.417, P = 2.1143e-03
2026-02-10 20:33:53,013 - INFO - 
[Step 4] Creating integrated visualizations...
2026-02-10 20:33:53,013 - INFO - 
Generating integrated visualizations...
2026-02-10 20:33:55,864 - INFO - Saved integrated visualization to ti_integrated_analysis.png and .pdf
2026-02-10 20:33:55,864 - INFO - 
[Step 5] Analyzing by target...
2026-02-10 20:33:55,864 - INFO - 
================================================================================
2026-02-10 20:33:55,865 - INFO - Target-Specific Correlation Analysis (TI)
2026-02-10 20:33:55,865 - INFO - ================================================================================
2026-02-10 20:33:55,866 - INFO - 
L_STN (N=14):
2026-02-10 20:33:55,866 - INFO - ----------------------------------------
2026-02-10 20:33:55,868 - INFO -   pair1: Pearson r=0.370 (p=1.930e-01), Spearman r=0.300 (p=2.973e-01)
2026-02-10 20:33:55,870 - INFO -   pair2: Pearson r=0.406 (p=1.502e-01), Spearman r=0.453 (p=1.035e-01)
2026-02-10 20:33:55,872 - INFO -   pair3: Pearson r=0.490 (p=7.555e-02), Spearman r=0.484 (p=7.915e-02)
2026-02-10 20:33:55,874 - INFO -   pair4: Pearson r=0.419 (p=1.360e-01), Spearman r=0.384 (p=1.747e-01)
2026-02-10 20:33:55,874 - INFO - 
L_Gpi (N=4):
2026-02-10 20:33:55,874 - INFO - ----------------------------------------
2026-02-10 20:33:55,876 - INFO -   pair1: Pearson r=0.264 (p=7.362e-01), Spearman r=0.400 (p=6.000e-01)
2026-02-10 20:33:55,878 - INFO -   pair2: Pearson r=0.311 (p=6.893e-01), Spearman r=0.400 (p=6.000e-01)
2026-02-10 20:33:55,880 - INFO -   pair3: Pearson r=-0.826 (p=1.742e-01), Spearman r=-0.800 (p=2.000e-01)
2026-02-10 20:33:55,882 - INFO -   pair4: Pearson r=-0.846 (p=1.536e-01), Spearman r=-0.800 (p=2.000e-01)
2026-02-10 20:33:55,882 - INFO - 
R_GPi (N=5):
2026-02-10 20:33:55,882 - INFO - ----------------------------------------
2026-02-10 20:33:55,884 - INFO -   pair1: Pearson r=0.354 (p=5.590e-01), Spearman r=0.600 (p=2.848e-01)
2026-02-10 20:33:55,886 - INFO -   pair2: Pearson r=-0.674 (p=2.118e-01), Spearman r=-0.200 (p=7.471e-01)
2026-02-10 20:33:55,888 - INFO -   pair3: Pearson r=-0.632 (p=2.529e-01), Spearman r=-0.700 (p=1.881e-01)
2026-02-10 20:33:55,890 - INFO -   pair4: Pearson r=-0.731 (p=1.608e-01), Spearman r=-0.700 (p=1.881e-01)
2026-02-10 20:33:55,890 - INFO - 
R_STN (N=14):
2026-02-10 20:33:55,890 - INFO - ----------------------------------------
2026-02-10 20:33:55,892 - INFO -   pair1: Pearson r=-0.112 (p=7.032e-01), Spearman r=-0.039 (p=8.950e-01)
2026-02-10 20:33:55,894 - INFO -   pair2: Pearson r=0.066 (p=8.222e-01), Spearman r=0.167 (p=5.683e-01)
2026-02-10 20:33:55,896 - INFO -   pair3: Pearson r=0.195 (p=5.052e-01), Spearman r=0.121 (p=6.797e-01)
2026-02-10 20:33:55,898 - INFO -   pair4: Pearson r=0.149 (p=6.111e-01), Spearman r=0.156 (p=5.954e-01)
2026-02-10 20:33:55,898 - INFO - 
R_Gpi (N=3):
2026-02-10 20:33:55,898 - INFO - ----------------------------------------
2026-02-10 20:33:55,900 - INFO -   pair1: Pearson r=0.789 (p=4.212e-01), Spearman r=0.500 (p=6.667e-01)
2026-02-10 20:33:55,902 - INFO -   pair2: Pearson r=0.991 (p=8.557e-02), Spearman r=1.000 (p=0.000e+00)
2026-02-10 20:33:55,904 - INFO -   pair3: Pearson r=-0.951 (p=2.007e-01), Spearman r=-1.000 (p=0.000e+00)
2026-02-10 20:33:55,905 - INFO -   pair4: Pearson r=-0.976 (p=1.391e-01), Spearman r=-1.000 (p=0.000e+00)
2026-02-10 20:33:55,906 - INFO - 
L_GPi (N=12):
2026-02-10 20:33:55,906 - INFO - ----------------------------------------
2026-02-10 20:33:55,908 - INFO -   pair1: Pearson r=0.070 (p=8.278e-01), Spearman r=-0.113 (p=7.273e-01)
2026-02-10 20:33:55,910 - INFO -   pair2: Pearson r=-0.059 (p=8.564e-01), Spearman r=-0.282 (p=3.751e-01)
2026-02-10 20:33:55,912 - INFO -   pair3: Pearson r=0.230 (p=4.727e-01), Spearman r=0.127 (p=6.946e-01)
2026-02-10 20:33:55,913 - INFO -   pair4: Pearson r=0.250 (p=4.334e-01), Spearman r=0.218 (p=4.955e-01)
2026-02-10 20:33:55,916 - INFO - 
Saved target-specific results to ti_fc_correlation_by_target.json
2026-02-10 20:33:55,916 - INFO - 
================================================================================
2026-02-10 20:33:55,916 - INFO - Analysis Complete!
2026-02-10 20:33:55,917 - INFO - ================================================================================
2026-02-10 20:33:55,917 - INFO - 
Generated files:
2026-02-10 20:33:55,917 - INFO -   - ti_fc_improvement_data.csv          : Raw FC and improvement rate data
2026-02-10 20:33:55,917 - INFO -   - ti_fc_correlation_results.json      : FC correlation statistics
2026-02-10 20:33:55,917 - INFO -   - ti_fc_correlation_by_target.json    : Target-specific FC correlation
2026-02-10 20:33:55,917 - INFO -   - ti_integrated_analysis.png/pdf      : Integrated visualization (FC + AI)
2026-02-10 20:33:55,917 - INFO -   - ti_integrated_analysis.log          : Detailed log file
2026-02-10 20:33:55,917 - INFO - 
================================================================================
2026-02-11 14:28:13,852 - INFO - ================================================================================
2026-02-11 14:28:13,862 - INFO - Starting Integrated TI Analysis (FC + AI Model)
2026-02-11 14:28:13,862 - INFO - ================================================================================
2026-02-11 14:28:13,862 - INFO - 
[Step 1] Parsing TI Excel data...
2026-02-11 14:28:14,190 - INFO - Parsing patient data from Excel...
2026-02-11 14:28:15,485 - INFO - 
Improvement rate statistics:
2026-02-11 14:28:15,485 - INFO -   N samples: 52
2026-02-11 14:28:15,485 - INFO -   N negative (set to 0): 12
2026-02-11 14:28:15,485 - INFO -   Min: 0.0000
2026-02-11 14:28:15,485 - INFO -   Max: 0.4545
2026-02-11 14:28:15,485 - INFO -   Mean: 0.1182
2026-02-11 14:28:15,486 - INFO -   Std: 0.1256
2026-02-11 14:28:15,486 - INFO -   Median: 0.0909
2026-02-11 14:28:15,486 - INFO - 
Found 52 valid patient samples with complete data
2026-02-11 14:28:15,486 - INFO - 
[Step 2] Computing FC and analyzing correlations...
2026-02-11 14:28:15,486 - INFO - 
================================================================================
2026-02-11 14:28:15,486 - INFO - FC-UPDRS III Improvement Rate Correlation Analysis (TI)
2026-02-11 14:28:15,486 - INFO - ================================================================================
2026-02-11 14:28:15,486 - INFO - 
Computing FC features for all patients...
2026-02-11 14:28:20,235 - INFO - 
Saved raw data to ti_fc_improvement_data.csv (N=52)
2026-02-11 14:28:20,235 - INFO - 
--------------------------------------------------------------------------------
2026-02-11 14:28:20,235 - INFO - Correlation Analysis Results:
2026-02-11 14:28:20,235 - INFO - --------------------------------------------------------------------------------
2026-02-11 14:28:20,237 - INFO - 
PAIR1: STN-L GPi-L
2026-02-11 14:28:20,238 - INFO -   ROI1: [215]
2026-02-11 14:28:20,238 - INFO -   ROI2: [223]
2026-02-11 14:28:20,238 - INFO -   FC range: [0.4495, 0.9269]
2026-02-11 14:28:20,238 - INFO -   FC mean ± std: 0.7909 ± 0.1262
2026-02-11 14:28:20,238 - INFO -   Pearson  r =  0.0271, p = 8.4882e-01 ns
2026-02-11 14:28:20,238 - INFO -   Spearman r =  0.0383, p = 7.8727e-01 ns
2026-02-11 14:28:20,240 - INFO - 
PAIR2: STN-L, Thalamus-L
2026-02-11 14:28:20,240 - INFO -   ROI1: [215]
2026-02-11 14:28:20,240 - INFO -   ROI2: [225]
2026-02-11 14:28:20,240 - INFO -   FC range: [-0.4047, 0.8996]
2026-02-11 14:28:20,240 - INFO -   FC mean ± std: 0.6468 ± 0.2871
2026-02-11 14:28:20,240 - INFO -   Pearson  r = -0.0512, p = 7.1849e-01 ns
2026-02-11 14:28:20,240 - INFO -   Spearman r =  0.1104, p = 4.3596e-01 ns
2026-02-11 14:28:20,242 - INFO - 
PAIR3: STN, M1
2026-02-11 14:28:20,242 - INFO -   ROI1: [215, 216]
2026-02-11 14:28:20,242 - INFO -   ROI2: [55, 56, 63, 64]
2026-02-11 14:28:20,242 - INFO -   FC range: [0.7857, 0.9744]
2026-02-11 14:28:20,242 - INFO -   FC mean ± std: 0.9141 ± 0.0433
2026-02-11 14:28:20,242 - INFO -   Pearson  r = -0.0023, p = 9.8687e-01 ns
2026-02-11 14:28:20,242 - INFO -   Spearman r =  0.0268, p = 8.5032e-01 ns
2026-02-11 14:28:20,244 - INFO - 
PAIR4: STN, SMA
2026-02-11 14:28:20,244 - INFO -   ROI1: [215, 216]
2026-02-11 14:28:20,244 - INFO -   ROI2: [53, 54, 57, 58, 59, 60, 61, 62, 67, 68]
2026-02-11 14:28:20,244 - INFO -   FC range: [0.7706, 0.9749]
2026-02-11 14:28:20,244 - INFO -   FC mean ± std: 0.9110 ± 0.0474
2026-02-11 14:28:20,244 - INFO -   Pearson  r = -0.0301, p = 8.3220e-01 ns
2026-02-11 14:28:20,245 - INFO -   Spearman r = -0.0327, p = 8.1794e-01 ns
2026-02-11 14:28:20,245 - INFO - 
================================================================================
2026-02-11 14:28:20,247 - INFO - 
Saved correlation results to ti_fc_correlation_results.json
2026-02-11 14:28:20,248 - INFO - 
[Step 3] Analyzing AI model predictions...
2026-02-11 14:28:20,248 - INFO - 
================================================================================
2026-02-11 14:28:20,248 - INFO - AI Model Prediction Analysis (5-Fold CV)
2026-02-11 14:28:20,248 - INFO - ================================================================================
2026-02-11 14:28:20,248 - INFO - 
Processing individual folds...
2026-02-11 14:29:48,070 - INFO - ================================================================================
2026-02-11 14:29:48,104 - INFO - Starting Integrated TI Analysis (FC + AI Model)
2026-02-11 14:29:48,104 - INFO - ================================================================================
2026-02-11 14:29:48,104 - INFO - 
[Step 1] Parsing TI Excel data...
2026-02-11 14:29:48,229 - INFO - Parsing patient data from Excel...
2026-02-11 14:29:48,265 - INFO - 
Improvement rate statistics:
2026-02-11 14:29:48,265 - INFO -   N samples: 52
2026-02-11 14:29:48,265 - INFO -   N negative (set to 0): 12
2026-02-11 14:29:48,265 - INFO -   Min: 0.0000
2026-02-11 14:29:48,265 - INFO -   Max: 0.4545
2026-02-11 14:29:48,265 - INFO -   Mean: 0.1182
2026-02-11 14:29:48,265 - INFO -   Std: 0.1256
2026-02-11 14:29:48,265 - INFO -   Median: 0.0909
2026-02-11 14:29:48,265 - INFO - 
Found 52 valid patient samples with complete data
2026-02-11 14:29:48,265 - INFO - 
[Step 2] Computing FC and analyzing correlations...
2026-02-11 14:29:48,265 - INFO - 
================================================================================
2026-02-11 14:29:48,265 - INFO - FC-UPDRS III Improvement Rate Correlation Analysis (TI)
2026-02-11 14:29:48,265 - INFO - ================================================================================
2026-02-11 14:29:48,265 - INFO - 
Computing FC features for all patients...
2026-02-11 14:29:49,635 - INFO - 
Saved raw data to ti_fc_improvement_data.csv (N=52)
2026-02-11 14:29:49,635 - INFO - 
--------------------------------------------------------------------------------
2026-02-11 14:29:49,635 - INFO - Correlation Analysis Results:
2026-02-11 14:29:49,635 - INFO - --------------------------------------------------------------------------------
2026-02-11 14:29:49,638 - INFO - 
PAIR1: STN-L GPi-L
2026-02-11 14:29:49,638 - INFO -   ROI1: [215]
2026-02-11 14:29:49,638 - INFO -   ROI2: [223]
2026-02-11 14:29:49,638 - INFO -   FC range: [0.4495, 0.9269]
2026-02-11 14:29:49,638 - INFO -   FC mean ± std: 0.7909 ± 0.1262
2026-02-11 14:29:49,638 - INFO -   Pearson  r =  0.0271, p = 8.4882e-01 ns
2026-02-11 14:29:49,638 - INFO -   Spearman r =  0.0383, p = 7.8727e-01 ns
2026-02-11 14:29:49,640 - INFO - 
PAIR2: STN-L, Thalamus-L
2026-02-11 14:29:49,640 - INFO -   ROI1: [215]
2026-02-11 14:29:49,640 - INFO -   ROI2: [225]
2026-02-11 14:29:49,640 - INFO -   FC range: [-0.4047, 0.8996]
2026-02-11 14:29:49,640 - INFO -   FC mean ± std: 0.6468 ± 0.2871
2026-02-11 14:29:49,640 - INFO -   Pearson  r = -0.0512, p = 7.1849e-01 ns
2026-02-11 14:29:49,640 - INFO -   Spearman r =  0.1104, p = 4.3596e-01 ns
2026-02-11 14:29:49,642 - INFO - 
PAIR3: STN, M1
2026-02-11 14:29:49,642 - INFO -   ROI1: [215, 216]
2026-02-11 14:29:49,642 - INFO -   ROI2: [55, 56, 63, 64]
2026-02-11 14:29:49,643 - INFO -   FC range: [0.7857, 0.9744]
2026-02-11 14:29:49,643 - INFO -   FC mean ± std: 0.9141 ± 0.0433
2026-02-11 14:29:49,643 - INFO -   Pearson  r = -0.0023, p = 9.8687e-01 ns
2026-02-11 14:29:49,643 - INFO -   Spearman r =  0.0268, p = 8.5032e-01 ns
2026-02-11 14:29:49,645 - INFO - 
PAIR4: STN, SMA
2026-02-11 14:29:49,645 - INFO -   ROI1: [215, 216]
2026-02-11 14:29:49,645 - INFO -   ROI2: [53, 54, 57, 58, 59, 60, 61, 62, 67, 68]
2026-02-11 14:29:49,645 - INFO -   FC range: [0.7706, 0.9749]
2026-02-11 14:29:49,645 - INFO -   FC mean ± std: 0.9110 ± 0.0474
2026-02-11 14:29:49,645 - INFO -   Pearson  r = -0.0301, p = 8.3220e-01 ns
2026-02-11 14:29:49,645 - INFO -   Spearman r = -0.0327, p = 8.1794e-01 ns
2026-02-11 14:29:49,645 - INFO - 
================================================================================
2026-02-11 14:29:49,647 - INFO - 
Saved correlation results to ti_fc_correlation_results.json
2026-02-11 14:29:49,648 - INFO - 
[Step 3] Analyzing AI model predictions...
2026-02-11 14:29:49,648 - INFO - 
================================================================================
2026-02-11 14:29:49,648 - INFO - AI Model Prediction Analysis (5-Fold CV)
2026-02-11 14:29:49,648 - INFO - ================================================================================
2026-02-11 14:29:49,648 - INFO - 
Processing individual folds...
2026-02-11 14:29:49,652 - INFO - Fold 1: Spearman R = -0.410, P = 0.2104
2026-02-11 14:29:49,658 - INFO - Fold 2: Spearman R = 0.665, P = 0.0255
2026-02-11 14:29:49,661 - INFO - Fold 3: Spearman R = 0.358, P = 0.3104
2026-02-11 14:29:49,665 - INFO - Fold 4: Spearman R = 0.706, P = 0.0226
2026-02-11 14:29:49,669 - INFO - Fold 5: Spearman R = 0.239, P = 0.5055
2026-02-11 14:29:49,670 - INFO - 
Saved fold results to ai_model_fold_results.csv
2026-02-11 14:29:49,673 - INFO - 
Loaded pooled data: 52 samples
2026-02-11 14:29:49,674 - INFO - 
--------------------------------------------------------------------------------
2026-02-11 14:29:49,674 - INFO - Pooled Data Summary:
2026-02-11 14:29:49,674 - INFO -   Spearman R = 0.293
2026-02-11 14:29:49,674 - INFO -   P-value = 0.0352
2026-02-11 14:29:49,674 - INFO -   N samples = 52
2026-02-11 14:29:49,674 - INFO - --------------------------------------------------------------------------------
2026-02-11 14:29:49,674 - INFO - 
[Step 4] Creating integrated visualizations...
2026-02-11 14:29:49,674 - INFO - 
Generating integrated visualizations...
2026-02-11 14:29:52,260 - INFO - Saved integrated visualization to dbs_integrated_analysis.png and .pdf
2026-02-11 14:29:52,260 - INFO - 
[Step 5] Analyzing by target...
2026-02-11 14:29:52,260 - INFO - 
================================================================================
2026-02-11 14:29:52,260 - INFO - Target-Specific Correlation Analysis (TI)
2026-02-11 14:29:52,260 - INFO - ================================================================================
2026-02-11 14:29:52,261 - INFO - 
L_STN (N=14):
2026-02-11 14:29:52,261 - INFO - ----------------------------------------
2026-02-11 14:29:52,264 - INFO -   pair1: Pearson r=0.370 (p=1.930e-01), Spearman r=0.300 (p=2.973e-01)
2026-02-11 14:29:52,266 - INFO -   pair2: Pearson r=0.406 (p=1.502e-01), Spearman r=0.453 (p=1.035e-01)
2026-02-11 14:29:52,267 - INFO -   pair3: Pearson r=0.490 (p=7.555e-02), Spearman r=0.484 (p=7.915e-02)
2026-02-11 14:29:52,269 - INFO -   pair4: Pearson r=0.419 (p=1.360e-01), Spearman r=0.384 (p=1.747e-01)
2026-02-11 14:29:52,270 - INFO - 
L_Gpi (N=4):
2026-02-11 14:29:52,270 - INFO - ----------------------------------------
2026-02-11 14:29:52,272 - INFO -   pair1: Pearson r=0.264 (p=7.362e-01), Spearman r=0.400 (p=6.000e-01)
2026-02-11 14:29:52,273 - INFO -   pair2: Pearson r=0.311 (p=6.893e-01), Spearman r=0.400 (p=6.000e-01)
2026-02-11 14:29:52,275 - INFO -   pair3: Pearson r=-0.826 (p=1.742e-01), Spearman r=-0.800 (p=2.000e-01)
2026-02-11 14:29:52,277 - INFO -   pair4: Pearson r=-0.846 (p=1.536e-01), Spearman r=-0.800 (p=2.000e-01)
2026-02-11 14:29:52,277 - INFO - 
R_GPi (N=5):
2026-02-11 14:29:52,278 - INFO - ----------------------------------------
2026-02-11 14:29:52,280 - INFO -   pair1: Pearson r=0.354 (p=5.590e-01), Spearman r=0.600 (p=2.848e-01)
2026-02-11 14:29:52,281 - INFO -   pair2: Pearson r=-0.674 (p=2.118e-01), Spearman r=-0.200 (p=7.471e-01)
2026-02-11 14:29:52,283 - INFO -   pair3: Pearson r=-0.632 (p=2.529e-01), Spearman r=-0.700 (p=1.881e-01)
2026-02-11 14:29:52,285 - INFO -   pair4: Pearson r=-0.731 (p=1.608e-01), Spearman r=-0.700 (p=1.881e-01)
2026-02-11 14:29:52,285 - INFO - 
R_STN (N=14):
2026-02-11 14:29:52,286 - INFO - ----------------------------------------
2026-02-11 14:29:52,287 - INFO -   pair1: Pearson r=-0.112 (p=7.032e-01), Spearman r=-0.039 (p=8.950e-01)
2026-02-11 14:29:52,289 - INFO -   pair2: Pearson r=0.066 (p=8.222e-01), Spearman r=0.167 (p=5.683e-01)
2026-02-11 14:29:52,291 - INFO -   pair3: Pearson r=0.195 (p=5.052e-01), Spearman r=0.121 (p=6.797e-01)
2026-02-11 14:29:52,293 - INFO -   pair4: Pearson r=0.149 (p=6.111e-01), Spearman r=0.156 (p=5.954e-01)
2026-02-11 14:29:52,293 - INFO - 
R_Gpi (N=3):
2026-02-11 14:29:52,293 - INFO - ----------------------------------------
2026-02-11 14:29:52,295 - INFO -   pair1: Pearson r=0.789 (p=4.212e-01), Spearman r=0.500 (p=6.667e-01)
2026-02-11 14:29:52,297 - INFO -   pair2: Pearson r=0.991 (p=8.557e-02), Spearman r=1.000 (p=0.000e+00)
2026-02-11 14:29:52,299 - INFO -   pair3: Pearson r=-0.951 (p=2.007e-01), Spearman r=-1.000 (p=0.000e+00)
2026-02-11 14:29:52,301 - INFO -   pair4: Pearson r=-0.976 (p=1.391e-01), Spearman r=-1.000 (p=0.000e+00)
2026-02-11 14:29:52,301 - INFO - 
L_GPi (N=12):
2026-02-11 14:29:52,301 - INFO - ----------------------------------------
2026-02-11 14:29:52,303 - INFO -   pair1: Pearson r=0.070 (p=8.278e-01), Spearman r=-0.113 (p=7.273e-01)
2026-02-11 14:29:52,305 - INFO -   pair2: Pearson r=-0.059 (p=8.564e-01), Spearman r=-0.282 (p=3.751e-01)
2026-02-11 14:29:52,306 - INFO -   pair3: Pearson r=0.230 (p=4.727e-01), Spearman r=0.127 (p=6.946e-01)
2026-02-11 14:29:52,308 - INFO -   pair4: Pearson r=0.250 (p=4.334e-01), Spearman r=0.218 (p=4.955e-01)
2026-02-11 14:29:52,313 - INFO - 
Saved target-specific results to ti_fc_correlation_by_target.json
2026-02-11 14:29:52,313 - INFO - 
================================================================================
2026-02-11 14:29:52,313 - INFO - Analysis Complete!
2026-02-11 14:29:52,313 - INFO - ================================================================================
2026-02-11 14:29:52,313 - INFO - 
Generated files:
2026-02-11 14:29:52,313 - INFO -   - ti_fc_improvement_data.csv          : Raw FC and improvement rate data
2026-02-11 14:29:52,313 - INFO -   - ti_fc_correlation_results.json      : FC correlation statistics
2026-02-11 14:29:52,313 - INFO -   - ti_fc_correlation_by_target.json    : Target-specific FC correlation
2026-02-11 14:29:52,313 - INFO -   - ti_integrated_analysis.png/pdf      : Integrated visualization (FC + AI)
2026-02-11 14:29:52,313 - INFO -   - ti_integrated_analysis.log          : Detailed log file
2026-02-11 14:29:52,313 - INFO - 
================================================================================
2026-02-11 14:30:38,884 - INFO - ================================================================================
2026-02-11 14:30:38,884 - INFO - Starting Integrated TI Analysis (FC + AI Model)
2026-02-11 14:30:38,884 - INFO - ================================================================================
2026-02-11 14:30:38,884 - INFO - 
[Step 1] Parsing TI Excel data...
2026-02-11 14:30:39,003 - INFO - Parsing patient data from Excel...
2026-02-11 14:30:39,037 - INFO - 
Improvement rate statistics:
2026-02-11 14:30:39,037 - INFO -   N samples: 52
2026-02-11 14:30:39,037 - INFO -   N negative (set to 0): 12
2026-02-11 14:30:39,037 - INFO -   Min: 0.0000
2026-02-11 14:30:39,037 - INFO -   Max: 0.4545
2026-02-11 14:30:39,037 - INFO -   Mean: 0.1182
2026-02-11 14:30:39,037 - INFO -   Std: 0.1256
2026-02-11 14:30:39,038 - INFO -   Median: 0.0909
2026-02-11 14:30:39,038 - INFO - 
Found 52 valid patient samples with complete data
2026-02-11 14:30:39,038 - INFO - 
[Step 2] Computing FC and analyzing correlations...
2026-02-11 14:30:39,038 - INFO - 
================================================================================
2026-02-11 14:30:39,038 - INFO - FC-UPDRS III Improvement Rate Correlation Analysis (TI)
2026-02-11 14:30:39,038 - INFO - ================================================================================
2026-02-11 14:30:39,038 - INFO - 
Computing FC features for all patients...
2026-02-11 14:30:40,413 - INFO - 
Saved raw data to ti_fc_improvement_data.csv (N=52)
2026-02-11 14:30:40,413 - INFO - 
--------------------------------------------------------------------------------
2026-02-11 14:30:40,414 - INFO - Correlation Analysis Results:
2026-02-11 14:30:40,414 - INFO - --------------------------------------------------------------------------------
2026-02-11 14:30:40,416 - INFO - 
PAIR1: STN-L GPi-L
2026-02-11 14:30:40,416 - INFO -   ROI1: [215]
2026-02-11 14:30:40,416 - INFO -   ROI2: [223]
2026-02-11 14:30:40,416 - INFO -   FC range: [0.4495, 0.9269]
2026-02-11 14:30:40,416 - INFO -   FC mean ± std: 0.7909 ± 0.1262
2026-02-11 14:30:40,417 - INFO -   Pearson  r =  0.0271, p = 8.4882e-01 ns
2026-02-11 14:30:40,417 - INFO -   Spearman r =  0.0383, p = 7.8727e-01 ns
2026-02-11 14:30:40,418 - INFO - 
PAIR2: STN-L, Thalamus-L
2026-02-11 14:30:40,419 - INFO -   ROI1: [215]
2026-02-11 14:30:40,419 - INFO -   ROI2: [225]
2026-02-11 14:30:40,419 - INFO -   FC range: [-0.4047, 0.8996]
2026-02-11 14:30:40,419 - INFO -   FC mean ± std: 0.6468 ± 0.2871
2026-02-11 14:30:40,419 - INFO -   Pearson  r = -0.0512, p = 7.1849e-01 ns
2026-02-11 14:30:40,419 - INFO -   Spearman r =  0.1104, p = 4.3596e-01 ns
2026-02-11 14:30:40,421 - INFO - 
PAIR3: STN, M1
2026-02-11 14:30:40,421 - INFO -   ROI1: [215, 216]
2026-02-11 14:30:40,421 - INFO -   ROI2: [55, 56, 63, 64]
2026-02-11 14:30:40,421 - INFO -   FC range: [0.7857, 0.9744]
2026-02-11 14:30:40,421 - INFO -   FC mean ± std: 0.9141 ± 0.0433
2026-02-11 14:30:40,421 - INFO -   Pearson  r = -0.0023, p = 9.8687e-01 ns
2026-02-11 14:30:40,421 - INFO -   Spearman r =  0.0268, p = 8.5032e-01 ns
2026-02-11 14:30:40,423 - INFO - 
PAIR4: STN, SMA
2026-02-11 14:30:40,423 - INFO -   ROI1: [215, 216]
2026-02-11 14:30:40,423 - INFO -   ROI2: [53, 54, 57, 58, 59, 60, 61, 62, 67, 68]
2026-02-11 14:30:40,423 - INFO -   FC range: [0.7706, 0.9749]
2026-02-11 14:30:40,423 - INFO -   FC mean ± std: 0.9110 ± 0.0474
2026-02-11 14:30:40,423 - INFO -   Pearson  r = -0.0301, p = 8.3220e-01 ns
2026-02-11 14:30:40,423 - INFO -   Spearman r = -0.0327, p = 8.1794e-01 ns
2026-02-11 14:30:40,423 - INFO - 
================================================================================
2026-02-11 14:30:40,425 - INFO - 
Saved correlation results to ti_fc_correlation_results.json
2026-02-11 14:30:40,427 - INFO - 
[Step 3] Analyzing AI model predictions...
2026-02-11 14:30:40,427 - INFO - 
================================================================================
2026-02-11 14:30:40,427 - INFO - AI Model Prediction Analysis (5-Fold CV)
2026-02-11 14:30:40,427 - INFO - ================================================================================
2026-02-11 14:30:40,427 - INFO - 
Processing individual folds...
2026-02-11 14:30:40,429 - INFO - Fold 1: Spearman R = -0.410, P = 0.2104
2026-02-11 14:30:40,432 - INFO - Fold 2: Spearman R = 0.665, P = 0.0255
2026-02-11 14:30:40,434 - INFO - Fold 3: Spearman R = 0.358, P = 0.3104
2026-02-11 14:30:40,436 - INFO - Fold 4: Spearman R = 0.706, P = 0.0226
2026-02-11 14:30:40,439 - INFO - Fold 5: Spearman R = 0.239, P = 0.5055
2026-02-11 14:30:40,443 - INFO - 
Saved fold results to ai_model_fold_results.csv
2026-02-11 14:30:40,444 - INFO - 
Loaded pooled data: 52 samples
2026-02-11 14:30:40,445 - INFO - 
--------------------------------------------------------------------------------
2026-02-11 14:30:40,445 - INFO - Pooled Data Summary:
2026-02-11 14:30:40,445 - INFO -   Spearman R = 0.293
2026-02-11 14:30:40,445 - INFO -   P-value = 0.0352
2026-02-11 14:30:40,445 - INFO -   N samples = 52
2026-02-11 14:30:40,445 - INFO - --------------------------------------------------------------------------------
2026-02-11 14:30:40,445 - INFO - 
[Step 4] Creating integrated visualizations...
2026-02-11 14:30:40,445 - INFO - 
Generating integrated visualizations...
2026-02-11 14:30:43,042 - INFO - Saved integrated visualization to ti_integrated_analysis.png and .pdf
2026-02-11 14:30:43,043 - INFO - 
[Step 5] Analyzing by target...
2026-02-11 14:30:43,043 - INFO - 
================================================================================
2026-02-11 14:30:43,043 - INFO - Target-Specific Correlation Analysis (TI)
2026-02-11 14:30:43,043 - INFO - ================================================================================
2026-02-11 14:30:43,044 - INFO - 
L_STN (N=14):
2026-02-11 14:30:43,044 - INFO - ----------------------------------------
2026-02-11 14:30:43,047 - INFO -   pair1: Pearson r=0.370 (p=1.930e-01), Spearman r=0.300 (p=2.973e-01)
2026-02-11 14:30:43,049 - INFO -   pair2: Pearson r=0.406 (p=1.502e-01), Spearman r=0.453 (p=1.035e-01)
2026-02-11 14:30:43,051 - INFO -   pair3: Pearson r=0.490 (p=7.555e-02), Spearman r=0.484 (p=7.915e-02)
2026-02-11 14:30:43,052 - INFO -   pair4: Pearson r=0.419 (p=1.360e-01), Spearman r=0.384 (p=1.747e-01)
2026-02-11 14:30:43,053 - INFO - 
L_Gpi (N=4):
2026-02-11 14:30:43,053 - INFO - ----------------------------------------
2026-02-11 14:30:43,055 - INFO -   pair1: Pearson r=0.264 (p=7.362e-01), Spearman r=0.400 (p=6.000e-01)
2026-02-11 14:30:43,057 - INFO -   pair2: Pearson r=0.311 (p=6.893e-01), Spearman r=0.400 (p=6.000e-01)
2026-02-11 14:30:43,059 - INFO -   pair3: Pearson r=-0.826 (p=1.742e-01), Spearman r=-0.800 (p=2.000e-01)
2026-02-11 14:30:43,060 - INFO -   pair4: Pearson r=-0.846 (p=1.536e-01), Spearman r=-0.800 (p=2.000e-01)
2026-02-11 14:30:43,061 - INFO - 
R_GPi (N=5):
2026-02-11 14:30:43,061 - INFO - ----------------------------------------
2026-02-11 14:30:43,063 - INFO -   pair1: Pearson r=0.354 (p=5.590e-01), Spearman r=0.600 (p=2.848e-01)
2026-02-11 14:30:43,065 - INFO -   pair2: Pearson r=-0.674 (p=2.118e-01), Spearman r=-0.200 (p=7.471e-01)
2026-02-11 14:30:43,067 - INFO -   pair3: Pearson r=-0.632 (p=2.529e-01), Spearman r=-0.700 (p=1.881e-01)
2026-02-11 14:30:43,068 - INFO -   pair4: Pearson r=-0.731 (p=1.608e-01), Spearman r=-0.700 (p=1.881e-01)
2026-02-11 14:30:43,069 - INFO - 
R_STN (N=14):
2026-02-11 14:30:43,069 - INFO - ----------------------------------------
2026-02-11 14:30:43,071 - INFO -   pair1: Pearson r=-0.112 (p=7.032e-01), Spearman r=-0.039 (p=8.950e-01)
2026-02-11 14:30:43,073 - INFO -   pair2: Pearson r=0.066 (p=8.222e-01), Spearman r=0.167 (p=5.683e-01)
2026-02-11 14:30:43,074 - INFO -   pair3: Pearson r=0.195 (p=5.052e-01), Spearman r=0.121 (p=6.797e-01)
2026-02-11 14:30:43,076 - INFO -   pair4: Pearson r=0.149 (p=6.111e-01), Spearman r=0.156 (p=5.954e-01)
2026-02-11 14:30:43,077 - INFO - 
R_Gpi (N=3):
2026-02-11 14:30:43,077 - INFO - ----------------------------------------
2026-02-11 14:30:43,079 - INFO -   pair1: Pearson r=0.789 (p=4.212e-01), Spearman r=0.500 (p=6.667e-01)
2026-02-11 14:30:43,080 - INFO -   pair2: Pearson r=0.991 (p=8.557e-02), Spearman r=1.000 (p=0.000e+00)
2026-02-11 14:30:43,082 - INFO -   pair3: Pearson r=-0.951 (p=2.007e-01), Spearman r=-1.000 (p=0.000e+00)
2026-02-11 14:30:43,084 - INFO -   pair4: Pearson r=-0.976 (p=1.391e-01), Spearman r=-1.000 (p=0.000e+00)
2026-02-11 14:30:43,085 - INFO - 
L_GPi (N=12):
2026-02-11 14:30:43,085 - INFO - ----------------------------------------
2026-02-11 14:30:43,086 - INFO -   pair1: Pearson r=0.070 (p=8.278e-01), Spearman r=-0.113 (p=7.273e-01)
2026-02-11 14:30:43,088 - INFO -   pair2: Pearson r=-0.059 (p=8.564e-01), Spearman r=-0.282 (p=3.751e-01)
2026-02-11 14:30:43,090 - INFO -   pair3: Pearson r=0.230 (p=4.727e-01), Spearman r=0.127 (p=6.946e-01)
2026-02-11 14:30:43,092 - INFO -   pair4: Pearson r=0.250 (p=4.334e-01), Spearman r=0.218 (p=4.955e-01)
2026-02-11 14:30:43,096 - INFO - 
Saved target-specific results to ti_fc_correlation_by_target.json
2026-02-11 14:30:43,096 - INFO - 
================================================================================
2026-02-11 14:30:43,096 - INFO - Analysis Complete!
2026-02-11 14:30:43,096 - INFO - ================================================================================
2026-02-11 14:30:43,096 - INFO - 
Generated files:
2026-02-11 14:30:43,096 - INFO -   - ti_fc_improvement_data.csv          : Raw FC and improvement rate data
2026-02-11 14:30:43,096 - INFO -   - ti_fc_correlation_results.json      : FC correlation statistics
2026-02-11 14:30:43,096 - INFO -   - ti_fc_correlation_by_target.json    : Target-specific FC correlation
2026-02-11 14:30:43,096 - INFO -   - ti_integrated_analysis.png/pdf      : Integrated visualization (FC + AI)
2026-02-11 14:30:43,096 - INFO -   - ti_integrated_analysis.log          : Detailed log file
2026-02-11 14:30:43,096 - INFO - 
================================================================================
2026-02-11 14:32:27,416 - INFO - ================================================================================
2026-02-11 14:32:27,419 - INFO - Starting Integrated TI Analysis (FC + AI Model)
2026-02-11 14:32:27,419 - INFO - ================================================================================
2026-02-11 14:32:27,419 - INFO - 
[Step 1] Parsing TI Excel data...
2026-02-11 14:32:27,542 - INFO - Parsing patient data from Excel...
2026-02-11 14:32:27,576 - INFO - 
Improvement rate statistics:
2026-02-11 14:32:27,576 - INFO -   N samples: 52
2026-02-11 14:32:27,576 - INFO -   N negative (set to 0): 12
2026-02-11 14:32:27,576 - INFO -   Min: 0.0000
2026-02-11 14:32:27,576 - INFO -   Max: 0.4545
2026-02-11 14:32:27,577 - INFO -   Mean: 0.1182
2026-02-11 14:32:27,577 - INFO -   Std: 0.1256
2026-02-11 14:32:27,577 - INFO -   Median: 0.0909
2026-02-11 14:32:27,577 - INFO - 
Found 52 valid patient samples with complete data
2026-02-11 14:32:27,577 - INFO - 
[Step 2] Computing FC and analyzing correlations...
2026-02-11 14:32:27,577 - INFO - 
================================================================================
2026-02-11 14:32:27,577 - INFO - FC-UPDRS III Improvement Rate Correlation Analysis (TI)
2026-02-11 14:32:27,577 - INFO - ================================================================================
2026-02-11 14:32:27,577 - INFO - 
Computing FC features for all patients...
2026-02-11 14:32:28,895 - INFO - 
Saved raw data to ti_fc_improvement_data.csv (N=52)
2026-02-11 14:32:28,895 - INFO - 
--------------------------------------------------------------------------------
2026-02-11 14:32:28,895 - INFO - Correlation Analysis Results:
2026-02-11 14:32:28,895 - INFO - --------------------------------------------------------------------------------
2026-02-11 14:32:28,898 - INFO - 
PAIR1: STN-L GPi-L
2026-02-11 14:32:28,898 - INFO -   ROI1: [215]
2026-02-11 14:32:28,898 - INFO -   ROI2: [223]
2026-02-11 14:32:28,898 - INFO -   FC range: [0.4495, 0.9269]
2026-02-11 14:32:28,898 - INFO -   FC mean ± std: 0.7909 ± 0.1262
2026-02-11 14:32:28,898 - INFO -   Pearson  r =  0.0271, p = 8.4882e-01 ns
2026-02-11 14:32:28,898 - INFO -   Spearman r =  0.0383, p = 7.8727e-01 ns
2026-02-11 14:32:28,900 - INFO - 
PAIR2: STN-L, Thalamus-L
2026-02-11 14:32:28,900 - INFO -   ROI1: [215]
2026-02-11 14:32:28,900 - INFO -   ROI2: [225]
2026-02-11 14:32:28,900 - INFO -   FC range: [-0.4047, 0.8996]
2026-02-11 14:32:28,900 - INFO -   FC mean ± std: 0.6468 ± 0.2871
2026-02-11 14:32:28,900 - INFO -   Pearson  r = -0.0512, p = 7.1849e-01 ns
2026-02-11 14:32:28,900 - INFO -   Spearman r =  0.1104, p = 4.3596e-01 ns
2026-02-11 14:32:28,902 - INFO - 
PAIR3: STN, M1
2026-02-11 14:32:28,902 - INFO -   ROI1: [215, 216]
2026-02-11 14:32:28,902 - INFO -   ROI2: [55, 56, 63, 64]
2026-02-11 14:32:28,902 - INFO -   FC range: [0.7857, 0.9744]
2026-02-11 14:32:28,902 - INFO -   FC mean ± std: 0.9141 ± 0.0433
2026-02-11 14:32:28,902 - INFO -   Pearson  r = -0.0023, p = 9.8687e-01 ns
2026-02-11 14:32:28,902 - INFO -   Spearman r =  0.0268, p = 8.5032e-01 ns
2026-02-11 14:32:28,904 - INFO - 
PAIR4: STN, SMA
2026-02-11 14:32:28,904 - INFO -   ROI1: [215, 216]
2026-02-11 14:32:28,904 - INFO -   ROI2: [53, 54, 57, 58, 59, 60, 61, 62, 67, 68]
2026-02-11 14:32:28,904 - INFO -   FC range: [0.7706, 0.9749]
2026-02-11 14:32:28,904 - INFO -   FC mean ± std: 0.9110 ± 0.0474
2026-02-11 14:32:28,905 - INFO -   Pearson  r = -0.0301, p = 8.3220e-01 ns
2026-02-11 14:32:28,905 - INFO -   Spearman r = -0.0327, p = 8.1794e-01 ns
2026-02-11 14:32:28,905 - INFO - 
================================================================================
2026-02-11 14:32:28,906 - INFO - 
Saved correlation results to ti_fc_correlation_results.json
2026-02-11 14:32:28,908 - INFO - 
[Step 3] Analyzing AI model predictions...
2026-02-11 14:32:28,908 - INFO - 
================================================================================
2026-02-11 14:32:28,908 - INFO - AI Model Prediction Analysis (5-Fold CV)
2026-02-11 14:32:28,908 - INFO - ================================================================================
2026-02-11 14:32:28,908 - INFO - 
Processing individual folds...
2026-02-11 14:32:28,911 - INFO - Fold 1: Spearman R = -0.410, P = 0.2104
2026-02-11 14:32:28,913 - INFO - Fold 2: Spearman R = 0.665, P = 0.0255
2026-02-11 14:32:28,915 - INFO - Fold 3: Spearman R = 0.358, P = 0.3104
2026-02-11 14:32:28,918 - INFO - Fold 4: Spearman R = 0.706, P = 0.0226
2026-02-11 14:32:28,920 - INFO - Fold 5: Spearman R = 0.239, P = 0.5055
2026-02-11 14:32:28,922 - INFO - 
Saved fold results to ai_model_fold_results.csv
2026-02-11 14:32:28,923 - INFO - 
Loaded pooled data: 52 samples
2026-02-11 14:32:28,924 - INFO - 
--------------------------------------------------------------------------------
2026-02-11 14:32:28,925 - INFO - Pooled Data Summary:
2026-02-11 14:32:28,925 - INFO -   Spearman R = 0.293
2026-02-11 14:32:28,925 - INFO -   P-value = 0.0352
2026-02-11 14:32:28,925 - INFO -   N samples = 52
2026-02-11 14:32:28,925 - INFO - --------------------------------------------------------------------------------
2026-02-11 14:32:28,925 - INFO - 
[Step 4] Creating integrated visualizations...
2026-02-11 14:32:28,925 - INFO - 
Generating integrated visualizations...
2026-02-11 14:32:31,520 - INFO - Saved integrated visualization to ti_integrated_analysis.png and .pdf
2026-02-11 14:32:31,521 - INFO - 
[Step 5] Analyzing by target...
2026-02-11 14:32:31,521 - INFO - 
================================================================================
2026-02-11 14:32:31,521 - INFO - Target-Specific Correlation Analysis (TI)
2026-02-11 14:32:31,521 - INFO - ================================================================================
2026-02-11 14:32:31,522 - INFO - 
L_STN (N=14):
2026-02-11 14:32:31,522 - INFO - ----------------------------------------
2026-02-11 14:32:31,525 - INFO -   pair1: Pearson r=0.370 (p=1.930e-01), Spearman r=0.300 (p=2.973e-01)
2026-02-11 14:32:31,526 - INFO -   pair2: Pearson r=0.406 (p=1.502e-01), Spearman r=0.453 (p=1.035e-01)
2026-02-11 14:32:31,528 - INFO -   pair3: Pearson r=0.490 (p=7.555e-02), Spearman r=0.484 (p=7.915e-02)
2026-02-11 14:32:31,530 - INFO -   pair4: Pearson r=0.419 (p=1.360e-01), Spearman r=0.384 (p=1.747e-01)
2026-02-11 14:32:31,531 - INFO - 
L_Gpi (N=4):
2026-02-11 14:32:31,531 - INFO - ----------------------------------------
2026-02-11 14:32:31,532 - INFO -   pair1: Pearson r=0.264 (p=7.362e-01), Spearman r=0.400 (p=6.000e-01)
2026-02-11 14:32:31,534 - INFO -   pair2: Pearson r=0.311 (p=6.893e-01), Spearman r=0.400 (p=6.000e-01)
2026-02-11 14:32:31,536 - INFO -   pair3: Pearson r=-0.826 (p=1.742e-01), Spearman r=-0.800 (p=2.000e-01)
2026-02-11 14:32:31,538 - INFO -   pair4: Pearson r=-0.846 (p=1.536e-01), Spearman r=-0.800 (p=2.000e-01)
2026-02-11 14:32:31,538 - INFO - 
R_GPi (N=5):
2026-02-11 14:32:31,538 - INFO - ----------------------------------------
2026-02-11 14:32:31,540 - INFO -   pair1: Pearson r=0.354 (p=5.590e-01), Spearman r=0.600 (p=2.848e-01)
2026-02-11 14:32:31,542 - INFO -   pair2: Pearson r=-0.674 (p=2.118e-01), Spearman r=-0.200 (p=7.471e-01)
2026-02-11 14:32:31,546 - INFO -   pair3: Pearson r=-0.632 (p=2.529e-01), Spearman r=-0.700 (p=1.881e-01)
2026-02-11 14:32:31,547 - INFO -   pair4: Pearson r=-0.731 (p=1.608e-01), Spearman r=-0.700 (p=1.881e-01)
2026-02-11 14:32:31,548 - INFO - 
R_STN (N=14):
2026-02-11 14:32:31,548 - INFO - ----------------------------------------
2026-02-11 14:32:31,550 - INFO -   pair1: Pearson r=-0.112 (p=7.032e-01), Spearman r=-0.039 (p=8.950e-01)
2026-02-11 14:32:31,552 - INFO -   pair2: Pearson r=0.066 (p=8.222e-01), Spearman r=0.167 (p=5.683e-01)
2026-02-11 14:32:31,553 - INFO -   pair3: Pearson r=0.195 (p=5.052e-01), Spearman r=0.121 (p=6.797e-01)
2026-02-11 14:32:31,555 - INFO -   pair4: Pearson r=0.149 (p=6.111e-01), Spearman r=0.156 (p=5.954e-01)
2026-02-11 14:32:31,556 - INFO - 
R_Gpi (N=3):
2026-02-11 14:32:31,556 - INFO - ----------------------------------------
2026-02-11 14:32:31,558 - INFO -   pair1: Pearson r=0.789 (p=4.212e-01), Spearman r=0.500 (p=6.667e-01)
2026-02-11 14:32:31,559 - INFO -   pair2: Pearson r=0.991 (p=8.557e-02), Spearman r=1.000 (p=0.000e+00)
2026-02-11 14:32:31,561 - INFO -   pair3: Pearson r=-0.951 (p=2.007e-01), Spearman r=-1.000 (p=0.000e+00)
2026-02-11 14:32:31,563 - INFO -   pair4: Pearson r=-0.976 (p=1.391e-01), Spearman r=-1.000 (p=0.000e+00)
2026-02-11 14:32:31,563 - INFO - 
L_GPi (N=12):
2026-02-11 14:32:31,564 - INFO - ----------------------------------------
2026-02-11 14:32:31,565 - INFO -   pair1: Pearson r=0.070 (p=8.278e-01), Spearman r=-0.113 (p=7.273e-01)
2026-02-11 14:32:31,567 - INFO -   pair2: Pearson r=-0.059 (p=8.564e-01), Spearman r=-0.282 (p=3.751e-01)
2026-02-11 14:32:31,569 - INFO -   pair3: Pearson r=0.230 (p=4.727e-01), Spearman r=0.127 (p=6.946e-01)
2026-02-11 14:32:31,571 - INFO -   pair4: Pearson r=0.250 (p=4.334e-01), Spearman r=0.218 (p=4.955e-01)
2026-02-11 14:32:31,574 - INFO - 
Saved target-specific results to ti_fc_correlation_by_target.json
2026-02-11 14:32:31,574 - INFO - 
================================================================================
2026-02-11 14:32:31,574 - INFO - Analysis Complete!
2026-02-11 14:32:31,574 - INFO - ================================================================================
2026-02-11 14:32:31,574 - INFO - 
Generated files:
2026-02-11 14:32:31,574 - INFO -   - ti_fc_improvement_data.csv          : Raw FC and improvement rate data
2026-02-11 14:32:31,574 - INFO -   - ti_fc_correlation_results.json      : FC correlation statistics
2026-02-11 14:32:31,574 - INFO -   - ti_fc_correlation_by_target.json    : Target-specific FC correlation
2026-02-11 14:32:31,574 - INFO -   - ti_integrated_analysis.png/pdf      : Integrated visualization (FC + AI)
2026-02-11 14:32:31,574 - INFO -   - ti_integrated_analysis.log          : Detailed log file
2026-02-11 14:32:31,574 - INFO - 
================================================================================
2026-02-11 14:34:35,686 - INFO - ================================================================================
2026-02-11 14:34:35,702 - INFO - Starting Integrated TI Analysis (FC + AI Model)
2026-02-11 14:34:35,702 - INFO - ================================================================================
2026-02-11 14:34:35,702 - INFO - 
[Step 1] Parsing TI Excel data...
2026-02-11 14:34:35,823 - INFO - Parsing patient data from Excel...
2026-02-11 14:34:35,857 - INFO - 
Improvement rate statistics:
2026-02-11 14:34:35,857 - INFO -   N samples: 52
2026-02-11 14:34:35,858 - INFO -   N negative (set to 0): 12
2026-02-11 14:34:35,858 - INFO -   Min: 0.0000
2026-02-11 14:34:35,858 - INFO -   Max: 0.4545
2026-02-11 14:34:35,858 - INFO -   Mean: 0.1182
2026-02-11 14:34:35,858 - INFO -   Std: 0.1256
2026-02-11 14:34:35,858 - INFO -   Median: 0.0909
2026-02-11 14:34:35,858 - INFO - 
Found 52 valid patient samples with complete data
2026-02-11 14:34:35,858 - INFO - 
[Step 2] Computing FC and analyzing correlations...
2026-02-11 14:34:35,858 - INFO - 
================================================================================
2026-02-11 14:34:35,858 - INFO - FC-UPDRS III Improvement Rate Correlation Analysis (TI)
2026-02-11 14:34:35,858 - INFO - ================================================================================
2026-02-11 14:34:35,858 - INFO - 
Computing FC features for all patients...
2026-02-11 14:34:37,192 - INFO - 
Saved raw data to ti_fc_improvement_data.csv (N=52)
2026-02-11 14:34:37,192 - INFO - 
--------------------------------------------------------------------------------
2026-02-11 14:34:37,192 - INFO - Correlation Analysis Results:
2026-02-11 14:34:37,192 - INFO - --------------------------------------------------------------------------------
2026-02-11 14:34:37,194 - INFO - 
PAIR1: STN-L GPi-L
2026-02-11 14:34:37,194 - INFO -   ROI1: [215]
2026-02-11 14:34:37,195 - INFO -   ROI2: [223]
2026-02-11 14:34:37,195 - INFO -   FC range: [0.4495, 0.9269]
2026-02-11 14:34:37,195 - INFO -   FC mean ± std: 0.7909 ± 0.1262
2026-02-11 14:34:37,195 - INFO -   Pearson  r =  0.0271, p = 8.4882e-01 ns
2026-02-11 14:34:37,195 - INFO -   Spearman r =  0.0383, p = 7.8727e-01 ns
2026-02-11 14:34:37,197 - INFO - 
PAIR2: STN-L, Thalamus-L
2026-02-11 14:34:37,197 - INFO -   ROI1: [215]
2026-02-11 14:34:37,197 - INFO -   ROI2: [225]
2026-02-11 14:34:37,197 - INFO -   FC range: [-0.4047, 0.8996]
2026-02-11 14:34:37,197 - INFO -   FC mean ± std: 0.6468 ± 0.2871
2026-02-11 14:34:37,197 - INFO -   Pearson  r = -0.0512, p = 7.1849e-01 ns
2026-02-11 14:34:37,197 - INFO -   Spearman r =  0.1104, p = 4.3596e-01 ns
2026-02-11 14:34:37,199 - INFO - 
PAIR3: STN, M1
2026-02-11 14:34:37,199 - INFO -   ROI1: [215, 216]
2026-02-11 14:34:37,199 - INFO -   ROI2: [55, 56, 63, 64]
2026-02-11 14:34:37,199 - INFO -   FC range: [0.7857, 0.9744]
2026-02-11 14:34:37,199 - INFO -   FC mean ± std: 0.9141 ± 0.0433
2026-02-11 14:34:37,199 - INFO -   Pearson  r = -0.0023, p = 9.8687e-01 ns
2026-02-11 14:34:37,199 - INFO -   Spearman r =  0.0268, p = 8.5032e-01 ns
2026-02-11 14:34:37,201 - INFO - 
PAIR4: STN, SMA
2026-02-11 14:34:37,201 - INFO -   ROI1: [215, 216]
2026-02-11 14:34:37,201 - INFO -   ROI2: [53, 54, 57, 58, 59, 60, 61, 62, 67, 68]
2026-02-11 14:34:37,201 - INFO -   FC range: [0.7706, 0.9749]
2026-02-11 14:34:37,201 - INFO -   FC mean ± std: 0.9110 ± 0.0474
2026-02-11 14:34:37,201 - INFO -   Pearson  r = -0.0301, p = 8.3220e-01 ns
2026-02-11 14:34:37,201 - INFO -   Spearman r = -0.0327, p = 8.1794e-01 ns
2026-02-11 14:34:37,201 - INFO - 
================================================================================
2026-02-11 14:34:37,203 - INFO - 
Saved correlation results to ti_fc_correlation_results.json
2026-02-11 14:34:37,204 - INFO - 
[Step 3] Analyzing AI model predictions...
2026-02-11 14:34:37,205 - INFO - 
================================================================================
2026-02-11 14:34:37,205 - INFO - AI Model Prediction Analysis (5-Fold CV)
2026-02-11 14:34:37,205 - INFO - ================================================================================
2026-02-11 14:34:37,205 - INFO - 
Processing individual folds...
2026-02-11 14:34:37,207 - INFO - Fold 1: Spearman R = -0.410, P = 0.2104
2026-02-11 14:34:37,210 - INFO - Fold 2: Spearman R = 0.665, P = 0.0255
2026-02-11 14:34:37,212 - INFO - Fold 3: Spearman R = 0.358, P = 0.3104
2026-02-11 14:34:37,214 - INFO - Fold 4: Spearman R = 0.706, P = 0.0226
2026-02-11 14:34:37,217 - INFO - Fold 5: Spearman R = 0.239, P = 0.5055
2026-02-11 14:34:37,219 - INFO - 
Saved fold results to ai_model_fold_results.csv
2026-02-11 14:34:37,220 - INFO - 
Loaded pooled data: 52 samples
2026-02-11 14:34:37,221 - INFO - 
--------------------------------------------------------------------------------
2026-02-11 14:34:37,221 - INFO - Pooled Data Summary:
2026-02-11 14:34:37,221 - INFO -   Spearman R = 0.293
2026-02-11 14:34:37,221 - INFO -   P-value = 0.0352
2026-02-11 14:34:37,221 - INFO -   N samples = 52
2026-02-11 14:34:37,221 - INFO - --------------------------------------------------------------------------------
2026-02-11 14:34:37,221 - INFO - 
[Step 4] Creating integrated visualizations...
2026-02-11 14:34:37,221 - INFO - 
Generating integrated visualizations...
2026-02-11 14:34:39,806 - INFO - Saved integrated visualization to ti_integrated_analysis.png and .pdf
2026-02-11 14:34:39,806 - INFO - 
[Step 5] Analyzing by target...
2026-02-11 14:34:39,806 - INFO - 
================================================================================
2026-02-11 14:34:39,806 - INFO - Target-Specific Correlation Analysis (TI)
2026-02-11 14:34:39,806 - INFO - ================================================================================
2026-02-11 14:34:39,807 - INFO - 
L_STN (N=14):
2026-02-11 14:34:39,807 - INFO - ----------------------------------------
2026-02-11 14:34:39,810 - INFO -   pair1: Pearson r=0.370 (p=1.930e-01), Spearman r=0.300 (p=2.973e-01)
2026-02-11 14:34:39,812 - INFO -   pair2: Pearson r=0.406 (p=1.502e-01), Spearman r=0.453 (p=1.035e-01)
2026-02-11 14:34:39,813 - INFO -   pair3: Pearson r=0.490 (p=7.555e-02), Spearman r=0.484 (p=7.915e-02)
2026-02-11 14:34:39,815 - INFO -   pair4: Pearson r=0.419 (p=1.360e-01), Spearman r=0.384 (p=1.747e-01)
2026-02-11 14:34:39,816 - INFO - 
L_Gpi (N=4):
2026-02-11 14:34:39,816 - INFO - ----------------------------------------
2026-02-11 14:34:39,818 - INFO -   pair1: Pearson r=0.264 (p=7.362e-01), Spearman r=0.400 (p=6.000e-01)
2026-02-11 14:34:39,819 - INFO -   pair2: Pearson r=0.311 (p=6.893e-01), Spearman r=0.400 (p=6.000e-01)
2026-02-11 14:34:39,821 - INFO -   pair3: Pearson r=-0.826 (p=1.742e-01), Spearman r=-0.800 (p=2.000e-01)
2026-02-11 14:34:39,823 - INFO -   pair4: Pearson r=-0.846 (p=1.536e-01), Spearman r=-0.800 (p=2.000e-01)
2026-02-11 14:34:39,824 - INFO - 
R_GPi (N=5):
2026-02-11 14:34:39,824 - INFO - ----------------------------------------
2026-02-11 14:34:39,826 - INFO -   pair1: Pearson r=0.354 (p=5.590e-01), Spearman r=0.600 (p=2.848e-01)
2026-02-11 14:34:39,827 - INFO -   pair2: Pearson r=-0.674 (p=2.118e-01), Spearman r=-0.200 (p=7.471e-01)
2026-02-11 14:34:39,829 - INFO -   pair3: Pearson r=-0.632 (p=2.529e-01), Spearman r=-0.700 (p=1.881e-01)
2026-02-11 14:34:39,831 - INFO -   pair4: Pearson r=-0.731 (p=1.608e-01), Spearman r=-0.700 (p=1.881e-01)
2026-02-11 14:34:39,832 - INFO - 
R_STN (N=14):
2026-02-11 14:34:39,833 - INFO - ----------------------------------------
2026-02-11 14:34:39,834 - INFO -   pair1: Pearson r=-0.112 (p=7.032e-01), Spearman r=-0.039 (p=8.950e-01)
2026-02-11 14:34:39,836 - INFO -   pair2: Pearson r=0.066 (p=8.222e-01), Spearman r=0.167 (p=5.683e-01)
2026-02-11 14:34:39,838 - INFO -   pair3: Pearson r=0.195 (p=5.052e-01), Spearman r=0.121 (p=6.797e-01)
2026-02-11 14:34:39,840 - INFO -   pair4: Pearson r=0.149 (p=6.111e-01), Spearman r=0.156 (p=5.954e-01)
2026-02-11 14:34:39,840 - INFO - 
R_Gpi (N=3):
2026-02-11 14:34:39,840 - INFO - ----------------------------------------
2026-02-11 14:34:39,842 - INFO -   pair1: Pearson r=0.789 (p=4.212e-01), Spearman r=0.500 (p=6.667e-01)
2026-02-11 14:34:39,844 - INFO -   pair2: Pearson r=0.991 (p=8.557e-02), Spearman r=1.000 (p=0.000e+00)
2026-02-11 14:34:39,846 - INFO -   pair3: Pearson r=-0.951 (p=2.007e-01), Spearman r=-1.000 (p=0.000e+00)
2026-02-11 14:34:39,848 - INFO -   pair4: Pearson r=-0.976 (p=1.391e-01), Spearman r=-1.000 (p=0.000e+00)
2026-02-11 14:34:39,848 - INFO - 
L_GPi (N=12):
2026-02-11 14:34:39,848 - INFO - ----------------------------------------
2026-02-11 14:34:39,850 - INFO -   pair1: Pearson r=0.070 (p=8.278e-01), Spearman r=-0.113 (p=7.273e-01)
2026-02-11 14:34:39,852 - INFO -   pair2: Pearson r=-0.059 (p=8.564e-01), Spearman r=-0.282 (p=3.751e-01)
2026-02-11 14:34:39,854 - INFO -   pair3: Pearson r=0.230 (p=4.727e-01), Spearman r=0.127 (p=6.946e-01)
2026-02-11 14:34:39,855 - INFO -   pair4: Pearson r=0.250 (p=4.334e-01), Spearman r=0.218 (p=4.955e-01)
2026-02-11 14:34:39,858 - INFO - 
Saved target-specific results to ti_fc_correlation_by_target.json
2026-02-11 14:34:39,858 - INFO - 
================================================================================
2026-02-11 14:34:39,858 - INFO - Analysis Complete!
2026-02-11 14:34:39,858 - INFO - ================================================================================
2026-02-11 14:34:39,858 - INFO - 
Generated files:
2026-02-11 14:34:39,858 - INFO -   - ti_fc_improvement_data.csv          : Raw FC and improvement rate data
2026-02-11 14:34:39,858 - INFO -   - ti_fc_correlation_results.json      : FC correlation statistics
2026-02-11 14:34:39,858 - INFO -   - ti_fc_correlation_by_target.json    : Target-specific FC correlation
2026-02-11 14:34:39,858 - INFO -   - ti_integrated_analysis.png/pdf      : Integrated visualization (FC + AI)
2026-02-11 14:34:39,858 - INFO -   - ti_integrated_analysis.log          : Detailed log file
2026-02-11 14:34:39,858 - INFO - 
================================================================================
2026-02-11 15:04:26,702 - INFO - ================================================================================
2026-02-11 15:04:26,706 - INFO - Starting Integrated TI Analysis (FC + AI Model)
2026-02-11 15:04:26,706 - INFO - ================================================================================
2026-02-11 15:04:26,706 - INFO - 
[Step 1] Parsing TI Excel data...
2026-02-11 15:04:26,827 - INFO - Parsing patient data from Excel...
2026-02-11 15:04:26,861 - INFO - 
Improvement rate statistics:
2026-02-11 15:04:26,861 - INFO -   N samples: 52
2026-02-11 15:04:26,861 - INFO -   N negative (set to 0): 12
2026-02-11 15:04:26,861 - INFO -   Min: 0.0000
2026-02-11 15:04:26,861 - INFO -   Max: 0.4545
2026-02-11 15:04:26,861 - INFO -   Mean: 0.1182
2026-02-11 15:04:26,861 - INFO -   Std: 0.1256
2026-02-11 15:04:26,861 - INFO -   Median: 0.0909
2026-02-11 15:04:26,861 - INFO - 
Found 52 valid patient samples with complete data
2026-02-11 15:04:26,861 - INFO - 
[Step 2] Computing FC and analyzing correlations...
2026-02-11 15:04:26,861 - INFO - 
================================================================================
2026-02-11 15:04:26,861 - INFO - FC-UPDRS III Improvement Rate Correlation Analysis (TI)
2026-02-11 15:04:26,861 - INFO - ================================================================================
2026-02-11 15:04:26,861 - INFO - 
Computing FC features for all patients...
2026-02-11 15:04:28,160 - INFO - 
Saved raw data to ti_fc_improvement_data.csv (N=52)
2026-02-11 15:04:28,160 - INFO - 
--------------------------------------------------------------------------------
2026-02-11 15:04:28,160 - INFO - Correlation Analysis Results:
2026-02-11 15:04:28,160 - INFO - --------------------------------------------------------------------------------
2026-02-11 15:04:28,162 - INFO - 
PAIR1: STN-L GPi-L
2026-02-11 15:04:28,162 - INFO -   ROI1: [215]
2026-02-11 15:04:28,162 - INFO -   ROI2: [223]
2026-02-11 15:04:28,162 - INFO -   FC range: [0.4495, 0.9269]
2026-02-11 15:04:28,162 - INFO -   FC mean ± std: 0.7909 ± 0.1262
2026-02-11 15:04:28,163 - INFO -   Pearson  r =  0.0271, p = 8.4882e-01 ns
2026-02-11 15:04:28,163 - INFO -   Spearman r =  0.0383, p = 7.8727e-01 ns
2026-02-11 15:04:28,164 - INFO - 
PAIR2: STN-L, Thalamus-L
2026-02-11 15:04:28,165 - INFO -   ROI1: [215]
2026-02-11 15:04:28,165 - INFO -   ROI2: [225]
2026-02-11 15:04:28,165 - INFO -   FC range: [-0.4047, 0.8996]
2026-02-11 15:04:28,165 - INFO -   FC mean ± std: 0.6468 ± 0.2871
2026-02-11 15:04:28,165 - INFO -   Pearson  r = -0.0512, p = 7.1849e-01 ns
2026-02-11 15:04:28,165 - INFO -   Spearman r =  0.1104, p = 4.3596e-01 ns
2026-02-11 15:04:28,167 - INFO - 
PAIR3: STN, M1
2026-02-11 15:04:28,167 - INFO -   ROI1: [215, 216]
2026-02-11 15:04:28,167 - INFO -   ROI2: [55, 56, 63, 64]
2026-02-11 15:04:28,167 - INFO -   FC range: [0.7857, 0.9744]
2026-02-11 15:04:28,167 - INFO -   FC mean ± std: 0.9141 ± 0.0433
2026-02-11 15:04:28,167 - INFO -   Pearson  r = -0.0023, p = 9.8687e-01 ns
2026-02-11 15:04:28,167 - INFO -   Spearman r =  0.0268, p = 8.5032e-01 ns
2026-02-11 15:04:28,169 - INFO - 
PAIR4: STN, SMA
2026-02-11 15:04:28,169 - INFO -   ROI1: [215, 216]
2026-02-11 15:04:28,169 - INFO -   ROI2: [53, 54, 57, 58, 59, 60, 61, 62, 67, 68]
2026-02-11 15:04:28,169 - INFO -   FC range: [0.7706, 0.9749]
2026-02-11 15:04:28,169 - INFO -   FC mean ± std: 0.9110 ± 0.0474
2026-02-11 15:04:28,169 - INFO -   Pearson  r = -0.0301, p = 8.3220e-01 ns
2026-02-11 15:04:28,169 - INFO -   Spearman r = -0.0327, p = 8.1794e-01 ns
2026-02-11 15:04:28,169 - INFO - 
================================================================================
2026-02-11 15:04:28,171 - INFO - 
Saved correlation results to ti_fc_correlation_results.json
2026-02-11 15:04:28,172 - INFO - 
[Step 3] Analyzing AI model predictions...
2026-02-11 15:04:28,172 - INFO - 
================================================================================
2026-02-11 15:04:28,172 - INFO - AI Model Prediction Analysis (5-Fold CV)
2026-02-11 15:04:28,172 - INFO - ================================================================================
2026-02-11 15:04:28,172 - INFO - 
Processing individual folds...
2026-02-11 15:04:28,175 - INFO - Fold 1: Spearman R = -0.410, P = 0.2104
2026-02-11 15:04:28,177 - INFO - Fold 2: Spearman R = 0.665, P = 0.0255
2026-02-11 15:04:28,180 - INFO - Fold 3: Spearman R = 0.358, P = 0.3104
2026-02-11 15:04:28,182 - INFO - Fold 4: Spearman R = 0.706, P = 0.0226
2026-02-11 15:04:28,184 - INFO - Fold 5: Spearman R = 0.239, P = 0.5055
2026-02-11 15:04:28,187 - INFO - 
Saved fold results to ai_model_fold_results.csv
2026-02-11 15:04:28,188 - INFO - 
Loaded pooled data: 52 samples
2026-02-11 15:04:28,189 - INFO - 
--------------------------------------------------------------------------------
2026-02-11 15:04:28,189 - INFO - Pooled Data Summary:
2026-02-11 15:04:28,189 - INFO -   Spearman R = 0.293
2026-02-11 15:04:28,190 - INFO -   P-value = 0.0352
2026-02-11 15:04:28,190 - INFO -   N samples = 52
2026-02-11 15:04:28,190 - INFO - --------------------------------------------------------------------------------
2026-02-11 15:04:28,190 - INFO - 
[Step 4] Creating integrated visualizations...
2026-02-11 15:04:28,190 - INFO - 
Generating integrated visualizations...
2026-02-11 15:04:29,651 - INFO - Saved integrated visualization to dbs_integrated_analysis.png and .pdf
2026-02-11 15:04:29,652 - INFO - 
[Step 5] Analyzing by target...
2026-02-11 15:04:29,652 - INFO - 
================================================================================
2026-02-11 15:04:29,652 - INFO - Target-Specific Correlation Analysis (TI)
2026-02-11 15:04:29,652 - INFO - ================================================================================
2026-02-11 15:04:29,652 - INFO - 
L_STN (N=14):
2026-02-11 15:04:29,652 - INFO - ----------------------------------------
2026-02-11 15:04:29,654 - INFO -   pair1: Pearson r=0.370 (p=1.930e-01), Spearman r=0.300 (p=2.973e-01)
2026-02-11 15:04:29,656 - INFO -   pair2: Pearson r=0.406 (p=1.502e-01), Spearman r=0.453 (p=1.035e-01)
2026-02-11 15:04:29,658 - INFO -   pair3: Pearson r=0.490 (p=7.555e-02), Spearman r=0.484 (p=7.915e-02)
2026-02-11 15:04:29,660 - INFO -   pair4: Pearson r=0.419 (p=1.360e-01), Spearman r=0.384 (p=1.747e-01)
2026-02-11 15:04:29,660 - INFO - 
L_Gpi (N=4):
2026-02-11 15:04:29,661 - INFO - ----------------------------------------
2026-02-11 15:04:29,662 - INFO -   pair1: Pearson r=0.264 (p=7.362e-01), Spearman r=0.400 (p=6.000e-01)
2026-02-11 15:04:29,664 - INFO -   pair2: Pearson r=0.311 (p=6.893e-01), Spearman r=0.400 (p=6.000e-01)
2026-02-11 15:04:29,666 - INFO -   pair3: Pearson r=-0.826 (p=1.742e-01), Spearman r=-0.800 (p=2.000e-01)
2026-02-11 15:04:29,668 - INFO -   pair4: Pearson r=-0.846 (p=1.536e-01), Spearman r=-0.800 (p=2.000e-01)
2026-02-11 15:04:29,668 - INFO - 
R_GPi (N=5):
2026-02-11 15:04:29,668 - INFO - ----------------------------------------
2026-02-11 15:04:29,670 - INFO -   pair1: Pearson r=0.354 (p=5.590e-01), Spearman r=0.600 (p=2.848e-01)
2026-02-11 15:04:29,672 - INFO -   pair2: Pearson r=-0.674 (p=2.118e-01), Spearman r=-0.200 (p=7.471e-01)
2026-02-11 15:04:29,674 - INFO -   pair3: Pearson r=-0.632 (p=2.529e-01), Spearman r=-0.700 (p=1.881e-01)
2026-02-11 15:04:29,676 - INFO -   pair4: Pearson r=-0.731 (p=1.608e-01), Spearman r=-0.700 (p=1.881e-01)
2026-02-11 15:04:29,676 - INFO - 
R_STN (N=14):
2026-02-11 15:04:29,676 - INFO - ----------------------------------------
2026-02-11 15:04:29,678 - INFO -   pair1: Pearson r=-0.112 (p=7.032e-01), Spearman r=-0.039 (p=8.950e-01)
2026-02-11 15:04:29,680 - INFO -   pair2: Pearson r=0.066 (p=8.222e-01), Spearman r=0.167 (p=5.683e-01)
2026-02-11 15:04:29,682 - INFO -   pair3: Pearson r=0.195 (p=5.052e-01), Spearman r=0.121 (p=6.797e-01)
2026-02-11 15:04:29,684 - INFO -   pair4: Pearson r=0.149 (p=6.111e-01), Spearman r=0.156 (p=5.954e-01)
2026-02-11 15:04:29,684 - INFO - 
R_Gpi (N=3):
2026-02-11 15:04:29,684 - INFO - ----------------------------------------
2026-02-11 15:04:29,686 - INFO -   pair1: Pearson r=0.789 (p=4.212e-01), Spearman r=0.500 (p=6.667e-01)
2026-02-11 15:04:29,688 - INFO -   pair2: Pearson r=0.991 (p=8.557e-02), Spearman r=1.000 (p=0.000e+00)
2026-02-11 15:04:29,690 - INFO -   pair3: Pearson r=-0.951 (p=2.007e-01), Spearman r=-1.000 (p=0.000e+00)
2026-02-11 15:04:29,691 - INFO -   pair4: Pearson r=-0.976 (p=1.391e-01), Spearman r=-1.000 (p=0.000e+00)
2026-02-11 15:04:29,692 - INFO - 
L_GPi (N=12):
2026-02-11 15:04:29,692 - INFO - ----------------------------------------
2026-02-11 15:04:29,694 - INFO -   pair1: Pearson r=0.070 (p=8.278e-01), Spearman r=-0.113 (p=7.273e-01)
2026-02-11 15:04:29,696 - INFO -   pair2: Pearson r=-0.059 (p=8.564e-01), Spearman r=-0.282 (p=3.751e-01)
2026-02-11 15:04:29,697 - INFO -   pair3: Pearson r=0.230 (p=4.727e-01), Spearman r=0.127 (p=6.946e-01)
2026-02-11 15:04:29,699 - INFO -   pair4: Pearson r=0.250 (p=4.334e-01), Spearman r=0.218 (p=4.955e-01)
2026-02-11 15:04:29,706 - INFO - 
Saved target-specific results to ti_fc_correlation_by_target.json
2026-02-11 15:04:29,706 - INFO - 
================================================================================
2026-02-11 15:04:29,706 - INFO - Analysis Complete!
2026-02-11 15:04:29,706 - INFO - ================================================================================
2026-02-11 15:04:29,706 - INFO - 
Generated files:
2026-02-11 15:04:29,706 - INFO -   - ti_fc_improvement_data.csv          : Raw FC and improvement rate data
2026-02-11 15:04:29,706 - INFO -   - ti_fc_correlation_results.json      : FC correlation statistics
2026-02-11 15:04:29,706 - INFO -   - ti_fc_correlation_by_target.json    : Target-specific FC correlation
2026-02-11 15:04:29,706 - INFO -   - ti_integrated_analysis.png/pdf      : Integrated visualization (FC + AI)
2026-02-11 15:04:29,706 - INFO -   - ti_integrated_analysis.log          : Detailed log file
2026-02-11 15:04:29,706 - INFO - 
================================================================================
2026-02-11 15:04:57,708 - INFO - ================================================================================
2026-02-11 15:04:57,708 - INFO - Starting Integrated TI Analysis (FC + AI Model)
2026-02-11 15:04:57,708 - INFO - ================================================================================
2026-02-11 15:04:57,708 - INFO - 
[Step 1] Parsing TI Excel data...
2026-02-11 15:04:57,827 - INFO - Parsing patient data from Excel...
2026-02-11 15:04:57,861 - INFO - 
Improvement rate statistics:
2026-02-11 15:04:57,861 - INFO -   N samples: 52
2026-02-11 15:04:57,861 - INFO -   N negative (set to 0): 12
2026-02-11 15:04:57,861 - INFO -   Min: 0.0000
2026-02-11 15:04:57,861 - INFO -   Max: 0.4545
2026-02-11 15:04:57,861 - INFO -   Mean: 0.1182
2026-02-11 15:04:57,862 - INFO -   Std: 0.1256
2026-02-11 15:04:57,862 - INFO -   Median: 0.0909
2026-02-11 15:04:57,862 - INFO - 
Found 52 valid patient samples with complete data
2026-02-11 15:04:57,862 - INFO - 
[Step 2] Computing FC and analyzing correlations...
2026-02-11 15:04:57,862 - INFO - 
================================================================================
2026-02-11 15:04:57,862 - INFO - FC-UPDRS III Improvement Rate Correlation Analysis (TI)
2026-02-11 15:04:57,862 - INFO - ================================================================================
2026-02-11 15:04:57,862 - INFO - 
Computing FC features for all patients...
2026-02-11 15:04:59,147 - INFO - 
Saved raw data to ti_fc_improvement_data.csv (N=52)
2026-02-11 15:04:59,147 - INFO - 
--------------------------------------------------------------------------------
2026-02-11 15:04:59,147 - INFO - Correlation Analysis Results:
2026-02-11 15:04:59,147 - INFO - --------------------------------------------------------------------------------
2026-02-11 15:04:59,149 - INFO - 
PAIR1: STN-L GPi-L
2026-02-11 15:04:59,149 - INFO -   ROI1: [215]
2026-02-11 15:04:59,149 - INFO -   ROI2: [223]
2026-02-11 15:04:59,149 - INFO -   FC range: [0.4495, 0.9269]
2026-02-11 15:04:59,150 - INFO -   FC mean ± std: 0.7909 ± 0.1262
2026-02-11 15:04:59,150 - INFO -   Pearson  r =  0.0271, p = 8.4882e-01 ns
2026-02-11 15:04:59,150 - INFO -   Spearman r =  0.0383, p = 7.8727e-01 ns
2026-02-11 15:04:59,152 - INFO - 
PAIR2: STN-L, Thalamus-L
2026-02-11 15:04:59,152 - INFO -   ROI1: [215]
2026-02-11 15:04:59,152 - INFO -   ROI2: [225]
2026-02-11 15:04:59,152 - INFO -   FC range: [-0.4047, 0.8996]
2026-02-11 15:04:59,152 - INFO -   FC mean ± std: 0.6468 ± 0.2871
2026-02-11 15:04:59,152 - INFO -   Pearson  r = -0.0512, p = 7.1849e-01 ns
2026-02-11 15:04:59,152 - INFO -   Spearman r =  0.1104, p = 4.3596e-01 ns
2026-02-11 15:04:59,154 - INFO - 
PAIR3: STN, M1
2026-02-11 15:04:59,154 - INFO -   ROI1: [215, 216]
2026-02-11 15:04:59,154 - INFO -   ROI2: [55, 56, 63, 64]
2026-02-11 15:04:59,154 - INFO -   FC range: [0.7857, 0.9744]
2026-02-11 15:04:59,154 - INFO -   FC mean ± std: 0.9141 ± 0.0433
2026-02-11 15:04:59,154 - INFO -   Pearson  r = -0.0023, p = 9.8687e-01 ns
2026-02-11 15:04:59,154 - INFO -   Spearman r =  0.0268, p = 8.5032e-01 ns
2026-02-11 15:04:59,156 - INFO - 
PAIR4: STN, SMA
2026-02-11 15:04:59,156 - INFO -   ROI1: [215, 216]
2026-02-11 15:04:59,156 - INFO -   ROI2: [53, 54, 57, 58, 59, 60, 61, 62, 67, 68]
2026-02-11 15:04:59,156 - INFO -   FC range: [0.7706, 0.9749]
2026-02-11 15:04:59,156 - INFO -   FC mean ± std: 0.9110 ± 0.0474
2026-02-11 15:04:59,156 - INFO -   Pearson  r = -0.0301, p = 8.3220e-01 ns
2026-02-11 15:04:59,156 - INFO -   Spearman r = -0.0327, p = 8.1794e-01 ns
2026-02-11 15:04:59,156 - INFO - 
================================================================================
2026-02-11 15:04:59,159 - INFO - 
Saved correlation results to ti_fc_correlation_results.json
2026-02-11 15:04:59,160 - INFO - 
[Step 3] Analyzing AI model predictions...
2026-02-11 15:04:59,160 - INFO - 
================================================================================
2026-02-11 15:04:59,160 - INFO - AI Model Prediction Analysis (5-Fold CV)
2026-02-11 15:04:59,160 - INFO - ================================================================================
2026-02-11 15:04:59,160 - INFO - 
Processing individual folds...
2026-02-11 15:04:59,163 - INFO - Fold 1: Spearman R = -0.410, P = 0.2104
2026-02-11 15:04:59,165 - INFO - Fold 2: Spearman R = 0.665, P = 0.0255
2026-02-11 15:04:59,167 - INFO - Fold 3: Spearman R = 0.358, P = 0.3104
2026-02-11 15:04:59,170 - INFO - Fold 4: Spearman R = 0.706, P = 0.0226
2026-02-11 15:04:59,172 - INFO - Fold 5: Spearman R = 0.239, P = 0.5055
2026-02-11 15:04:59,174 - INFO - 
Saved fold results to ai_model_fold_results.csv
2026-02-11 15:04:59,175 - INFO - 
Loaded pooled data: 52 samples
2026-02-11 15:04:59,176 - INFO - 
--------------------------------------------------------------------------------
2026-02-11 15:04:59,177 - INFO - Pooled Data Summary:
2026-02-11 15:04:59,177 - INFO -   Spearman R = 0.293
2026-02-11 15:04:59,177 - INFO -   P-value = 0.0352
2026-02-11 15:04:59,177 - INFO -   N samples = 52
2026-02-11 15:04:59,177 - INFO - --------------------------------------------------------------------------------
2026-02-11 15:04:59,177 - INFO - 
[Step 4] Creating integrated visualizations...
2026-02-11 15:04:59,177 - INFO - 
Generating integrated visualizations...
2026-02-11 15:05:00,617 - INFO - Saved integrated visualization to ti_integrated_analysis.png and .pdf
2026-02-11 15:05:00,617 - INFO - 
[Step 5] Analyzing by target...
2026-02-11 15:05:00,617 - INFO - 
================================================================================
2026-02-11 15:05:00,617 - INFO - Target-Specific Correlation Analysis (TI)
2026-02-11 15:05:00,617 - INFO - ================================================================================
2026-02-11 15:05:00,618 - INFO - 
L_STN (N=14):
2026-02-11 15:05:00,618 - INFO - ----------------------------------------
2026-02-11 15:05:00,620 - INFO -   pair1: Pearson r=0.370 (p=1.930e-01), Spearman r=0.300 (p=2.973e-01)
2026-02-11 15:05:00,622 - INFO -   pair2: Pearson r=0.406 (p=1.502e-01), Spearman r=0.453 (p=1.035e-01)
2026-02-11 15:05:00,624 - INFO -   pair3: Pearson r=0.490 (p=7.555e-02), Spearman r=0.484 (p=7.915e-02)
2026-02-11 15:05:00,625 - INFO -   pair4: Pearson r=0.419 (p=1.360e-01), Spearman r=0.384 (p=1.747e-01)
2026-02-11 15:05:00,626 - INFO - 
L_Gpi (N=4):
2026-02-11 15:05:00,626 - INFO - ----------------------------------------
2026-02-11 15:05:00,628 - INFO -   pair1: Pearson r=0.264 (p=7.362e-01), Spearman r=0.400 (p=6.000e-01)
2026-02-11 15:05:00,630 - INFO -   pair2: Pearson r=0.311 (p=6.893e-01), Spearman r=0.400 (p=6.000e-01)
2026-02-11 15:05:00,631 - INFO -   pair3: Pearson r=-0.826 (p=1.742e-01), Spearman r=-0.800 (p=2.000e-01)
2026-02-11 15:05:00,633 - INFO -   pair4: Pearson r=-0.846 (p=1.536e-01), Spearman r=-0.800 (p=2.000e-01)
2026-02-11 15:05:00,634 - INFO - 
R_GPi (N=5):
2026-02-11 15:05:00,634 - INFO - ----------------------------------------
2026-02-11 15:05:00,636 - INFO -   pair1: Pearson r=0.354 (p=5.590e-01), Spearman r=0.600 (p=2.848e-01)
2026-02-11 15:05:00,638 - INFO -   pair2: Pearson r=-0.674 (p=2.118e-01), Spearman r=-0.200 (p=7.471e-01)
2026-02-11 15:05:00,639 - INFO -   pair3: Pearson r=-0.632 (p=2.529e-01), Spearman r=-0.700 (p=1.881e-01)
2026-02-11 15:05:00,641 - INFO -   pair4: Pearson r=-0.731 (p=1.608e-01), Spearman r=-0.700 (p=1.881e-01)
2026-02-11 15:05:00,642 - INFO - 
R_STN (N=14):
2026-02-11 15:05:00,642 - INFO - ----------------------------------------
2026-02-11 15:05:00,643 - INFO -   pair1: Pearson r=-0.112 (p=7.032e-01), Spearman r=-0.039 (p=8.950e-01)
2026-02-11 15:05:00,645 - INFO -   pair2: Pearson r=0.066 (p=8.222e-01), Spearman r=0.167 (p=5.683e-01)
2026-02-11 15:05:00,647 - INFO -   pair3: Pearson r=0.195 (p=5.052e-01), Spearman r=0.121 (p=6.797e-01)
2026-02-11 15:05:00,649 - INFO -   pair4: Pearson r=0.149 (p=6.111e-01), Spearman r=0.156 (p=5.954e-01)
2026-02-11 15:05:00,649 - INFO - 
R_Gpi (N=3):
2026-02-11 15:05:00,649 - INFO - ----------------------------------------
2026-02-11 15:05:00,651 - INFO -   pair1: Pearson r=0.789 (p=4.212e-01), Spearman r=0.500 (p=6.667e-01)
2026-02-11 15:05:00,653 - INFO -   pair2: Pearson r=0.991 (p=8.557e-02), Spearman r=1.000 (p=0.000e+00)
2026-02-11 15:05:00,655 - INFO -   pair3: Pearson r=-0.951 (p=2.007e-01), Spearman r=-1.000 (p=0.000e+00)
2026-02-11 15:05:00,657 - INFO -   pair4: Pearson r=-0.976 (p=1.391e-01), Spearman r=-1.000 (p=0.000e+00)
2026-02-11 15:05:00,657 - INFO - 
L_GPi (N=12):
2026-02-11 15:05:00,657 - INFO - ----------------------------------------
2026-02-11 15:05:00,659 - INFO -   pair1: Pearson r=0.070 (p=8.278e-01), Spearman r=-0.113 (p=7.273e-01)
2026-02-11 15:05:00,661 - INFO -   pair2: Pearson r=-0.059 (p=8.564e-01), Spearman r=-0.282 (p=3.751e-01)
2026-02-11 15:05:00,663 - INFO -   pair3: Pearson r=0.230 (p=4.727e-01), Spearman r=0.127 (p=6.946e-01)
2026-02-11 15:05:00,664 - INFO -   pair4: Pearson r=0.250 (p=4.334e-01), Spearman r=0.218 (p=4.955e-01)
2026-02-11 15:05:00,666 - INFO - 
Saved target-specific results to ti_fc_correlation_by_target.json
2026-02-11 15:05:00,666 - INFO - 
================================================================================
2026-02-11 15:05:00,666 - INFO - Analysis Complete!
2026-02-11 15:05:00,666 - INFO - ================================================================================
2026-02-11 15:05:00,666 - INFO - 
Generated files:
2026-02-11 15:05:00,666 - INFO -   - ti_fc_improvement_data.csv          : Raw FC and improvement rate data
2026-02-11 15:05:00,666 - INFO -   - ti_fc_correlation_results.json      : FC correlation statistics
2026-02-11 15:05:00,666 - INFO -   - ti_fc_correlation_by_target.json    : Target-specific FC correlation
2026-02-11 15:05:00,666 - INFO -   - ti_integrated_analysis.png/pdf      : Integrated visualization (FC + AI)
2026-02-11 15:05:00,667 - INFO -   - ti_integrated_analysis.log          : Detailed log file
2026-02-11 15:05:00,667 - INFO - 
================================================================================
2026-02-11 15:07:05,960 - INFO - ================================================================================
2026-02-11 15:07:05,962 - INFO - Starting Integrated TI Analysis (FC + AI Model)
2026-02-11 15:07:05,963 - INFO - ================================================================================
2026-02-11 15:07:05,963 - INFO - 
[Step 1] Parsing TI Excel data...
2026-02-11 15:07:06,084 - INFO - Parsing patient data from Excel...
2026-02-11 15:07:06,119 - INFO - 
Improvement rate statistics:
2026-02-11 15:07:06,119 - INFO -   N samples: 52
2026-02-11 15:07:06,119 - INFO -   N negative (set to 0): 12
2026-02-11 15:07:06,119 - INFO -   Min: 0.0000
2026-02-11 15:07:06,119 - INFO -   Max: 0.4545
2026-02-11 15:07:06,119 - INFO -   Mean: 0.1182
2026-02-11 15:07:06,119 - INFO -   Std: 0.1256
2026-02-11 15:07:06,119 - INFO -   Median: 0.0909
2026-02-11 15:07:06,119 - INFO - 
Found 52 valid patient samples with complete data
2026-02-11 15:07:06,119 - INFO - 
[Step 2] Computing FC and analyzing correlations...
2026-02-11 15:07:06,119 - INFO - 
================================================================================
2026-02-11 15:07:06,119 - INFO - FC-UPDRS III Improvement Rate Correlation Analysis (TI)
2026-02-11 15:07:06,119 - INFO - ================================================================================
2026-02-11 15:07:06,119 - INFO - 
Computing FC features for all patients...
2026-02-11 15:07:07,462 - INFO - 
Saved raw data to ti_fc_improvement_data.csv (N=52)
2026-02-11 15:07:07,463 - INFO - 
--------------------------------------------------------------------------------
2026-02-11 15:07:07,463 - INFO - Correlation Analysis Results:
2026-02-11 15:07:07,463 - INFO - --------------------------------------------------------------------------------
2026-02-11 15:07:07,465 - INFO - 
PAIR1: STN-L GPi-L
2026-02-11 15:07:07,465 - INFO -   ROI1: [215]
2026-02-11 15:07:07,465 - INFO -   ROI2: [223]
2026-02-11 15:07:07,465 - INFO -   FC range: [0.4495, 0.9269]
2026-02-11 15:07:07,465 - INFO -   FC mean ± std: 0.7909 ± 0.1262
2026-02-11 15:07:07,465 - INFO -   Pearson  r =  0.0271, p = 8.4882e-01 ns
2026-02-11 15:07:07,465 - INFO -   Spearman r =  0.0383, p = 7.8727e-01 ns
2026-02-11 15:07:07,467 - INFO - 
PAIR2: STN-L, Thalamus-L
2026-02-11 15:07:07,467 - INFO -   ROI1: [215]
2026-02-11 15:07:07,468 - INFO -   ROI2: [225]
2026-02-11 15:07:07,468 - INFO -   FC range: [-0.4047, 0.8996]
2026-02-11 15:07:07,468 - INFO -   FC mean ± std: 0.6468 ± 0.2871
2026-02-11 15:07:07,468 - INFO -   Pearson  r = -0.0512, p = 7.1849e-01 ns
2026-02-11 15:07:07,468 - INFO -   Spearman r =  0.1104, p = 4.3596e-01 ns
2026-02-11 15:07:07,470 - INFO - 
PAIR3: STN, M1
2026-02-11 15:07:07,470 - INFO -   ROI1: [215, 216]
2026-02-11 15:07:07,470 - INFO -   ROI2: [55, 56, 63, 64]
2026-02-11 15:07:07,470 - INFO -   FC range: [0.7857, 0.9744]
2026-02-11 15:07:07,470 - INFO -   FC mean ± std: 0.9141 ± 0.0433
2026-02-11 15:07:07,470 - INFO -   Pearson  r = -0.0023, p = 9.8687e-01 ns
2026-02-11 15:07:07,470 - INFO -   Spearman r =  0.0268, p = 8.5032e-01 ns
2026-02-11 15:07:07,472 - INFO - 
PAIR4: STN, SMA
2026-02-11 15:07:07,472 - INFO -   ROI1: [215, 216]
2026-02-11 15:07:07,472 - INFO -   ROI2: [53, 54, 57, 58, 59, 60, 61, 62, 67, 68]
2026-02-11 15:07:07,472 - INFO -   FC range: [0.7706, 0.9749]
2026-02-11 15:07:07,472 - INFO -   FC mean ± std: 0.9110 ± 0.0474
2026-02-11 15:07:07,472 - INFO -   Pearson  r = -0.0301, p = 8.3220e-01 ns
2026-02-11 15:07:07,472 - INFO -   Spearman r = -0.0327, p = 8.1794e-01 ns
2026-02-11 15:07:07,472 - INFO - 
================================================================================
2026-02-11 15:07:07,474 - INFO - 
Saved correlation results to ti_fc_correlation_results.json
2026-02-11 15:07:07,475 - INFO - 
[Step 3] Analyzing AI model predictions...
2026-02-11 15:07:07,475 - INFO - 
================================================================================
2026-02-11 15:07:07,475 - INFO - AI Model Prediction Analysis (5-Fold CV)
2026-02-11 15:07:07,475 - INFO - ================================================================================
2026-02-11 15:07:07,475 - INFO - 
Processing individual folds...
2026-02-11 15:07:07,478 - INFO - Fold 1: Spearman R = -0.410, P = 0.2104
2026-02-11 15:07:07,480 - INFO - Fold 2: Spearman R = 0.665, P = 0.0255
2026-02-11 15:07:07,482 - INFO - Fold 3: Spearman R = 0.358, P = 0.3104
2026-02-11 15:07:07,485 - INFO - Fold 4: Spearman R = 0.706, P = 0.0226
2026-02-11 15:07:07,487 - INFO - Fold 5: Spearman R = 0.239, P = 0.5055
2026-02-11 15:07:07,489 - INFO - 
Saved fold results to ai_model_fold_results.csv
2026-02-11 15:07:07,490 - INFO - 
Loaded pooled data: 52 samples
2026-02-11 15:07:07,491 - INFO - 
--------------------------------------------------------------------------------
2026-02-11 15:07:07,492 - INFO - Pooled Data Summary:
2026-02-11 15:07:07,492 - INFO -   Spearman R = 0.293
2026-02-11 15:07:07,492 - INFO -   P-value = 0.0352
2026-02-11 15:07:07,492 - INFO -   N samples = 52
2026-02-11 15:07:07,492 - INFO - --------------------------------------------------------------------------------
2026-02-11 15:07:07,492 - INFO - 
[Step 4] Creating integrated visualizations...
2026-02-11 15:07:07,492 - INFO - 
Generating integrated visualizations...
2026-02-11 15:07:08,945 - INFO - Saved integrated visualization to ti_integrated_analysis.png and .pdf
2026-02-11 15:07:08,945 - INFO - 
[Step 5] Analyzing by target...
2026-02-11 15:07:08,945 - INFO - 
================================================================================
2026-02-11 15:07:08,945 - INFO - Target-Specific Correlation Analysis (TI)
2026-02-11 15:07:08,945 - INFO - ================================================================================
2026-02-11 15:07:08,946 - INFO - 
L_STN (N=14):
2026-02-11 15:07:08,946 - INFO - ----------------------------------------
2026-02-11 15:07:08,948 - INFO -   pair1: Pearson r=0.370 (p=1.930e-01), Spearman r=0.300 (p=2.973e-01)
2026-02-11 15:07:08,949 - INFO -   pair2: Pearson r=0.406 (p=1.502e-01), Spearman r=0.453 (p=1.035e-01)
2026-02-11 15:07:08,951 - INFO -   pair3: Pearson r=0.490 (p=7.555e-02), Spearman r=0.484 (p=7.915e-02)
2026-02-11 15:07:08,953 - INFO -   pair4: Pearson r=0.419 (p=1.360e-01), Spearman r=0.384 (p=1.747e-01)
2026-02-11 15:07:08,954 - INFO - 
L_Gpi (N=4):
2026-02-11 15:07:08,954 - INFO - ----------------------------------------
2026-02-11 15:07:08,956 - INFO -   pair1: Pearson r=0.264 (p=7.362e-01), Spearman r=0.400 (p=6.000e-01)
2026-02-11 15:07:08,957 - INFO -   pair2: Pearson r=0.311 (p=6.893e-01), Spearman r=0.400 (p=6.000e-01)
2026-02-11 15:07:08,959 - INFO -   pair3: Pearson r=-0.826 (p=1.742e-01), Spearman r=-0.800 (p=2.000e-01)
2026-02-11 15:07:08,961 - INFO -   pair4: Pearson r=-0.846 (p=1.536e-01), Spearman r=-0.800 (p=2.000e-01)
2026-02-11 15:07:08,961 - INFO - 
R_GPi (N=5):
2026-02-11 15:07:08,962 - INFO - ----------------------------------------
2026-02-11 15:07:08,963 - INFO -   pair1: Pearson r=0.354 (p=5.590e-01), Spearman r=0.600 (p=2.848e-01)
2026-02-11 15:07:08,965 - INFO -   pair2: Pearson r=-0.674 (p=2.118e-01), Spearman r=-0.200 (p=7.471e-01)
2026-02-11 15:07:08,967 - INFO -   pair3: Pearson r=-0.632 (p=2.529e-01), Spearman r=-0.700 (p=1.881e-01)
2026-02-11 15:07:08,969 - INFO -   pair4: Pearson r=-0.731 (p=1.608e-01), Spearman r=-0.700 (p=1.881e-01)
2026-02-11 15:07:08,969 - INFO - 
R_STN (N=14):
2026-02-11 15:07:08,969 - INFO - ----------------------------------------
2026-02-11 15:07:08,971 - INFO -   pair1: Pearson r=-0.112 (p=7.032e-01), Spearman r=-0.039 (p=8.950e-01)
2026-02-11 15:07:08,973 - INFO -   pair2: Pearson r=0.066 (p=8.222e-01), Spearman r=0.167 (p=5.683e-01)
2026-02-11 15:07:08,975 - INFO -   pair3: Pearson r=0.195 (p=5.052e-01), Spearman r=0.121 (p=6.797e-01)
2026-02-11 15:07:08,977 - INFO -   pair4: Pearson r=0.149 (p=6.111e-01), Spearman r=0.156 (p=5.954e-01)
2026-02-11 15:07:08,977 - INFO - 
R_Gpi (N=3):
2026-02-11 15:07:08,977 - INFO - ----------------------------------------
2026-02-11 15:07:08,979 - INFO -   pair1: Pearson r=0.789 (p=4.212e-01), Spearman r=0.500 (p=6.667e-01)
2026-02-11 15:07:08,981 - INFO -   pair2: Pearson r=0.991 (p=8.557e-02), Spearman r=1.000 (p=0.000e+00)
2026-02-11 15:07:08,983 - INFO -   pair3: Pearson r=-0.951 (p=2.007e-01), Spearman r=-1.000 (p=0.000e+00)
2026-02-11 15:07:08,984 - INFO -   pair4: Pearson r=-0.976 (p=1.391e-01), Spearman r=-1.000 (p=0.000e+00)
2026-02-11 15:07:08,985 - INFO - 
L_GPi (N=12):
2026-02-11 15:07:08,985 - INFO - ----------------------------------------
2026-02-11 15:07:08,987 - INFO -   pair1: Pearson r=0.070 (p=8.278e-01), Spearman r=-0.113 (p=7.273e-01)
2026-02-11 15:07:08,989 - INFO -   pair2: Pearson r=-0.059 (p=8.564e-01), Spearman r=-0.282 (p=3.751e-01)
2026-02-11 15:07:08,991 - INFO -   pair3: Pearson r=0.230 (p=4.727e-01), Spearman r=0.127 (p=6.946e-01)
2026-02-11 15:07:08,992 - INFO -   pair4: Pearson r=0.250 (p=4.334e-01), Spearman r=0.218 (p=4.955e-01)
2026-02-11 15:07:08,995 - INFO - 
Saved target-specific results to ti_fc_correlation_by_target.json
2026-02-11 15:07:08,995 - INFO - 
================================================================================
2026-02-11 15:07:08,995 - INFO - Analysis Complete!
2026-02-11 15:07:08,995 - INFO - ================================================================================
2026-02-11 15:07:08,995 - INFO - 
Generated files:
2026-02-11 15:07:08,995 - INFO -   - ti_fc_improvement_data.csv          : Raw FC and improvement rate data
2026-02-11 15:07:08,995 - INFO -   - ti_fc_correlation_results.json      : FC correlation statistics
2026-02-11 15:07:08,995 - INFO -   - ti_fc_correlation_by_target.json    : Target-specific FC correlation
2026-02-11 15:07:08,995 - INFO -   - ti_integrated_analysis.png/pdf      : Integrated visualization (FC + AI)
2026-02-11 15:07:08,995 - INFO -   - ti_integrated_analysis.log          : Detailed log file
2026-02-11 15:07:08,995 - INFO - 
================================================================================
2026-02-11 15:10:07,169 - INFO - ================================================================================
2026-02-11 15:10:07,186 - INFO - Starting Integrated TI Analysis (FC + AI Model)
2026-02-11 15:10:07,186 - INFO - ================================================================================
2026-02-11 15:10:07,186 - INFO - 
[Step 1] Parsing TI Excel data...
2026-02-11 15:10:07,309 - INFO - Parsing patient data from Excel...
2026-02-11 15:10:07,343 - INFO - 
Improvement rate statistics:
2026-02-11 15:10:07,343 - INFO -   N samples: 52
2026-02-11 15:10:07,343 - INFO -   N negative (set to 0): 12
2026-02-11 15:10:07,343 - INFO -   Min: 0.0000
2026-02-11 15:10:07,343 - INFO -   Max: 0.4545
2026-02-11 15:10:07,343 - INFO -   Mean: 0.1182
2026-02-11 15:10:07,343 - INFO -   Std: 0.1256
2026-02-11 15:10:07,344 - INFO -   Median: 0.0909
2026-02-11 15:10:07,344 - INFO - 
Found 52 valid patient samples with complete data
2026-02-11 15:10:07,344 - INFO - 
[Step 2] Computing FC and analyzing correlations...
2026-02-11 15:10:07,344 - INFO - 
================================================================================
2026-02-11 15:10:07,344 - INFO - FC-UPDRS III Improvement Rate Correlation Analysis (TI)
2026-02-11 15:10:07,344 - INFO - ================================================================================
2026-02-11 15:10:07,344 - INFO - 
Computing FC features for all patients...
2026-02-11 15:10:08,619 - INFO - 
Saved raw data to ti_fc_improvement_data.csv (N=52)
2026-02-11 15:10:08,619 - INFO - 
--------------------------------------------------------------------------------
2026-02-11 15:10:08,620 - INFO - Correlation Analysis Results:
2026-02-11 15:10:08,620 - INFO - --------------------------------------------------------------------------------
2026-02-11 15:10:08,622 - INFO - 
PAIR1: STN-L GPi-L
2026-02-11 15:10:08,622 - INFO -   ROI1: [215]
2026-02-11 15:10:08,622 - INFO -   ROI2: [223]
2026-02-11 15:10:08,622 - INFO -   FC range: [0.4495, 0.9269]
2026-02-11 15:10:08,622 - INFO -   FC mean ± std: 0.7909 ± 0.1262
2026-02-11 15:10:08,622 - INFO -   Pearson  r =  0.0271, p = 8.4882e-01 ns
2026-02-11 15:10:08,622 - INFO -   Spearman r =  0.0383, p = 7.8727e-01 ns
2026-02-11 15:10:08,624 - INFO - 
PAIR2: STN-L, Thalamus-L
2026-02-11 15:10:08,624 - INFO -   ROI1: [215]
2026-02-11 15:10:08,624 - INFO -   ROI2: [225]
2026-02-11 15:10:08,625 - INFO -   FC range: [-0.4047, 0.8996]
2026-02-11 15:10:08,625 - INFO -   FC mean ± std: 0.6468 ± 0.2871
2026-02-11 15:10:08,625 - INFO -   Pearson  r = -0.0512, p = 7.1849e-01 ns
2026-02-11 15:10:08,625 - INFO -   Spearman r =  0.1104, p = 4.3596e-01 ns
2026-02-11 15:10:08,626 - INFO - 
PAIR3: STN, M1
2026-02-11 15:10:08,627 - INFO -   ROI1: [215, 216]
2026-02-11 15:10:08,627 - INFO -   ROI2: [55, 56, 63, 64]
2026-02-11 15:10:08,627 - INFO -   FC range: [0.7857, 0.9744]
2026-02-11 15:10:08,627 - INFO -   FC mean ± std: 0.9141 ± 0.0433
2026-02-11 15:10:08,627 - INFO -   Pearson  r = -0.0023, p = 9.8687e-01 ns
2026-02-11 15:10:08,627 - INFO -   Spearman r =  0.0268, p = 8.5032e-01 ns
2026-02-11 15:10:08,629 - INFO - 
PAIR4: STN, SMA
2026-02-11 15:10:08,629 - INFO -   ROI1: [215, 216]
2026-02-11 15:10:08,629 - INFO -   ROI2: [53, 54, 57, 58, 59, 60, 61, 62, 67, 68]
2026-02-11 15:10:08,629 - INFO -   FC range: [0.7706, 0.9749]
2026-02-11 15:10:08,629 - INFO -   FC mean ± std: 0.9110 ± 0.0474
2026-02-11 15:10:08,629 - INFO -   Pearson  r = -0.0301, p = 8.3220e-01 ns
2026-02-11 15:10:08,629 - INFO -   Spearman r = -0.0327, p = 8.1794e-01 ns
2026-02-11 15:10:08,629 - INFO - 
================================================================================
2026-02-11 15:10:08,631 - INFO - 
Saved correlation results to ti_fc_correlation_results.json
2026-02-11 15:10:08,632 - INFO - 
[Step 3] Analyzing AI model predictions...
2026-02-11 15:10:08,632 - INFO - 
================================================================================
2026-02-11 15:10:08,632 - INFO - AI Model Prediction Analysis (5-Fold CV)
2026-02-11 15:10:08,632 - INFO - ================================================================================
2026-02-11 15:10:08,632 - INFO - 
Processing individual folds...
2026-02-11 15:10:08,635 - INFO - Fold 1: Spearman R = -0.410, P = 0.2104
2026-02-11 15:10:08,637 - INFO - Fold 2: Spearman R = 0.665, P = 0.0255
2026-02-11 15:10:08,639 - INFO - Fold 3: Spearman R = 0.358, P = 0.3104
2026-02-11 15:10:08,642 - INFO - Fold 4: Spearman R = 0.706, P = 0.0226
2026-02-11 15:10:08,644 - INFO - Fold 5: Spearman R = 0.239, P = 0.5055
2026-02-11 15:10:08,647 - INFO - 
Saved fold results to ai_model_fold_results.csv
2026-02-11 15:10:08,648 - INFO - 
Loaded pooled data: 52 samples
2026-02-11 15:10:08,649 - INFO - 
--------------------------------------------------------------------------------
2026-02-11 15:10:08,649 - INFO - Pooled Data Summary:
2026-02-11 15:10:08,649 - INFO -   Spearman R = 0.293
2026-02-11 15:10:08,649 - INFO -   P-value = 0.0352
2026-02-11 15:10:08,649 - INFO -   N samples = 52
2026-02-11 15:10:08,649 - INFO - --------------------------------------------------------------------------------
2026-02-11 15:10:08,649 - INFO - 
[Step 4] Creating integrated visualizations...
2026-02-11 15:10:08,649 - INFO - 
Generating integrated visualizations...
2026-02-11 15:10:10,117 - INFO - Saved integrated visualization to ti_integrated_analysis.png and .pdf
2026-02-11 15:10:10,117 - INFO - 
[Step 5] Analyzing by target...
2026-02-11 15:10:10,117 - INFO - 
================================================================================
2026-02-11 15:10:10,117 - INFO - Target-Specific Correlation Analysis (TI)
2026-02-11 15:10:10,117 - INFO - ================================================================================
2026-02-11 15:10:10,118 - INFO - 
L_STN (N=14):
2026-02-11 15:10:10,118 - INFO - ----------------------------------------
2026-02-11 15:10:10,120 - INFO -   pair1: Pearson r=0.370 (p=1.930e-01), Spearman r=0.300 (p=2.973e-01)
2026-02-11 15:10:10,122 - INFO -   pair2: Pearson r=0.406 (p=1.502e-01), Spearman r=0.453 (p=1.035e-01)
2026-02-11 15:10:10,124 - INFO -   pair3: Pearson r=0.490 (p=7.555e-02), Spearman r=0.484 (p=7.915e-02)
2026-02-11 15:10:10,126 - INFO -   pair4: Pearson r=0.419 (p=1.360e-01), Spearman r=0.384 (p=1.747e-01)
2026-02-11 15:10:10,126 - INFO - 
L_Gpi (N=4):
2026-02-11 15:10:10,126 - INFO - ----------------------------------------
2026-02-11 15:10:10,128 - INFO -   pair1: Pearson r=0.264 (p=7.362e-01), Spearman r=0.400 (p=6.000e-01)
2026-02-11 15:10:10,130 - INFO -   pair2: Pearson r=0.311 (p=6.893e-01), Spearman r=0.400 (p=6.000e-01)
2026-02-11 15:10:10,132 - INFO -   pair3: Pearson r=-0.826 (p=1.742e-01), Spearman r=-0.800 (p=2.000e-01)
2026-02-11 15:10:10,133 - INFO -   pair4: Pearson r=-0.846 (p=1.536e-01), Spearman r=-0.800 (p=2.000e-01)
2026-02-11 15:10:10,134 - INFO - 
R_GPi (N=5):
2026-02-11 15:10:10,134 - INFO - ----------------------------------------
2026-02-11 15:10:10,136 - INFO -   pair1: Pearson r=0.354 (p=5.590e-01), Spearman r=0.600 (p=2.848e-01)
2026-02-11 15:10:10,138 - INFO -   pair2: Pearson r=-0.674 (p=2.118e-01), Spearman r=-0.200 (p=7.471e-01)
2026-02-11 15:10:10,140 - INFO -   pair3: Pearson r=-0.632 (p=2.529e-01), Spearman r=-0.700 (p=1.881e-01)
2026-02-11 15:10:10,141 - INFO -   pair4: Pearson r=-0.731 (p=1.608e-01), Spearman r=-0.700 (p=1.881e-01)
2026-02-11 15:10:10,142 - INFO - 
R_STN (N=14):
2026-02-11 15:10:10,142 - INFO - ----------------------------------------
2026-02-11 15:10:10,144 - INFO -   pair1: Pearson r=-0.112 (p=7.032e-01), Spearman r=-0.039 (p=8.950e-01)
2026-02-11 15:10:10,146 - INFO -   pair2: Pearson r=0.066 (p=8.222e-01), Spearman r=0.167 (p=5.683e-01)
2026-02-11 15:10:10,147 - INFO -   pair3: Pearson r=0.195 (p=5.052e-01), Spearman r=0.121 (p=6.797e-01)
2026-02-11 15:10:10,149 - INFO -   pair4: Pearson r=0.149 (p=6.111e-01), Spearman r=0.156 (p=5.954e-01)
2026-02-11 15:10:10,150 - INFO - 
R_Gpi (N=3):
2026-02-11 15:10:10,150 - INFO - ----------------------------------------
2026-02-11 15:10:10,151 - INFO -   pair1: Pearson r=0.789 (p=4.212e-01), Spearman r=0.500 (p=6.667e-01)
2026-02-11 15:10:10,153 - INFO -   pair2: Pearson r=0.991 (p=8.557e-02), Spearman r=1.000 (p=0.000e+00)
2026-02-11 15:10:10,155 - INFO -   pair3: Pearson r=-0.951 (p=2.007e-01), Spearman r=-1.000 (p=0.000e+00)
2026-02-11 15:10:10,157 - INFO -   pair4: Pearson r=-0.976 (p=1.391e-01), Spearman r=-1.000 (p=0.000e+00)
2026-02-11 15:10:10,157 - INFO - 
L_GPi (N=12):
2026-02-11 15:10:10,157 - INFO - ----------------------------------------
2026-02-11 15:10:10,159 - INFO -   pair1: Pearson r=0.070 (p=8.278e-01), Spearman r=-0.113 (p=7.273e-01)
2026-02-11 15:10:10,161 - INFO -   pair2: Pearson r=-0.059 (p=8.564e-01), Spearman r=-0.282 (p=3.751e-01)
2026-02-11 15:10:10,163 - INFO -   pair3: Pearson r=0.230 (p=4.727e-01), Spearman r=0.127 (p=6.946e-01)
2026-02-11 15:10:10,165 - INFO -   pair4: Pearson r=0.250 (p=4.334e-01), Spearman r=0.218 (p=4.955e-01)
2026-02-11 15:10:10,166 - INFO - 
Saved target-specific results to ti_fc_correlation_by_target.json
2026-02-11 15:10:10,166 - INFO - 
================================================================================
2026-02-11 15:10:10,166 - INFO - Analysis Complete!
2026-02-11 15:10:10,166 - INFO - ================================================================================
2026-02-11 15:10:10,166 - INFO - 
Generated files:
2026-02-11 15:10:10,166 - INFO -   - ti_fc_improvement_data.csv          : Raw FC and improvement rate data
2026-02-11 15:10:10,166 - INFO -   - ti_fc_correlation_results.json      : FC correlation statistics
2026-02-11 15:10:10,167 - INFO -   - ti_fc_correlation_by_target.json    : Target-specific FC correlation
2026-02-11 15:10:10,167 - INFO -   - ti_integrated_analysis.png/pdf      : Integrated visualization (FC + AI)
2026-02-11 15:10:10,167 - INFO -   - ti_integrated_analysis.log          : Detailed log file
2026-02-11 15:10:10,167 - INFO - 
================================================================================
2026-02-11 15:13:52,452 - INFO - ================================================================================
2026-02-11 15:13:52,454 - INFO - Starting Integrated TI Analysis (FC + AI Model)
2026-02-11 15:13:52,454 - INFO - ================================================================================
2026-02-11 15:13:52,454 - INFO - 
[Step 1] Parsing TI Excel data...
2026-02-11 15:13:52,576 - INFO - Parsing patient data from Excel...
2026-02-11 15:13:52,610 - INFO - 
Improvement rate statistics:
2026-02-11 15:13:52,610 - INFO -   N samples: 52
2026-02-11 15:13:52,610 - INFO -   N negative (set to 0): 12
2026-02-11 15:13:52,610 - INFO -   Min: 0.0000
2026-02-11 15:13:52,610 - INFO -   Max: 0.4545
2026-02-11 15:13:52,610 - INFO -   Mean: 0.1182
2026-02-11 15:13:52,610 - INFO -   Std: 0.1256
2026-02-11 15:13:52,610 - INFO -   Median: 0.0909
2026-02-11 15:13:52,610 - INFO - 
Found 52 valid patient samples with complete data
2026-02-11 15:13:52,610 - INFO - 
[Step 2] Computing FC and analyzing correlations...
2026-02-11 15:13:52,610 - INFO - 
================================================================================
2026-02-11 15:13:52,610 - INFO - FC-UPDRS III Improvement Rate Correlation Analysis (TI)
2026-02-11 15:13:52,611 - INFO - ================================================================================
2026-02-11 15:13:52,611 - INFO - 
Computing FC features for all patients...
2026-02-11 15:13:53,951 - INFO - 
Saved raw data to ti_fc_improvement_data.csv (N=52)
2026-02-11 15:13:53,951 - INFO - 
--------------------------------------------------------------------------------
2026-02-11 15:13:53,951 - INFO - Correlation Analysis Results:
2026-02-11 15:13:53,951 - INFO - --------------------------------------------------------------------------------
2026-02-11 15:13:53,954 - INFO - 
PAIR1: STN-L GPi-L
2026-02-11 15:13:53,954 - INFO -   ROI1: [215]
2026-02-11 15:13:53,954 - INFO -   ROI2: [223]
2026-02-11 15:13:53,954 - INFO -   FC range: [0.4495, 0.9269]
2026-02-11 15:13:53,954 - INFO -   FC mean ± std: 0.7909 ± 0.1262
2026-02-11 15:13:53,954 - INFO -   Pearson  r =  0.0271, p = 8.4882e-01 ns
2026-02-11 15:13:53,954 - INFO -   Spearman r =  0.0383, p = 7.8727e-01 ns
2026-02-11 15:13:53,956 - INFO - 
PAIR2: STN-L, Thalamus-L
2026-02-11 15:13:53,956 - INFO -   ROI1: [215]
2026-02-11 15:13:53,956 - INFO -   ROI2: [225]
2026-02-11 15:13:53,956 - INFO -   FC range: [-0.4047, 0.8996]
2026-02-11 15:13:53,956 - INFO -   FC mean ± std: 0.6468 ± 0.2871
2026-02-11 15:13:53,956 - INFO -   Pearson  r = -0.0512, p = 7.1849e-01 ns
2026-02-11 15:13:53,956 - INFO -   Spearman r =  0.1104, p = 4.3596e-01 ns
2026-02-11 15:13:53,958 - INFO - 
PAIR3: STN, M1
2026-02-11 15:13:53,958 - INFO -   ROI1: [215, 216]
2026-02-11 15:13:53,958 - INFO -   ROI2: [55, 56, 63, 64]
2026-02-11 15:13:53,958 - INFO -   FC range: [0.7857, 0.9744]
2026-02-11 15:13:53,958 - INFO -   FC mean ± std: 0.9141 ± 0.0433
2026-02-11 15:13:53,958 - INFO -   Pearson  r = -0.0023, p = 9.8687e-01 ns
2026-02-11 15:13:53,959 - INFO -   Spearman r =  0.0268, p = 8.5032e-01 ns
2026-02-11 15:13:53,960 - INFO - 
PAIR4: STN, SMA
2026-02-11 15:13:53,960 - INFO -   ROI1: [215, 216]
2026-02-11 15:13:53,960 - INFO -   ROI2: [53, 54, 57, 58, 59, 60, 61, 62, 67, 68]
2026-02-11 15:13:53,961 - INFO -   FC range: [0.7706, 0.9749]
2026-02-11 15:13:53,961 - INFO -   FC mean ± std: 0.9110 ± 0.0474
2026-02-11 15:13:53,961 - INFO -   Pearson  r = -0.0301, p = 8.3220e-01 ns
2026-02-11 15:13:53,961 - INFO -   Spearman r = -0.0327, p = 8.1794e-01 ns
2026-02-11 15:13:53,961 - INFO - 
================================================================================
2026-02-11 15:13:53,963 - INFO - 
Saved correlation results to ti_fc_correlation_results.json
2026-02-11 15:13:53,964 - INFO - 
[Step 3] Analyzing AI model predictions...
2026-02-11 15:13:53,964 - INFO - 
================================================================================
2026-02-11 15:13:53,964 - INFO - AI Model Prediction Analysis (5-Fold CV)
2026-02-11 15:13:53,964 - INFO - ================================================================================
2026-02-11 15:13:53,964 - INFO - 
Processing individual folds...
2026-02-11 15:13:53,967 - INFO - Fold 1: Spearman R = -0.410, P = 0.2104
2026-02-11 15:13:53,969 - INFO - Fold 2: Spearman R = 0.665, P = 0.0255
2026-02-11 15:13:53,972 - INFO - Fold 3: Spearman R = 0.358, P = 0.3104
2026-02-11 15:13:53,974 - INFO - Fold 4: Spearman R = 0.706, P = 0.0226
2026-02-11 15:13:53,976 - INFO - Fold 5: Spearman R = 0.239, P = 0.5055
2026-02-11 15:13:53,979 - INFO - 
Saved fold results to ai_model_fold_results.csv
2026-02-11 15:13:53,980 - INFO - 
Loaded pooled data: 52 samples
2026-02-11 15:13:53,981 - INFO - 
--------------------------------------------------------------------------------
2026-02-11 15:13:53,981 - INFO - Pooled Data Summary:
2026-02-11 15:13:53,981 - INFO -   Spearman R = 0.293
2026-02-11 15:13:53,981 - INFO -   P-value = 0.0352
2026-02-11 15:13:53,981 - INFO -   N samples = 52
2026-02-11 15:13:53,981 - INFO - --------------------------------------------------------------------------------
2026-02-11 15:13:53,981 - INFO - 
[Step 4] Creating integrated visualizations...
2026-02-11 15:13:53,981 - INFO - 
Generating integrated visualizations...
2026-02-11 15:13:55,450 - INFO - Saved integrated visualization to ti_integrated_analysis.png and .pdf
2026-02-11 15:13:55,450 - INFO - 
[Step 5] Analyzing by target...
2026-02-11 15:13:55,450 - INFO - 
================================================================================
2026-02-11 15:13:55,450 - INFO - Target-Specific Correlation Analysis (TI)
2026-02-11 15:13:55,450 - INFO - ================================================================================
2026-02-11 15:13:55,451 - INFO - 
L_STN (N=14):
2026-02-11 15:13:55,451 - INFO - ----------------------------------------
2026-02-11 15:13:55,453 - INFO -   pair1: Pearson r=0.370 (p=1.930e-01), Spearman r=0.300 (p=2.973e-01)
2026-02-11 15:13:55,455 - INFO -   pair2: Pearson r=0.406 (p=1.502e-01), Spearman r=0.453 (p=1.035e-01)
2026-02-11 15:13:55,457 - INFO -   pair3: Pearson r=0.490 (p=7.555e-02), Spearman r=0.484 (p=7.915e-02)
2026-02-11 15:13:55,459 - INFO -   pair4: Pearson r=0.419 (p=1.360e-01), Spearman r=0.384 (p=1.747e-01)
2026-02-11 15:13:55,459 - INFO - 
L_Gpi (N=4):
2026-02-11 15:13:55,459 - INFO - ----------------------------------------
2026-02-11 15:13:55,461 - INFO -   pair1: Pearson r=0.264 (p=7.362e-01), Spearman r=0.400 (p=6.000e-01)
2026-02-11 15:13:55,463 - INFO -   pair2: Pearson r=0.311 (p=6.893e-01), Spearman r=0.400 (p=6.000e-01)
2026-02-11 15:13:55,465 - INFO -   pair3: Pearson r=-0.826 (p=1.742e-01), Spearman r=-0.800 (p=2.000e-01)
2026-02-11 15:13:55,466 - INFO -   pair4: Pearson r=-0.846 (p=1.536e-01), Spearman r=-0.800 (p=2.000e-01)
2026-02-11 15:13:55,467 - INFO - 
R_GPi (N=5):
2026-02-11 15:13:55,467 - INFO - ----------------------------------------
2026-02-11 15:13:55,469 - INFO -   pair1: Pearson r=0.354 (p=5.590e-01), Spearman r=0.600 (p=2.848e-01)
2026-02-11 15:13:55,471 - INFO -   pair2: Pearson r=-0.674 (p=2.118e-01), Spearman r=-0.200 (p=7.471e-01)
2026-02-11 15:13:55,473 - INFO -   pair3: Pearson r=-0.632 (p=2.529e-01), Spearman r=-0.700 (p=1.881e-01)
2026-02-11 15:13:55,474 - INFO -   pair4: Pearson r=-0.731 (p=1.608e-01), Spearman r=-0.700 (p=1.881e-01)
2026-02-11 15:13:55,475 - INFO - 
R_STN (N=14):
2026-02-11 15:13:55,475 - INFO - ----------------------------------------
2026-02-11 15:13:55,477 - INFO -   pair1: Pearson r=-0.112 (p=7.032e-01), Spearman r=-0.039 (p=8.950e-01)
2026-02-11 15:13:55,478 - INFO -   pair2: Pearson r=0.066 (p=8.222e-01), Spearman r=0.167 (p=5.683e-01)
2026-02-11 15:13:55,480 - INFO -   pair3: Pearson r=0.195 (p=5.052e-01), Spearman r=0.121 (p=6.797e-01)
2026-02-11 15:13:55,482 - INFO -   pair4: Pearson r=0.149 (p=6.111e-01), Spearman r=0.156 (p=5.954e-01)
2026-02-11 15:13:55,482 - INFO - 
R_Gpi (N=3):
2026-02-11 15:13:55,483 - INFO - ----------------------------------------
2026-02-11 15:13:55,484 - INFO -   pair1: Pearson r=0.789 (p=4.212e-01), Spearman r=0.500 (p=6.667e-01)
2026-02-11 15:13:55,486 - INFO -   pair2: Pearson r=0.991 (p=8.557e-02), Spearman r=1.000 (p=0.000e+00)
2026-02-11 15:13:55,488 - INFO -   pair3: Pearson r=-0.951 (p=2.007e-01), Spearman r=-1.000 (p=0.000e+00)
2026-02-11 15:13:55,490 - INFO -   pair4: Pearson r=-0.976 (p=1.391e-01), Spearman r=-1.000 (p=0.000e+00)
2026-02-11 15:13:55,490 - INFO - 
L_GPi (N=12):
2026-02-11 15:13:55,490 - INFO - ----------------------------------------
2026-02-11 15:13:55,492 - INFO -   pair1: Pearson r=0.070 (p=8.278e-01), Spearman r=-0.113 (p=7.273e-01)
2026-02-11 15:13:55,494 - INFO -   pair2: Pearson r=-0.059 (p=8.564e-01), Spearman r=-0.282 (p=3.751e-01)
2026-02-11 15:13:55,496 - INFO -   pair3: Pearson r=0.230 (p=4.727e-01), Spearman r=0.127 (p=6.946e-01)
2026-02-11 15:13:55,498 - INFO -   pair4: Pearson r=0.250 (p=4.334e-01), Spearman r=0.218 (p=4.955e-01)
2026-02-11 15:13:55,500 - INFO - 
Saved target-specific results to ti_fc_correlation_by_target.json
2026-02-11 15:13:55,500 - INFO - 
================================================================================
2026-02-11 15:13:55,500 - INFO - Analysis Complete!
2026-02-11 15:13:55,500 - INFO - ================================================================================
2026-02-11 15:13:55,500 - INFO - 
Generated files:
2026-02-11 15:13:55,500 - INFO -   - ti_fc_improvement_data.csv          : Raw FC and improvement rate data
2026-02-11 15:13:55,500 - INFO -   - ti_fc_correlation_results.json      : FC correlation statistics
2026-02-11 15:13:55,500 - INFO -   - ti_fc_correlation_by_target.json    : Target-specific FC correlation
2026-02-11 15:13:55,500 - INFO -   - ti_integrated_analysis.png/pdf      : Integrated visualization (FC + AI)
2026-02-11 15:13:55,500 - INFO -   - ti_integrated_analysis.log          : Detailed log file
2026-02-11 15:13:55,500 - INFO - 
================================================================================
2026-02-11 15:35:21,647 - INFO - ================================================================================
2026-02-11 15:35:21,662 - INFO - Starting Integrated TI Analysis (FC + AI Model)
2026-02-11 15:35:21,662 - INFO - ================================================================================
2026-02-11 15:35:21,662 - INFO - 
[Step 1] Parsing TI Excel data...
2026-02-11 15:35:21,785 - INFO - Parsing patient data from Excel...
2026-02-11 15:35:21,820 - INFO - 
Improvement rate statistics:
2026-02-11 15:35:21,820 - INFO -   N samples: 52
2026-02-11 15:35:21,820 - INFO -   N negative (set to 0): 12
2026-02-11 15:35:21,820 - INFO -   Min: 0.0000
2026-02-11 15:35:21,820 - INFO -   Max: 0.4545
2026-02-11 15:35:21,820 - INFO -   Mean: 0.1182
2026-02-11 15:35:21,820 - INFO -   Std: 0.1256
2026-02-11 15:35:21,820 - INFO -   Median: 0.0909
2026-02-11 15:35:21,820 - INFO - 
Found 52 valid patient samples with complete data
2026-02-11 15:35:21,820 - INFO - 
[Step 2] Computing FC and analyzing correlations...
2026-02-11 15:35:21,820 - INFO - 
================================================================================
2026-02-11 15:35:21,820 - INFO - FC-UPDRS III Improvement Rate Correlation Analysis (TI)
2026-02-11 15:35:21,820 - INFO - ================================================================================
2026-02-11 15:35:21,820 - INFO - 
Computing FC features for all patients...
2026-02-11 15:35:23,205 - INFO - 
Saved raw data to ti_fc_improvement_data.csv (N=52)
2026-02-11 15:35:23,205 - INFO - 
--------------------------------------------------------------------------------
2026-02-11 15:35:23,205 - INFO - Correlation Analysis Results:
2026-02-11 15:35:23,205 - INFO - --------------------------------------------------------------------------------
2026-02-11 15:35:23,208 - INFO - 
PAIR1: STN-L GPi-L
2026-02-11 15:35:23,208 - INFO -   ROI1: [215]
2026-02-11 15:35:23,208 - INFO -   ROI2: [223]
2026-02-11 15:35:23,208 - INFO -   FC range: [0.4495, 0.9269]
2026-02-11 15:35:23,208 - INFO -   FC mean ± std: 0.7909 ± 0.1262
2026-02-11 15:35:23,208 - INFO -   Pearson  r =  0.0271, p = 8.4882e-01 ns
2026-02-11 15:35:23,208 - INFO -   Spearman r =  0.0383, p = 7.8727e-01 ns
2026-02-11 15:35:23,210 - INFO - 
PAIR2: STN-L, Thalamus-L
2026-02-11 15:35:23,210 - INFO -   ROI1: [215]
2026-02-11 15:35:23,210 - INFO -   ROI2: [225]
2026-02-11 15:35:23,210 - INFO -   FC range: [-0.4047, 0.8996]
2026-02-11 15:35:23,210 - INFO -   FC mean ± std: 0.6468 ± 0.2871
2026-02-11 15:35:23,210 - INFO -   Pearson  r = -0.0512, p = 7.1849e-01 ns
2026-02-11 15:35:23,210 - INFO -   Spearman r =  0.1104, p = 4.3596e-01 ns
2026-02-11 15:35:23,212 - INFO - 
PAIR3: STN, M1
2026-02-11 15:35:23,212 - INFO -   ROI1: [215, 216]
2026-02-11 15:35:23,212 - INFO -   ROI2: [55, 56, 63, 64]
2026-02-11 15:35:23,212 - INFO -   FC range: [0.7857, 0.9744]
2026-02-11 15:35:23,213 - INFO -   FC mean ± std: 0.9141 ± 0.0433
2026-02-11 15:35:23,213 - INFO -   Pearson  r = -0.0023, p = 9.8687e-01 ns
2026-02-11 15:35:23,213 - INFO -   Spearman r =  0.0268, p = 8.5032e-01 ns
2026-02-11 15:35:23,215 - INFO - 
PAIR4: STN, SMA
2026-02-11 15:35:23,215 - INFO -   ROI1: [215, 216]
2026-02-11 15:35:23,215 - INFO -   ROI2: [53, 54, 57, 58, 59, 60, 61, 62, 67, 68]
2026-02-11 15:35:23,215 - INFO -   FC range: [0.7706, 0.9749]
2026-02-11 15:35:23,215 - INFO -   FC mean ± std: 0.9110 ± 0.0474
2026-02-11 15:35:23,215 - INFO -   Pearson  r = -0.0301, p = 8.3220e-01 ns
2026-02-11 15:35:23,215 - INFO -   Spearman r = -0.0327, p = 8.1794e-01 ns
2026-02-11 15:35:23,215 - INFO - 
================================================================================
2026-02-11 15:35:23,216 - INFO - 
Saved correlation results to ti_fc_correlation_results.json
2026-02-11 15:35:23,218 - INFO - 
[Step 3] Analyzing AI model predictions...
2026-02-11 15:35:23,218 - INFO - 
================================================================================
2026-02-11 15:35:23,218 - INFO - AI Model Prediction Analysis (5-Fold CV)
2026-02-11 15:35:23,218 - INFO - ================================================================================
2026-02-11 15:35:23,218 - INFO - 
Processing individual folds...
2026-02-11 15:35:23,220 - INFO - Fold 1: Spearman R = -0.410, P = 0.2104
2026-02-11 15:35:23,223 - INFO - Fold 2: Spearman R = 0.665, P = 0.0255
2026-02-11 15:35:23,225 - INFO - Fold 3: Spearman R = 0.358, P = 0.3104
2026-02-11 15:35:23,228 - INFO - Fold 4: Spearman R = 0.706, P = 0.0226
2026-02-11 15:35:23,230 - INFO - Fold 5: Spearman R = 0.239, P = 0.5055
2026-02-11 15:35:23,233 - INFO - 
Saved fold results to ai_model_fold_results.csv
2026-02-11 15:35:23,233 - INFO - 
Loaded pooled data: 52 samples
2026-02-11 15:35:23,235 - INFO - 
--------------------------------------------------------------------------------
2026-02-11 15:35:23,235 - INFO - Pooled Data Summary:
2026-02-11 15:35:23,235 - INFO -   Spearman R = 0.293
2026-02-11 15:35:23,235 - INFO -   P-value = 0.0352
2026-02-11 15:35:23,235 - INFO -   N samples = 52
2026-02-11 15:35:23,235 - INFO - --------------------------------------------------------------------------------
2026-02-11 15:35:23,235 - INFO - 
[Step 4] Creating integrated visualizations...
2026-02-11 15:35:23,235 - INFO - 
Generating integrated visualizations...
2026-02-11 15:35:24,736 - INFO - Saved integrated visualization to ti_integrated_analysis.png and .pdf
2026-02-11 15:35:24,736 - INFO - 
[Step 5] Analyzing by target...
2026-02-11 15:35:24,737 - INFO - 
================================================================================
2026-02-11 15:35:24,737 - INFO - Target-Specific Correlation Analysis (TI)
2026-02-11 15:35:24,737 - INFO - ================================================================================
2026-02-11 15:35:24,737 - INFO - 
L_STN (N=14):
2026-02-11 15:35:24,737 - INFO - ----------------------------------------
2026-02-11 15:35:24,739 - INFO -   pair1: Pearson r=0.370 (p=1.930e-01), Spearman r=0.300 (p=2.973e-01)
2026-02-11 15:35:24,741 - INFO -   pair2: Pearson r=0.406 (p=1.502e-01), Spearman r=0.453 (p=1.035e-01)
2026-02-11 15:35:24,743 - INFO -   pair3: Pearson r=0.490 (p=7.555e-02), Spearman r=0.484 (p=7.915e-02)
2026-02-11 15:35:24,745 - INFO -   pair4: Pearson r=0.419 (p=1.360e-01), Spearman r=0.384 (p=1.747e-01)
2026-02-11 15:35:24,745 - INFO - 
L_Gpi (N=4):
2026-02-11 15:35:24,745 - INFO - ----------------------------------------
2026-02-11 15:35:24,747 - INFO -   pair1: Pearson r=0.264 (p=7.362e-01), Spearman r=0.400 (p=6.000e-01)
2026-02-11 15:35:24,749 - INFO -   pair2: Pearson r=0.311 (p=6.893e-01), Spearman r=0.400 (p=6.000e-01)
2026-02-11 15:35:24,751 - INFO -   pair3: Pearson r=-0.826 (p=1.742e-01), Spearman r=-0.800 (p=2.000e-01)
2026-02-11 15:35:24,753 - INFO -   pair4: Pearson r=-0.846 (p=1.536e-01), Spearman r=-0.800 (p=2.000e-01)
2026-02-11 15:35:24,753 - INFO - 
R_GPi (N=5):
2026-02-11 15:35:24,753 - INFO - ----------------------------------------
2026-02-11 15:35:24,755 - INFO -   pair1: Pearson r=0.354 (p=5.590e-01), Spearman r=0.600 (p=2.848e-01)
2026-02-11 15:35:24,757 - INFO -   pair2: Pearson r=-0.674 (p=2.118e-01), Spearman r=-0.200 (p=7.471e-01)
2026-02-11 15:35:24,759 - INFO -   pair3: Pearson r=-0.632 (p=2.529e-01), Spearman r=-0.700 (p=1.881e-01)
2026-02-11 15:35:24,761 - INFO -   pair4: Pearson r=-0.731 (p=1.608e-01), Spearman r=-0.700 (p=1.881e-01)
2026-02-11 15:35:24,761 - INFO - 
R_STN (N=14):
2026-02-11 15:35:24,761 - INFO - ----------------------------------------
2026-02-11 15:35:24,763 - INFO -   pair1: Pearson r=-0.112 (p=7.032e-01), Spearman r=-0.039 (p=8.950e-01)
2026-02-11 15:35:24,765 - INFO -   pair2: Pearson r=0.066 (p=8.222e-01), Spearman r=0.167 (p=5.683e-01)
2026-02-11 15:35:24,767 - INFO -   pair3: Pearson r=0.195 (p=5.052e-01), Spearman r=0.121 (p=6.797e-01)
2026-02-11 15:35:24,769 - INFO -   pair4: Pearson r=0.149 (p=6.111e-01), Spearman r=0.156 (p=5.954e-01)
2026-02-11 15:35:24,769 - INFO - 
R_Gpi (N=3):
2026-02-11 15:35:24,769 - INFO - ----------------------------------------
2026-02-11 15:35:24,771 - INFO -   pair1: Pearson r=0.789 (p=4.212e-01), Spearman r=0.500 (p=6.667e-01)
2026-02-11 15:35:24,773 - INFO -   pair2: Pearson r=0.991 (p=8.557e-02), Spearman r=1.000 (p=0.000e+00)
2026-02-11 15:35:24,774 - INFO -   pair3: Pearson r=-0.951 (p=2.007e-01), Spearman r=-1.000 (p=0.000e+00)
2026-02-11 15:35:24,776 - INFO -   pair4: Pearson r=-0.976 (p=1.391e-01), Spearman r=-1.000 (p=0.000e+00)
2026-02-11 15:35:24,777 - INFO - 
L_GPi (N=12):
2026-02-11 15:35:24,777 - INFO - ----------------------------------------
2026-02-11 15:35:24,779 - INFO -   pair1: Pearson r=0.070 (p=8.278e-01), Spearman r=-0.113 (p=7.273e-01)
2026-02-11 15:35:24,781 - INFO -   pair2: Pearson r=-0.059 (p=8.564e-01), Spearman r=-0.282 (p=3.751e-01)
2026-02-11 15:35:24,782 - INFO -   pair3: Pearson r=0.230 (p=4.727e-01), Spearman r=0.127 (p=6.946e-01)
2026-02-11 15:35:24,784 - INFO -   pair4: Pearson r=0.250 (p=4.334e-01), Spearman r=0.218 (p=4.955e-01)
2026-02-11 15:35:24,787 - INFO - 
Saved target-specific results to ti_fc_correlation_by_target.json
2026-02-11 15:35:24,787 - INFO - 
================================================================================
2026-02-11 15:35:24,787 - INFO - Analysis Complete!
2026-02-11 15:35:24,787 - INFO - ================================================================================
2026-02-11 15:35:24,787 - INFO - 
Generated files:
2026-02-11 15:35:24,787 - INFO -   - ti_fc_improvement_data.csv          : Raw FC and improvement rate data
2026-02-11 15:35:24,787 - INFO -   - ti_fc_correlation_results.json      : FC correlation statistics
2026-02-11 15:35:24,787 - INFO -   - ti_fc_correlation_by_target.json    : Target-specific FC correlation
2026-02-11 15:35:24,787 - INFO -   - ti_integrated_analysis.png/pdf      : Integrated visualization (FC + AI)
2026-02-11 15:35:24,787 - INFO -   - ti_integrated_analysis.log          : Detailed log file
2026-02-11 15:35:24,787 - INFO - 
================================================================================
2026-02-11 15:36:56,373 - INFO - ================================================================================
2026-02-11 15:36:56,383 - INFO - Starting Integrated TI Analysis (FC + AI Model)
2026-02-11 15:36:56,383 - INFO - ================================================================================
2026-02-11 15:36:56,383 - INFO - 
[Step 1] Parsing TI Excel data...
2026-02-11 15:36:56,505 - INFO - Parsing patient data from Excel...
2026-02-11 15:36:56,539 - INFO - 
Improvement rate statistics:
2026-02-11 15:36:56,540 - INFO -   N samples: 52
2026-02-11 15:36:56,540 - INFO -   N negative (set to 0): 12
2026-02-11 15:36:56,540 - INFO -   Min: 0.0000
2026-02-11 15:36:56,540 - INFO -   Max: 0.4545
2026-02-11 15:36:56,540 - INFO -   Mean: 0.1182
2026-02-11 15:36:56,540 - INFO -   Std: 0.1256
2026-02-11 15:36:56,540 - INFO -   Median: 0.0909
2026-02-11 15:36:56,540 - INFO - 
Found 52 valid patient samples with complete data
2026-02-11 15:36:56,540 - INFO - 
[Step 2] Computing FC and analyzing correlations...
2026-02-11 15:36:56,540 - INFO - 
================================================================================
2026-02-11 15:36:56,540 - INFO - FC-UPDRS III Improvement Rate Correlation Analysis (TI)
2026-02-11 15:36:56,540 - INFO - ================================================================================
2026-02-11 15:36:56,540 - INFO - 
Computing FC features for all patients...
2026-02-11 15:36:57,883 - INFO - 
Saved raw data to ti_fc_improvement_data.csv (N=52)
2026-02-11 15:36:57,884 - INFO - 
--------------------------------------------------------------------------------
2026-02-11 15:36:57,884 - INFO - Correlation Analysis Results:
2026-02-11 15:36:57,884 - INFO - --------------------------------------------------------------------------------
2026-02-11 15:36:57,886 - INFO - 
PAIR1: STN-L GPi-L
2026-02-11 15:36:57,886 - INFO -   ROI1: [215]
2026-02-11 15:36:57,886 - INFO -   ROI2: [223]
2026-02-11 15:36:57,887 - INFO -   FC range: [0.4495, 0.9269]
2026-02-11 15:36:57,887 - INFO -   FC mean ± std: 0.7909 ± 0.1262
2026-02-11 15:36:57,887 - INFO -   Pearson  r =  0.0271, p = 8.4882e-01 ns
2026-02-11 15:36:57,887 - INFO -   Spearman r =  0.0383, p = 7.8727e-01 ns
2026-02-11 15:36:57,889 - INFO - 
PAIR2: STN-L, Thalamus-L
2026-02-11 15:36:57,889 - INFO -   ROI1: [215]
2026-02-11 15:36:57,889 - INFO -   ROI2: [225]
2026-02-11 15:36:57,889 - INFO -   FC range: [-0.4047, 0.8996]
2026-02-11 15:36:57,889 - INFO -   FC mean ± std: 0.6468 ± 0.2871
2026-02-11 15:36:57,889 - INFO -   Pearson  r = -0.0512, p = 7.1849e-01 ns
2026-02-11 15:36:57,889 - INFO -   Spearman r =  0.1104, p = 4.3596e-01 ns
2026-02-11 15:36:57,891 - INFO - 
PAIR3: STN, M1
2026-02-11 15:36:57,891 - INFO -   ROI1: [215, 216]
2026-02-11 15:36:57,891 - INFO -   ROI2: [55, 56, 63, 64]
2026-02-11 15:36:57,891 - INFO -   FC range: [0.7857, 0.9744]
2026-02-11 15:36:57,891 - INFO -   FC mean ± std: 0.9141 ± 0.0433
2026-02-11 15:36:57,891 - INFO -   Pearson  r = -0.0023, p = 9.8687e-01 ns
2026-02-11 15:36:57,891 - INFO -   Spearman r =  0.0268, p = 8.5032e-01 ns
2026-02-11 15:36:57,893 - INFO - 
PAIR4: STN, SMA
2026-02-11 15:36:57,893 - INFO -   ROI1: [215, 216]
2026-02-11 15:36:57,893 - INFO -   ROI2: [53, 54, 57, 58, 59, 60, 61, 62, 67, 68]
2026-02-11 15:36:57,893 - INFO -   FC range: [0.7706, 0.9749]
2026-02-11 15:36:57,893 - INFO -   FC mean ± std: 0.9110 ± 0.0474
2026-02-11 15:36:57,893 - INFO -   Pearson  r = -0.0301, p = 8.3220e-01 ns
2026-02-11 15:36:57,893 - INFO -   Spearman r = -0.0327, p = 8.1794e-01 ns
2026-02-11 15:36:57,893 - INFO - 
================================================================================
2026-02-11 15:36:57,895 - INFO - 
Saved correlation results to ti_fc_correlation_results.json
2026-02-11 15:36:57,896 - INFO - 
[Step 3] Analyzing AI model predictions...
2026-02-11 15:36:57,896 - INFO - 
================================================================================
2026-02-11 15:36:57,896 - INFO - AI Model Prediction Analysis (5-Fold CV)
2026-02-11 15:36:57,896 - INFO - ================================================================================
2026-02-11 15:36:57,896 - INFO - 
Processing individual folds...
2026-02-11 15:36:57,899 - INFO - Fold 1: Spearman R = -0.410, P = 0.2104
2026-02-11 15:36:57,901 - INFO - Fold 2: Spearman R = 0.665, P = 0.0255
2026-02-11 15:36:57,904 - INFO - Fold 3: Spearman R = 0.358, P = 0.3104
2026-02-11 15:36:57,906 - INFO - Fold 4: Spearman R = 0.706, P = 0.0226
2026-02-11 15:36:57,909 - INFO - Fold 5: Spearman R = 0.239, P = 0.5055
2026-02-11 15:36:57,910 - INFO - 
Saved fold results to ai_model_fold_results.csv
2026-02-11 15:36:57,911 - INFO - 
Loaded pooled data: 52 samples
2026-02-11 15:36:57,913 - INFO - 
--------------------------------------------------------------------------------
2026-02-11 15:36:57,913 - INFO - Pooled Data Summary:
2026-02-11 15:36:57,913 - INFO -   Spearman R = 0.293
2026-02-11 15:36:57,913 - INFO -   P-value = 0.0352
2026-02-11 15:36:57,913 - INFO -   N samples = 52
2026-02-11 15:36:57,913 - INFO - --------------------------------------------------------------------------------
2026-02-11 15:36:57,913 - INFO - 
[Step 4] Creating integrated visualizations...
2026-02-11 15:36:57,913 - INFO - 
Generating integrated visualizations...
2026-02-11 15:36:59,349 - INFO - Saved integrated visualization to ti_integrated_analysis.png and .pdf
2026-02-11 15:36:59,349 - INFO - 
[Step 5] Analyzing by target...
2026-02-11 15:36:59,349 - INFO - 
================================================================================
2026-02-11 15:36:59,349 - INFO - Target-Specific Correlation Analysis (TI)
2026-02-11 15:36:59,349 - INFO - ================================================================================
2026-02-11 15:36:59,350 - INFO - 
L_STN (N=14):
2026-02-11 15:36:59,350 - INFO - ----------------------------------------
2026-02-11 15:36:59,352 - INFO -   pair1: Pearson r=0.370 (p=1.930e-01), Spearman r=0.300 (p=2.973e-01)
2026-02-11 15:36:59,354 - INFO -   pair2: Pearson r=0.406 (p=1.502e-01), Spearman r=0.453 (p=1.035e-01)
2026-02-11 15:36:59,356 - INFO -   pair3: Pearson r=0.490 (p=7.555e-02), Spearman r=0.484 (p=7.915e-02)
2026-02-11 15:36:59,357 - INFO -   pair4: Pearson r=0.419 (p=1.360e-01), Spearman r=0.384 (p=1.747e-01)
2026-02-11 15:36:59,358 - INFO - 
L_Gpi (N=4):
2026-02-11 15:36:59,358 - INFO - ----------------------------------------
2026-02-11 15:36:59,360 - INFO -   pair1: Pearson r=0.264 (p=7.362e-01), Spearman r=0.400 (p=6.000e-01)
2026-02-11 15:36:59,362 - INFO -   pair2: Pearson r=0.311 (p=6.893e-01), Spearman r=0.400 (p=6.000e-01)
2026-02-11 15:36:59,363 - INFO -   pair3: Pearson r=-0.826 (p=1.742e-01), Spearman r=-0.800 (p=2.000e-01)
2026-02-11 15:36:59,365 - INFO -   pair4: Pearson r=-0.846 (p=1.536e-01), Spearman r=-0.800 (p=2.000e-01)
2026-02-11 15:36:59,366 - INFO - 
R_GPi (N=5):
2026-02-11 15:36:59,366 - INFO - ----------------------------------------
2026-02-11 15:36:59,367 - INFO -   pair1: Pearson r=0.354 (p=5.590e-01), Spearman r=0.600 (p=2.848e-01)
2026-02-11 15:36:59,369 - INFO -   pair2: Pearson r=-0.674 (p=2.118e-01), Spearman r=-0.200 (p=7.471e-01)
2026-02-11 15:36:59,371 - INFO -   pair3: Pearson r=-0.632 (p=2.529e-01), Spearman r=-0.700 (p=1.881e-01)
2026-02-11 15:36:59,373 - INFO -   pair4: Pearson r=-0.731 (p=1.608e-01), Spearman r=-0.700 (p=1.881e-01)
2026-02-11 15:36:59,374 - INFO - 
R_STN (N=14):
2026-02-11 15:36:59,374 - INFO - ----------------------------------------
2026-02-11 15:36:59,375 - INFO -   pair1: Pearson r=-0.112 (p=7.032e-01), Spearman r=-0.039 (p=8.950e-01)
2026-02-11 15:36:59,377 - INFO -   pair2: Pearson r=0.066 (p=8.222e-01), Spearman r=0.167 (p=5.683e-01)
2026-02-11 15:36:59,379 - INFO -   pair3: Pearson r=0.195 (p=5.052e-01), Spearman r=0.121 (p=6.797e-01)
2026-02-11 15:36:59,381 - INFO -   pair4: Pearson r=0.149 (p=6.111e-01), Spearman r=0.156 (p=5.954e-01)
2026-02-11 15:36:59,381 - INFO - 
R_Gpi (N=3):
2026-02-11 15:36:59,381 - INFO - ----------------------------------------
2026-02-11 15:36:59,383 - INFO -   pair1: Pearson r=0.789 (p=4.212e-01), Spearman r=0.500 (p=6.667e-01)
2026-02-11 15:36:59,385 - INFO -   pair2: Pearson r=0.991 (p=8.557e-02), Spearman r=1.000 (p=0.000e+00)
2026-02-11 15:36:59,387 - INFO -   pair3: Pearson r=-0.951 (p=2.007e-01), Spearman r=-1.000 (p=0.000e+00)
2026-02-11 15:36:59,388 - INFO -   pair4: Pearson r=-0.976 (p=1.391e-01), Spearman r=-1.000 (p=0.000e+00)
2026-02-11 15:36:59,389 - INFO - 
L_GPi (N=12):
2026-02-11 15:36:59,389 - INFO - ----------------------------------------
2026-02-11 15:36:59,391 - INFO -   pair1: Pearson r=0.070 (p=8.278e-01), Spearman r=-0.113 (p=7.273e-01)
2026-02-11 15:36:59,393 - INFO -   pair2: Pearson r=-0.059 (p=8.564e-01), Spearman r=-0.282 (p=3.751e-01)
2026-02-11 15:36:59,395 - INFO -   pair3: Pearson r=0.230 (p=4.727e-01), Spearman r=0.127 (p=6.946e-01)
2026-02-11 15:36:59,396 - INFO -   pair4: Pearson r=0.250 (p=4.334e-01), Spearman r=0.218 (p=4.955e-01)
2026-02-11 15:36:59,398 - INFO - 
Saved target-specific results to ti_fc_correlation_by_target.json
2026-02-11 15:36:59,398 - INFO - 
================================================================================
2026-02-11 15:36:59,398 - INFO - Analysis Complete!
2026-02-11 15:36:59,398 - INFO - ================================================================================
2026-02-11 15:36:59,398 - INFO - 
Generated files:
2026-02-11 15:36:59,398 - INFO -   - ti_fc_improvement_data.csv          : Raw FC and improvement rate data
2026-02-11 15:36:59,398 - INFO -   - ti_fc_correlation_results.json      : FC correlation statistics
2026-02-11 15:36:59,398 - INFO -   - ti_fc_correlation_by_target.json    : Target-specific FC correlation
2026-02-11 15:36:59,398 - INFO -   - ti_integrated_analysis.png/pdf      : Integrated visualization (FC + AI)
2026-02-11 15:36:59,398 - INFO -   - ti_integrated_analysis.log          : Detailed log file
2026-02-11 15:36:59,398 - INFO - 
================================================================================
2026-02-11 15:40:19,802 - INFO - ================================================================================
2026-02-11 15:40:19,807 - INFO - Starting Integrated TI Analysis (FC + AI Model)
2026-02-11 15:40:19,807 - INFO - ================================================================================
2026-02-11 15:40:19,807 - INFO - 
[Step 1] Parsing TI Excel data...
2026-02-11 15:40:19,929 - INFO - Parsing patient data from Excel...
2026-02-11 15:40:19,963 - INFO - 
Improvement rate statistics:
2026-02-11 15:40:19,963 - INFO -   N samples: 52
2026-02-11 15:40:19,963 - INFO -   N negative (set to 0): 12
2026-02-11 15:40:19,963 - INFO -   Min: 0.0000
2026-02-11 15:40:19,963 - INFO -   Max: 0.4545
2026-02-11 15:40:19,963 - INFO -   Mean: 0.1182
2026-02-11 15:40:19,963 - INFO -   Std: 0.1256
2026-02-11 15:40:19,964 - INFO -   Median: 0.0909
2026-02-11 15:40:19,964 - INFO - 
Found 52 valid patient samples with complete data
2026-02-11 15:40:19,964 - INFO - 
[Step 2] Computing FC and analyzing correlations...
2026-02-11 15:40:19,964 - INFO - 
================================================================================
2026-02-11 15:40:19,964 - INFO - FC-UPDRS III Improvement Rate Correlation Analysis (TI)
2026-02-11 15:40:19,964 - INFO - ================================================================================
2026-02-11 15:40:19,964 - INFO - 
Computing FC features for all patients...
2026-02-11 15:40:21,281 - INFO - 
Saved raw data to ti_fc_improvement_data.csv (N=52)
2026-02-11 15:40:21,281 - INFO - 
--------------------------------------------------------------------------------
2026-02-11 15:40:21,281 - INFO - Correlation Analysis Results:
2026-02-11 15:40:21,282 - INFO - --------------------------------------------------------------------------------
2026-02-11 15:40:21,284 - INFO - 
PAIR1: STN-L GPi-L
2026-02-11 15:40:21,284 - INFO -   ROI1: [215]
2026-02-11 15:40:21,284 - INFO -   ROI2: [223]
2026-02-11 15:40:21,284 - INFO -   FC range: [0.4495, 0.9269]
2026-02-11 15:40:21,284 - INFO -   FC mean ± std: 0.7909 ± 0.1262
2026-02-11 15:40:21,284 - INFO -   Pearson  r =  0.0271, p = 8.4882e-01 ns
2026-02-11 15:40:21,284 - INFO -   Spearman r =  0.0383, p = 7.8727e-01 ns
2026-02-11 15:40:21,286 - INFO - 
PAIR2: STN-L, Thalamus-L
2026-02-11 15:40:21,287 - INFO -   ROI1: [215]
2026-02-11 15:40:21,287 - INFO -   ROI2: [225]
2026-02-11 15:40:21,287 - INFO -   FC range: [-0.4047, 0.8996]
2026-02-11 15:40:21,287 - INFO -   FC mean ± std: 0.6468 ± 0.2871
2026-02-11 15:40:21,287 - INFO -   Pearson  r = -0.0512, p = 7.1849e-01 ns
2026-02-11 15:40:21,287 - INFO -   Spearman r =  0.1104, p = 4.3596e-01 ns
2026-02-11 15:40:21,289 - INFO - 
PAIR3: STN, M1
2026-02-11 15:40:21,289 - INFO -   ROI1: [215, 216]
2026-02-11 15:40:21,289 - INFO -   ROI2: [55, 56, 63, 64]
2026-02-11 15:40:21,289 - INFO -   FC range: [0.7857, 0.9744]
2026-02-11 15:40:21,289 - INFO -   FC mean ± std: 0.9141 ± 0.0433
2026-02-11 15:40:21,289 - INFO -   Pearson  r = -0.0023, p = 9.8687e-01 ns
2026-02-11 15:40:21,289 - INFO -   Spearman r =  0.0268, p = 8.5032e-01 ns
2026-02-11 15:40:21,291 - INFO - 
PAIR4: STN, SMA
2026-02-11 15:40:21,291 - INFO -   ROI1: [215, 216]
2026-02-11 15:40:21,291 - INFO -   ROI2: [53, 54, 57, 58, 59, 60, 61, 62, 67, 68]
2026-02-11 15:40:21,291 - INFO -   FC range: [0.7706, 0.9749]
2026-02-11 15:40:21,291 - INFO -   FC mean ± std: 0.9110 ± 0.0474
2026-02-11 15:40:21,291 - INFO -   Pearson  r = -0.0301, p = 8.3220e-01 ns
2026-02-11 15:40:21,291 - INFO -   Spearman r = -0.0327, p = 8.1794e-01 ns
2026-02-11 15:40:21,291 - INFO - 
================================================================================
2026-02-11 15:40:21,293 - INFO - 
Saved correlation results to ti_fc_correlation_results.json
2026-02-11 15:40:21,294 - INFO - 
[Step 3] Analyzing AI model predictions...
2026-02-11 15:40:21,294 - INFO - 
================================================================================
2026-02-11 15:40:21,294 - INFO - AI Model Prediction Analysis (5-Fold CV)
2026-02-11 15:40:21,294 - INFO - ================================================================================
2026-02-11 15:40:21,294 - INFO - 
Processing individual folds...
2026-02-11 15:40:21,297 - INFO - Fold 1: Spearman R = -0.410, P = 0.2104
2026-02-11 15:40:21,299 - INFO - Fold 2: Spearman R = 0.665, P = 0.0255
2026-02-11 15:40:21,302 - INFO - Fold 3: Spearman R = 0.358, P = 0.3104
2026-02-11 15:40:21,304 - INFO - Fold 4: Spearman R = 0.706, P = 0.0226
2026-02-11 15:40:21,307 - INFO - Fold 5: Spearman R = 0.239, P = 0.5055
2026-02-11 15:40:21,309 - INFO - 
Saved fold results to ai_model_fold_results.csv
2026-02-11 15:40:21,310 - INFO - 
Loaded pooled data: 52 samples
2026-02-11 15:40:21,311 - INFO - 
--------------------------------------------------------------------------------
2026-02-11 15:40:21,311 - INFO - Pooled Data Summary:
2026-02-11 15:40:21,311 - INFO -   Spearman R = 0.293
2026-02-11 15:40:21,311 - INFO -   P-value = 0.0352
2026-02-11 15:40:21,311 - INFO -   N samples = 52
2026-02-11 15:40:21,311 - INFO - --------------------------------------------------------------------------------
2026-02-11 15:40:21,311 - INFO - 
[Step 4] Creating integrated visualizations...
2026-02-11 15:40:21,311 - INFO - 
Generating integrated visualizations...
2026-02-11 15:40:22,750 - INFO - Saved integrated visualization to ti_integrated_analysis.png and .pdf
2026-02-11 15:40:22,750 - INFO - 
[Step 5] Analyzing by target...
2026-02-11 15:40:22,750 - INFO - 
================================================================================
2026-02-11 15:40:22,750 - INFO - Target-Specific Correlation Analysis (TI)
2026-02-11 15:40:22,750 - INFO - ================================================================================
2026-02-11 15:40:22,751 - INFO - 
L_STN (N=14):
2026-02-11 15:40:22,751 - INFO - ----------------------------------------
2026-02-11 15:40:22,753 - INFO -   pair1: Pearson r=0.370 (p=1.930e-01), Spearman r=0.300 (p=2.973e-01)
2026-02-11 15:40:22,755 - INFO -   pair2: Pearson r=0.406 (p=1.502e-01), Spearman r=0.453 (p=1.035e-01)
2026-02-11 15:40:22,757 - INFO -   pair3: Pearson r=0.490 (p=7.555e-02), Spearman r=0.484 (p=7.915e-02)
2026-02-11 15:40:22,759 - INFO -   pair4: Pearson r=0.419 (p=1.360e-01), Spearman r=0.384 (p=1.747e-01)
2026-02-11 15:40:22,759 - INFO - 
L_Gpi (N=4):
2026-02-11 15:40:22,759 - INFO - ----------------------------------------
2026-02-11 15:40:22,761 - INFO -   pair1: Pearson r=0.264 (p=7.362e-01), Spearman r=0.400 (p=6.000e-01)
2026-02-11 15:40:22,763 - INFO -   pair2: Pearson r=0.311 (p=6.893e-01), Spearman r=0.400 (p=6.000e-01)
2026-02-11 15:40:22,765 - INFO -   pair3: Pearson r=-0.826 (p=1.742e-01), Spearman r=-0.800 (p=2.000e-01)
2026-02-11 15:40:22,766 - INFO -   pair4: Pearson r=-0.846 (p=1.536e-01), Spearman r=-0.800 (p=2.000e-01)
2026-02-11 15:40:22,767 - INFO - 
R_GPi (N=5):
2026-02-11 15:40:22,767 - INFO - ----------------------------------------
2026-02-11 15:40:22,769 - INFO -   pair1: Pearson r=0.354 (p=5.590e-01), Spearman r=0.600 (p=2.848e-01)
2026-02-11 15:40:22,771 - INFO -   pair2: Pearson r=-0.674 (p=2.118e-01), Spearman r=-0.200 (p=7.471e-01)
2026-02-11 15:40:22,773 - INFO -   pair3: Pearson r=-0.632 (p=2.529e-01), Spearman r=-0.700 (p=1.881e-01)
2026-02-11 15:40:22,774 - INFO -   pair4: Pearson r=-0.731 (p=1.608e-01), Spearman r=-0.700 (p=1.881e-01)
2026-02-11 15:40:22,775 - INFO - 
R_STN (N=14):
2026-02-11 15:40:22,775 - INFO - ----------------------------------------
2026-02-11 15:40:22,777 - INFO -   pair1: Pearson r=-0.112 (p=7.032e-01), Spearman r=-0.039 (p=8.950e-01)
2026-02-11 15:40:22,778 - INFO -   pair2: Pearson r=0.066 (p=8.222e-01), Spearman r=0.167 (p=5.683e-01)
2026-02-11 15:40:22,780 - INFO -   pair3: Pearson r=0.195 (p=5.052e-01), Spearman r=0.121 (p=6.797e-01)
2026-02-11 15:40:22,782 - INFO -   pair4: Pearson r=0.149 (p=6.111e-01), Spearman r=0.156 (p=5.954e-01)
2026-02-11 15:40:22,783 - INFO - 
R_Gpi (N=3):
2026-02-11 15:40:22,783 - INFO - ----------------------------------------
2026-02-11 15:40:22,784 - INFO -   pair1: Pearson r=0.789 (p=4.212e-01), Spearman r=0.500 (p=6.667e-01)
2026-02-11 15:40:22,786 - INFO -   pair2: Pearson r=0.991 (p=8.557e-02), Spearman r=1.000 (p=0.000e+00)
2026-02-11 15:40:22,788 - INFO -   pair3: Pearson r=-0.951 (p=2.007e-01), Spearman r=-1.000 (p=0.000e+00)
2026-02-11 15:40:22,790 - INFO -   pair4: Pearson r=-0.976 (p=1.391e-01), Spearman r=-1.000 (p=0.000e+00)
2026-02-11 15:40:22,790 - INFO - 
L_GPi (N=12):
2026-02-11 15:40:22,790 - INFO - ----------------------------------------
2026-02-11 15:40:22,792 - INFO -   pair1: Pearson r=0.070 (p=8.278e-01), Spearman r=-0.113 (p=7.273e-01)
2026-02-11 15:40:22,794 - INFO -   pair2: Pearson r=-0.059 (p=8.564e-01), Spearman r=-0.282 (p=3.751e-01)
2026-02-11 15:40:22,796 - INFO -   pair3: Pearson r=0.230 (p=4.727e-01), Spearman r=0.127 (p=6.946e-01)
2026-02-11 15:40:22,798 - INFO -   pair4: Pearson r=0.250 (p=4.334e-01), Spearman r=0.218 (p=4.955e-01)
2026-02-11 15:40:22,800 - INFO - 
Saved target-specific results to ti_fc_correlation_by_target.json
2026-02-11 15:40:22,800 - INFO - 
================================================================================
2026-02-11 15:40:22,800 - INFO - Analysis Complete!
2026-02-11 15:40:22,800 - INFO - ================================================================================
2026-02-11 15:40:22,800 - INFO - 
Generated files:
2026-02-11 15:40:22,800 - INFO -   - ti_fc_improvement_data.csv          : Raw FC and improvement rate data
2026-02-11 15:40:22,801 - INFO -   - ti_fc_correlation_results.json      : FC correlation statistics
2026-02-11 15:40:22,801 - INFO -   - ti_fc_correlation_by_target.json    : Target-specific FC correlation
2026-02-11 15:40:22,801 - INFO -   - ti_integrated_analysis.png/pdf      : Integrated visualization (FC + AI)
2026-02-11 15:40:22,801 - INFO -   - ti_integrated_analysis.log          : Detailed log file
2026-02-11 15:40:22,801 - INFO - 
================================================================================
2026-02-11 15:41:12,738 - INFO - ================================================================================
2026-02-11 15:41:12,738 - INFO - Starting Integrated TI Analysis (FC + AI Model)
2026-02-11 15:41:12,738 - INFO - ================================================================================
2026-02-11 15:41:12,738 - INFO - 
[Step 1] Parsing TI Excel data...
2026-02-11 15:41:12,856 - INFO - Parsing patient data from Excel...
2026-02-11 15:41:12,890 - INFO - 
Improvement rate statistics:
2026-02-11 15:41:12,890 - INFO -   N samples: 52
2026-02-11 15:41:12,890 - INFO -   N negative (set to 0): 12
2026-02-11 15:41:12,890 - INFO -   Min: 0.0000
2026-02-11 15:41:12,890 - INFO -   Max: 0.4545
2026-02-11 15:41:12,890 - INFO -   Mean: 0.1182
2026-02-11 15:41:12,891 - INFO -   Std: 0.1256
2026-02-11 15:41:12,891 - INFO -   Median: 0.0909
2026-02-11 15:41:12,891 - INFO - 
Found 52 valid patient samples with complete data
2026-02-11 15:41:12,891 - INFO - 
[Step 2] Computing FC and analyzing correlations...
2026-02-11 15:41:12,891 - INFO - 
================================================================================
2026-02-11 15:41:12,891 - INFO - FC-UPDRS III Improvement Rate Correlation Analysis (TI)
2026-02-11 15:41:12,891 - INFO - ================================================================================
2026-02-11 15:41:12,891 - INFO - 
Computing FC features for all patients...
2026-02-11 15:41:14,179 - INFO - 
Saved raw data to ti_fc_improvement_data.csv (N=52)
2026-02-11 15:41:14,179 - INFO - 
--------------------------------------------------------------------------------
2026-02-11 15:41:14,179 - INFO - Correlation Analysis Results:
2026-02-11 15:41:14,179 - INFO - --------------------------------------------------------------------------------
2026-02-11 15:41:14,182 - INFO - 
PAIR1: STN-L GPi-L
2026-02-11 15:41:14,182 - INFO -   ROI1: [215]
2026-02-11 15:41:14,182 - INFO -   ROI2: [223]
2026-02-11 15:41:14,182 - INFO -   FC range: [0.4495, 0.9269]
2026-02-11 15:41:14,182 - INFO -   FC mean ± std: 0.7909 ± 0.1262
2026-02-11 15:41:14,182 - INFO -   Pearson  r =  0.0271, p = 8.4882e-01 ns
2026-02-11 15:41:14,182 - INFO -   Spearman r =  0.0383, p = 7.8727e-01 ns
2026-02-11 15:41:14,184 - INFO - 
PAIR2: STN-L, Thalamus-L
2026-02-11 15:41:14,184 - INFO -   ROI1: [215]
2026-02-11 15:41:14,184 - INFO -   ROI2: [225]
2026-02-11 15:41:14,184 - INFO -   FC range: [-0.4047, 0.8996]
2026-02-11 15:41:14,184 - INFO -   FC mean ± std: 0.6468 ± 0.2871
2026-02-11 15:41:14,184 - INFO -   Pearson  r = -0.0512, p = 7.1849e-01 ns
2026-02-11 15:41:14,184 - INFO -   Spearman r =  0.1104, p = 4.3596e-01 ns
2026-02-11 15:41:14,186 - INFO - 
PAIR3: STN, M1
2026-02-11 15:41:14,186 - INFO -   ROI1: [215, 216]
2026-02-11 15:41:14,186 - INFO -   ROI2: [55, 56, 63, 64]
2026-02-11 15:41:14,186 - INFO -   FC range: [0.7857, 0.9744]
2026-02-11 15:41:14,186 - INFO -   FC mean ± std: 0.9141 ± 0.0433
2026-02-11 15:41:14,187 - INFO -   Pearson  r = -0.0023, p = 9.8687e-01 ns
2026-02-11 15:41:14,187 - INFO -   Spearman r =  0.0268, p = 8.5032e-01 ns
2026-02-11 15:41:14,188 - INFO - 
PAIR4: STN, SMA
2026-02-11 15:41:14,188 - INFO -   ROI1: [215, 216]
2026-02-11 15:41:14,189 - INFO -   ROI2: [53, 54, 57, 58, 59, 60, 61, 62, 67, 68]
2026-02-11 15:41:14,189 - INFO -   FC range: [0.7706, 0.9749]
2026-02-11 15:41:14,189 - INFO -   FC mean ± std: 0.9110 ± 0.0474
2026-02-11 15:41:14,189 - INFO -   Pearson  r = -0.0301, p = 8.3220e-01 ns
2026-02-11 15:41:14,189 - INFO -   Spearman r = -0.0327, p = 8.1794e-01 ns
2026-02-11 15:41:14,189 - INFO - 
================================================================================
2026-02-11 15:41:14,191 - INFO - 
Saved correlation results to ti_fc_correlation_results.json
2026-02-11 15:41:14,192 - INFO - 
[Step 3] Analyzing AI model predictions...
2026-02-11 15:41:14,192 - INFO - 
================================================================================
2026-02-11 15:41:14,192 - INFO - AI Model Prediction Analysis (5-Fold CV)
2026-02-11 15:41:14,192 - INFO - ================================================================================
2026-02-11 15:41:14,192 - INFO - 
Processing individual folds...
2026-02-11 15:41:14,195 - INFO - Fold 1: Spearman R = -0.410, P = 0.2104
2026-02-11 15:41:14,197 - INFO - Fold 2: Spearman R = 0.665, P = 0.0255
2026-02-11 15:41:14,199 - INFO - Fold 3: Spearman R = 0.358, P = 0.3104
2026-02-11 15:41:14,202 - INFO - Fold 4: Spearman R = 0.706, P = 0.0226
2026-02-11 15:41:14,204 - INFO - Fold 5: Spearman R = 0.239, P = 0.5055
2026-02-11 15:41:14,207 - INFO - 
Saved fold results to ai_model_fold_results.csv
2026-02-11 15:41:14,208 - INFO - 
Loaded pooled data: 52 samples
2026-02-11 15:41:14,209 - INFO - 
--------------------------------------------------------------------------------
2026-02-11 15:41:14,209 - INFO - Pooled Data Summary:
2026-02-11 15:41:14,209 - INFO -   Spearman R = 0.293
2026-02-11 15:41:14,209 - INFO -   P-value = 0.0352
2026-02-11 15:41:14,209 - INFO -   N samples = 52
2026-02-11 15:41:14,209 - INFO - --------------------------------------------------------------------------------
2026-02-11 15:41:14,209 - INFO - 
[Step 4] Creating integrated visualizations...
2026-02-11 15:41:14,209 - INFO - 
Generating integrated visualizations...
2026-02-11 15:41:15,639 - INFO - Saved integrated visualization to ti_integrated_analysis.png and .pdf
2026-02-11 15:41:15,640 - INFO - 
[Step 5] Analyzing by target...
2026-02-11 15:41:15,640 - INFO - 
================================================================================
2026-02-11 15:41:15,640 - INFO - Target-Specific Correlation Analysis (TI)
2026-02-11 15:41:15,640 - INFO - ================================================================================
2026-02-11 15:41:15,640 - INFO - 
L_STN (N=14):
2026-02-11 15:41:15,640 - INFO - ----------------------------------------
2026-02-11 15:41:15,642 - INFO -   pair1: Pearson r=0.370 (p=1.930e-01), Spearman r=0.300 (p=2.973e-01)
2026-02-11 15:41:15,644 - INFO -   pair2: Pearson r=0.406 (p=1.502e-01), Spearman r=0.453 (p=1.035e-01)
2026-02-11 15:41:15,646 - INFO -   pair3: Pearson r=0.490 (p=7.555e-02), Spearman r=0.484 (p=7.915e-02)
2026-02-11 15:41:15,648 - INFO -   pair4: Pearson r=0.419 (p=1.360e-01), Spearman r=0.384 (p=1.747e-01)
2026-02-11 15:41:15,648 - INFO - 
L_Gpi (N=4):
2026-02-11 15:41:15,648 - INFO - ----------------------------------------
2026-02-11 15:41:15,650 - INFO -   pair1: Pearson r=0.264 (p=7.362e-01), Spearman r=0.400 (p=6.000e-01)
2026-02-11 15:41:15,652 - INFO -   pair2: Pearson r=0.311 (p=6.893e-01), Spearman r=0.400 (p=6.000e-01)
2026-02-11 15:41:15,654 - INFO -   pair3: Pearson r=-0.826 (p=1.742e-01), Spearman r=-0.800 (p=2.000e-01)
2026-02-11 15:41:15,656 - INFO -   pair4: Pearson r=-0.846 (p=1.536e-01), Spearman r=-0.800 (p=2.000e-01)
2026-02-11 15:41:15,656 - INFO - 
R_GPi (N=5):
2026-02-11 15:41:15,656 - INFO - ----------------------------------------
2026-02-11 15:41:15,658 - INFO -   pair1: Pearson r=0.354 (p=5.590e-01), Spearman r=0.600 (p=2.848e-01)
2026-02-11 15:41:15,660 - INFO -   pair2: Pearson r=-0.674 (p=2.118e-01), Spearman r=-0.200 (p=7.471e-01)
2026-02-11 15:41:15,662 - INFO -   pair3: Pearson r=-0.632 (p=2.529e-01), Spearman r=-0.700 (p=1.881e-01)
2026-02-11 15:41:15,664 - INFO -   pair4: Pearson r=-0.731 (p=1.608e-01), Spearman r=-0.700 (p=1.881e-01)
2026-02-11 15:41:15,664 - INFO - 
R_STN (N=14):
2026-02-11 15:41:15,664 - INFO - ----------------------------------------
2026-02-11 15:41:15,666 - INFO -   pair1: Pearson r=-0.112 (p=7.032e-01), Spearman r=-0.039 (p=8.950e-01)
2026-02-11 15:41:15,668 - INFO -   pair2: Pearson r=0.066 (p=8.222e-01), Spearman r=0.167 (p=5.683e-01)
2026-02-11 15:41:15,670 - INFO -   pair3: Pearson r=0.195 (p=5.052e-01), Spearman r=0.121 (p=6.797e-01)
2026-02-11 15:41:15,672 - INFO -   pair4: Pearson r=0.149 (p=6.111e-01), Spearman r=0.156 (p=5.954e-01)
2026-02-11 15:41:15,672 - INFO - 
R_Gpi (N=3):
2026-02-11 15:41:15,672 - INFO - ----------------------------------------
2026-02-11 15:41:15,674 - INFO -   pair1: Pearson r=0.789 (p=4.212e-01), Spearman r=0.500 (p=6.667e-01)
2026-02-11 15:41:15,676 - INFO -   pair2: Pearson r=0.991 (p=8.557e-02), Spearman r=1.000 (p=0.000e+00)
2026-02-11 15:41:15,677 - INFO -   pair3: Pearson r=-0.951 (p=2.007e-01), Spearman r=-1.000 (p=0.000e+00)
2026-02-11 15:41:15,679 - INFO -   pair4: Pearson r=-0.976 (p=1.391e-01), Spearman r=-1.000 (p=0.000e+00)
2026-02-11 15:41:15,680 - INFO - 
L_GPi (N=12):
2026-02-11 15:41:15,680 - INFO - ----------------------------------------
2026-02-11 15:41:15,682 - INFO -   pair1: Pearson r=0.070 (p=8.278e-01), Spearman r=-0.113 (p=7.273e-01)
2026-02-11 15:41:15,683 - INFO -   pair2: Pearson r=-0.059 (p=8.564e-01), Spearman r=-0.282 (p=3.751e-01)
2026-02-11 15:41:15,685 - INFO -   pair3: Pearson r=0.230 (p=4.727e-01), Spearman r=0.127 (p=6.946e-01)
2026-02-11 15:41:15,687 - INFO -   pair4: Pearson r=0.250 (p=4.334e-01), Spearman r=0.218 (p=4.955e-01)
2026-02-11 15:41:15,689 - INFO - 
Saved target-specific results to ti_fc_correlation_by_target.json
2026-02-11 15:41:15,690 - INFO - 
================================================================================
2026-02-11 15:41:15,690 - INFO - Analysis Complete!
2026-02-11 15:41:15,690 - INFO - ================================================================================
2026-02-11 15:41:15,690 - INFO - 
Generated files:
2026-02-11 15:41:15,690 - INFO -   - ti_fc_improvement_data.csv          : Raw FC and improvement rate data
2026-02-11 15:41:15,690 - INFO -   - ti_fc_correlation_results.json      : FC correlation statistics
2026-02-11 15:41:15,690 - INFO -   - ti_fc_correlation_by_target.json    : Target-specific FC correlation
2026-02-11 15:41:15,690 - INFO -   - ti_integrated_analysis.png/pdf      : Integrated visualization (FC + AI)
2026-02-11 15:41:15,690 - INFO -   - ti_integrated_analysis.log          : Detailed log file
2026-02-11 15:41:15,690 - INFO - 
================================================================================
2026-02-11 15:43:27,166 - INFO - ================================================================================
2026-02-11 15:43:27,182 - INFO - Starting Integrated TI Analysis (FC + AI Model)
2026-02-11 15:43:27,182 - INFO - ================================================================================
2026-02-11 15:43:27,182 - INFO - 
[Step 1] Parsing TI Excel data...
2026-02-11 15:43:27,304 - INFO - Parsing patient data from Excel...
2026-02-11 15:43:27,338 - INFO - 
Improvement rate statistics:
2026-02-11 15:43:27,338 - INFO -   N samples: 52
2026-02-11 15:43:27,338 - INFO -   N negative (set to 0): 12
2026-02-11 15:43:27,338 - INFO -   Min: 0.0000
2026-02-11 15:43:27,338 - INFO -   Max: 0.4545
2026-02-11 15:43:27,338 - INFO -   Mean: 0.1182
2026-02-11 15:43:27,338 - INFO -   Std: 0.1256
2026-02-11 15:43:27,338 - INFO -   Median: 0.0909
2026-02-11 15:43:27,338 - INFO - 
Found 52 valid patient samples with complete data
2026-02-11 15:43:27,338 - INFO - 
[Step 2] Computing FC and analyzing correlations...
2026-02-11 15:43:27,338 - INFO - 
================================================================================
2026-02-11 15:43:27,338 - INFO - FC-UPDRS III Improvement Rate Correlation Analysis (TI)
2026-02-11 15:43:27,338 - INFO - ================================================================================
2026-02-11 15:43:27,339 - INFO - 
Computing FC features for all patients...
2026-02-11 15:43:28,774 - INFO - 
Saved raw data to ti_fc_improvement_data.csv (N=52)
2026-02-11 15:43:28,774 - INFO - 
--------------------------------------------------------------------------------
2026-02-11 15:43:28,774 - INFO - Correlation Analysis Results:
2026-02-11 15:43:28,774 - INFO - --------------------------------------------------------------------------------
2026-02-11 15:43:28,776 - INFO - 
PAIR1: STN-L GPi-L
2026-02-11 15:43:28,776 - INFO -   ROI1: [215]
2026-02-11 15:43:28,776 - INFO -   ROI2: [223]
2026-02-11 15:43:28,777 - INFO -   FC range: [0.4495, 0.9269]
2026-02-11 15:43:28,777 - INFO -   FC mean ± std: 0.7909 ± 0.1262
2026-02-11 15:43:28,777 - INFO -   Pearson  r =  0.0271, p = 8.4882e-01 ns
2026-02-11 15:43:28,777 - INFO -   Spearman r =  0.0383, p = 7.8727e-01 ns
2026-02-11 15:43:28,779 - INFO - 
PAIR2: STN-L, Thalamus-L
2026-02-11 15:43:28,779 - INFO -   ROI1: [215]
2026-02-11 15:43:28,779 - INFO -   ROI2: [225]
2026-02-11 15:43:28,779 - INFO -   FC range: [-0.4047, 0.8996]
2026-02-11 15:43:28,779 - INFO -   FC mean ± std: 0.6468 ± 0.2871
2026-02-11 15:43:28,779 - INFO -   Pearson  r = -0.0512, p = 7.1849e-01 ns
2026-02-11 15:43:28,779 - INFO -   Spearman r =  0.1104, p = 4.3596e-01 ns
2026-02-11 15:43:28,781 - INFO - 
PAIR3: STN, M1
2026-02-11 15:43:28,781 - INFO -   ROI1: [215, 216]
2026-02-11 15:43:28,781 - INFO -   ROI2: [55, 56, 63, 64]
2026-02-11 15:43:28,781 - INFO -   FC range: [0.7857, 0.9744]
2026-02-11 15:43:28,781 - INFO -   FC mean ± std: 0.9141 ± 0.0433
2026-02-11 15:43:28,781 - INFO -   Pearson  r = -0.0023, p = 9.8687e-01 ns
2026-02-11 15:43:28,781 - INFO -   Spearman r =  0.0268, p = 8.5032e-01 ns
2026-02-11 15:43:28,783 - INFO - 
PAIR4: STN, SMA
2026-02-11 15:43:28,783 - INFO -   ROI1: [215, 216]
2026-02-11 15:43:28,783 - INFO -   ROI2: [53, 54, 57, 58, 59, 60, 61, 62, 67, 68]
2026-02-11 15:43:28,783 - INFO -   FC range: [0.7706, 0.9749]
2026-02-11 15:43:28,783 - INFO -   FC mean ± std: 0.9110 ± 0.0474
2026-02-11 15:43:28,783 - INFO -   Pearson  r = -0.0301, p = 8.3220e-01 ns
2026-02-11 15:43:28,783 - INFO -   Spearman r = -0.0327, p = 8.1794e-01 ns
2026-02-11 15:43:28,783 - INFO - 
================================================================================
2026-02-11 15:43:28,785 - INFO - 
Saved correlation results to ti_fc_correlation_results.json
2026-02-11 15:43:28,786 - INFO - 
[Step 3] Analyzing AI model predictions...
2026-02-11 15:43:28,786 - INFO - 
================================================================================
2026-02-11 15:43:28,786 - INFO - AI Model Prediction Analysis (5-Fold CV)
2026-02-11 15:43:28,786 - INFO - ================================================================================
2026-02-11 15:43:28,786 - INFO - 
Processing individual folds...
2026-02-11 15:43:28,789 - INFO - Fold 1: Spearman R = -0.410, P = 0.2104
2026-02-11 15:43:28,791 - INFO - Fold 2: Spearman R = 0.665, P = 0.0255
2026-02-11 15:43:28,794 - INFO - Fold 3: Spearman R = 0.358, P = 0.3104
2026-02-11 15:43:28,796 - INFO - Fold 4: Spearman R = 0.706, P = 0.0226
2026-02-11 15:43:28,799 - INFO - Fold 5: Spearman R = 0.239, P = 0.5055
2026-02-11 15:43:28,800 - INFO - 
Saved fold results to ai_model_fold_results.csv
2026-02-11 15:43:28,801 - INFO - 
Loaded pooled data: 52 samples
2026-02-11 15:43:28,803 - INFO - 
--------------------------------------------------------------------------------
2026-02-11 15:43:28,803 - INFO - Pooled Data Summary:
2026-02-11 15:43:28,803 - INFO -   Spearman R = 0.293
2026-02-11 15:43:28,803 - INFO -   P-value = 0.0352
2026-02-11 15:43:28,803 - INFO -   N samples = 52
2026-02-11 15:43:28,803 - INFO - --------------------------------------------------------------------------------
2026-02-11 15:43:28,803 - INFO - 
[Step 4] Creating integrated visualizations...
2026-02-11 15:43:28,803 - INFO - 
Generating integrated visualizations...
2026-02-11 15:43:30,249 - INFO - Saved integrated visualization to ti_integrated_analysis.png and .pdf
2026-02-11 15:43:30,249 - INFO - 
[Step 5] Analyzing by target...
2026-02-11 15:43:30,249 - INFO - 
================================================================================
2026-02-11 15:43:30,249 - INFO - Target-Specific Correlation Analysis (TI)
2026-02-11 15:43:30,249 - INFO - ================================================================================
2026-02-11 15:43:30,250 - INFO - 
L_STN (N=14):
2026-02-11 15:43:30,250 - INFO - ----------------------------------------
2026-02-11 15:43:30,252 - INFO -   pair1: Pearson r=0.370 (p=1.930e-01), Spearman r=0.300 (p=2.973e-01)
2026-02-11 15:43:30,254 - INFO -   pair2: Pearson r=0.406 (p=1.502e-01), Spearman r=0.453 (p=1.035e-01)
2026-02-11 15:43:30,256 - INFO -   pair3: Pearson r=0.490 (p=7.555e-02), Spearman r=0.484 (p=7.915e-02)
2026-02-11 15:43:30,257 - INFO -   pair4: Pearson r=0.419 (p=1.360e-01), Spearman r=0.384 (p=1.747e-01)
2026-02-11 15:43:30,258 - INFO - 
L_Gpi (N=4):
2026-02-11 15:43:30,258 - INFO - ----------------------------------------
2026-02-11 15:43:30,260 - INFO -   pair1: Pearson r=0.264 (p=7.362e-01), Spearman r=0.400 (p=6.000e-01)
2026-02-11 15:43:30,262 - INFO -   pair2: Pearson r=0.311 (p=6.893e-01), Spearman r=0.400 (p=6.000e-01)
2026-02-11 15:43:30,263 - INFO -   pair3: Pearson r=-0.826 (p=1.742e-01), Spearman r=-0.800 (p=2.000e-01)
2026-02-11 15:43:30,265 - INFO -   pair4: Pearson r=-0.846 (p=1.536e-01), Spearman r=-0.800 (p=2.000e-01)
2026-02-11 15:43:30,266 - INFO - 
R_GPi (N=5):
2026-02-11 15:43:30,266 - INFO - ----------------------------------------
2026-02-11 15:43:30,268 - INFO -   pair1: Pearson r=0.354 (p=5.590e-01), Spearman r=0.600 (p=2.848e-01)
2026-02-11 15:43:30,270 - INFO -   pair2: Pearson r=-0.674 (p=2.118e-01), Spearman r=-0.200 (p=7.471e-01)
2026-02-11 15:43:30,271 - INFO -   pair3: Pearson r=-0.632 (p=2.529e-01), Spearman r=-0.700 (p=1.881e-01)
2026-02-11 15:43:30,273 - INFO -   pair4: Pearson r=-0.731 (p=1.608e-01), Spearman r=-0.700 (p=1.881e-01)
2026-02-11 15:43:30,274 - INFO - 
R_STN (N=14):
2026-02-11 15:43:30,274 - INFO - ----------------------------------------
2026-02-11 15:43:30,276 - INFO -   pair1: Pearson r=-0.112 (p=7.032e-01), Spearman r=-0.039 (p=8.950e-01)
2026-02-11 15:43:30,277 - INFO -   pair2: Pearson r=0.066 (p=8.222e-01), Spearman r=0.167 (p=5.683e-01)
2026-02-11 15:43:30,279 - INFO -   pair3: Pearson r=0.195 (p=5.052e-01), Spearman r=0.121 (p=6.797e-01)
2026-02-11 15:43:30,281 - INFO -   pair4: Pearson r=0.149 (p=6.111e-01), Spearman r=0.156 (p=5.954e-01)
2026-02-11 15:43:30,281 - INFO - 
R_Gpi (N=3):
2026-02-11 15:43:30,281 - INFO - ----------------------------------------
2026-02-11 15:43:30,283 - INFO -   pair1: Pearson r=0.789 (p=4.212e-01), Spearman r=0.500 (p=6.667e-01)
2026-02-11 15:43:30,285 - INFO -   pair2: Pearson r=0.991 (p=8.557e-02), Spearman r=1.000 (p=0.000e+00)
2026-02-11 15:43:30,287 - INFO -   pair3: Pearson r=-0.951 (p=2.007e-01), Spearman r=-1.000 (p=0.000e+00)
2026-02-11 15:43:30,289 - INFO -   pair4: Pearson r=-0.976 (p=1.391e-01), Spearman r=-1.000 (p=0.000e+00)
2026-02-11 15:43:30,289 - INFO - 
L_GPi (N=12):
2026-02-11 15:43:30,289 - INFO - ----------------------------------------
2026-02-11 15:43:30,291 - INFO -   pair1: Pearson r=0.070 (p=8.278e-01), Spearman r=-0.113 (p=7.273e-01)
2026-02-11 15:43:30,293 - INFO -   pair2: Pearson r=-0.059 (p=8.564e-01), Spearman r=-0.282 (p=3.751e-01)
2026-02-11 15:43:30,295 - INFO -   pair3: Pearson r=0.230 (p=4.727e-01), Spearman r=0.127 (p=6.946e-01)
2026-02-11 15:43:30,297 - INFO -   pair4: Pearson r=0.250 (p=4.334e-01), Spearman r=0.218 (p=4.955e-01)
2026-02-11 15:43:30,299 - INFO - 
Saved target-specific results to ti_fc_correlation_by_target.json
2026-02-11 15:43:30,299 - INFO - 
================================================================================
2026-02-11 15:43:30,299 - INFO - Analysis Complete!
2026-02-11 15:43:30,299 - INFO - ================================================================================
2026-02-11 15:43:30,299 - INFO - 
Generated files:
2026-02-11 15:43:30,299 - INFO -   - ti_fc_improvement_data.csv          : Raw FC and improvement rate data
2026-02-11 15:43:30,299 - INFO -   - ti_fc_correlation_results.json      : FC correlation statistics
2026-02-11 15:43:30,299 - INFO -   - ti_fc_correlation_by_target.json    : Target-specific FC correlation
2026-02-11 15:43:30,299 - INFO -   - ti_integrated_analysis.png/pdf      : Integrated visualization (FC + AI)
2026-02-11 15:43:30,299 - INFO -   - ti_integrated_analysis.log          : Detailed log file
2026-02-11 15:43:30,299 - INFO - 
================================================================================
2026-03-02 18:36:27,639 - INFO - ================================================================================
2026-03-02 18:36:27,644 - INFO - Starting Integrated TI Analysis (FC + AI Model)
2026-03-02 18:36:27,644 - INFO - ================================================================================
2026-03-02 18:36:27,644 - INFO - 
[Step 1] Parsing TI Excel data...
2026-03-02 18:36:28,062 - INFO - Parsing patient data from Excel...
2026-03-02 18:36:29,019 - INFO - 
Improvement rate statistics:
2026-03-02 18:36:29,019 - INFO -   N samples: 52
2026-03-02 18:36:29,019 - INFO -   N negative (set to 0): 12
2026-03-02 18:36:29,019 - INFO -   Min: 0.0000
2026-03-02 18:36:29,019 - INFO -   Max: 0.4545
2026-03-02 18:36:29,019 - INFO -   Mean: 0.1182
2026-03-02 18:36:29,019 - INFO -   Std: 0.1256
2026-03-02 18:36:29,019 - INFO -   Median: 0.0909
2026-03-02 18:36:29,019 - INFO - 
Found 52 valid patient samples with complete data
2026-03-02 18:36:29,019 - INFO - 
[Step 2] Computing FC and analyzing correlations...
2026-03-02 18:36:29,019 - INFO - 
================================================================================
2026-03-02 18:36:29,019 - INFO - FC-UPDRS III Improvement Rate Correlation Analysis (TI)
2026-03-02 18:36:29,019 - INFO - ================================================================================
2026-03-02 18:36:29,019 - INFO - 
Computing FC features for all patients...
2026-03-02 18:36:33,063 - INFO - 
Saved raw data to ti_fc_improvement_data.csv (N=52)
2026-03-02 18:36:33,063 - INFO - 
--------------------------------------------------------------------------------
2026-03-02 18:36:33,063 - INFO - Correlation Analysis Results:
2026-03-02 18:36:33,063 - INFO - --------------------------------------------------------------------------------
2026-03-02 18:36:33,066 - INFO - 
PAIR1: STN-L GPi-L
2026-03-02 18:36:33,066 - INFO -   ROI1: [215]
2026-03-02 18:36:33,066 - INFO -   ROI2: [223]
2026-03-02 18:36:33,066 - INFO -   FC range: [0.4495, 0.9269]
2026-03-02 18:36:33,066 - INFO -   FC mean ± std: 0.7909 ± 0.1262
2026-03-02 18:36:33,066 - INFO -   Pearson  r =  0.0271, p = 8.4882e-01 ns
2026-03-02 18:36:33,066 - INFO -   Spearman r =  0.0383, p = 7.8727e-01 ns
2026-03-02 18:36:33,068 - INFO - 
PAIR2: STN-L, Thalamus-L
2026-03-02 18:36:33,068 - INFO -   ROI1: [215]
2026-03-02 18:36:33,068 - INFO -   ROI2: [225]
2026-03-02 18:36:33,068 - INFO -   FC range: [-0.4047, 0.8996]
2026-03-02 18:36:33,068 - INFO -   FC mean ± std: 0.6468 ± 0.2871
2026-03-02 18:36:33,068 - INFO -   Pearson  r = -0.0512, p = 7.1849e-01 ns
2026-03-02 18:36:33,068 - INFO -   Spearman r =  0.1104, p = 4.3596e-01 ns
2026-03-02 18:36:33,070 - INFO - 
PAIR3: STN, M1
2026-03-02 18:36:33,070 - INFO -   ROI1: [215, 216]
2026-03-02 18:36:33,070 - INFO -   ROI2: [55, 56, 63, 64]
2026-03-02 18:36:33,070 - INFO -   FC range: [0.7857, 0.9744]
2026-03-02 18:36:33,070 - INFO -   FC mean ± std: 0.9141 ± 0.0433
2026-03-02 18:36:33,071 - INFO -   Pearson  r = -0.0023, p = 9.8687e-01 ns
2026-03-02 18:36:33,071 - INFO -   Spearman r =  0.0268, p = 8.5032e-01 ns
2026-03-02 18:36:33,072 - INFO - 
PAIR4: STN, SMA
2026-03-02 18:36:33,072 - INFO -   ROI1: [215, 216]
2026-03-02 18:36:33,073 - INFO -   ROI2: [53, 54, 57, 58, 59, 60, 61, 62, 67, 68]
2026-03-02 18:36:33,073 - INFO -   FC range: [0.7706, 0.9749]
2026-03-02 18:36:33,073 - INFO -   FC mean ± std: 0.9110 ± 0.0474
2026-03-02 18:36:33,073 - INFO -   Pearson  r = -0.0301, p = 8.3220e-01 ns
2026-03-02 18:36:33,073 - INFO -   Spearman r = -0.0327, p = 8.1794e-01 ns
2026-03-02 18:36:33,073 - INFO - 
================================================================================
2026-03-02 18:36:33,075 - INFO - 
Saved correlation results to ti_fc_correlation_results.json
2026-03-02 18:36:33,076 - INFO - 
[Step 3] Analyzing AI model predictions...
2026-03-02 18:36:33,076 - INFO - 
================================================================================
2026-03-02 18:36:33,076 - INFO - AI Model Prediction Analysis (5-Fold CV)
2026-03-02 18:36:33,076 - INFO - ================================================================================
2026-03-02 18:36:33,076 - INFO - 
Processing individual folds...
2026-03-02 18:36:33,080 - INFO - Fold 1: Spearman R = -0.410, P = 0.2104
2026-03-02 18:36:33,083 - INFO - Fold 2: Spearman R = 0.665, P = 0.0255
2026-03-02 18:36:33,087 - INFO - Fold 3: Spearman R = 0.358, P = 0.3104
2026-03-02 18:36:33,091 - INFO - Fold 4: Spearman R = 0.706, P = 0.0226
2026-03-02 18:36:33,094 - INFO - Fold 5: Spearman R = 0.239, P = 0.5055
2026-03-02 18:36:33,097 - INFO - 
Saved fold results to ai_model_fold_results.csv
2026-03-02 18:36:33,098 - INFO - 
Loaded pooled data: 52 samples
2026-03-02 18:36:33,100 - INFO - 
--------------------------------------------------------------------------------
2026-03-02 18:36:33,100 - INFO - Pooled Data Summary:
2026-03-02 18:36:33,100 - INFO -   Spearman R = 0.293
2026-03-02 18:36:33,100 - INFO -   P-value = 0.0352
2026-03-02 18:36:33,100 - INFO -   N samples = 52
2026-03-02 18:36:33,100 - INFO - --------------------------------------------------------------------------------
2026-03-02 18:36:33,100 - INFO - 
[Step 4] Creating integrated visualizations...
2026-03-02 18:36:33,100 - INFO - 
Generating integrated visualizations...
2026-03-02 18:36:34,573 - INFO - Saved integrated visualization to ti_integrated_analysis.png and .pdf
2026-03-02 18:36:34,573 - INFO - 
[Step 5] Analyzing by target...
2026-03-02 18:36:34,573 - INFO - 
================================================================================
2026-03-02 18:36:34,573 - INFO - Target-Specific Correlation Analysis (TI)
2026-03-02 18:36:34,573 - INFO - ================================================================================
2026-03-02 18:36:34,574 - INFO - 
L_STN (N=14):
2026-03-02 18:36:34,574 - INFO - ----------------------------------------
2026-03-02 18:36:34,577 - INFO -   pair1: Pearson r=0.370 (p=1.930e-01), Spearman r=0.300 (p=2.973e-01)
2026-03-02 18:36:34,578 - INFO -   pair2: Pearson r=0.406 (p=1.502e-01), Spearman r=0.453 (p=1.035e-01)
2026-03-02 18:36:34,580 - INFO -   pair3: Pearson r=0.490 (p=7.555e-02), Spearman r=0.484 (p=7.915e-02)
2026-03-02 18:36:34,582 - INFO -   pair4: Pearson r=0.419 (p=1.360e-01), Spearman r=0.384 (p=1.747e-01)
2026-03-02 18:36:34,583 - INFO - 
L_Gpi (N=4):
2026-03-02 18:36:34,583 - INFO - ----------------------------------------
2026-03-02 18:36:34,584 - INFO -   pair1: Pearson r=0.264 (p=7.362e-01), Spearman r=0.400 (p=6.000e-01)
2026-03-02 18:36:34,586 - INFO -   pair2: Pearson r=0.311 (p=6.893e-01), Spearman r=0.400 (p=6.000e-01)
2026-03-02 18:36:34,588 - INFO -   pair3: Pearson r=-0.826 (p=1.742e-01), Spearman r=-0.800 (p=2.000e-01)
2026-03-02 18:36:34,590 - INFO -   pair4: Pearson r=-0.846 (p=1.536e-01), Spearman r=-0.800 (p=2.000e-01)
2026-03-02 18:36:34,590 - INFO - 
R_GPi (N=5):
2026-03-02 18:36:34,590 - INFO - ----------------------------------------
2026-03-02 18:36:34,592 - INFO -   pair1: Pearson r=0.354 (p=5.590e-01), Spearman r=0.600 (p=2.848e-01)
2026-03-02 18:36:34,594 - INFO -   pair2: Pearson r=-0.674 (p=2.118e-01), Spearman r=-0.200 (p=7.471e-01)
2026-03-02 18:36:34,596 - INFO -   pair3: Pearson r=-0.632 (p=2.529e-01), Spearman r=-0.700 (p=1.881e-01)
2026-03-02 18:36:34,598 - INFO -   pair4: Pearson r=-0.731 (p=1.608e-01), Spearman r=-0.700 (p=1.881e-01)
2026-03-02 18:36:34,598 - INFO - 
R_STN (N=14):
2026-03-02 18:36:34,598 - INFO - ----------------------------------------
2026-03-02 18:36:34,600 - INFO -   pair1: Pearson r=-0.112 (p=7.032e-01), Spearman r=-0.039 (p=8.950e-01)
2026-03-02 18:36:34,602 - INFO -   pair2: Pearson r=0.066 (p=8.222e-01), Spearman r=0.167 (p=5.683e-01)
2026-03-02 18:36:34,604 - INFO -   pair3: Pearson r=0.195 (p=5.052e-01), Spearman r=0.121 (p=6.797e-01)
2026-03-02 18:36:34,606 - INFO -   pair4: Pearson r=0.149 (p=6.111e-01), Spearman r=0.156 (p=5.954e-01)
2026-03-02 18:36:34,606 - INFO - 
R_Gpi (N=3):
2026-03-02 18:36:34,606 - INFO - ----------------------------------------
2026-03-02 18:36:34,608 - INFO -   pair1: Pearson r=0.789 (p=4.212e-01), Spearman r=0.500 (p=6.667e-01)
2026-03-02 18:36:34,610 - INFO -   pair2: Pearson r=0.991 (p=8.557e-02), Spearman r=1.000 (p=0.000e+00)
2026-03-02 18:36:34,612 - INFO -   pair3: Pearson r=-0.951 (p=2.007e-01), Spearman r=-1.000 (p=0.000e+00)
2026-03-02 18:36:34,613 - INFO -   pair4: Pearson r=-0.976 (p=1.391e-01), Spearman r=-1.000 (p=0.000e+00)
2026-03-02 18:36:34,614 - INFO - 
L_GPi (N=12):
2026-03-02 18:36:34,614 - INFO - ----------------------------------------
2026-03-02 18:36:34,616 - INFO -   pair1: Pearson r=0.070 (p=8.278e-01), Spearman r=-0.113 (p=7.273e-01)
2026-03-02 18:36:34,618 - INFO -   pair2: Pearson r=-0.059 (p=8.564e-01), Spearman r=-0.282 (p=3.751e-01)
2026-03-02 18:36:34,619 - INFO -   pair3: Pearson r=0.230 (p=4.727e-01), Spearman r=0.127 (p=6.946e-01)
2026-03-02 18:36:34,621 - INFO -   pair4: Pearson r=0.250 (p=4.334e-01), Spearman r=0.218 (p=4.955e-01)
2026-03-02 18:36:34,624 - INFO - 
Saved target-specific results to ti_fc_correlation_by_target.json
2026-03-02 18:36:34,624 - INFO - 
================================================================================
2026-03-02 18:36:34,624 - INFO - Analysis Complete!
2026-03-02 18:36:34,624 - INFO - ================================================================================
2026-03-02 18:36:34,624 - INFO - 
Generated files:
2026-03-02 18:36:34,624 - INFO -   - ti_fc_improvement_data.csv          : Raw FC and improvement rate data
2026-03-02 18:36:34,624 - INFO -   - ti_fc_correlation_results.json      : FC correlation statistics
2026-03-02 18:36:34,624 - INFO -   - ti_fc_correlation_by_target.json    : Target-specific FC correlation
2026-03-02 18:36:34,624 - INFO -   - ti_integrated_analysis.png/pdf      : Integrated visualization (FC + AI)
2026-03-02 18:36:34,624 - INFO -   - ti_integrated_analysis.log          : Detailed log file
2026-03-02 18:36:34,624 - INFO - 
================================================================================
2026-03-02 18:37:37,396 - INFO - ================================================================================
2026-03-02 18:37:37,396 - INFO - Starting Integrated TI Analysis (FC + AI Model)
2026-03-02 18:37:37,396 - INFO - ================================================================================
2026-03-02 18:37:37,396 - INFO - 
[Step 1] Parsing TI Excel data...
2026-03-02 18:37:37,520 - INFO - Parsing patient data from Excel...
2026-03-02 18:37:37,554 - INFO - 
Improvement rate statistics:
2026-03-02 18:37:37,555 - INFO -   N samples: 52
2026-03-02 18:37:37,555 - INFO -   N negative (set to 0): 12
2026-03-02 18:37:37,555 - INFO -   Min: 0.0000
2026-03-02 18:37:37,555 - INFO -   Max: 0.4545
2026-03-02 18:37:37,555 - INFO -   Mean: 0.1182
2026-03-02 18:37:37,555 - INFO -   Std: 0.1256
2026-03-02 18:37:37,555 - INFO -   Median: 0.0909
2026-03-02 18:37:37,555 - INFO - 
Found 52 valid patient samples with complete data
2026-03-02 18:37:37,555 - INFO - 
[Step 2] Computing FC and analyzing correlations...
2026-03-02 18:37:37,555 - INFO - 
================================================================================
2026-03-02 18:37:37,555 - INFO - FC-UPDRS III Improvement Rate Correlation Analysis (TI)
2026-03-02 18:37:37,555 - INFO - ================================================================================
2026-03-02 18:37:37,555 - INFO - 
Computing FC features for all patients...
2026-03-02 18:37:38,877 - INFO - 
Saved raw data to ti_fc_improvement_data.csv (N=52)
2026-03-02 18:37:38,877 - INFO - 
--------------------------------------------------------------------------------
2026-03-02 18:37:38,877 - INFO - Correlation Analysis Results:
2026-03-02 18:37:38,877 - INFO - --------------------------------------------------------------------------------
2026-03-02 18:37:38,879 - INFO - 
PAIR1: STN-L GPi-L
2026-03-02 18:37:38,880 - INFO -   ROI1: [215]
2026-03-02 18:37:38,880 - INFO -   ROI2: [223]
2026-03-02 18:37:38,880 - INFO -   FC range: [0.4495, 0.9269]
2026-03-02 18:37:38,880 - INFO -   FC mean ± std: 0.7909 ± 0.1262
2026-03-02 18:37:38,880 - INFO -   Pearson  r =  0.0271, p = 8.4882e-01 ns
2026-03-02 18:37:38,880 - INFO -   Spearman r =  0.0383, p = 7.8727e-01 ns
2026-03-02 18:37:38,882 - INFO - 
PAIR2: STN-L, Thalamus-L
2026-03-02 18:37:38,882 - INFO -   ROI1: [215]
2026-03-02 18:37:38,882 - INFO -   ROI2: [225]
2026-03-02 18:37:38,882 - INFO -   FC range: [-0.4047, 0.8996]
2026-03-02 18:37:38,882 - INFO -   FC mean ± std: 0.6468 ± 0.2871
2026-03-02 18:37:38,882 - INFO -   Pearson  r = -0.0512, p = 7.1849e-01 ns
2026-03-02 18:37:38,882 - INFO -   Spearman r =  0.1104, p = 4.3596e-01 ns
2026-03-02 18:37:38,884 - INFO - 
PAIR3: STN, M1
2026-03-02 18:37:38,884 - INFO -   ROI1: [215, 216]
2026-03-02 18:37:38,884 - INFO -   ROI2: [55, 56, 63, 64]
2026-03-02 18:37:38,884 - INFO -   FC range: [0.7857, 0.9744]
2026-03-02 18:37:38,884 - INFO -   FC mean ± std: 0.9141 ± 0.0433
2026-03-02 18:37:38,884 - INFO -   Pearson  r = -0.0023, p = 9.8687e-01 ns
2026-03-02 18:37:38,884 - INFO -   Spearman r =  0.0268, p = 8.5032e-01 ns
2026-03-02 18:37:38,886 - INFO - 
PAIR4: STN, SMA
2026-03-02 18:37:38,886 - INFO -   ROI1: [215, 216]
2026-03-02 18:37:38,886 - INFO -   ROI2: [53, 54, 57, 58, 59, 60, 61, 62, 67, 68]
2026-03-02 18:37:38,886 - INFO -   FC range: [0.7706, 0.9749]
2026-03-02 18:37:38,886 - INFO -   FC mean ± std: 0.9110 ± 0.0474
2026-03-02 18:37:38,886 - INFO -   Pearson  r = -0.0301, p = 8.3220e-01 ns
2026-03-02 18:37:38,886 - INFO -   Spearman r = -0.0327, p = 8.1794e-01 ns
2026-03-02 18:37:38,886 - INFO - 
================================================================================
2026-03-02 18:37:38,888 - INFO - 
Saved correlation results to ti_fc_correlation_results.json
2026-03-02 18:37:38,889 - INFO - 
[Step 3] Analyzing AI model predictions...
2026-03-02 18:37:38,889 - INFO - 
================================================================================
2026-03-02 18:37:38,890 - INFO - AI Model Prediction Analysis (5-Fold CV)
2026-03-02 18:37:38,890 - INFO - ================================================================================
2026-03-02 18:37:38,890 - INFO - 
Processing individual folds...
2026-03-02 18:37:38,892 - INFO - Fold 1: Spearman R = -0.410, P = 0.2104
2026-03-02 18:37:38,894 - INFO - Fold 2: Spearman R = 0.665, P = 0.0255
2026-03-02 18:37:38,897 - INFO - Fold 3: Spearman R = 0.358, P = 0.3104
2026-03-02 18:37:38,899 - INFO - Fold 4: Spearman R = 0.706, P = 0.0226
2026-03-02 18:37:38,902 - INFO - Fold 5: Spearman R = 0.239, P = 0.5055
2026-03-02 18:37:38,905 - INFO - 
Saved fold results to ai_model_fold_results.csv
2026-03-02 18:37:38,906 - INFO - 
Loaded pooled data: 52 samples
2026-03-02 18:37:38,907 - INFO - 
--------------------------------------------------------------------------------
2026-03-02 18:37:38,907 - INFO - Pooled Data Summary:
2026-03-02 18:37:38,907 - INFO -   Spearman R = 0.293
2026-03-02 18:37:38,907 - INFO -   P-value = 0.0352
2026-03-02 18:37:38,907 - INFO -   N samples = 52
2026-03-02 18:37:38,907 - INFO - --------------------------------------------------------------------------------
2026-03-02 18:37:38,907 - INFO - 
[Step 4] Creating integrated visualizations...
2026-03-02 18:37:38,907 - INFO - 
Generating integrated visualizations...
2026-03-02 18:37:40,438 - INFO - Saved integrated visualization to ti_integrated_analysis.png and .pdf
2026-03-02 18:37:40,438 - INFO - 
[Step 5] Analyzing by target...
2026-03-02 18:37:40,438 - INFO - 
================================================================================
2026-03-02 18:37:40,438 - INFO - Target-Specific Correlation Analysis (TI)
2026-03-02 18:37:40,438 - INFO - ================================================================================
2026-03-02 18:37:40,439 - INFO - 
L_STN (N=14):
2026-03-02 18:37:40,439 - INFO - ----------------------------------------
2026-03-02 18:37:40,441 - INFO -   pair1: Pearson r=0.370 (p=1.930e-01), Spearman r=0.300 (p=2.973e-01)
2026-03-02 18:37:40,443 - INFO -   pair2: Pearson r=0.406 (p=1.502e-01), Spearman r=0.453 (p=1.035e-01)
2026-03-02 18:37:40,445 - INFO -   pair3: Pearson r=0.490 (p=7.555e-02), Spearman r=0.484 (p=7.915e-02)
2026-03-02 18:37:40,447 - INFO -   pair4: Pearson r=0.419 (p=1.360e-01), Spearman r=0.384 (p=1.747e-01)
2026-03-02 18:37:40,447 - INFO - 
L_Gpi (N=4):
2026-03-02 18:37:40,447 - INFO - ----------------------------------------
2026-03-02 18:37:40,449 - INFO -   pair1: Pearson r=0.264 (p=7.362e-01), Spearman r=0.400 (p=6.000e-01)
2026-03-02 18:37:40,451 - INFO -   pair2: Pearson r=0.311 (p=6.893e-01), Spearman r=0.400 (p=6.000e-01)
2026-03-02 18:37:40,453 - INFO -   pair3: Pearson r=-0.826 (p=1.742e-01), Spearman r=-0.800 (p=2.000e-01)
2026-03-02 18:37:40,455 - INFO -   pair4: Pearson r=-0.846 (p=1.536e-01), Spearman r=-0.800 (p=2.000e-01)
2026-03-02 18:37:40,455 - INFO - 
R_GPi (N=5):
2026-03-02 18:37:40,455 - INFO - ----------------------------------------
2026-03-02 18:37:40,457 - INFO -   pair1: Pearson r=0.354 (p=5.590e-01), Spearman r=0.600 (p=2.848e-01)
2026-03-02 18:37:40,459 - INFO -   pair2: Pearson r=-0.674 (p=2.118e-01), Spearman r=-0.200 (p=7.471e-01)
2026-03-02 18:37:40,461 - INFO -   pair3: Pearson r=-0.632 (p=2.529e-01), Spearman r=-0.700 (p=1.881e-01)
2026-03-02 18:37:40,462 - INFO -   pair4: Pearson r=-0.731 (p=1.608e-01), Spearman r=-0.700 (p=1.881e-01)
2026-03-02 18:37:40,463 - INFO - 
R_STN (N=14):
2026-03-02 18:37:40,463 - INFO - ----------------------------------------
2026-03-02 18:37:40,465 - INFO -   pair1: Pearson r=-0.112 (p=7.032e-01), Spearman r=-0.039 (p=8.950e-01)
2026-03-02 18:37:40,466 - INFO -   pair2: Pearson r=0.066 (p=8.222e-01), Spearman r=0.167 (p=5.683e-01)
2026-03-02 18:37:40,468 - INFO -   pair3: Pearson r=0.195 (p=5.052e-01), Spearman r=0.121 (p=6.797e-01)
2026-03-02 18:37:40,470 - INFO -   pair4: Pearson r=0.149 (p=6.111e-01), Spearman r=0.156 (p=5.954e-01)
2026-03-02 18:37:40,471 - INFO - 
R_Gpi (N=3):
2026-03-02 18:37:40,471 - INFO - ----------------------------------------
2026-03-02 18:37:40,472 - INFO -   pair1: Pearson r=0.789 (p=4.212e-01), Spearman r=0.500 (p=6.667e-01)
2026-03-02 18:37:40,474 - INFO -   pair2: Pearson r=0.991 (p=8.557e-02), Spearman r=1.000 (p=0.000e+00)
2026-03-02 18:37:40,476 - INFO -   pair3: Pearson r=-0.951 (p=2.007e-01), Spearman r=-1.000 (p=0.000e+00)
2026-03-02 18:37:40,478 - INFO -   pair4: Pearson r=-0.976 (p=1.391e-01), Spearman r=-1.000 (p=0.000e+00)
2026-03-02 18:37:40,478 - INFO - 
L_GPi (N=12):
2026-03-02 18:37:40,478 - INFO - ----------------------------------------
2026-03-02 18:37:40,480 - INFO -   pair1: Pearson r=0.070 (p=8.278e-01), Spearman r=-0.113 (p=7.273e-01)
2026-03-02 18:37:40,482 - INFO -   pair2: Pearson r=-0.059 (p=8.564e-01), Spearman r=-0.282 (p=3.751e-01)
2026-03-02 18:37:40,484 - INFO -   pair3: Pearson r=0.230 (p=4.727e-01), Spearman r=0.127 (p=6.946e-01)
2026-03-02 18:37:40,485 - INFO -   pair4: Pearson r=0.250 (p=4.334e-01), Spearman r=0.218 (p=4.955e-01)
2026-03-02 18:37:40,487 - INFO - 
Saved target-specific results to ti_fc_correlation_by_target.json
2026-03-02 18:37:40,487 - INFO - 
================================================================================
2026-03-02 18:37:40,487 - INFO - Analysis Complete!
2026-03-02 18:37:40,487 - INFO - ================================================================================
2026-03-02 18:37:40,488 - INFO - 
Generated files:
2026-03-02 18:37:40,488 - INFO -   - ti_fc_improvement_data.csv          : Raw FC and improvement rate data
2026-03-02 18:37:40,488 - INFO -   - ti_fc_correlation_results.json      : FC correlation statistics
2026-03-02 18:37:40,488 - INFO -   - ti_fc_correlation_by_target.json    : Target-specific FC correlation
2026-03-02 18:37:40,488 - INFO -   - ti_integrated_analysis.png/pdf      : Integrated visualization (FC + AI)
2026-03-02 18:37:40,488 - INFO -   - ti_integrated_analysis.log          : Detailed log file
2026-03-02 18:37:40,488 - INFO - 
================================================================================
